"tconst","primaryTitle","startYear","rank","averageRating","numVotes","runtimeMinutes","directors","writers","genres","IMDbLink","Title_IMDb_Link"
"tt0111161","The Shawshank Redemption",1994,1,9.3,3062267,142,"Frank Darabont","Stephen King, Frank Darabont","Drama","<a href=""https://www.imdb.com/title/tt0111161"" target=""_blank"">tt0111161</a>","<a href=""https://www.imdb.com/title/tt0111161"" target=""_blank"">The Shawshank Redemption</a>"
"tt0068646","The Godfather",1972,2,9.2,2137392,175,"Francis Ford Coppola","Mario Puzo, Francis Ford Coppola","Crime, Drama","<a href=""https://www.imdb.com/title/tt0068646"" target=""_blank"">tt0068646</a>","<a href=""https://www.imdb.com/title/tt0068646"" target=""_blank"">The Godfather</a>"
"tt0468569","The Dark Knight",2008,3,9,3036567,152,"Christopher Nolan","Jonathan Nolan, Christopher Nolan, David S. Goyer, Bob Kane","Action, Crime, Drama","<a href=""https://www.imdb.com/title/tt0468569"" target=""_blank"">tt0468569</a>","<a href=""https://www.imdb.com/title/tt0468569"" target=""_blank"">The Dark Knight</a>"
"tt0167260","The Lord of the Rings: The Return of the King",2003,4,9,2088446,201,"Peter Jackson","J.R.R. Tolkien, Fran Walsh, Philippa Boyens, Peter Jackson","Adventure, Drama, Fantasy","<a href=""https://www.imdb.com/title/tt0167260"" target=""_blank"">tt0167260</a>","<a href=""https://www.imdb.com/title/tt0167260"" target=""_blank"">The Lord of the Rings: The Return of the King</a>"
"tt0108052","Schindler's List",1993,5,9,1531883,195,"Steven Spielberg","Thomas Keneally, Steven Zaillian","Biography, Drama, History","<a href=""https://www.imdb.com/title/tt0108052"" target=""_blank"">tt0108052</a>","<a href=""https://www.imdb.com/title/tt0108052"" target=""_blank"">Schindler's List</a>"
"tt0071562","The Godfather Part II",1974,6,9,1438052,202,"Francis Ford Coppola","Francis Ford Coppola, Mario Puzo","Crime, Drama","<a href=""https://www.imdb.com/title/tt0071562"" target=""_blank"">tt0071562</a>","<a href=""https://www.imdb.com/title/tt0071562"" target=""_blank"">The Godfather Part II</a>"
"tt0050083","12 Angry Men",1957,7,9,933909,96,"Sidney Lumet","Reginald Rose","Crime, Drama","<a href=""https://www.imdb.com/title/tt0050083"" target=""_blank"">tt0050083</a>","<a href=""https://www.imdb.com/title/tt0050083"" target=""_blank"">12 Angry Men</a>"
"tt0120737","The Lord of the Rings: The Fellowship of the Ring",2001,8,8.9,2119454,178,"Peter Jackson","J.R.R. Tolkien, Fran Walsh, Philippa Boyens, Peter Jackson","Adventure, Drama, Fantasy","<a href=""https://www.imdb.com/title/tt0120737"" target=""_blank"">tt0120737</a>","<a href=""https://www.imdb.com/title/tt0120737"" target=""_blank"">The Lord of the Rings: The Fellowship of the Ring</a>"
"tt1375666","Inception",2010,9,8.8,2698746,148,"Christopher Nolan","Christopher Nolan","Action, Adventure, Sci-Fi","<a href=""https://www.imdb.com/title/tt1375666"" target=""_blank"">tt1375666</a>","<a href=""https://www.imdb.com/title/tt1375666"" target=""_blank"">Inception</a>"
"tt0137523","Fight Club",1999,10,8.8,2481053,139,"David Fincher","Chuck Palahniuk, Jim Uhls","Crime, Drama, Thriller","<a href=""https://www.imdb.com/title/tt0137523"" target=""_blank"">tt0137523</a>","<a href=""https://www.imdb.com/title/tt0137523"" target=""_blank"">Fight Club</a>"
"tt0109830","Forrest Gump",1994,11,8.8,2392205,142,"Robert Zemeckis","Winston Groom, Eric Roth","Drama, Romance","<a href=""https://www.imdb.com/title/tt0109830"" target=""_blank"">tt0109830</a>","<a href=""https://www.imdb.com/title/tt0109830"" target=""_blank"">Forrest Gump</a>"
"tt0110912","Pulp Fiction",1994,12,8.8,2347018,154,"Quentin Tarantino","Quentin Tarantino, Roger Avary","Crime, Drama","<a href=""https://www.imdb.com/title/tt0110912"" target=""_blank"">tt0110912</a>","<a href=""https://www.imdb.com/title/tt0110912"" target=""_blank"">Pulp Fiction</a>"
"tt0167261","The Lord of the Rings: The Two Towers",2002,13,8.8,1882915,179,"Peter Jackson","J.R.R. Tolkien, Fran Walsh, Philippa Boyens, Stephen Sinclair, Peter Jackson","Adventure, Drama, Fantasy","<a href=""https://www.imdb.com/title/tt0167261"" target=""_blank"">tt0167261</a>","<a href=""https://www.imdb.com/title/tt0167261"" target=""_blank"">The Lord of the Rings: The Two Towers</a>"
"tt0060196","The Good, the Bad and the Ugly",1966,14,8.8,859601,178,"Sergio Leone","Luciano Vincenzoni, Sergio Leone, Agenore Incrocci, Furio Scarpelli, Mickey Knox","Adventure, Drama, Western","<a href=""https://www.imdb.com/title/tt0060196"" target=""_blank"">tt0060196</a>","<a href=""https://www.imdb.com/title/tt0060196"" target=""_blank"">The Good, the Bad and the Ugly</a>"
"tt3655326","Life Is a Dream",2014,15,10,31273,81,"David E. Breaux","F. Valentino Morales","Documentary, Drama, Family","<a href=""https://www.imdb.com/title/tt3655326"" target=""_blank"">tt3655326</a>","<a href=""https://www.imdb.com/title/tt3655326"" target=""_blank"">Life Is a Dream</a>"
"tt0816692","Interstellar",2014,16,8.7,2363268,169,"Christopher Nolan","Jonathan Nolan, Christopher Nolan","Adventure, Drama, Sci-Fi","<a href=""https://www.imdb.com/title/tt0816692"" target=""_blank"">tt0816692</a>","<a href=""https://www.imdb.com/title/tt0816692"" target=""_blank"">Interstellar</a>"
"tt0133093","The Matrix",1999,17,8.7,2165648,136,"Lana Wachowski, Lilly Wachowski","Lilly Wachowski, Lana Wachowski","Action, Sci-Fi","<a href=""https://www.imdb.com/title/tt0133093"" target=""_blank"">tt0133093</a>","<a href=""https://www.imdb.com/title/tt0133093"" target=""_blank"">The Matrix</a>"
"tt0080684","Star Wars: Episode V - The Empire Strikes Back",1980,18,8.7,1451324,124,"Irvin Kershner","Leigh Brackett, Lawrence Kasdan, George Lucas","Action, Adventure, Fantasy","<a href=""https://www.imdb.com/title/tt0080684"" target=""_blank"">tt0080684</a>","<a href=""https://www.imdb.com/title/tt0080684"" target=""_blank"">Star Wars: Episode V - The Empire Strikes Back</a>"
"tt0099685","Goodfellas",1990,19,8.7,1334039,145,"Martin Scorsese","Nicholas Pileggi, Martin Scorsese","Biography, Crime, Drama","<a href=""https://www.imdb.com/title/tt0099685"" target=""_blank"">tt0099685</a>","<a href=""https://www.imdb.com/title/tt0099685"" target=""_blank"">Goodfellas</a>"
"tt0073486","One Flew Over the Cuckoo's Nest",1975,20,8.7,1122429,133,"Milos Forman","Lawrence Hauben, Bo Goldman, Ken Kesey, Dale Wasserman","Drama","<a href=""https://www.imdb.com/title/tt0073486"" target=""_blank"">tt0073486</a>","<a href=""https://www.imdb.com/title/tt0073486"" target=""_blank"">One Flew Over the Cuckoo's Nest</a>"
"tt0114369","Se7en",1995,21,8.6,1922977,127,"David Fincher","Andrew Kevin Walker","Crime, Drama, Mystery","<a href=""https://www.imdb.com/title/tt0114369"" target=""_blank"">tt0114369</a>","<a href=""https://www.imdb.com/title/tt0114369"" target=""_blank"">Se7en</a>"
"tt0102926","The Silence of the Lambs",1991,22,8.6,1645405,118,"Jonathan Demme","Thomas Harris, Ted Tally","Crime, Drama, Horror","<a href=""https://www.imdb.com/title/tt0102926"" target=""_blank"">tt0102926</a>","<a href=""https://www.imdb.com/title/tt0102926"" target=""_blank"">The Silence of the Lambs</a>"
"tt0120815","Saving Private Ryan",1998,23,8.6,1577780,169,"Steven Spielberg","Robert Rodat","Drama, War","<a href=""https://www.imdb.com/title/tt0120815"" target=""_blank"">tt0120815</a>","<a href=""https://www.imdb.com/title/tt0120815"" target=""_blank"">Saving Private Ryan</a>"
"tt0076759","Star Wars: Episode IV - A New Hope",1977,24,8.6,1518335,121,"George Lucas","George Lucas","Action, Adventure, Fantasy","<a href=""https://www.imdb.com/title/tt0076759"" target=""_blank"">tt0076759</a>","<a href=""https://www.imdb.com/title/tt0076759"" target=""_blank"">Star Wars: Episode IV - A New Hope</a>"
"tt0120689","The Green Mile",1999,25,8.6,1494195,189,"Frank Darabont","Stephen King, Frank Darabont","Crime, Drama, Fantasy","<a href=""https://www.imdb.com/title/tt0120689"" target=""_blank"">tt0120689</a>","<a href=""https://www.imdb.com/title/tt0120689"" target=""_blank"">The Green Mile</a>"
"tt0103064","Terminator 2: Judgment Day",1991,26,8.6,1238920,137,"James Cameron","James Cameron, William Wisher","Action, Adventure, Sci-Fi","<a href=""https://www.imdb.com/title/tt0103064"" target=""_blank"">tt0103064</a>","<a href=""https://www.imdb.com/title/tt0103064"" target=""_blank"">Terminator 2: Judgment Day</a>"
"tt0245429","Spirited Away",2001,27,8.6,916993,124,"Hayao Miyazaki","Hayao Miyazaki","Adventure, Animation, Family","<a href=""https://www.imdb.com/title/tt0245429"" target=""_blank"">tt0245429</a>","<a href=""https://www.imdb.com/title/tt0245429"" target=""_blank"">Spirited Away</a>"
"tt0317248","City of God",2002,28,8.6,841386,130,"Fernando Meirelles, Kátia Lund","Bráulio Mantovani, Paulo Lins","Crime, Drama","<a href=""https://www.imdb.com/title/tt0317248"" target=""_blank"">tt0317248</a>","<a href=""https://www.imdb.com/title/tt0317248"" target=""_blank"">City of God</a>"
"tt0118799","Life Is Beautiful",1997,29,8.6,782441,116,"Roberto Benigni","Vincenzo Cerami, Roberto Benigni","Comedy, Drama, Romance","<a href=""https://www.imdb.com/title/tt0118799"" target=""_blank"">tt0118799</a>","<a href=""https://www.imdb.com/title/tt0118799"" target=""_blank"">Life Is Beautiful</a>"
"tt1853728","Django Unchained",2012,30,8.5,1801137,165,"Quentin Tarantino","Quentin Tarantino","Drama, Western","<a href=""https://www.imdb.com/title/tt1853728"" target=""_blank"">tt1853728</a>","<a href=""https://www.imdb.com/title/tt1853728"" target=""_blank"">Django Unchained</a>"
"tt0172495","Gladiator",2000,31,8.5,1769896,155,"Ridley Scott","David Franzoni, John Logan, William Nicholson","Action, Adventure, Drama","<a href=""https://www.imdb.com/title/tt0172495"" target=""_blank"">tt0172495</a>","<a href=""https://www.imdb.com/title/tt0172495"" target=""_blank"">Gladiator</a>"
"tt0482571","The Prestige",2006,32,8.5,1523130,130,"Christopher Nolan","Jonathan Nolan, Christopher Nolan, Christopher Priest","Drama, Mystery, Sci-Fi","<a href=""https://www.imdb.com/title/tt0482571"" target=""_blank"">tt0482571</a>","<a href=""https://www.imdb.com/title/tt0482571"" target=""_blank"">The Prestige</a>"
"tt0407887","The Departed",2006,33,8.5,1495095,151,"Martin Scorsese","William Monahan, Alan Mak, Felix Chong","Crime, Drama, Thriller","<a href=""https://www.imdb.com/title/tt0407887"" target=""_blank"">tt0407887</a>","<a href=""https://www.imdb.com/title/tt0407887"" target=""_blank"">The Departed</a>"
"tt0088763","Back to the Future",1985,34,8.5,1385504,116,"Robert Zemeckis","Robert Zemeckis, Bob Gale","Adventure, Comedy, Sci-Fi","<a href=""https://www.imdb.com/title/tt0088763"" target=""_blank"">tt0088763</a>","<a href=""https://www.imdb.com/title/tt0088763"" target=""_blank"">Back to the Future</a>"
"tt0110413","Léon: The Professional",1994,35,8.5,1308458,110,"Luc Besson","Luc Besson","Action, Crime, Drama","<a href=""https://www.imdb.com/title/tt0110413"" target=""_blank"">tt0110413</a>","<a href=""https://www.imdb.com/title/tt0110413"" target=""_blank"">Léon: The Professional</a>"
"tt0120586","American History X",1998,36,8.5,1236063,119,"Tony Kaye","David McKenna","Crime, Drama","<a href=""https://www.imdb.com/title/tt0120586"" target=""_blank"">tt0120586</a>","<a href=""https://www.imdb.com/title/tt0120586"" target=""_blank"">American History X</a>"
"tt0110357","The Lion King",1994,37,8.5,1209712,88,"Roger Allers, Rob Minkoff","Irene Mecchi, Jonathan Roberts, Linda Woolverton, Burny Mattinson, Barry Johnson, Lorna Cook, Thom Enriquez, Andy Gaskill, Gary Trousdale, Jim Capobianco, Kevin Harkey, Jorgen Klubien, Chris Sanders, Tom Sito, Larry Leker, Joe Ranft, Rick Maki, Ed Gombert, Francis Glebas, Mark Kausler, J.T. Allen, George Scribner, Miguel Tejada-Flores, Jenny Tripp, Bob Tzudiker, Christopher Vogler, Kirk Wise, Noni White, Brenda Chapman","Adventure, Animation, Drama","<a href=""https://www.imdb.com/title/tt0110357"" target=""_blank"">tt0110357</a>","<a href=""https://www.imdb.com/title/tt0110357"" target=""_blank"">The Lion King</a>"
"tt0114814","The Usual Suspects",1995,38,8.5,1194827,106,"Bryan Singer","Christopher McQuarrie","Crime, Drama, Mystery","<a href=""https://www.imdb.com/title/tt0114814"" target=""_blank"">tt0114814</a>","<a href=""https://www.imdb.com/title/tt0114814"" target=""_blank"">The Usual Suspects</a>"
"tt2582802","Whiplash",2014,39,8.5,1082681,106,"Damien Chazelle","Damien Chazelle","Drama, Music","<a href=""https://www.imdb.com/title/tt2582802"" target=""_blank"">tt2582802</a>","<a href=""https://www.imdb.com/title/tt2582802"" target=""_blank"">Whiplash</a>"
"tt6751668","Parasite",2019,40,8.5,1073784,132,"Bong Joon Ho","Bong Joon Ho, Han Jin-won","Drama, Thriller","<a href=""https://www.imdb.com/title/tt6751668"" target=""_blank"">tt6751668</a>","<a href=""https://www.imdb.com/title/tt6751668"" target=""_blank"">Parasite</a>"
"tt0078748","Alien",1979,41,8.5,1021256,117,"Ridley Scott","Dan O'Bannon, Ronald Shusett","Horror, Sci-Fi","<a href=""https://www.imdb.com/title/tt0078748"" target=""_blank"">tt0078748</a>","<a href=""https://www.imdb.com/title/tt0078748"" target=""_blank"">Alien</a>"
"tt1675434","The Intouchables",2011,42,8.5,983964,112,"Olivier Nakache, Éric Toledano","Olivier Nakache, Éric Toledano, Philippe Pozzo di Borgo","Comedy, Drama","<a href=""https://www.imdb.com/title/tt1675434"" target=""_blank"">tt1675434</a>","<a href=""https://www.imdb.com/title/tt1675434"" target=""_blank"">The Intouchables</a>"
"tt0253474","The Pianist",2002,43,8.5,972921,150,"Roman Polanski","Ronald Harwood, Wladyslaw Szpilman","Biography, Drama, Music","<a href=""https://www.imdb.com/title/tt0253474"" target=""_blank"">tt0253474</a>","<a href=""https://www.imdb.com/title/tt0253474"" target=""_blank"">The Pianist</a>"
"tt0054215","Psycho",1960,44,8.5,756343,109,"Alfred Hitchcock","Joseph Stefano, Robert Bloch","Drama, Horror, Mystery","<a href=""https://www.imdb.com/title/tt0054215"" target=""_blank"">tt0054215</a>","<a href=""https://www.imdb.com/title/tt0054215"" target=""_blank"">Psycho</a>"
"tt15239678","Dune: Part Two",2024,45,8.5,643663,166,"Denis Villeneuve","Denis Villeneuve, Jon Spaihts, Frank Herbert","Action, Adventure, Drama","<a href=""https://www.imdb.com/title/tt15239678"" target=""_blank"">tt15239678</a>","<a href=""https://www.imdb.com/title/tt15239678"" target=""_blank"">Dune: Part Two</a>"
"tt0034583","Casablanca",1942,46,8.5,635020,102,"Michael Curtiz","Philip G. Epstein, Julius J. Epstein, Howard Koch, Murray Burnett, Joan Alison, Casey Robinson","Drama, Romance, War","<a href=""https://www.imdb.com/title/tt0034583"" target=""_blank"">tt0034583</a>","<a href=""https://www.imdb.com/title/tt0034583"" target=""_blank"">Casablanca</a>"
"tt0038650","It's a Wonderful Life",1946,47,8.6,530177,130,"Frank Capra","Frances Goodrich, Albert Hackett, Frank Capra, Jo Swerling, Philip Van Doren Stern, Michael Wilson","Drama, Family, Fantasy","<a href=""https://www.imdb.com/title/tt0038650"" target=""_blank"">tt0038650</a>","<a href=""https://www.imdb.com/title/tt0038650"" target=""_blank"">It's a Wonderful Life</a>"
"tt0047478","Seven Samurai",1954,48,8.6,387159,207,"Akira Kurosawa","Akira Kurosawa, Shinobu Hashimoto, Hideo Oguni","Action, Drama","<a href=""https://www.imdb.com/title/tt0047478"" target=""_blank"">tt0047478</a>","<a href=""https://www.imdb.com/title/tt0047478"" target=""_blank"">Seven Samurai</a>"
"tt15097216","Jai Bhim",2021,49,8.6,227096,164,"T.J. Gnanavel","T.J. Gnanavel, Rajendra Sapre","Crime, Drama","<a href=""https://www.imdb.com/title/tt15097216"" target=""_blank"">tt15097216</a>","<a href=""https://www.imdb.com/title/tt15097216"" target=""_blank"">Jai Bhim</a>"
"tt23849204","12th Fail",2023,50,8.7,150746,147,"Vidhu Vinod Chopra","Vidhu Vinod Chopra, Jaskunwar Kohli, Anurag Pathak, Aayush Saxena","Biography, Drama","<a href=""https://www.imdb.com/title/tt23849204"" target=""_blank"">tt23849204</a>","<a href=""https://www.imdb.com/title/tt23849204"" target=""_blank"">12th Fail</a>"
"tt0252487","The Chaos Class",1975,51,9.2,44653,85,"Ertem Egilmez","Umur Bugay, Rifat Ilgaz","Comedy","<a href=""https://www.imdb.com/title/tt0252487"" target=""_blank"">tt0252487</a>","<a href=""https://www.imdb.com/title/tt0252487"" target=""_blank"">The Chaos Class</a>"
"tt1345836","The Dark Knight Rises",2012,52,8.4,1921624,164,"Christopher Nolan","Jonathan Nolan, Christopher Nolan, David S. Goyer, Bob Kane","Action, Crime, Drama","<a href=""https://www.imdb.com/title/tt1345836"" target=""_blank"">tt1345836</a>","<a href=""https://www.imdb.com/title/tt1345836"" target=""_blank"">The Dark Knight Rises</a>"
"tt0361748","Inglourious Basterds",2009,53,8.4,1693953,153,"Quentin Tarantino","Quentin Tarantino","Adventure, Drama, War","<a href=""https://www.imdb.com/title/tt0361748"" target=""_blank"">tt0361748</a>","<a href=""https://www.imdb.com/title/tt0361748"" target=""_blank"">Inglourious Basterds</a>"
"tt0209144","Memento",2000,54,8.4,1385300,113,"Christopher Nolan","Christopher Nolan, Jonathan Nolan","Mystery, Thriller","<a href=""https://www.imdb.com/title/tt0209144"" target=""_blank"">tt0209144</a>","<a href=""https://www.imdb.com/title/tt0209144"" target=""_blank"">Memento</a>"
"tt4154796","Avengers: Endgame",2019,55,8.4,1367576,181,"Anthony Russo, Joe Russo","Christopher Markus, Stephen McFeely, Stan Lee, Jack Kirby, Joe Simon, Steve Englehart, Steve Gan, Bill Mantlo, Keith Giffen, Jim Starlin, Larry Lieber, Don Heck","Action, Adventure, Sci-Fi","<a href=""https://www.imdb.com/title/tt4154796"" target=""_blank"">tt4154796</a>","<a href=""https://www.imdb.com/title/tt4154796"" target=""_blank"">Avengers: Endgame</a>"
"tt4154756","Avengers: Infinity War",2018,56,8.4,1296334,149,"Anthony Russo, Joe Russo","Christopher Markus, Stephen McFeely, Stan Lee, Jack Kirby, Joe Simon, Steve Englehart, Steve Gan, Bill Mantlo, Keith Giffen, Jim Starlin, Larry Lieber, Don Heck","Action, Adventure, Sci-Fi","<a href=""https://www.imdb.com/title/tt4154756"" target=""_blank"">tt4154756</a>","<a href=""https://www.imdb.com/title/tt4154756"" target=""_blank"">Avengers: Infinity War</a>"
"tt0910970","WALL·E",2008,57,8.4,1267759,98,"Andrew Stanton","Andrew Stanton, Pete Docter, Jim Reardon","Adventure, Animation, Family","<a href=""https://www.imdb.com/title/tt0910970"" target=""_blank"">tt0910970</a>","<a href=""https://www.imdb.com/title/tt0910970"" target=""_blank"">WALL·E</a>"
"tt0081505","The Shining",1980,58,8.4,1172885,146,"Stanley Kubrick","Stephen King, Stanley Kubrick, Diane Johnson","Drama, Horror","<a href=""https://www.imdb.com/title/tt0081505"" target=""_blank"">tt0081505</a>","<a href=""https://www.imdb.com/title/tt0081505"" target=""_blank"">The Shining</a>"
"tt0082971","Raiders of the Lost Ark",1981,59,8.4,1078948,115,"Steven Spielberg","Lawrence Kasdan, George Lucas, Philip Kaufman","Action, Adventure","<a href=""https://www.imdb.com/title/tt0082971"" target=""_blank"">tt0082971</a>","<a href=""https://www.imdb.com/title/tt0082971"" target=""_blank"">Raiders of the Lost Ark</a>"
"tt0090605","Aliens",1986,60,8.4,812343,137,"James Cameron","James Cameron, David Giler, Walter Hill, Dan O'Bannon, Ronald Shusett","Action, Adventure, Horror","<a href=""https://www.imdb.com/title/tt0090605"" target=""_blank"">tt0090605</a>","<a href=""https://www.imdb.com/title/tt0090605"" target=""_blank"">Aliens</a>"
"tt0078788","Apocalypse Now",1979,61,8.4,745728,147,"Francis Ford Coppola","John Milius, Francis Ford Coppola, Michael Herr, Joseph Conrad","Drama, Mystery, War","<a href=""https://www.imdb.com/title/tt0078788"" target=""_blank"">tt0078788</a>","<a href=""https://www.imdb.com/title/tt0078788"" target=""_blank"">Apocalypse Now</a>"
"tt4633694","Spider-Man: Into the Spider-Verse",2018,62,8.4,737347,117,"Bob Persichetti, Peter Ramsey, Rodney Rothman","Phil Lord, Rodney Rothman","Action, Adventure, Animation","<a href=""https://www.imdb.com/title/tt4633694"" target=""_blank"">tt4633694</a>","<a href=""https://www.imdb.com/title/tt4633694"" target=""_blank"">Spider-Man: Into the Spider-Verse</a>"
"tt2380307","Coco",2017,63,8.4,656225,105,"Lee Unkrich, Adrian Molina","Lee Unkrich, Jason Katz, Matthew Aldrich, Adrian Molina","Adventure, Animation, Drama","<a href=""https://www.imdb.com/title/tt2380307"" target=""_blank"">tt2380307</a>","<a href=""https://www.imdb.com/title/tt2380307"" target=""_blank"">Coco</a>"
"tt10811166","The Kashmir Files",2022,64,8.5,576503,170,"Vivek Agnihotri","Vivek Agnihotri, Saurabh M. Pandey","Drama","<a href=""https://www.imdb.com/title/tt10811166"" target=""_blank"">tt10811166</a>","<a href=""https://www.imdb.com/title/tt10811166"" target=""_blank"">The Kashmir Files</a>"
"tt0047396","Rear Window",1954,65,8.5,549930,112,"Alfred Hitchcock","John Michael Hayes, Cornell Woolrich","Drama, Mystery, Thriller","<a href=""https://www.imdb.com/title/tt0047396"" target=""_blank"">tt0047396</a>","<a href=""https://www.imdb.com/title/tt0047396"" target=""_blank"">Rear Window</a>"
"tt9362722","Spider-Man: Across the Spider-Verse",2023,66,8.5,463589,140,"Joaquim Dos Santos, Kemp Powers, Justin K. Thompson","Phil Lord, Christopher Miller, Dave Callaham","Action, Adventure, Animation","<a href=""https://www.imdb.com/title/tt9362722"" target=""_blank"">tt9362722</a>","<a href=""https://www.imdb.com/title/tt9362722"" target=""_blank"">Spider-Man: Across the Spider-Verse</a>"
"tt0064116","Once Upon a Time in the West",1968,67,8.5,370280,166,"Sergio Leone","Sergio Donati, Sergio Leone, Dario Argento, Bernardo Bertolucci, Mickey Knox","Drama, Western","<a href=""https://www.imdb.com/title/tt0064116"" target=""_blank"">tt0064116</a>","<a href=""https://www.imdb.com/title/tt0064116"" target=""_blank"">Once Upon a Time in the West</a>"
"tt0095327","Grave of the Fireflies",1988,68,8.5,353444,88,"Isao Takahata","Akiyuki Nosaka, Isao Takahata","Animation, Drama, War","<a href=""https://www.imdb.com/title/tt0095327"" target=""_blank"">tt0095327</a>","<a href=""https://www.imdb.com/title/tt0095327"" target=""_blank"">Grave of the Fireflies</a>"
"tt0095765","Cinema Paradiso",1988,69,8.5,303150,174,"Giuseppe Tornatore","Giuseppe Tornatore, Vanna Paoli","Drama, Romance","<a href=""https://www.imdb.com/title/tt0095765"" target=""_blank"">tt0095765</a>","<a href=""https://www.imdb.com/title/tt0095765"" target=""_blank"">Cinema Paradiso</a>"
"tt0027977","Modern Times",1936,70,8.5,274581,87,"Charles Chaplin","Charles Chaplin","Comedy, Drama, Romance","<a href=""https://www.imdb.com/title/tt0027977"" target=""_blank"">tt0027977</a>","<a href=""https://www.imdb.com/title/tt0027977"" target=""_blank"">Modern Times</a>"
"tt0021749","City Lights",1931,71,8.5,208050,87,"Charles Chaplin","Charles Chaplin, Harry Carr, Harry Crocker","Comedy, Drama, Romance","<a href=""https://www.imdb.com/title/tt0021749"" target=""_blank"">tt0021749</a>","<a href=""https://www.imdb.com/title/tt0021749"" target=""_blank"">City Lights</a>"
"tt10189514","Soorarai Pottru",2020,72,8.6,128300,153,"Sudha Kongara","Sudha Kongara, Shalini Ushadevi, Vijay Kumar, Aalif Surti, Ganeshaa, Rajendra Sapre, Sibi Naayagam","Drama","<a href=""https://www.imdb.com/title/tt10189514"" target=""_blank"">tt10189514</a>","<a href=""https://www.imdb.com/title/tt10189514"" target=""_blank"">Soorarai Pottru</a>"
"tt7286456","Joker",2019,73,8.3,1619014,122,"Todd Phillips","Todd Phillips, Scott Silver, Bob Kane, Bill Finger, Jerry Robinson","Crime, Drama, Thriller","<a href=""https://www.imdb.com/title/tt7286456"" target=""_blank"">tt7286456</a>","<a href=""https://www.imdb.com/title/tt7286456"" target=""_blank"">Joker</a>"
"tt0169547","American Beauty",1999,74,8.3,1252895,122,"Sam Mendes","Alan Ball","Drama","<a href=""https://www.imdb.com/title/tt0169547"" target=""_blank"">tt0169547</a>","<a href=""https://www.imdb.com/title/tt0169547"" target=""_blank"">American Beauty</a>"
"tt1049413","Up",2009,75,8.3,1188167,96,"Pete Docter, Bob Peterson","Pete Docter, Bob Peterson, Tom McCarthy","Adventure, Animation, Comedy","<a href=""https://www.imdb.com/title/tt1049413"" target=""_blank"">tt1049413</a>","<a href=""https://www.imdb.com/title/tt1049413"" target=""_blank"">Up</a>"
"tt0086190","Star Wars: Episode VI - Return of the Jedi",1983,76,8.3,1171203,131,"Richard Marquand","Lawrence Kasdan, George Lucas","Action, Adventure, Fantasy","<a href=""https://www.imdb.com/title/tt0086190"" target=""_blank"">tt0086190</a>","<a href=""https://www.imdb.com/title/tt0086190"" target=""_blank"">Star Wars: Episode VI - Return of the Jedi</a>"
"tt0119217","Good Will Hunting",1997,77,8.3,1144742,126,"Gus Van Sant","Matt Damon, Ben Affleck","Drama, Romance","<a href=""https://www.imdb.com/title/tt0119217"" target=""_blank"">tt0119217</a>","<a href=""https://www.imdb.com/title/tt0119217"" target=""_blank"">Good Will Hunting</a>"
"tt0338013","Eternal Sunshine of the Spotless Mind",2004,78,8.3,1141907,108,"Michel Gondry","Charlie Kaufman, Michel Gondry, Pierre Bismuth","Drama, Romance, Sci-Fi","<a href=""https://www.imdb.com/title/tt0338013"" target=""_blank"">tt0338013</a>","<a href=""https://www.imdb.com/title/tt0338013"" target=""_blank"">Eternal Sunshine of the Spotless Mind</a>"
"tt0105236","Reservoir Dogs",1992,79,8.3,1136936,99,"Quentin Tarantino","Quentin Tarantino, Roger Avary","Crime, Thriller","<a href=""https://www.imdb.com/title/tt0105236"" target=""_blank"">tt0105236</a>","<a href=""https://www.imdb.com/title/tt0105236"" target=""_blank"">Reservoir Dogs</a>"
"tt0112573","Braveheart",1995,80,8.3,1133530,178,"Mel Gibson","Randall Wallace","Biography, Drama, War","<a href=""https://www.imdb.com/title/tt0112573"" target=""_blank"">tt0112573</a>","<a href=""https://www.imdb.com/title/tt0112573"" target=""_blank"">Braveheart</a>"
"tt0114709","Toy Story",1995,81,8.3,1128137,81,"John Lasseter","John Lasseter, Pete Docter, Andrew Stanton, Joe Ranft, Joss Whedon, Joel Cohen, Alec Sokolow","Adventure, Animation, Comedy","<a href=""https://www.imdb.com/title/tt0114709"" target=""_blank"">tt0114709</a>","<a href=""https://www.imdb.com/title/tt0114709"" target=""_blank"">Toy Story</a>"
"tt0086250","Scarface",1983,82,8.3,972064,170,"Brian De Palma","Oliver Stone, Howard Hawks, Ben Hecht, Armitage Trail","Crime, Drama","<a href=""https://www.imdb.com/title/tt0086250"" target=""_blank"">tt0086250</a>","<a href=""https://www.imdb.com/title/tt0086250"" target=""_blank"">Scarface</a>"
"tt0180093","Requiem for a Dream",2000,83,8.3,943198,102,"Darren Aronofsky","Hubert Selby Jr., Darren Aronofsky","Drama","<a href=""https://www.imdb.com/title/tt0180093"" target=""_blank"">tt0180093</a>","<a href=""https://www.imdb.com/title/tt0180093"" target=""_blank"">Requiem for a Dream</a>"
"tt0435761","Toy Story 3",2010,84,8.3,936124,103,"Lee Unkrich","John Lasseter, Andrew Stanton, Lee Unkrich, Michael Arndt, Mark Andrews, David Reynolds, Justin Wright","Adventure, Animation, Comedy","<a href=""https://www.imdb.com/title/tt0435761"" target=""_blank"">tt0435761</a>","<a href=""https://www.imdb.com/title/tt0435761"" target=""_blank"">Toy Story 3</a>"
"tt15398776","Oppenheimer",2023,85,8.3,904551,180,"Christopher Nolan","Christopher Nolan, Kai Bird, Martin Sherwin","Biography, Drama, History","<a href=""https://www.imdb.com/title/tt15398776"" target=""_blank"">tt15398776</a>","<a href=""https://www.imdb.com/title/tt15398776"" target=""_blank"">Oppenheimer</a>"
"tt0211915","Amélie",2001,86,8.3,821145,122,"Jean-Pierre Jeunet","Guillaume Laurant, Jean-Pierre Jeunet","Comedy, Romance","<a href=""https://www.imdb.com/title/tt0211915"" target=""_blank"">tt0211915</a>","<a href=""https://www.imdb.com/title/tt0211915"" target=""_blank"">Amélie</a>"
"tt0113277","Heat",1995,87,8.3,763109,170,"Michael Mann","Michael Mann","Action, Crime, Drama","<a href=""https://www.imdb.com/title/tt0113277"" target=""_blank"">tt0113277</a>","<a href=""https://www.imdb.com/title/tt0113277"" target=""_blank"">Heat</a>"
"tt0062622","2001: A Space Odyssey",1968,88,8.3,757013,149,"Stanley Kubrick","Stanley Kubrick, Arthur C. Clarke","Adventure, Sci-Fi","<a href=""https://www.imdb.com/title/tt0062622"" target=""_blank"">tt0062622</a>","<a href=""https://www.imdb.com/title/tt0062622"" target=""_blank"">2001: A Space Odyssey</a>"
"tt0364569","Oldboy",2003,89,8.3,683765,120,"Park Chan-wook","Garon Tsuchiya, Nobuaki Minegishi, Park Chan-wook, Jo-yun Hwang, Joon-hyung Lim","Action, Drama, Mystery","<a href=""https://www.imdb.com/title/tt0364569"" target=""_blank"">tt0364569</a>","<a href=""https://www.imdb.com/title/tt0364569"" target=""_blank"">Oldboy</a>"
"tt0057012","Dr. Strangelove or: How I Learned to Stop Worrying and Love the Bomb",1964,90,8.3,539951,95,"Stanley Kubrick","Stanley Kubrick, Terry Southern, Peter George","Comedy, War","<a href=""https://www.imdb.com/title/tt0057012"" target=""_blank"">tt0057012</a>","<a href=""https://www.imdb.com/title/tt0057012"" target=""_blank"">Dr. Strangelove or: How I Learned to Stop Worrying and Love the Bomb</a>"
"tt1187043","3 Idiots",2009,91,8.4,461833,170,"Rajkumar Hirani","Abhijat Joshi, Rajkumar Hirani, Vidhu Vinod Chopra, Chetan Bhagat","Comedy, Drama","<a href=""https://www.imdb.com/title/tt1187043"" target=""_blank"">tt1187043</a>","<a href=""https://www.imdb.com/title/tt1187043"" target=""_blank"">3 Idiots</a>"
"tt0086879","Amadeus",1984,92,8.4,450735,160,"Milos Forman","Peter Shaffer, Zdenek Mahler","Biography, Drama, Music","<a href=""https://www.imdb.com/title/tt0086879"" target=""_blank"">tt0086879</a>","<a href=""https://www.imdb.com/title/tt0086879"" target=""_blank"">Amadeus</a>"
"tt0405094","The Lives of Others",2006,93,8.4,429546,137,"Florian Henckel von Donnersmarck","Florian Henckel von Donnersmarck","Drama, Mystery, Thriller","<a href=""https://www.imdb.com/title/tt0405094"" target=""_blank"">tt0405094</a>","<a href=""https://www.imdb.com/title/tt0405094"" target=""_blank"">The Lives of Others</a>"
"tt5311514","Your Name.",2016,94,8.4,361437,106,"Makoto Shinkai","Makoto Shinkai","Animation, Drama, Fantasy","<a href=""https://www.imdb.com/title/tt5311514"" target=""_blank"">tt5311514</a>","<a href=""https://www.imdb.com/title/tt5311514"" target=""_blank"">Your Name.</a>"
"tt0082096","Das Boot",1981,95,8.4,280278,149,"Wolfgang Petersen","Wolfgang Petersen, Lothar G. Buchheim","Drama, War","<a href=""https://www.imdb.com/title/tt0082096"" target=""_blank"">tt0082096</a>","<a href=""https://www.imdb.com/title/tt0082096"" target=""_blank"">Das Boot</a>"
"tt0043014","Sunset Boulevard",1950,96,8.4,250106,110,"Billy Wilder","Charles Brackett, Billy Wilder, D.M. Marshman Jr.","Drama, Film-Noir","<a href=""https://www.imdb.com/title/tt0043014"" target=""_blank"">tt0043014</a>","<a href=""https://www.imdb.com/title/tt0043014"" target=""_blank"">Sunset Boulevard</a>"
"tt0032553","The Great Dictator",1940,97,8.4,249965,125,"Charles Chaplin","Charles Chaplin","Comedy, Drama, War","<a href=""https://www.imdb.com/title/tt0032553"" target=""_blank"">tt0032553</a>","<a href=""https://www.imdb.com/title/tt0032553"" target=""_blank"">The Great Dictator</a>"
"tt0050825","Paths of Glory",1957,98,8.4,227211,88,"Stanley Kubrick","Stanley Kubrick, Calder Willingham, Jim Thompson, Humphrey Cobb","Drama, War","<a href=""https://www.imdb.com/title/tt0050825"" target=""_blank"">tt0050825</a>","<a href=""https://www.imdb.com/title/tt0050825"" target=""_blank"">Paths of Glory</a>"
"tt0056058","Harakiri",1962,99,8.6,80957,133,"Masaki Kobayashi","Yasuhiko Takiguchi, Shinobu Hashimoto","Drama, Mystery","<a href=""https://www.imdb.com/title/tt0056058"" target=""_blank"">tt0056058</a>","<a href=""https://www.imdb.com/title/tt0056058"" target=""_blank"">Harakiri</a>"
"tt0993846","The Wolf of Wall Street",2013,100,8.2,1697587,180,"Martin Scorsese","Terence Winter, Jordan Belfort","Biography, Comedy, Crime","<a href=""https://www.imdb.com/title/tt0993846"" target=""_blank"">tt0993846</a>","<a href=""https://www.imdb.com/title/tt0993846"" target=""_blank"">The Wolf of Wall Street</a>"
"tt0372784","Batman Begins",2005,101,8.2,1653702,140,"Christopher Nolan","Bob Kane, David S. Goyer, Christopher Nolan","Action, Crime, Drama","<a href=""https://www.imdb.com/title/tt0372784"" target=""_blank"">tt0372784</a>","<a href=""https://www.imdb.com/title/tt0372784"" target=""_blank"">Batman Begins</a>"
"tt1130884","Shutter Island",2010,102,8.2,1559523,138,"Martin Scorsese","Laeta Kalogridis, Dennis Lehane","Drama, Mystery, Thriller","<a href=""https://www.imdb.com/title/tt1130884"" target=""_blank"">tt1130884</a>","<a href=""https://www.imdb.com/title/tt1130884"" target=""_blank"">Shutter Island</a>"
"tt0120382","The Truman Show",1998,103,8.2,1292879,103,"Peter Weir","Andrew Niccol","Comedy, Drama","<a href=""https://www.imdb.com/title/tt0120382"" target=""_blank"">tt0120382</a>","<a href=""https://www.imdb.com/title/tt0120382"" target=""_blank"">The Truman Show</a>"
"tt0266697","Kill Bill: Vol. 1",2003,104,8.2,1256366,111,"Quentin Tarantino","Quentin Tarantino, Uma Thurman","Action, Crime, Thriller","<a href=""https://www.imdb.com/title/tt0266697"" target=""_blank"">tt0266697</a>","<a href=""https://www.imdb.com/title/tt0266697"" target=""_blank"">Kill Bill: Vol. 1</a>"
"tt0266543","Finding Nemo",2003,105,8.2,1165591,100,"Andrew Stanton, Lee Unkrich","Andrew Stanton, Bob Peterson, David Reynolds","Adventure, Animation, Comedy","<a href=""https://www.imdb.com/title/tt0266543"" target=""_blank"">tt0266543</a>","<a href=""https://www.imdb.com/title/tt0266543"" target=""_blank"">Finding Nemo</a>"
"tt0477348","No Country for Old Men",2007,106,8.2,1129648,122,"Ethan Coen, Joel Coen","Joel Coen, Ethan Coen, Cormac McCarthy","Crime, Drama, Thriller","<a href=""https://www.imdb.com/title/tt0477348"" target=""_blank"">tt0477348</a>","<a href=""https://www.imdb.com/title/tt0477348"" target=""_blank"">No Country for Old Men</a>"
"tt0107290","Jurassic Park",1993,107,8.2,1125715,127,"Steven Spielberg","Michael Crichton, David Koepp","Action, Adventure, Sci-Fi","<a href=""https://www.imdb.com/title/tt0107290"" target=""_blank"">tt0107290</a>","<a href=""https://www.imdb.com/title/tt0107290"" target=""_blank"">Jurassic Park</a>"
"tt0167404","The Sixth Sense",1999,108,8.2,1104430,107,"M. Night Shyamalan","M. Night Shyamalan","Drama, Mystery, Thriller","<a href=""https://www.imdb.com/title/tt0167404"" target=""_blank"">tt0167404</a>","<a href=""https://www.imdb.com/title/tt0167404"" target=""_blank"">The Sixth Sense</a>"
"tt0268978","A Beautiful Mind",2001,109,8.2,1025409,135,"Ron Howard","Akiva Goldsman, Sylvia Nasar","Biography, Drama, Mystery","<a href=""https://www.imdb.com/title/tt0268978"" target=""_blank"">tt0268978</a>","<a href=""https://www.imdb.com/title/tt0268978"" target=""_blank"">A Beautiful Mind</a>"
"tt0095016","Die Hard",1988,110,8.2,993893,132,"John McTiernan","Roderick Thorp, Jeb Stuart, Steven E. de Souza","Action, Thriller","<a href=""https://www.imdb.com/title/tt0095016"" target=""_blank"">tt0095016</a>","<a href=""https://www.imdb.com/title/tt0095016"" target=""_blank"">Die Hard</a>"
"tt0075314","Taxi Driver",1976,111,8.2,984438,114,"Martin Scorsese","Paul Schrader","Crime, Drama","<a href=""https://www.imdb.com/title/tt0075314"" target=""_blank"">tt0075314</a>","<a href=""https://www.imdb.com/title/tt0075314"" target=""_blank"">Taxi Driver</a>"
"tt10872600","Spider-Man: No Way Home",2021,112,8.2,959655,148,"Jon Watts","Chris McKenna, Erik Sommers, Stan Lee, Steve Ditko","Action, Adventure, Fantasy","<a href=""https://www.imdb.com/title/tt10872600"" target=""_blank"">tt10872600</a>","<a href=""https://www.imdb.com/title/tt10872600"" target=""_blank"">Spider-Man: No Way Home</a>"
"tt0208092","Snatch",2000,113,8.2,949832,102,"Guy Ritchie","Guy Ritchie","Comedy, Crime","<a href=""https://www.imdb.com/title/tt0208092"" target=""_blank"">tt0208092</a>","<a href=""https://www.imdb.com/title/tt0208092"" target=""_blank"">Snatch</a>"
"tt0066921","A Clockwork Orange",1971,114,8.2,914725,136,"Stanley Kubrick","Stanley Kubrick, Anthony Burgess","Crime, Sci-Fi","<a href=""https://www.imdb.com/title/tt0066921"" target=""_blank"">tt0066921</a>","<a href=""https://www.imdb.com/title/tt0066921"" target=""_blank"">A Clockwork Orange</a>"
"tt1392214","Prisoners",2013,115,8.2,878882,153,"Denis Villeneuve","Aaron Guzikowski","Crime, Drama, Mystery","<a href=""https://www.imdb.com/title/tt1392214"" target=""_blank"">tt1392214</a>","<a href=""https://www.imdb.com/title/tt1392214"" target=""_blank"">Prisoners</a>"
"tt0097576","Indiana Jones and the Last Crusade",1989,116,8.2,842024,127,"Steven Spielberg","Jeffrey Boam, George Lucas, Menno Meyjes, Philip Kaufman","Action, Adventure","<a href=""https://www.imdb.com/title/tt0097576"" target=""_blank"">tt0097576</a>","<a href=""https://www.imdb.com/title/tt0097576"" target=""_blank"">Indiana Jones and the Last Crusade</a>"
"tt0093058","Full Metal Jacket",1987,117,8.2,825677,116,"Stanley Kubrick","Stanley Kubrick, Michael Herr, Gustav Hasford","Drama, War","<a href=""https://www.imdb.com/title/tt0093058"" target=""_blank"">tt0093058</a>","<a href=""https://www.imdb.com/title/tt0093058"" target=""_blank"">Full Metal Jacket</a>"
"tt1745960","Top Gun: Maverick",2022,118,8.2,785676,130,"Joseph Kosinski","Jim Cash, Jack Epps Jr., Peter Craig, Justin Marks, Ehren Kruger, Eric Warren Singer, Christopher McQuarrie","Action, Drama","<a href=""https://www.imdb.com/title/tt1745960"" target=""_blank"">tt1745960</a>","<a href=""https://www.imdb.com/title/tt1745960"" target=""_blank"">Top Gun: Maverick</a>"
"tt8579674","1917",2019,119,8.2,733145,119,"Sam Mendes","Sam Mendes, Krysty Wilson-Cairns","Action, Drama, War","<a href=""https://www.imdb.com/title/tt8579674"" target=""_blank"">tt8579674</a>","<a href=""https://www.imdb.com/title/tt8579674"" target=""_blank"">1917</a>"
"tt0457430","Pan's Labyrinth",2006,120,8.2,727415,118,"Guillermo del Toro","Guillermo del Toro","Drama, Fantasy, War","<a href=""https://www.imdb.com/title/tt0457430"" target=""_blank"">tt0457430</a>","<a href=""https://www.imdb.com/title/tt0457430"" target=""_blank"">Pan's Labyrinth</a>"
"tt0469494","There Will Be Blood",2007,121,8.2,674646,158,"Paul Thomas Anderson","Paul Thomas Anderson, Upton Sinclair","Drama","<a href=""https://www.imdb.com/title/tt0469494"" target=""_blank"">tt0469494</a>","<a href=""https://www.imdb.com/title/tt0469494"" target=""_blank"">There Will Be Blood</a>"
"tt0119488","L.A. Confidential",1997,122,8.2,643808,138,"Curtis Hanson","James Ellroy, Brian Helgeland, Curtis Hanson","Crime, Drama, Mystery","<a href=""https://www.imdb.com/title/tt0119488"" target=""_blank"">tt0119488</a>","<a href=""https://www.imdb.com/title/tt0119488"" target=""_blank"">L.A. Confidential</a>"
"tt6966692","Green Book",2018,123,8.2,641738,130,"Peter Farrelly","Nick Vallelonga, Brian Hayes Currie, Peter Farrelly","Biography, Comedy, Drama","<a href=""https://www.imdb.com/title/tt6966692"" target=""_blank"">tt6966692</a>","<a href=""https://www.imdb.com/title/tt6966692"" target=""_blank"">Green Book</a>"
"tt0112641","Casino",1995,124,8.2,595893,178,"Martin Scorsese","Nicholas Pileggi, Martin Scorsese","Crime, Drama","<a href=""https://www.imdb.com/title/tt0112641"" target=""_blank"">tt0112641</a>","<a href=""https://www.imdb.com/title/tt0112641"" target=""_blank"">Casino</a>"
"tt0071853","Monty Python and the Holy Grail",1975,125,8.2,590210,91,"Terry Gilliam, Terry Jones","Graham Chapman, John Cleese, Eric Idle, Terry Gilliam, Terry Jones, Michael Palin, Thomas Malory","Adventure, Comedy, Fantasy","<a href=""https://www.imdb.com/title/tt0071853"" target=""_blank"">tt0071853</a>","<a href=""https://www.imdb.com/title/tt0071853"" target=""_blank"">Monty Python and the Holy Grail</a>"
"tt0084787","The Thing",1982,126,8.2,501924,109,"John Carpenter","Bill Lancaster, John W. Campbell Jr.","Horror, Mystery, Sci-Fi","<a href=""https://www.imdb.com/title/tt0084787"" target=""_blank"">tt0084787</a>","<a href=""https://www.imdb.com/title/tt0084787"" target=""_blank"">The Thing</a>"
"tt0347149","Howl's Moving Castle",2004,127,8.2,487042,119,"Hayao Miyazaki","Hayao Miyazaki, Diana Wynne Jones","Adventure, Animation, Family","<a href=""https://www.imdb.com/title/tt0347149"" target=""_blank"">tt0347149</a>","<a href=""https://www.imdb.com/title/tt0347149"" target=""_blank"">Howl's Moving Castle</a>"
"tt0033467","Citizen Kane",1941,128,8.3,483494,119,"Orson Welles","Herman J. Mankiewicz, Orson Welles, John Houseman, Roger Q. Denny, Mollie Kent","Drama, Mystery","<a href=""https://www.imdb.com/title/tt0033467"" target=""_blank"">tt0033467</a>","<a href=""https://www.imdb.com/title/tt0033467"" target=""_blank"">Citizen Kane</a>"
"tt0119698","Princess Mononoke",1997,129,8.3,463160,133,"Hayao Miyazaki","Hayao Miyazaki","Adventure, Animation, Fantasy","<a href=""https://www.imdb.com/title/tt0119698"" target=""_blank"">tt0119698</a>","<a href=""https://www.imdb.com/title/tt0119698"" target=""_blank"">Princess Mononoke</a>"
"tt0087843","Once Upon a Time in America",1984,130,8.3,397087,229,"Sergio Leone","Harry Grey, Leonardo Benvenuti, Piero De Bernardi, Enrico Medioli, Franco Arcalli, Franco Ferrini, Sergio Leone, Stuart Kaminsky, Ernesto Gastaldi","Crime, Drama","<a href=""https://www.imdb.com/title/tt0087843"" target=""_blank"">tt0087843</a>","<a href=""https://www.imdb.com/title/tt0087843"" target=""_blank"">Once Upon a Time in America</a>"
"tt2106476","The Hunt",2012,131,8.3,390519,115,"Thomas Vinterberg","Thomas Vinterberg, Tobias Lindholm","Drama","<a href=""https://www.imdb.com/title/tt2106476"" target=""_blank"">tt2106476</a>","<a href=""https://www.imdb.com/title/tt2106476"" target=""_blank"">The Hunt</a>"
"tt0053125","North by Northwest",1959,132,8.3,361772,136,"Alfred Hitchcock","Ernest Lehman","Adventure, Drama, Mystery","<a href=""https://www.imdb.com/title/tt0053125"" target=""_blank"">tt0053125</a>","<a href=""https://www.imdb.com/title/tt0053125"" target=""_blank"">North by Northwest</a>"
"tt0056592","To Kill a Mockingbird",1962,133,8.3,344449,129,"Robert Mulligan","Harper Lee, Horton Foote","Crime, Drama","<a href=""https://www.imdb.com/title/tt0056592"" target=""_blank"">tt0056592</a>","<a href=""https://www.imdb.com/title/tt0056592"" target=""_blank"">To Kill a Mockingbird</a>"
"tt0056172","Lawrence of Arabia",1962,134,8.3,330720,227,"David Lean","Robert Bolt, Michael Wilson","Adventure, Biography, Drama","<a href=""https://www.imdb.com/title/tt0056172"" target=""_blank"">tt0056172</a>","<a href=""https://www.imdb.com/title/tt0056172"" target=""_blank"">Lawrence of Arabia</a>"
"tt0045152","Singin' in the Rain",1952,135,8.3,273889,103,"Stanley Donen, Gene Kelly","Betty Comden, Adolph Green","Comedy, Musical, Romance","<a href=""https://www.imdb.com/title/tt0045152"" target=""_blank"">tt0045152</a>","<a href=""https://www.imdb.com/title/tt0045152"" target=""_blank"">Singin' in the Rain</a>"
"tt1832382","A Separation",2011,136,8.3,270517,123,"Asghar Farhadi","Asghar Farhadi","Drama","<a href=""https://www.imdb.com/title/tt1832382"" target=""_blank"">tt1832382</a>","<a href=""https://www.imdb.com/title/tt1832382"" target=""_blank"">A Separation</a>"
"tt1255953","Incendies",2010,137,8.3,230665,131,"Denis Villeneuve","Wajdi Mouawad, Denis Villeneuve, Valérie Beaugrand-Champagne","Drama, Mystery, War","<a href=""https://www.imdb.com/title/tt1255953"" target=""_blank"">tt1255953</a>","<a href=""https://www.imdb.com/title/tt1255953"" target=""_blank"">Incendies</a>"
"tt5074352","Dangal",2016,138,8.3,228200,161,"Nitesh Tiwari","Piyush Gupta, Shreyas Jain, Nikhil Mehrotra, Rajshri Sudhakar, Nitesh Tiwari","Action, Biography, Drama","<a href=""https://www.imdb.com/title/tt5074352"" target=""_blank"">tt5074352</a>","<a href=""https://www.imdb.com/title/tt5074352"" target=""_blank"">Dangal</a>"
"tt0986264","Like Stars on Earth",2007,139,8.3,219730,162,"Aamir Khan","Amole Gupte","Drama, Family","<a href=""https://www.imdb.com/title/tt0986264"" target=""_blank"">tt0986264</a>","<a href=""https://www.imdb.com/title/tt0986264"" target=""_blank"">Like Stars on Earth</a>"
"tt0053604","The Apartment",1960,140,8.3,209821,125,"Billy Wilder","Billy Wilder, I.A.L. Diamond","Comedy, Drama, Romance","<a href=""https://www.imdb.com/title/tt0053604"" target=""_blank"">tt0053604</a>","<a href=""https://www.imdb.com/title/tt0053604"" target=""_blank"">The Apartment</a>"
"tt0017136","Metropolis",1927,141,8.3,195466,153,"Fritz Lang","Thea von Harbou, Fritz Lang","Drama, Sci-Fi","<a href=""https://www.imdb.com/title/tt0017136"" target=""_blank"">tt0017136</a>","<a href=""https://www.imdb.com/title/tt0017136"" target=""_blank"">Metropolis</a>"
"tt0022100","M",1931,142,8.3,177950,99,"Fritz Lang","Thea von Harbou, Fritz Lang, Egon Jacobsohn","Crime, Mystery, Thriller","<a href=""https://www.imdb.com/title/tt0022100"" target=""_blank"">tt0022100</a>","<a href=""https://www.imdb.com/title/tt0022100"" target=""_blank"">M</a>"
"tt0036775","Double Indemnity",1944,143,8.3,175690,107,"Billy Wilder","Billy Wilder, Raymond Chandler, James M. Cain","Crime, Drama, Film-Noir","<a href=""https://www.imdb.com/title/tt0036775"" target=""_blank"">tt0036775</a>","<a href=""https://www.imdb.com/title/tt0036775"" target=""_blank"">Double Indemnity</a>"
"tt0051201","Witness for the Prosecution",1957,144,8.4,151053,116,"Billy Wilder","Agatha Christie, Billy Wilder, Harry Kurnitz, Lawrence B. Marcus","Crime, Drama, Mystery","<a href=""https://www.imdb.com/title/tt0051201"" target=""_blank"">tt0051201</a>","<a href=""https://www.imdb.com/title/tt0051201"" target=""_blank"">Witness for the Prosecution</a>"
"tt8267604","Capernaum",2018,145,8.4,117256,126,"Nadine Labaki","Nadine Labaki, Jihad Hojeily, Michelle Keserwany, Georges Khabbaz, Khaled Mouzanar","Drama","<a href=""https://www.imdb.com/title/tt8267604"" target=""_blank"">tt8267604</a>","<a href=""https://www.imdb.com/title/tt8267604"" target=""_blank"">Capernaum</a>"
"tt1424432","Senna",2010,146,8.5,81148,106,"Asif Kapadia","Manish Pandey","Biography, Documentary, Sport","<a href=""https://www.imdb.com/title/tt1424432"" target=""_blank"">tt1424432</a>","<a href=""https://www.imdb.com/title/tt1424432"" target=""_blank"">Senna</a>"
"tt20850406","Sita Ramam",2022,147,8.5,76839,163,"Hanu Raghavapudi","Hanu Raghavapudi, Jay Krishna, Raj Kumar Kandamudi, Rutham Samar, Madhan Karky, Sarath Balan, Sanjay Upadhyay","Action, Drama, Musical","<a href=""https://www.imdb.com/title/tt20850406"" target=""_blank"">tt20850406</a>","<a href=""https://www.imdb.com/title/tt20850406"" target=""_blank"">Sita Ramam</a>"
"tt27719898","Kaiva",2023,148,8.5,68982,138,"Jayathirtha","Jayathirtha, Raghu Niduvalli","Action, Drama, Romance","<a href=""https://www.imdb.com/title/tt27719898"" target=""_blank"">tt27719898</a>","<a href=""https://www.imdb.com/title/tt27719898"" target=""_blank"">Kaiva</a>"
"tt9263550","Rocketry: The Nambi Effect",2022,149,8.6,60734,157,"Madhavan","Madhavan, Ananth Mahadevan, Rahul Pandey, Sreedevi Krishnan, Sukhmani Sadana, Anjali Nair","Biography, Drama","<a href=""https://www.imdb.com/title/tt9263550"" target=""_blank"">tt9263550</a>","<a href=""https://www.imdb.com/title/tt9263550"" target=""_blank"">Rocketry: The Nambi Effect</a>"
"tt7466810","777 Charlie",2022,150,8.7,43610,164,"Kiranraj K","Kiranraj K, K.N. Vijay Kumar, Satheesh Muthukulam, Sanjay Upadhyay","Adventure, Comedy, Drama","<a href=""https://www.imdb.com/title/tt7466810"" target=""_blank"">tt7466810</a>","<a href=""https://www.imdb.com/title/tt7466810"" target=""_blank"">777 Charlie</a>"
"tt11989890","David Attenborough: A Life on Our Planet",2020,151,8.9,35473,83,"Alastair Fothergill, Jonathan Hughes, Keith Scholey",NA,"Biography, Documentary","<a href=""https://www.imdb.com/title/tt11989890"" target=""_blank"">tt11989890</a>","<a href=""https://www.imdb.com/title/tt11989890"" target=""_blank"">David Attenborough: A Life on Our Planet</a>"
"tt0325980","Pirates of the Caribbean: The Curse of the Black Pearl",2003,152,8.1,1272989,143,"Gore Verbinski","Ted Elliott, Terry Rossio, Stuart Beattie, Jay Wolpert","Action, Adventure, Fantasy","<a href=""https://www.imdb.com/title/tt0325980"" target=""_blank"">tt0325980</a>","<a href=""https://www.imdb.com/title/tt0325980"" target=""_blank"">Pirates of the Caribbean: The Curse of the Black Pearl</a>"
"tt0434409","V for Vendetta",2005,153,8.1,1218784,132,"James McTeigue","Lilly Wachowski, Lana Wachowski, David Lloyd","Action, Drama, Sci-Fi","<a href=""https://www.imdb.com/title/tt0434409"" target=""_blank"">tt0434409</a>","<a href=""https://www.imdb.com/title/tt0434409"" target=""_blank"">V for Vendetta</a>"
"tt0264464","Catch Me If You Can",2002,154,8.1,1172837,141,"Steven Spielberg","Frank Abagnale Jr., Stan Redding, Jeff Nathanson","Biography, Crime, Drama","<a href=""https://www.imdb.com/title/tt0264464"" target=""_blank"">tt0264464</a>","<a href=""https://www.imdb.com/title/tt0264464"" target=""_blank"">Catch Me If You Can</a>"
"tt1392190","Mad Max: Fury Road",2015,155,8.1,1170737,120,"George Miller","George Miller, Brendan McCarthy, Nick Lathouris","Action, Adventure, Sci-Fi","<a href=""https://www.imdb.com/title/tt1392190"" target=""_blank"">tt1392190</a>","<a href=""https://www.imdb.com/title/tt1392190"" target=""_blank"">Mad Max: Fury Road</a>"
"tt2267998","Gone Girl",2014,156,8.1,1126743,149,"David Fincher","Gillian Flynn","Drama, Mystery, Thriller","<a href=""https://www.imdb.com/title/tt2267998"" target=""_blank"">tt2267998</a>","<a href=""https://www.imdb.com/title/tt2267998"" target=""_blank"">Gone Girl</a>"
"tt0198781","Monsters, Inc.",2001,157,8.1,1033335,92,"Pete Docter, David Silverman, Lee Unkrich","Pete Docter, Jill Culton, Jeff Pidgeon, Ralph Eggleston, Andrew Stanton, Daniel Gerson","Adventure, Animation, Comedy","<a href=""https://www.imdb.com/title/tt0198781"" target=""_blank"">tt0198781</a>","<a href=""https://www.imdb.com/title/tt0198781"" target=""_blank"">Monsters, Inc.</a>"
"tt1201607","Harry Potter and the Deathly Hallows: Part 2",2011,158,8.1,1002941,130,"David Yates","Steve Kloves, J.K. Rowling","Adventure, Family, Fantasy","<a href=""https://www.imdb.com/title/tt1201607"" target=""_blank"">tt1201607</a>","<a href=""https://www.imdb.com/title/tt1201607"" target=""_blank"">Harry Potter and the Deathly Hallows: Part 2</a>"
"tt0088247","The Terminator",1984,159,8.1,969481,107,"James Cameron","James Cameron, Gale Anne Hurd, William Wisher","Action, Adventure, Sci-Fi","<a href=""https://www.imdb.com/title/tt0088247"" target=""_blank"">tt0088247</a>","<a href=""https://www.imdb.com/title/tt0088247"" target=""_blank"">The Terminator</a>"
"tt2278388","The Grand Budapest Hotel",2014,160,8.1,931574,99,"Wes Anderson","Stefan Zweig, Wes Anderson, Hugo Guinness","Comedy, Drama","<a href=""https://www.imdb.com/title/tt2278388"" target=""_blank"">tt2278388</a>","<a href=""https://www.imdb.com/title/tt2278388"" target=""_blank"">The Grand Budapest Hotel</a>"
"tt3315342","Logan",2017,161,8.1,894537,137,"James Mangold","James Mangold, Scott Frank, Michael Green","Action, Drama, Sci-Fi","<a href=""https://www.imdb.com/title/tt3315342"" target=""_blank"">tt3315342</a>","<a href=""https://www.imdb.com/title/tt3315342"" target=""_blank"">Logan</a>"
"tt0118715","The Big Lebowski",1998,162,8.1,893836,117,"Joel Coen, Ethan Coen","Ethan Coen, Joel Coen","Comedy, Crime","<a href=""https://www.imdb.com/title/tt0118715"" target=""_blank"">tt0118715</a>","<a href=""https://www.imdb.com/title/tt0118715"" target=""_blank"">The Big Lebowski</a>"
"tt0382932","Ratatouille",2007,163,8.1,892273,111,"Brad Bird, Jan Pinkava","Brad Bird, Jan Pinkava, Jim Capobianco, Emily Cook, Kathy Greenberg, Bob Peterson","Adventure, Animation, Comedy","<a href=""https://www.imdb.com/title/tt0382932"" target=""_blank"">tt0382932</a>","<a href=""https://www.imdb.com/title/tt0382932"" target=""_blank"">Ratatouille</a>"
"tt2096673","Inside Out",2015,164,8.1,873241,95,"Pete Docter, Ronnie Del Carmen","Pete Docter, Ronnie Del Carmen, Meg LeFauve, Josh Cooley, Michael Arndt, Simon Rich, Bill Hader, Amy Poehler","Adventure, Animation, Comedy","<a href=""https://www.imdb.com/title/tt2096673"" target=""_blank"">tt2096673</a>","<a href=""https://www.imdb.com/title/tt2096673"" target=""_blank"">Inside Out</a>"
"tt0083658","Blade Runner",1982,165,8.1,857028,117,"Ridley Scott","Hampton Fancher, David Webb Peoples, Philip K. Dick","Action, Drama, Sci-Fi","<a href=""https://www.imdb.com/title/tt0083658"" target=""_blank"">tt0083658</a>","<a href=""https://www.imdb.com/title/tt0083658"" target=""_blank"">Blade Runner</a>"
"tt0892769","How to Train Your Dragon",2010,166,8.1,853717,98,"Dean DeBlois, Chris Sanders","William Davies, Dean DeBlois, Chris Sanders, Cressida Cowell, Marc Hyman, Adam F. Goldberg","Action, Adventure, Animation","<a href=""https://www.imdb.com/title/tt0892769"" target=""_blank"">tt0892769</a>","<a href=""https://www.imdb.com/title/tt0892769"" target=""_blank"">How to Train Your Dragon</a>"
"tt1205489","Gran Torino",2008,167,8.1,842360,116,"Clint Eastwood","Nick Schenk, Dave Johannson","Drama","<a href=""https://www.imdb.com/title/tt1205489"" target=""_blank"">tt1205489</a>","<a href=""https://www.imdb.com/title/tt1205489"" target=""_blank"">Gran Torino</a>"
"tt2024544","12 Years a Slave",2013,168,8.1,767371,134,"Steve McQueen","John Ridley, Solomon Northup","Biography, Drama, History","<a href=""https://www.imdb.com/title/tt2024544"" target=""_blank"">tt2024544</a>","<a href=""https://www.imdb.com/title/tt2024544"" target=""_blank"">12 Years a Slave</a>"
"tt0116282","Fargo",1996,169,8.1,759971,98,"Joel Coen, Ethan Coen","Ethan Coen, Joel Coen","Crime, Drama, Thriller","<a href=""https://www.imdb.com/title/tt0116282"" target=""_blank"">tt0116282</a>","<a href=""https://www.imdb.com/title/tt0116282"" target=""_blank"">Fargo</a>"
"tt0117951","Trainspotting",1996,170,8.1,752323,93,"Danny Boyle","Irvine Welsh, John Hodge","Drama","<a href=""https://www.imdb.com/title/tt0117951"" target=""_blank"">tt0117951</a>","<a href=""https://www.imdb.com/title/tt0117951"" target=""_blank"">Trainspotting</a>"
"tt0405159","Million Dollar Baby",2004,171,8.1,748949,132,"Clint Eastwood","Paul Haggis, F.X. Toole","Drama, Sport","<a href=""https://www.imdb.com/title/tt0405159"" target=""_blank"">tt0405159</a>","<a href=""https://www.imdb.com/title/tt0405159"" target=""_blank"">Million Dollar Baby</a>"
"tt0073195","Jaws",1975,172,8.1,700377,124,"Steven Spielberg","Peter Benchley, Carl Gottlieb","Adventure, Drama, Horror","<a href=""https://www.imdb.com/title/tt0073195"" target=""_blank"">tt0073195</a>","<a href=""https://www.imdb.com/title/tt0073195"" target=""_blank"">Jaws</a>"
"tt0075148","Rocky",1976,173,8.1,663385,120,"John G. Avildsen","Sylvester Stallone","Drama, Sport","<a href=""https://www.imdb.com/title/tt0075148"" target=""_blank"">tt0075148</a>","<a href=""https://www.imdb.com/title/tt0075148"" target=""_blank"">Rocky</a>"
"tt2119532","Hacksaw Ridge",2016,174,8.1,641811,139,"Mel Gibson","Robert Schenkkan, Andrew Knight","Biography, Drama, History","<a href=""https://www.imdb.com/title/tt2119532"" target=""_blank"">tt2119532</a>","<a href=""https://www.imdb.com/title/tt2119532"" target=""_blank"">Hacksaw Ridge</a>"
"tt0120735","Lock, Stock and Two Smoking Barrels",1998,175,8.1,637173,107,"Guy Ritchie","Guy Ritchie","Comedy, Crime","<a href=""https://www.imdb.com/title/tt0120735"" target=""_blank"">tt0120735</a>","<a href=""https://www.imdb.com/title/tt0120735"" target=""_blank"">Lock, Stock and Two Smoking Barrels</a>"
"tt0097165","Dead Poets Society",1989,176,8.1,595767,128,"Peter Weir","Tom Schulman","Comedy, Drama","<a href=""https://www.imdb.com/title/tt0097165"" target=""_blank"">tt0097165</a>","<a href=""https://www.imdb.com/title/tt0097165"" target=""_blank"">Dead Poets Society</a>"
"tt5027774","Three Billboards Outside Ebbing, Missouri",2017,177,8.1,586217,115,"Martin McDonagh","Martin McDonagh","Comedy, Crime, Drama","<a href=""https://www.imdb.com/title/tt5027774"" target=""_blank"">tt5027774</a>","<a href=""https://www.imdb.com/title/tt5027774"" target=""_blank"">Three Billboards Outside Ebbing, Missouri</a>"
"tt1979320","Rush",2013,178,8.1,537624,123,"Ron Howard","Peter Morgan","Biography, Drama, Sport","<a href=""https://www.imdb.com/title/tt1979320"" target=""_blank"">tt1979320</a>","<a href=""https://www.imdb.com/title/tt1979320"" target=""_blank"">Rush</a>"
"tt1950186","Ford v Ferrari",2019,179,8.1,528634,152,"James Mangold","Jez Butterworth, John-Henry Butterworth, Jason Keller","Action, Biography, Drama","<a href=""https://www.imdb.com/title/tt1950186"" target=""_blank"">tt1950186</a>","<a href=""https://www.imdb.com/title/tt1950186"" target=""_blank"">Ford v Ferrari</a>"
"tt1895587","Spotlight",2015,180,8.1,521039,129,"Tom McCarthy","Josh Singer, Tom McCarthy","Biography, Crime, Drama","<a href=""https://www.imdb.com/title/tt1895587"" target=""_blank"">tt1895587</a>","<a href=""https://www.imdb.com/title/tt1895587"" target=""_blank"">Spotlight</a>"
"tt1291584","Warrior",2011,181,8.1,516526,140,"Gavin O'Connor","Gavin O'Connor, Anthony Tambakis, Cliff Dorfman","Action, Drama, Sport","<a href=""https://www.imdb.com/title/tt1291584"" target=""_blank"">tt1291584</a>","<a href=""https://www.imdb.com/title/tt1291584"" target=""_blank"">Warrior</a>"
"tt1454029","The Help",2011,182,8.1,515230,146,"Tate Taylor","Tate Taylor, Kathryn Stockett","Drama","<a href=""https://www.imdb.com/title/tt1454029"" target=""_blank"">tt1454029</a>","<a href=""https://www.imdb.com/title/tt1454029"" target=""_blank"">The Help</a>"
"tt0070047","The Exorcist",1973,183,8.1,480310,122,"William Friedkin","William Peter Blatty","Horror","<a href=""https://www.imdb.com/title/tt0070047"" target=""_blank"">tt0070047</a>","<a href=""https://www.imdb.com/title/tt0070047"" target=""_blank"">The Exorcist</a>"
"tt3170832","Room",2015,184,8.1,469644,118,"Lenny Abrahamson","Emma Donoghue","Drama, Thriller","<a href=""https://www.imdb.com/title/tt3170832"" target=""_blank"">tt3170832</a>","<a href=""https://www.imdb.com/title/tt3170832"" target=""_blank"">Room</a>"
"tt0092005","Stand by Me",1986,185,8.1,467051,89,"Rob Reiner","Stephen King, Raynold Gideon, Bruce A. Evans","Adventure, Comedy, Drama","<a href=""https://www.imdb.com/title/tt0092005"" target=""_blank"">tt0092005</a>","<a href=""https://www.imdb.com/title/tt0092005"" target=""_blank"">Stand by Me</a>"
"tt0091763","Platoon",1986,186,8.1,458281,120,"Oliver Stone","Oliver Stone","Drama, War","<a href=""https://www.imdb.com/title/tt0091763"" target=""_blank"">tt0091763</a>","<a href=""https://www.imdb.com/title/tt0091763"" target=""_blank"">Platoon</a>"
"tt0105695","Unforgiven",1992,187,8.2,456453,130,"Clint Eastwood","David Webb Peoples","Drama, Western","<a href=""https://www.imdb.com/title/tt0105695"" target=""_blank"">tt0105695</a>","<a href=""https://www.imdb.com/title/tt0105695"" target=""_blank"">Unforgiven</a>"
"tt0032138","The Wizard of Oz",1939,188,8.1,452606,102,"Victor Fleming, King Vidor","Noel Langley, Florence Ryerson, Edgar Allan Woolf, L. Frank Baum, George Cukor, Arthur Freed, Irving Brecher, William H. Cannon, Herbert Fields, Jack Haley, E.Y. Harburg, Samuel Hoffenstein, Bert Lahr, John Lee Mahin, Herman J. Mankiewicz, Jack Mintz, Ogden Nash, Robert Pirosh, George Seaton, Sid Silvers, Richard Thorpe, King Vidor","Adventure, Family, Fantasy","<a href=""https://www.imdb.com/title/tt0032138"" target=""_blank"">tt0032138</a>","<a href=""https://www.imdb.com/title/tt0032138"" target=""_blank"">The Wizard of Oz</a>"
"tt0052357","Vertigo",1958,189,8.2,447019,128,"Alfred Hitchcock","Alec Coppel, Samuel A. Taylor, Pierre Boileau, Thomas Narcejac, Maxwell Anderson","Mystery, Romance, Thriller","<a href=""https://www.imdb.com/title/tt0052357"" target=""_blank"">tt0052357</a>","<a href=""https://www.imdb.com/title/tt0052357"" target=""_blank"">Vertigo</a>"
"tt0363163","Downfall",2004,190,8.2,390306,156,"Oliver Hirschbiegel","Bernd Eichinger, Joachim Fest, Traudl Junge, Melissa Müller","Biography, Drama, History","<a href=""https://www.imdb.com/title/tt0363163"" target=""_blank"">tt0363163</a>","<a href=""https://www.imdb.com/title/tt0363163"" target=""_blank"">Downfall</a>"
"tt0031381","Gone with the Wind",1939,191,8.2,348000,238,"Victor Fleming","Margaret Mitchell, Sidney Howard, Oliver H.P. Garrett, Ben Hecht, Jo Swerling, John Van Druten","Drama, Romance, War","<a href=""https://www.imdb.com/title/tt0031381"" target=""_blank"">tt0031381</a>","<a href=""https://www.imdb.com/title/tt0031381"" target=""_blank"">Gone with the Wind</a>"
"tt0053291","Some Like It Hot",1959,192,8.2,296508,121,"Billy Wilder","Billy Wilder, I.A.L. Diamond, Robert Thoeren, Michael Logan","Comedy, Music, Romance","<a href=""https://www.imdb.com/title/tt0053291"" target=""_blank"">tt0053291</a>","<a href=""https://www.imdb.com/title/tt0053291"" target=""_blank"">Some Like It Hot</a>"
"tt0070735","The Sting",1973,193,8.2,291650,129,"George Roy Hill","David S. Ward","Comedy, Crime, Drama","<a href=""https://www.imdb.com/title/tt0070735"" target=""_blank"">tt0070735</a>","<a href=""https://www.imdb.com/title/tt0070735"" target=""_blank"">The Sting</a>"
"tt0059578","For a Few Dollars More",1965,194,8.2,290276,132,"Sergio Leone","Sergio Leone, Fulvio Morsella, Luciano Vincenzoni, Sergio Donati, Enzo Dell'Aquila, Fernando Di Leo","Drama, Western","<a href=""https://www.imdb.com/title/tt0059578"" target=""_blank"">tt0059578</a>","<a href=""https://www.imdb.com/title/tt0059578"" target=""_blank"">For a Few Dollars More</a>"
"tt0080678","The Elephant Man",1980,195,8.2,274231,124,"David Lynch","Christopher De Vore, Eric Bergren, David Lynch, Frederick Treves, Ashley Montagu","Biography, Drama","<a href=""https://www.imdb.com/title/tt0080678"" target=""_blank"">tt0080678</a>","<a href=""https://www.imdb.com/title/tt0080678"" target=""_blank"">The Elephant Man</a>"
"tt0057115","The Great Escape",1963,196,8.2,270168,172,"John Sturges","Paul Brickhill, James Clavell, W.R. Burnett","Adventure, Drama, Thriller","<a href=""https://www.imdb.com/title/tt0057115"" target=""_blank"">tt0057115</a>","<a href=""https://www.imdb.com/title/tt0057115"" target=""_blank"">The Great Escape</a>"
"tt1305806","The Secret in Their Eyes",2009,197,8.2,233969,129,"Juan José Campanella","Eduardo Sacheri, Juan José Campanella","Drama, Mystery, Romance","<a href=""https://www.imdb.com/title/tt1305806"" target=""_blank"">tt1305806</a>","<a href=""https://www.imdb.com/title/tt1305806"" target=""_blank"">The Secret in Their Eyes</a>"
"tt4729430","Klaus",2019,198,8.2,216224,96,"Sergio Pablos, Carlos Martínez López","Sergio Pablos, Jim Mahoney, Zach Lewis","Adventure, Animation, Comedy","<a href=""https://www.imdb.com/title/tt4729430"" target=""_blank"">tt4729430</a>","<a href=""https://www.imdb.com/title/tt4729430"" target=""_blank"">Klaus</a>"
"tt10272386","The Father",2020,199,8.2,215421,97,"Florian Zeller","Christopher Hampton, Florian Zeller","Drama, Mystery","<a href=""https://www.imdb.com/title/tt10272386"" target=""_blank"">tt10272386</a>","<a href=""https://www.imdb.com/title/tt10272386"" target=""_blank"">The Father</a>"
"tt0046912","Dial M for Murder",1954,200,8.2,198981,105,"Alfred Hitchcock","Frederick Knott","Crime, Drama, Mystery","<a href=""https://www.imdb.com/title/tt0046912"" target=""_blank"">tt0046912</a>","<a href=""https://www.imdb.com/title/tt0046912"" target=""_blank"">Dial M for Murder</a>"
"tt0042876","Rashomon",1950,201,8.2,190548,88,"Akira Kurosawa","Ryûnosuke Akutagawa, Akira Kurosawa, Shinobu Hashimoto","Crime, Drama, Mystery","<a href=""https://www.imdb.com/title/tt0042876"" target=""_blank"">tt0042876</a>","<a href=""https://www.imdb.com/title/tt0042876"" target=""_blank"">Rashomon</a>"
"tt0040522","Bicycle Thieves",1948,202,8.2,186465,89,"Vittorio De Sica","Cesare Zavattini, Luigi Bartolini, Oreste Biancoli, Suso Cecchi D'Amico, Vittorio De Sica, Adolfo Franci, Gherardo Gherardi, Gerardo Guerrieri","Drama","<a href=""https://www.imdb.com/title/tt0040522"" target=""_blank"">tt0040522</a>","<a href=""https://www.imdb.com/title/tt0040522"" target=""_blank"">Bicycle Thieves</a>"
"tt29623480","The Wild Robot",2024,203,8.2,183259,102,"Chris Sanders","Chris Sanders, Peter Brown","Animation, Sci-Fi","<a href=""https://www.imdb.com/title/tt29623480"" target=""_blank"">tt29623480</a>","<a href=""https://www.imdb.com/title/tt29623480"" target=""_blank"">The Wild Robot</a>"
"tt10698680","K.G.F: Chapter 2",2022,204,8.2,159803,166,"Prashanth Neel","Prashanth Neel","Action, Crime, Drama","<a href=""https://www.imdb.com/title/tt10698680"" target=""_blank"">tt10698680</a>","<a href=""https://www.imdb.com/title/tt10698680"" target=""_blank"">K.G.F: Chapter 2</a>"
"tt0042192","All About Eve",1950,205,8.2,145523,138,"Joseph L. Mankiewicz","Joseph L. Mankiewicz, Mary Orr","Drama","<a href=""https://www.imdb.com/title/tt0042192"" target=""_blank"">tt0042192</a>","<a href=""https://www.imdb.com/title/tt0042192"" target=""_blank"">All About Eve</a>"
"tt0089881","Ran",1985,206,8.2,145024,160,"Akira Kurosawa","Akira Kurosawa, Hideo Oguni, Masato Ide, William Shakespeare","Action, Drama, War","<a href=""https://www.imdb.com/title/tt0089881"" target=""_blank"">tt0089881</a>","<a href=""https://www.imdb.com/title/tt0089881"" target=""_blank"">Ran</a>"
"tt0012349","The Kid",1921,207,8.2,141973,68,"Charles Chaplin","Charles Chaplin","Comedy, Drama, Family","<a href=""https://www.imdb.com/title/tt0012349"" target=""_blank"">tt0012349</a>","<a href=""https://www.imdb.com/title/tt0012349"" target=""_blank"">The Kid</a>"
"tt8110330","Dil Bechara",2020,208,8.3,136385,101,"Mukesh Chhabra","Shashank Khaitan, Suprotim Sengupta, Scott Neustadter, Michael H. Weber, John Green","Comedy, Drama, Romance","<a href=""https://www.imdb.com/title/tt8110330"" target=""_blank"">tt8110330</a>","<a href=""https://www.imdb.com/title/tt8110330"" target=""_blank"">Dil Bechara</a>"
"tt10295212","Shershaah",2021,209,8.3,132958,135,"Vishnuvardhan","Sandeep Shrivastava","Action, Biography, Drama","<a href=""https://www.imdb.com/title/tt10295212"" target=""_blank"">tt10295212</a>","<a href=""https://www.imdb.com/title/tt10295212"" target=""_blank"">Shershaah</a>"
"tt8503618","Hamilton",2020,210,8.3,129216,160,"Thomas Kail","Lin-Manuel Miranda, Ron Chernow","Biography, Drama, History","<a href=""https://www.imdb.com/title/tt8503618"" target=""_blank"">tt8503618</a>","<a href=""https://www.imdb.com/title/tt8503618"" target=""_blank"">Hamilton</a>"
"tt0091251","Come and See",1985,211,8.3,113563,142,"Elem Klimov","Ales Adamovich, Elem Klimov","Drama, Thriller, War","<a href=""https://www.imdb.com/title/tt0091251"" target=""_blank"">tt0091251</a>","<a href=""https://www.imdb.com/title/tt0091251"" target=""_blank"">Come and See</a>"
"tt0044741","Ikiru",1952,212,8.3,97247,143,"Akira Kurosawa","Akira Kurosawa, Shinobu Hashimoto, Hideo Oguni","Drama","<a href=""https://www.imdb.com/title/tt0044741"" target=""_blank"">tt0044741</a>","<a href=""https://www.imdb.com/title/tt0044741"" target=""_blank"">Ikiru</a>"
"tt0055031","Judgment at Nuremberg",1961,213,8.3,92433,179,"Stanley Kramer","Abby Mann, Montgomery Clift","Drama, War","<a href=""https://www.imdb.com/title/tt0055031"" target=""_blank"">tt0055031</a>","<a href=""https://www.imdb.com/title/tt0055031"" target=""_blank"">Judgment at Nuremberg</a>"
"tt26548265","Maharaja",2024,214,8.4,70641,141,"Nithilan Saminathan","Nithilan Saminathan","Action, Crime, Drama","<a href=""https://www.imdb.com/title/tt26548265"" target=""_blank"">tt26548265</a>","<a href=""https://www.imdb.com/title/tt26548265"" target=""_blank"">Maharaja</a>"
"tt0057565","High and Low",1963,215,8.4,61347,143,"Akira Kurosawa","Hideo Oguni, Ryûzô Kikushima, Eijirô Hisaita, Akira Kurosawa, Evan Hunter","Crime, Drama, Mystery","<a href=""https://www.imdb.com/title/tt0057565"" target=""_blank"">tt0057565</a>","<a href=""https://www.imdb.com/title/tt0057565"" target=""_blank"">High and Low</a>"
"tt5354160","Mirror Game",2016,216,8.9,30598,147,"Amitabh Reza Chowdhury","Syed Gaosul Alam Shaon, Anam Biswas, Adnan Adib Khan","Crime, Mystery, Thriller","<a href=""https://www.imdb.com/title/tt5354160"" target=""_blank"">tt5354160</a>","<a href=""https://www.imdb.com/title/tt5354160"" target=""_blank"">Mirror Game</a>"
"tt0253828","Tosun Pasha",1976,217,8.9,25643,90,"Kartal Tibet","Yavuz Turgul","Comedy, History","<a href=""https://www.imdb.com/title/tt0253828"" target=""_blank"">tt0253828</a>","<a href=""https://www.imdb.com/title/tt0253828"" target=""_blank"">Tosun Pasha</a>"
"tt0848228","The Avengers",2012,218,8,1514277,143,"Joss Whedon","Joss Whedon, Zak Penn","Action, Sci-Fi","<a href=""https://www.imdb.com/title/tt0848228"" target=""_blank"">tt0848228</a>","<a href=""https://www.imdb.com/title/tt0848228"" target=""_blank"">The Avengers</a>"
"tt2015381","Guardians of the Galaxy",2014,219,8,1322169,121,"James Gunn","James Gunn, Nicole Perlman, Dan Abnett, Andy Lanning, Bill Mantlo, Keith Giffen, Jim Starlin, Steve Englehart, Steve Gan, Steve Gerber, Val Mayerik","Action, Adventure, Comedy","<a href=""https://www.imdb.com/title/tt2015381"" target=""_blank"">tt2015381</a>","<a href=""https://www.imdb.com/title/tt2015381"" target=""_blank"">Guardians of the Galaxy</a>"
"tt1431045","Deadpool",2016,220,8,1211953,108,"Tim Miller","Rhett Reese, Paul Wernick","Action, Comedy, Sci-Fi","<a href=""https://www.imdb.com/title/tt1431045"" target=""_blank"">tt1431045</a>","<a href=""https://www.imdb.com/title/tt1431045"" target=""_blank"">Deadpool</a>"
"tt3659388","The Martian",2015,221,8,972185,144,"Ridley Scott","Drew Goddard, Andy Weir","Adventure, Drama, Sci-Fi","<a href=""https://www.imdb.com/title/tt3659388"" target=""_blank"">tt3659388</a>","<a href=""https://www.imdb.com/title/tt3659388"" target=""_blank"">The Martian</a>"
"tt1160419","Dune: Part One",2021,222,8,963579,155,"Denis Villeneuve","Jon Spaihts, Denis Villeneuve, Eric Roth, Frank Herbert","Action, Adventure, Drama","<a href=""https://www.imdb.com/title/tt1160419"" target=""_blank"">tt1160419</a>","<a href=""https://www.imdb.com/title/tt1160419"" target=""_blank"">Dune: Part One</a>"
"tt1663202","The Revenant",2015,223,8,915567,156,"Alejandro G. Iñárritu","Mark L. Smith, Alejandro G. Iñárritu, Michael Punke","Adventure, Drama, Western","<a href=""https://www.imdb.com/title/tt1663202"" target=""_blank"">tt1663202</a>","<a href=""https://www.imdb.com/title/tt1663202"" target=""_blank"">The Revenant</a>"
"tt1010048","Slumdog Millionaire",2008,224,8,897062,120,"Danny Boyle, Loveleen Tandan","Simon Beaufoy, Vikas Swarup","Crime, Drama, Romance","<a href=""https://www.imdb.com/title/tt1010048"" target=""_blank"">tt1010048</a>","<a href=""https://www.imdb.com/title/tt1010048"" target=""_blank"">Slumdog Millionaire</a>"
"tt0246578","Donnie Darko",2001,225,8,885777,113,"Richard Kelly","Richard Kelly","Drama, Mystery, Sci-Fi","<a href=""https://www.imdb.com/title/tt0246578"" target=""_blank"">tt0246578</a>","<a href=""https://www.imdb.com/title/tt0246578"" target=""_blank"">Donnie Darko</a>"
"tt0947798","Black Swan",2010,226,8,862603,108,"Darren Aronofsky","Mark Heyman, Andres Heinz, John J. McLaughlin","Drama, Thriller","<a href=""https://www.imdb.com/title/tt0947798"" target=""_blank"">tt0947798</a>","<a href=""https://www.imdb.com/title/tt0947798"" target=""_blank"">Black Swan</a>"
"tt0317705","The Incredibles",2004,227,8,860414,115,"Brad Bird","Brad Bird","Action, Adventure, Animation","<a href=""https://www.imdb.com/title/tt0317705"" target=""_blank"">tt0317705</a>","<a href=""https://www.imdb.com/title/tt0317705"" target=""_blank"">The Incredibles</a>"
"tt2084970","The Imitation Game",2014,228,8,856100,114,"Morten Tyldum","Graham Moore, Andrew Hodges","Biography, Drama, Thriller","<a href=""https://www.imdb.com/title/tt2084970"" target=""_blank"">tt2084970</a>","<a href=""https://www.imdb.com/title/tt2084970"" target=""_blank"">The Imitation Game</a>"
"tt0378194","Kill Bill: Vol. 2",2004,229,8,840610,137,"Quentin Tarantino","Quentin Tarantino, Uma Thurman","Action, Crime, Thriller","<a href=""https://www.imdb.com/title/tt0378194"" target=""_blank"">tt0378194</a>","<a href=""https://www.imdb.com/title/tt0378194"" target=""_blank"">Kill Bill: Vol. 2</a>"
"tt0401792","Sin City",2005,230,8,809479,124,"Frank Miller, Quentin Tarantino, Robert Rodriguez","Frank Miller, Robert Rodriguez","Crime, Thriller","<a href=""https://www.imdb.com/title/tt0401792"" target=""_blank"">tt0401792</a>","<a href=""https://www.imdb.com/title/tt0401792"" target=""_blank"">Sin City</a>"
"tt3783958","La La Land",2016,231,8,723603,128,"Damien Chazelle","Damien Chazelle","Comedy, Drama, Music","<a href=""https://www.imdb.com/title/tt3783958"" target=""_blank"">tt3783958</a>","<a href=""https://www.imdb.com/title/tt3783958"" target=""_blank"">La La Land</a>"
"tt1504320","The King's Speech",2010,232,8,722809,118,"Tom Hooper","David Seidler","Biography, Drama, History","<a href=""https://www.imdb.com/title/tt1504320"" target=""_blank"">tt1504320</a>","<a href=""https://www.imdb.com/title/tt1504320"" target=""_blank"">The King's Speech</a>"
"tt0381061","Casino Royale",2006,233,8,720485,144,"Martin Campbell","Neal Purvis, Robert Wade, Paul Haggis, Ian Fleming","Action, Adventure, Thriller","<a href=""https://www.imdb.com/title/tt0381061"" target=""_blank"">tt0381061</a>","<a href=""https://www.imdb.com/title/tt0381061"" target=""_blank"">Casino Royale</a>"
"tt0107048","Groundhog Day",1993,234,8,719740,101,"Harold Ramis","Danny Rubin, Harold Ramis","Comedy, Drama, Fantasy","<a href=""https://www.imdb.com/title/tt0107048"" target=""_blank"">tt0107048</a>","<a href=""https://www.imdb.com/title/tt0107048"" target=""_blank"">Groundhog Day</a>"
"tt1856101","Blade Runner 2049",2017,235,8,718226,164,"Denis Villeneuve","Hampton Fancher, Michael Green, Philip K. Dick","Action, Drama, Mystery","<a href=""https://www.imdb.com/title/tt1856101"" target=""_blank"">tt1856101</a>","<a href=""https://www.imdb.com/title/tt1856101"" target=""_blank"">Blade Runner 2049</a>"
"tt1798709","Her",2013,236,8,704772,126,"Spike Jonze","Spike Jonze","Drama, Romance, Sci-Fi","<a href=""https://www.imdb.com/title/tt1798709"" target=""_blank"">tt1798709</a>","<a href=""https://www.imdb.com/title/tt1798709"" target=""_blank"">Her</a>"
"tt0758758","Into the Wild",2007,237,8,681596,148,"Sean Penn","Sean Penn, Jon Krakauer","Adventure, Biography, Drama","<a href=""https://www.imdb.com/title/tt0758758"" target=""_blank"">tt0758758</a>","<a href=""https://www.imdb.com/title/tt0758758"" target=""_blank"">Into the Wild</a>"
"tt0440963","The Bourne Ultimatum",2007,238,8,672877,115,"Paul Greengrass","Tony Gilroy, Scott Z. Burns, George Nolfi, Robert Ludlum","Action, Mystery, Thriller","<a href=""https://www.imdb.com/title/tt0440963"" target=""_blank"">tt0440963</a>","<a href=""https://www.imdb.com/title/tt0440963"" target=""_blank"">The Bourne Ultimatum</a>"
"tt0114746","12 Monkeys",1995,239,8,665833,129,"Terry Gilliam","Chris Marker, David Webb Peoples, Janet Peoples","Mystery, Sci-Fi, Thriller","<a href=""https://www.imdb.com/title/tt0114746"" target=""_blank"">tt0114746</a>","<a href=""https://www.imdb.com/title/tt0114746"" target=""_blank"">12 Monkeys</a>"
"tt0450259","Blood Diamond",2006,240,8,609668,143,"Edward Zwick","Charles Leavitt, C. Gaby Mitchell","Adventure, Drama, Thriller","<a href=""https://www.imdb.com/title/tt0450259"" target=""_blank"">tt0450259</a>","<a href=""https://www.imdb.com/title/tt0450259"" target=""_blank"">Blood Diamond</a>"
"tt0454921","The Pursuit of Happyness",2006,241,8,594829,117,"Gabriele Muccino","Steve Conrad","Biography, Drama","<a href=""https://www.imdb.com/title/tt0454921"" target=""_blank"">tt0454921</a>","<a href=""https://www.imdb.com/title/tt0454921"" target=""_blank"">The Pursuit of Happyness</a>"
"tt2948356","Zootopia",2016,242,8,583764,108,"Byron Howard, Rich Moore, Jared Bush","Byron Howard, Rich Moore, Jared Bush, Jim Reardon, Josie Trinidad, Phil Johnston, Jennifer Lee, Kellie D. Lewis","Action, Adventure, Animation","<a href=""https://www.imdb.com/title/tt2948356"" target=""_blank"">tt2948356</a>","<a href=""https://www.imdb.com/title/tt2948356"" target=""_blank"">Zootopia</a>"
"tt0095953","Rain Man",1988,243,8,567707,133,"Barry Levinson","Barry Morrow, Ron Bass","Drama","<a href=""https://www.imdb.com/title/tt0095953"" target=""_blank"">tt0095953</a>","<a href=""https://www.imdb.com/title/tt0095953"" target=""_blank"">Rain Man</a>"
"tt0101414","Beauty and the Beast",1991,244,8,494570,84,"Gary Trousdale, Kirk Wise","Linda Woolverton, Brenda Chapman, Chris Sanders, Burny Mattinson, Kevin Harkey, Brian Pimental, Bruce Woodside, Joe Ranft, Tom Ellery, Kelly Asbury, Robert Lence, Jeanne-Marie Leprince de Beaumont, John Sanford, Gabrielle-Suzanne Barbot de Villeneuve","Animation, Family, Fantasy","<a href=""https://www.imdb.com/title/tt0101414"" target=""_blank"">tt0101414</a>","<a href=""https://www.imdb.com/title/tt0101414"" target=""_blank"">Beauty and the Beast</a>"
"tt0103639","Aladdin",1992,245,8,488180,90,"Ron Clements, John Musker","Ron Clements, John Musker, Ted Elliott, Terry Rossio, Burny Mattinson, Roger Allers, Daan Jippes, Kevin Harkey, Sue C. Nichols, Francis Glebas, Darrell Rooney, Larry Leker, James Fujii, Kirk Hanson, Kevin Lima, Rebecca Rees, David S. Smith, Chris Sanders, Brian Pimental, Patrick A. Ventura, Antoine Galland","Adventure, Animation, Comedy","<a href=""https://www.imdb.com/title/tt0103639"" target=""_blank"">tt0103639</a>","<a href=""https://www.imdb.com/title/tt0103639"" target=""_blank"">Aladdin</a>"
"tt0319061","Big Fish",2003,246,8,470522,125,"Tim Burton","Daniel Wallace, John August","Adventure, Drama, Fantasy","<a href=""https://www.imdb.com/title/tt0319061"" target=""_blank"">tt0319061</a>","<a href=""https://www.imdb.com/title/tt0319061"" target=""_blank"">Big Fish</a>"
"tt0093779","The Princess Bride",1987,247,8,469349,98,"Rob Reiner","William Goldman","Adventure, Comedy, Family","<a href=""https://www.imdb.com/title/tt0093779"" target=""_blank"">tt0093779</a>","<a href=""https://www.imdb.com/title/tt0093779"" target=""_blank"">The Princess Bride</a>"
"tt0079470","Monty Python's Life of Brian",1979,248,8,429598,94,"Terry Jones","Graham Chapman, John Cleese, Terry Gilliam, Eric Idle, Terry Jones, Michael Palin","Comedy","<a href=""https://www.imdb.com/title/tt0079470"" target=""_blank"">tt0079470</a>","<a href=""https://www.imdb.com/title/tt0079470"" target=""_blank"">Monty Python's Life of Brian</a>"
"tt2948372","Soul",2020,249,8,410981,100,"Pete Docter, Kemp Powers","Pete Docter, Mike Jones, Kemp Powers","Adventure, Animation, Comedy","<a href=""https://www.imdb.com/title/tt2948372"" target=""_blank"">tt2948372</a>","<a href=""https://www.imdb.com/title/tt2948372"" target=""_blank"">Soul</a>"
"tt0096283","My Neighbor Totoro",1988,250,8.1,410779,86,"Hayao Miyazaki","Hayao Miyazaki","Animation, Comedy, Family","<a href=""https://www.imdb.com/title/tt0096283"" target=""_blank"">tt0096283</a>","<a href=""https://www.imdb.com/title/tt0096283"" target=""_blank"">My Neighbor Totoro</a>"
"tt0081398","Raging Bull",1980,251,8.1,397412,129,"Martin Scorsese","Jake LaMotta, Joseph Carter, Peter Savage, Paul Schrader, Mardik Martin","Biography, Drama, Sport","<a href=""https://www.imdb.com/title/tt0081398"" target=""_blank"">tt0081398</a>","<a href=""https://www.imdb.com/title/tt0081398"" target=""_blank"">Raging Bull</a>"
"tt0395169","Hotel Rwanda",2004,252,8.1,384928,121,"Terry George","Keir Pearson, Terry George","Biography, Drama, History","<a href=""https://www.imdb.com/title/tt0395169"" target=""_blank"">tt0395169</a>","<a href=""https://www.imdb.com/title/tt0395169"" target=""_blank"">Hotel Rwanda</a>"
"tt0077416","The Deer Hunter",1978,253,8.1,377148,183,"Michael Cimino","Michael Cimino, Deric Washburn, Louis Garfinkle, Quinn K. Redeker, Meryl Streep","Drama, War","<a href=""https://www.imdb.com/title/tt0077416"" target=""_blank"">tt0077416</a>","<a href=""https://www.imdb.com/title/tt0077416"" target=""_blank"">The Deer Hunter</a>"
"tt0071315","Chinatown",1974,254,8.1,366707,130,"Roman Polanski","Robert Towne, Roman Polanski","Drama, Mystery, Thriller","<a href=""https://www.imdb.com/title/tt0071315"" target=""_blank"">tt0071315</a>","<a href=""https://www.imdb.com/title/tt0071315"" target=""_blank"">Chinatown</a>"
"tt0112471","Before Sunrise",1995,255,8.1,361469,101,"Richard Linklater","Richard Linklater, Kim Krizan","Comedy, Drama, Romance","<a href=""https://www.imdb.com/title/tt0112471"" target=""_blank"">tt0112471</a>","<a href=""https://www.imdb.com/title/tt0112471"" target=""_blank"">Before Sunrise</a>"
"tt1028532","Hachi: A Dog's Tale",2009,256,8.1,330231,93,"Lasse Hallström","Stephen P. Lindsey, Kaneto Shindô","Biography, Drama, Family","<a href=""https://www.imdb.com/title/tt1028532"" target=""_blank"">tt1028532</a>","<a href=""https://www.imdb.com/title/tt1028532"" target=""_blank"">Hachi: A Dog's Tale</a>"
"tt0381681","Before Sunset",2004,257,8.1,303804,80,"Richard Linklater","Richard Linklater, Julie Delpy, Ethan Hawke, Kim Krizan","Drama, Romance","<a href=""https://www.imdb.com/title/tt0381681"" target=""_blank"">tt0381681</a>","<a href=""https://www.imdb.com/title/tt0381681"" target=""_blank"">Before Sunset</a>"
"tt0059742","The Sound of Music",1965,258,8.1,278223,172,"Robert Wise","Georg Hurdalek, Howard Lindsay, Russel Crouse, Ernest Lehman, Maria von Trapp","Biography, Drama, Family","<a href=""https://www.imdb.com/title/tt0059742"" target=""_blank"">tt0059742</a>","<a href=""https://www.imdb.com/title/tt0059742"" target=""_blank"">The Sound of Music</a>"
"tt0052618","Ben-Hur",1959,259,8.1,264620,212,"William Wyler","Lew Wallace, Karl Tunberg, Gore Vidal, Maxwell Anderson, S.N. Behrman, Christopher Fry","Adventure, Drama","<a href=""https://www.imdb.com/title/tt0052618"" target=""_blank"">tt0052618</a>","<a href=""https://www.imdb.com/title/tt0052618"" target=""_blank"">Ben-Hur</a>"
"tt0129167","The Iron Giant",1999,260,8.1,246685,86,"Brad Bird","Tim McCanlies, Brad Bird, Ted Hughes, Brent Forrester","Action, Adventure, Animation","<a href=""https://www.imdb.com/title/tt0129167"" target=""_blank"">tt0129167</a>","<a href=""https://www.imdb.com/title/tt0129167"" target=""_blank"">The Iron Giant</a>"
"tt0353969","Memories of Murder",2003,261,8.1,244573,132,"Bong Joon Ho","Bong Joon Ho, Kwang-rim Kim, Sung-bo Shim","Crime, Drama, Mystery","<a href=""https://www.imdb.com/title/tt0353969"" target=""_blank"">tt0353969</a>","<a href=""https://www.imdb.com/title/tt0353969"" target=""_blank"">Memories of Murder</a>"
"tt0050212","The Bridge on the River Kwai",1957,262,8.1,243221,161,"David Lean","Pierre Boulle, Carl Foreman, Michael Wilson","Adventure, Drama, War","<a href=""https://www.imdb.com/title/tt0050212"" target=""_blank"">tt0050212</a>","<a href=""https://www.imdb.com/title/tt0050212"" target=""_blank"">The Bridge on the River Kwai</a>"
"tt3011894","Wild Tales",2014,263,8.1,230087,122,"Damián Szifron","Julian Loyola, Damián Szifron, Germán Servidio","Comedy, Drama, Thriller","<a href=""https://www.imdb.com/title/tt3011894"" target=""_blank"">tt3011894</a>","<a href=""https://www.imdb.com/title/tt3011894"" target=""_blank"">Wild Tales</a>"
"tt0113247","La haine",1995,264,8.1,213672,98,"Mathieu Kassovitz","Mathieu Kassovitz","Crime, Drama","<a href=""https://www.imdb.com/title/tt0113247"" target=""_blank"">tt0113247</a>","<a href=""https://www.imdb.com/title/tt0113247"" target=""_blank"">La haine</a>"
"tt2338151","PK",2014,265,8.1,212235,153,"Rajkumar Hirani","Rajkumar Hirani, Abhijat Joshi","Comedy, Drama, Sci-Fi","<a href=""https://www.imdb.com/title/tt2338151"" target=""_blank"">tt2338151</a>","<a href=""https://www.imdb.com/title/tt2338151"" target=""_blank"">PK</a>"
"tt0050976","The Seventh Seal",1957,266,8.1,209794,96,"Ingmar Bergman","Ingmar Bergman","Drama, Fantasy","<a href=""https://www.imdb.com/title/tt0050976"" target=""_blank"">tt0050976</a>","<a href=""https://www.imdb.com/title/tt0050976"" target=""_blank"">The Seventh Seal</a>"
"tt0107207","In the Name of the Father",1993,267,8.1,197106,133,"Jim Sheridan","Gerry Conlon, Terry George, Jim Sheridan","Biography, Crime, Drama","<a href=""https://www.imdb.com/title/tt0107207"" target=""_blank"">tt0107207</a>","<a href=""https://www.imdb.com/title/tt0107207"" target=""_blank"">In the Name of the Father</a>"
"tt0978762","Mary and Max",2009,268,8.1,197052,92,"Adam Elliot","Adam Elliot","Animation, Comedy, Drama","<a href=""https://www.imdb.com/title/tt0978762"" target=""_blank"">tt0978762</a>","<a href=""https://www.imdb.com/title/tt0978762"" target=""_blank"">Mary and Max</a>"
"tt0072684","Barry Lyndon",1975,269,8.1,194808,185,"Stanley Kubrick","Stanley Kubrick, William Makepeace Thackeray","Adventure, Drama, War","<a href=""https://www.imdb.com/title/tt0072684"" target=""_blank"">tt0072684</a>","<a href=""https://www.imdb.com/title/tt0072684"" target=""_blank"">Barry Lyndon</a>"
"tt0041959","The Third Man",1949,270,8.1,190557,104,"Carol Reed","Graham Greene, Orson Welles, Alexander Korda, Carol Reed","Drama, Film-Noir, Mystery","<a href=""https://www.imdb.com/title/tt0041959"" target=""_blank"">tt0041959</a>","<a href=""https://www.imdb.com/title/tt0041959"" target=""_blank"">The Third Man</a>"
"tt4016934","The Handmaiden",2016,271,8.1,190110,145,"Park Chan-wook","Sarah Waters, Chung Seo-kyung, Park Chan-wook","Drama, Romance, Thriller","<a href=""https://www.imdb.com/title/tt4016934"" target=""_blank"">tt4016934</a>","<a href=""https://www.imdb.com/title/tt4016934"" target=""_blank"">The Handmaiden</a>"
"tt0074958","Network",1976,272,8.1,180360,121,"Sidney Lumet","Paddy Chayefsky","Drama","<a href=""https://www.imdb.com/title/tt0074958"" target=""_blank"">tt0074958</a>","<a href=""https://www.imdb.com/title/tt0074958"" target=""_blank"">Network</a>"
"tt0118694","In the Mood for Love",2000,273,8.1,178369,98,"Wong Kar-Wai","Wong Kar-Wai","Drama, Romance","<a href=""https://www.imdb.com/title/tt0118694"" target=""_blank"">tt0118694</a>","<a href=""https://www.imdb.com/title/tt0118694"" target=""_blank"">In the Mood for Love</a>"
"tt0047296","On the Waterfront",1954,274,8.1,173304,108,"Elia Kazan","Budd Schulberg, Malcolm Johnson, Robert Siodmak","Crime, Drama, Thriller","<a href=""https://www.imdb.com/title/tt0047296"" target=""_blank"">tt0047296</a>","<a href=""https://www.imdb.com/title/tt0047296"" target=""_blank"">On the Waterfront</a>"
"tt0032976","Rebecca",1940,275,8.1,159640,130,"Alfred Hitchcock","Daphne Du Maurier, Robert E. Sherwood, Joan Harrison, Philip MacDonald, Michael Hogan","Drama, Mystery, Romance","<a href=""https://www.imdb.com/title/tt0032976"" target=""_blank"">tt0032976</a>","<a href=""https://www.imdb.com/title/tt0032976"" target=""_blank"">Rebecca</a>"
"tt0055630","Yojimbo",1961,276,8.2,138554,110,"Akira Kurosawa","Akira Kurosawa, Ryûzô Kikushima","Action, Drama, Thriller","<a href=""https://www.imdb.com/title/tt0055630"" target=""_blank"">tt0055630</a>","<a href=""https://www.imdb.com/title/tt0055630"" target=""_blank"">Yojimbo</a>"
"tt0040897","The Treasure of the Sierra Madre",1948,277,8.2,138097,126,"John Huston","John Huston, B. Traven","Adventure, Drama, Western","<a href=""https://www.imdb.com/title/tt0040897"" target=""_blank"">tt0040897</a>","<a href=""https://www.imdb.com/title/tt0040897"" target=""_blank"">The Treasure of the Sierra Madre</a>"
"tt0087884","Paris, Texas",1984,278,8.1,132560,145,"Wim Wenders","L.M. Kit Carson, Sam Shepard, Walter Donohue","Drama","<a href=""https://www.imdb.com/title/tt0087884"" target=""_blank"">tt0087884</a>","<a href=""https://www.imdb.com/title/tt0087884"" target=""_blank"">Paris, Texas</a>"
"tt0031679","Mr. Smith Goes to Washington",1939,279,8.1,126592,129,"Frank Capra","Sidney Buchman, Lewis R. Foster, Myles Connolly","Comedy, Drama","<a href=""https://www.imdb.com/title/tt0031679"" target=""_blank"">tt0031679</a>","<a href=""https://www.imdb.com/title/tt0031679"" target=""_blank"">Mr. Smith Goes to Washington</a>"
"tt0169102","Lagaan: Once Upon a Time in India",2001,280,8.1,124827,224,"Ashutosh Gowariker","Ashutosh Gowariker, Kumar Dave, Sanjay Dayma, K.P. Saxena","Drama, Musical, Sport","<a href=""https://www.imdb.com/title/tt0169102"" target=""_blank"">tt0169102</a>","<a href=""https://www.imdb.com/title/tt0169102"" target=""_blank"">Lagaan: Once Upon a Time in India</a>"
"tt4849438","Baahubali 2: The Conclusion",2017,281,8.2,124784,167,"S.S. Rajamouli","Vijayendra Prasad, S.S. Rajamouli, C.H. Vijay Kumar, Ajay Kumar, Madhan Karky, Manoj Muntashir, Mankombu Gopalakrishnan","Action, Drama","<a href=""https://www.imdb.com/title/tt4849438"" target=""_blank"">tt4849438</a>","<a href=""https://www.imdb.com/title/tt4849438"" target=""_blank"">Baahubali 2: The Conclusion</a>"
"tt0015864","The Gold Rush",1925,282,8.1,124782,95,"Charles Chaplin","Charles Chaplin","Adventure, Comedy, Drama","<a href=""https://www.imdb.com/title/tt0015864"" target=""_blank"">tt0015864</a>","<a href=""https://www.imdb.com/title/tt0015864"" target=""_blank"">The Gold Rush</a>"
"tt0405508","Rang De Basanti",2006,283,8.1,124656,167,"Rakeysh Omprakash Mehra","Renzil D'Silva, Prasoon Joshi, Rakeysh Omprakash Mehra, Kamlesh Pandey","Comedy, Crime, Drama","<a href=""https://www.imdb.com/title/tt0405508"" target=""_blank"">tt0405508</a>","<a href=""https://www.imdb.com/title/tt0405508"" target=""_blank"">Rang De Basanti</a>"
"tt5323662","A Silent Voice: The Movie",2016,284,8.1,123276,130,"Naoko Yamada","Yoshitoki Ôima, Reiko Yoshida","Animation, Drama","<a href=""https://www.imdb.com/title/tt5323662"" target=""_blank"">tt5323662</a>","<a href=""https://www.imdb.com/title/tt5323662"" target=""_blank"">A Silent Voice: The Movie</a>"
"tt14961016","I'm Still Here",2024,285,8.2,113514,137,"Walter Salles","Murilo Hauser, Heitor Lorega, Marcelo Rubens Paiva","Biography, Drama, History","<a href=""https://www.imdb.com/title/tt14961016"" target=""_blank"">tt14961016</a>","<a href=""https://www.imdb.com/title/tt14961016"" target=""_blank"">I'm Still Here</a>"
"tt8108198","Andhadhun",2018,286,8.2,109653,139,"Sriram Raghavan","Arijit Biswas, Yogesh Chandekar, Sriram Raghavan, Hemanth M. Rao, Pooja Ladha Surti, Olivier Treiner","Crime, Mystery, Thriller","<a href=""https://www.imdb.com/title/tt8108198"" target=""_blank"">tt8108198</a>","<a href=""https://www.imdb.com/title/tt8108198"" target=""_blank"">Andhadhun</a>"
"tt1954470","Gangs of Wasseypur",2012,287,8.2,108484,321,"Anurag Kashyap","Akhilesh Jaiswal, Anurag Kashyap, Sachin K. Ladia, Zeishan Quadri","Action, Comedy, Crime","<a href=""https://www.imdb.com/title/tt1954470"" target=""_blank"">tt1954470</a>","<a href=""https://www.imdb.com/title/tt1954470"" target=""_blank"">Gangs of Wasseypur</a>"
"tt15327088","Kantara",2022,288,8.2,108260,148,"Rishab Shetty","Manish Bhavan, Shanil Guru, Anirudh Mahesh, Bhawan Manish, Sham Prasad, Raj B. Shetty, Rishab Shetty, Prakash Thuminad","Action, Adventure, Drama","<a href=""https://www.imdb.com/title/tt15327088"" target=""_blank"">tt15327088</a>","<a href=""https://www.imdb.com/title/tt15327088"" target=""_blank"">Kantara</a>"
"tt7838252","K.G.F: Chapter 1",2018,289,8.2,105281,154,"Prashanth Neel","M Chandramouli, Raaghav Vinay Shivagange, Prashanth Neel, Shivgopal Krishna, Sanjay Upadhyay","Action, Crime, Drama","<a href=""https://www.imdb.com/title/tt7838252"" target=""_blank"">tt7838252</a>","<a href=""https://www.imdb.com/title/tt7838252"" target=""_blank"">K.G.F: Chapter 1</a>"
"tt0367110","Swades",2004,290,8.2,102301,189,"Ashutosh Gowariker","M.G. Sathya, Ashutosh Gowariker, Sameer Sharma, Lalit Marathe, Amin Hajee, Charlotte Whitby-Coles, Yashodeep Nigudkar, Ayan Mukerji, K.P. Saxena","Drama, Musical","<a href=""https://www.imdb.com/title/tt0367110"" target=""_blank"">tt0367110</a>","<a href=""https://www.imdb.com/title/tt0367110"" target=""_blank"">Swades</a>"
"tt4430212","Drishyam",2015,291,8.2,102150,163,"Nishikant Kamat","Jeethu Joseph, Upendra Sidhaye","Crime, Drama, Mystery","<a href=""https://www.imdb.com/title/tt4430212"" target=""_blank"">tt4430212</a>","<a href=""https://www.imdb.com/title/tt4430212"" target=""_blank"">Drishyam</a>"
"tt0476735","My Father and My Son",2005,292,8.2,97888,112,"Çagan Irmak","Çagan Irmak","Drama, Family","<a href=""https://www.imdb.com/title/tt0476735"" target=""_blank"">tt0476735</a>","<a href=""https://www.imdb.com/title/tt0476735"" target=""_blank"">My Father and My Son</a>"
"tt1562872","Zindagi Na Milegi Dobara",2011,293,8.2,91170,155,"Zoya Akhtar","Farhan Akhtar, Reema Kagti, Zoya Akhtar, Shubham Ghude","Comedy, Drama, Musical","<a href=""https://www.imdb.com/title/tt1562872"" target=""_blank"">tt1562872</a>","<a href=""https://www.imdb.com/title/tt1562872"" target=""_blank"">Zindagi Na Milegi Dobara</a>"
"tt0118849","Children of Heaven",1997,294,8.2,86512,89,"Majid Majidi","Majid Majidi","Drama, Family, Sport","<a href=""https://www.imdb.com/title/tt0118849"" target=""_blank"">tt0118849</a>","<a href=""https://www.imdb.com/title/tt0118849"" target=""_blank"">Children of Heaven</a>"
"tt11032374","Demon Slayer: Kimetsu no Yaiba - The Movie: Mugen Train",2020,295,8.2,85250,117,"Haruo Sotozaki","Koyoharu Gotouge","Action, Adventure, Animation","<a href=""https://www.imdb.com/title/tt11032374"" target=""_blank"">tt11032374</a>","<a href=""https://www.imdb.com/title/tt11032374"" target=""_blank"">Demon Slayer: Kimetsu no Yaiba - The Movie: Mugen Train</a>"
"tt9179430","Vikram",2022,296,8.3,81843,175,"Lokesh Kanagaraj","Lokesh Kanagaraj, Rathna Kumar","Action, Crime, Thriller","<a href=""https://www.imdb.com/title/tt9179430"" target=""_blank"">tt9179430</a>","<a href=""https://www.imdb.com/title/tt9179430"" target=""_blank"">Vikram</a>"
"tt1645089","Inside Job",2010,297,8.2,81486,109,"Charles Ferguson","Charles Ferguson, Chad Beck, Adam Bolt","Crime, Documentary","<a href=""https://www.imdb.com/title/tt1645089"" target=""_blank"">tt1645089</a>","<a href=""https://www.imdb.com/title/tt1645089"" target=""_blank"">Inside Job</a>"
"tt8291224","Uri: The Surgical Strike",2019,298,8.2,76634,138,"Aditya Dhar","Aditya Dhar","Action, Drama, History","<a href=""https://www.imdb.com/title/tt8291224"" target=""_blank"">tt8291224</a>","<a href=""https://www.imdb.com/title/tt8291224"" target=""_blank"">Uri: The Surgical Strike</a>"
"tt0242519","Hera Pheri",2000,299,8.2,76472,156,"Priyadarshan","Siddique, Lal, Neeraj Vora, Anand S. Vardhan","Action, Comedy, Crime","<a href=""https://www.imdb.com/title/tt0242519"" target=""_blank"">tt0242519</a>","<a href=""https://www.imdb.com/title/tt0242519"" target=""_blank"">Hera Pheri</a>"
"tt2356180","Bhaag Milkha Bhaag",2013,300,8.2,75043,186,"Rakeysh Omprakash Mehra","Prasoon Joshi","Biography, Drama, Sport","<a href=""https://www.imdb.com/title/tt2356180"" target=""_blank"">tt2356180</a>","<a href=""https://www.imdb.com/title/tt2356180"" target=""_blank"">Bhaag Milkha Bhaag</a>"
"tt2125608","Searching for Sugar Man",2012,301,8.2,74954,86,"Malik Bendjelloul","Malik Bendjelloul, Stephen 'Sugar' Segerman, Craig Bartholomew Strydom","Biography, Documentary, Music","<a href=""https://www.imdb.com/title/tt2125608"" target=""_blank"">tt2125608</a>","<a href=""https://www.imdb.com/title/tt2125608"" target=""_blank"">Searching for Sugar Man</a>"
"tt9052870","Chhichhore",2019,302,8.3,68687,143,"Nitesh Tiwari","Piyush Gupta, Nikhil Mehrotra, Nitesh Tiwari","Comedy, Drama, Romance","<a href=""https://www.imdb.com/title/tt9052870"" target=""_blank"">tt9052870</a>","<a href=""https://www.imdb.com/title/tt9052870"" target=""_blank"">Chhichhore</a>"
"tt0060345","How the Grinch Stole Christmas!",1966,303,8.3,63069,26,"Chuck Jones, Ben Washam","Dr. Seuss, Irv Spector, Bob Ogle","Animation, Comedy, Family","<a href=""https://www.imdb.com/title/tt0060345"" target=""_blank"">tt0060345</a>","<a href=""https://www.imdb.com/title/tt0060345"" target=""_blank"">How the Grinch Stole Christmas!</a>"
"tt7060344","Raatchasan",2018,304,8.3,54842,146,"Ram Kumar","Ram Kumar","Crime, Drama, Mystery","<a href=""https://www.imdb.com/title/tt7060344"" target=""_blank"">tt7060344</a>","<a href=""https://www.imdb.com/title/tt7060344"" target=""_blank"">Raatchasan</a>"
"tt1313104","The Cove",2009,305,8.4,52483,92,"Louie Psihoyos","Mark Monroe","Biography, Crime, Documentary","<a href=""https://www.imdb.com/title/tt1313104"" target=""_blank"">tt1313104</a>","<a href=""https://www.imdb.com/title/tt1313104"" target=""_blank"">The Cove</a>"
"tt9900782","Kaithi",2019,306,8.4,47354,145,"Lokesh Kanagaraj","Lokesh Kanagaraj, Pon Parthiban, Sanjeev Tiwari","Action, Crime, Thriller","<a href=""https://www.imdb.com/title/tt9900782"" target=""_blank"">tt9900782</a>","<a href=""https://www.imdb.com/title/tt9900782"" target=""_blank"">Kaithi</a>"
"tt3417422","Drishyam",2013,307,8.4,46214,160,"Jeethu Joseph","Jeethu Joseph","Crime, Drama, Mystery","<a href=""https://www.imdb.com/title/tt3417422"" target=""_blank"">tt3417422</a>","<a href=""https://www.imdb.com/title/tt3417422"" target=""_blank"">Drishyam</a>"
"tt1152758","Dear Zachary: A Letter to a Son About His Father",2008,308,8.5,43469,95,"Kurt Kuenne","Kurt Kuenne","Biography, Crime, Documentary","<a href=""https://www.imdb.com/title/tt1152758"" target=""_blank"">tt1152758</a>","<a href=""https://www.imdb.com/title/tt1152758"" target=""_blank"">Dear Zachary: A Letter to a Son About His Father</a>"
"tt12361178","Drishyam 2",2021,309,8.4,43254,152,"Jeethu Joseph","Jeethu Joseph","Crime, Drama, Mystery","<a href=""https://www.imdb.com/title/tt12361178"" target=""_blank"">tt12361178</a>","<a href=""https://www.imdb.com/title/tt12361178"" target=""_blank"">Drishyam 2</a>"
"tt0103767","Baraka",1992,310,8.5,42247,96,"Ron Fricke","Ron Fricke, Mark Magidson, Genevieve Nicholas, Constantine Nicholas, Bob Green","Documentary","<a href=""https://www.imdb.com/title/tt0103767"" target=""_blank"">tt0103767</a>","<a href=""https://www.imdb.com/title/tt0103767"" target=""_blank"">Baraka</a>"
"tt7019842","96",2018,311,8.5,41958,158,"C. Prem Kumar","Charu Gupta, C. Prem Kumar","Drama, Romance","<a href=""https://www.imdb.com/title/tt7019842"" target=""_blank"">tt7019842</a>","<a href=""https://www.imdb.com/title/tt7019842"" target=""_blank"">96</a>"
"tt0252488","The Chaos Class Failed the Class",1975,312,8.7,27127,95,"Ertem Egilmez","Sadik Sendil, Rifat Ilgaz","Comedy","<a href=""https://www.imdb.com/title/tt0252488"" target=""_blank"">tt0252488</a>","<a href=""https://www.imdb.com/title/tt0252488"" target=""_blank"">The Chaos Class Failed the Class</a>"
"tt0499549","Avatar",2009,313,7.9,1435388,162,"James Cameron","James Cameron","Action, Adventure, Fantasy","<a href=""https://www.imdb.com/title/tt0499549"" target=""_blank"">tt0499549</a>","<a href=""https://www.imdb.com/title/tt0499549"" target=""_blank"">Avatar</a>"
"tt0120338","Titanic",1997,314,7.9,1344874,194,"James Cameron","James Cameron","Drama, Romance","<a href=""https://www.imdb.com/title/tt0120338"" target=""_blank"">tt0120338</a>","<a href=""https://www.imdb.com/title/tt0120338"" target=""_blank"">Titanic</a>"
"tt0371746","Iron Man",2008,315,7.9,1179474,126,"Jon Favreau","Mark Fergus, Hawk Ostby, Art Marcum, Matt Holloway, Stan Lee, Don Heck, Larry Lieber, Jack Kirby","Action, Adventure, Sci-Fi","<a href=""https://www.imdb.com/title/tt0371746"" target=""_blank"">tt0371746</a>","<a href=""https://www.imdb.com/title/tt0371746"" target=""_blank"">Iron Man</a>"
"tt3501632","Thor: Ragnarok",2017,316,7.9,860314,130,"Taika Waititi","Eric Pearson, Craig Kyle, Christopher L. Yost, Stan Lee, Larry Lieber, Jack Kirby, Greg Pak, Walter Simonson, Carlo Pagulayan","Action, Adventure, Comedy","<a href=""https://www.imdb.com/title/tt3501632"" target=""_blank"">tt3501632</a>","<a href=""https://www.imdb.com/title/tt3501632"" target=""_blank"">Thor: Ragnarok</a>"
"tt2543164","Arrival",2016,317,7.9,823054,116,"Denis Villeneuve","Eric Heisserer, Ted Chiang","Drama, Mystery, Sci-Fi","<a href=""https://www.imdb.com/title/tt2543164"" target=""_blank"">tt2543164</a>","<a href=""https://www.imdb.com/title/tt2543164"" target=""_blank"">Arrival</a>"
"tt8946378","Knives Out",2019,318,7.9,822016,130,"Rian Johnson","Rian Johnson","Comedy, Crime, Drama","<a href=""https://www.imdb.com/title/tt8946378"" target=""_blank"">tt8946378</a>","<a href=""https://www.imdb.com/title/tt8946378"" target=""_blank"">Knives Out</a>"
"tt0126029","Shrek",2001,319,7.9,777548,90,"Andrew Adamson, Vicky Jenson","William Steig, Ted Elliott, Terry Rossio, Joe Stillman, Roger S.H. Schulman, Cody Cameron, Chris Miller, Conrad Vernon","Adventure, Animation, Comedy","<a href=""https://www.imdb.com/title/tt0126029"" target=""_blank"">tt0126029</a>","<a href=""https://www.imdb.com/title/tt0126029"" target=""_blank"">Shrek</a>"
"tt1631867","Edge of Tomorrow",2014,320,7.9,777402,113,"Doug Liman","Christopher McQuarrie, Jez Butterworth, John-Henry Butterworth, Hiroshi Sakurazaka","Action, Adventure, Sci-Fi","<a href=""https://www.imdb.com/title/tt1631867"" target=""_blank"">tt1631867</a>","<a href=""https://www.imdb.com/title/tt1631867"" target=""_blank"">Edge of Tomorrow</a>"
"tt1877832","X-Men: Days of Future Past",2014,321,7.9,772429,132,"Bryan Singer","Simon Kinberg, Jane Goldman, Matthew Vaughn, Jack Kirby, Stan Lee","Action, Adventure, Sci-Fi","<a href=""https://www.imdb.com/title/tt1877832"" target=""_blank"">tt1877832</a>","<a href=""https://www.imdb.com/title/tt1877832"" target=""_blank"">X-Men: Days of Future Past</a>"
"tt1136608","District 9",2009,322,7.9,737631,112,"Neill Blomkamp","Neill Blomkamp, Terri Tatchell","Action, Sci-Fi, Thriller","<a href=""https://www.imdb.com/title/tt1136608"" target=""_blank"">tt1136608</a>","<a href=""https://www.imdb.com/title/tt1136608"" target=""_blank"">District 9</a>"
"tt0304141","Harry Potter and the Prisoner of Azkaban",2004,323,7.9,733025,142,"Alfonso Cuarón","J.K. Rowling, Steve Kloves","Adventure, Family, Fantasy","<a href=""https://www.imdb.com/title/tt0304141"" target=""_blank"">tt0304141</a>","<a href=""https://www.imdb.com/title/tt0304141"" target=""_blank"">Harry Potter and the Prisoner of Azkaban</a>"
"tt0454876","Life of Pi",2012,324,7.9,686978,127,"Ang Lee","Yann Martel, David Magee","Adventure, Drama, Fantasy","<a href=""https://www.imdb.com/title/tt0454876"" target=""_blank"">tt0454876</a>","<a href=""https://www.imdb.com/title/tt0454876"" target=""_blank"">Life of Pi</a>"
"tt0120363","Toy Story 2",1999,325,7.9,647670,92,"John Lasseter, Ash Brannon, Lee Unkrich","John Lasseter, Pete Docter, Ash Brannon, Andrew Stanton, Rita Hsiao, Doug Chamberlin, Chris Webb","Adventure, Animation, Comedy","<a href=""https://www.imdb.com/title/tt0120363"" target=""_blank"">tt0120363</a>","<a href=""https://www.imdb.com/title/tt0120363"" target=""_blank"">Toy Story 2</a>"
"tt0796366","Star Trek",2009,326,7.9,630485,127,"J.J. Abrams","Roberto Orci, Alex Kurtzman, Gene Roddenberry","Action, Adventure, Sci-Fi","<a href=""https://www.imdb.com/title/tt0796366"" target=""_blank"">tt0796366</a>","<a href=""https://www.imdb.com/title/tt0796366"" target=""_blank"">Star Trek</a>"
"tt1727824","Bohemian Rhapsody",2018,327,7.9,625033,134,"Bryan Singer","Anthony McCarten, Peter Morgan","Biography, Drama, Music","<a href=""https://www.imdb.com/title/tt1727824"" target=""_blank"">tt1727824</a>","<a href=""https://www.imdb.com/title/tt1727824"" target=""_blank"">Bohemian Rhapsody</a>"
"tt0365748","Shaun of the Dead",2004,328,7.9,621814,99,"Edgar Wright","Simon Pegg, Edgar Wright","Comedy, Horror","<a href=""https://www.imdb.com/title/tt0365748"" target=""_blank"">tt0365748</a>","<a href=""https://www.imdb.com/title/tt0365748"" target=""_blank"">Shaun of the Dead</a>"
"tt1659337","The Perks of Being a Wallflower",2012,329,7.9,573318,103,"Stephen Chbosky","Stephen Chbosky","Drama","<a href=""https://www.imdb.com/title/tt1659337"" target=""_blank"">tt1659337</a>","<a href=""https://www.imdb.com/title/tt1659337"" target=""_blank"">The Perks of Being a Wallflower</a>"
"tt0206634","Children of Men",2006,330,7.9,549663,109,"Alfonso Cuarón","Alfonso Cuarón, Timothy J. Sexton, David Arata, Mark Fergus, Hawk Ostby, P.D. James","Drama, Sci-Fi, Thriller","<a href=""https://www.imdb.com/title/tt0206634"" target=""_blank"">tt0206634</a>","<a href=""https://www.imdb.com/title/tt0206634"" target=""_blank"">Children of Men</a>"
"tt0790636","Dallas Buyers Club",2013,331,7.9,536560,117,"Jean-Marc Vallée","Craig Borten, Melisa Wallack","Biography, Drama","<a href=""https://www.imdb.com/title/tt0790636"" target=""_blank"">tt0790636</a>","<a href=""https://www.imdb.com/title/tt0790636"" target=""_blank"">Dallas Buyers Club</a>"
"tt0327056","Mystic River",2003,332,7.9,505987,138,"Clint Eastwood","Brian Helgeland, Dennis Lehane","Crime, Drama, Mystery","<a href=""https://www.imdb.com/title/tt0327056"" target=""_blank"">tt0327056</a>","<a href=""https://www.imdb.com/title/tt0327056"" target=""_blank"">Mystic River</a>"
"tt0780536","In Bruges",2008,333,7.9,480881,107,"Martin McDonagh","Martin McDonagh","Comedy, Crime, Drama","<a href=""https://www.imdb.com/title/tt0780536"" target=""_blank"">tt0780536</a>","<a href=""https://www.imdb.com/title/tt0780536"" target=""_blank"">In Bruges</a>"
"tt2584384","Jojo Rabbit",2019,334,7.9,469854,108,"Taika Waititi","Christine Leunens, Taika Waititi","Comedy, Drama, War","<a href=""https://www.imdb.com/title/tt2584384"" target=""_blank"">tt2584384</a>","<a href=""https://www.imdb.com/title/tt2584384"" target=""_blank"">Jojo Rabbit</a>"
"tt12361974","Zack Snyder's Justice League",2021,335,7.9,457823,242,"Zack Snyder","Jerry Siegel, Joe Shuster, Zack Snyder, Chris Terrio, Will Beall, Gardner Fox, Bob Kane, Bill Finger, William Moulton Marston, Jack Kirby","Action, Adventure, Fantasy","<a href=""https://www.imdb.com/title/tt12361974"" target=""_blank"">tt12361974</a>","<a href=""https://www.imdb.com/title/tt12361974"" target=""_blank"">Zack Snyder's Justice League</a>"
"tt0083866","E.T. the Extra-Terrestrial",1982,336,7.9,455422,115,"Steven Spielberg","Melissa Mathison","Adventure, Family, Sci-Fi","<a href=""https://www.imdb.com/title/tt0083866"" target=""_blank"">tt0083866</a>","<a href=""https://www.imdb.com/title/tt0083866"" target=""_blank"">E.T. the Extra-Terrestrial</a>"
"tt6791350","Guardians of the Galaxy Vol. 3",2023,337,7.9,434387,150,"James Gunn","James Gunn, Jim Starlin, Stan Lee, Larry Lieber, Jack Kirby, Steve Englehart, Don Heck, Roger Stern, John Buscema, Sal Buscema, Bill Mantlo, Keith Giffen, Steve Gan","Action, Adventure, Comedy","<a href=""https://www.imdb.com/title/tt6791350"" target=""_blank"">tt6791350</a>","<a href=""https://www.imdb.com/title/tt6791350"" target=""_blank"">Guardians of the Galaxy Vol. 3</a>"
"tt0166924","Mulholland Drive",2001,338,7.9,409124,147,"David Lynch","David Lynch","Drama, Mystery, Thriller","<a href=""https://www.imdb.com/title/tt0166924"" target=""_blank"">tt0166924</a>","<a href=""https://www.imdb.com/title/tt0166924"" target=""_blank"">Mulholland Drive</a>"
"tt0107688","The Nightmare Before Christmas",1993,339,7.9,396511,76,"Henry Selick","Tim Burton, Michael McDowell, Caroline Thompson","Animation, Family, Fantasy","<a href=""https://www.imdb.com/title/tt0107688"" target=""_blank"">tt0107688</a>","<a href=""https://www.imdb.com/title/tt0107688"" target=""_blank"">The Nightmare Before Christmas</a>"
"tt1065073","Boyhood",2014,340,7.9,376002,165,"Richard Linklater","Richard Linklater","Drama","<a href=""https://www.imdb.com/title/tt1065073"" target=""_blank"">tt1065073</a>","<a href=""https://www.imdb.com/title/tt1065073"" target=""_blank"">Boyhood</a>"
"tt7653254","Marriage Story",2019,341,7.9,361910,137,"Noah Baumbach","Noah Baumbach","Drama, Romance","<a href=""https://www.imdb.com/title/tt7653254"" target=""_blank"">tt7653254</a>","<a href=""https://www.imdb.com/title/tt7653254"" target=""_blank"">Marriage Story</a>"
"tt0105323","Scent of a Woman",1992,342,8,353650,156,"Martin Brest","Giovanni Arpino, Bo Goldman, Ruggero Maccari, Dino Risi","Drama","<a href=""https://www.imdb.com/title/tt0105323"" target=""_blank"">tt0105323</a>","<a href=""https://www.imdb.com/title/tt0105323"" target=""_blank"">Scent of a Woman</a>"
"tt0175880","Magnolia",1999,343,8,339101,188,"Paul Thomas Anderson","Paul Thomas Anderson","Drama","<a href=""https://www.imdb.com/title/tt0175880"" target=""_blank"">tt0175880</a>","<a href=""https://www.imdb.com/title/tt0175880"" target=""_blank"">Magnolia</a>"
"tt1125849","The Wrestler",2008,344,7.9,326345,109,"Darren Aronofsky","Robert Siegel","Drama, Sport","<a href=""https://www.imdb.com/title/tt1125849"" target=""_blank"">tt1125849</a>","<a href=""https://www.imdb.com/title/tt1125849"" target=""_blank"">The Wrestler</a>"
"tt0099348","Dances with Wolves",1990,345,8,301918,181,"Kevin Costner","Michael Blake","Adventure, Drama, Western","<a href=""https://www.imdb.com/title/tt0099348"" target=""_blank"">tt0099348</a>","<a href=""https://www.imdb.com/title/tt0099348"" target=""_blank"">Dances with Wolves</a>"
"tt0061722","The Graduate",1967,346,8,297449,106,"Mike Nichols","Calder Willingham, Buck Henry, Charles Webb","Comedy, Drama, Romance","<a href=""https://www.imdb.com/title/tt0061722"" target=""_blank"">tt0061722</a>","<a href=""https://www.imdb.com/title/tt0061722"" target=""_blank"">The Graduate</a>"
"tt0072890","Dog Day Afternoon",1975,347,8,283105,125,"Sidney Lumet","Frank Pierson, P.F. Kluge, Thomas Moore","Biography, Crime, Drama","<a href=""https://www.imdb.com/title/tt0072890"" target=""_blank"">tt0072890</a>","<a href=""https://www.imdb.com/title/tt0072890"" target=""_blank"">Dog Day Afternoon</a>"
"tt0245712","Amores Perros",2000,348,8,268542,154,"Alejandro G. Iñárritu","Guillermo Arriaga","Drama, Thriller","<a href=""https://www.imdb.com/title/tt0245712"" target=""_blank"">tt0245712</a>","<a href=""https://www.imdb.com/title/tt0245712"" target=""_blank"">Amores Perros</a>"
"tt3741834","Lion",2016,349,8,260400,118,"Garth Davis","Saroo Brierley, Luke Davies","Biography, Drama","<a href=""https://www.imdb.com/title/tt3741834"" target=""_blank"">tt3741834</a>","<a href=""https://www.imdb.com/title/tt3741834"" target=""_blank"">Lion</a>"
"tt0063522","Rosemary's Baby",1968,350,8,249417,137,"Roman Polanski","Ira Levin, Roman Polanski","Drama, Horror","<a href=""https://www.imdb.com/title/tt0063522"" target=""_blank"">tt0063522</a>","<a href=""https://www.imdb.com/title/tt0063522"" target=""_blank"">Rosemary's Baby</a>"
"tt0083987","Gandhi",1982,351,8,244397,191,"Richard Attenborough","John Briley","Biography, Drama, History","<a href=""https://www.imdb.com/title/tt0083987"" target=""_blank"">tt0083987</a>","<a href=""https://www.imdb.com/title/tt0083987"" target=""_blank"">Gandhi</a>"
"tt1220719","Ip Man",2008,352,8,239142,106,"Wilson Yip","Edmond Wong, Tai-Lee Chan","Action, Biography, Drama","<a href=""https://www.imdb.com/title/tt1220719"" target=""_blank"">tt1220719</a>","<a href=""https://www.imdb.com/title/tt1220719"" target=""_blank"">Ip Man</a>"
"tt0064115","Butch Cassidy and the Sundance Kid",1969,353,8,232851,110,"George Roy Hill","William Goldman","Biography, Crime, Drama","<a href=""https://www.imdb.com/title/tt0064115"" target=""_blank"">tt0064115</a>","<a href=""https://www.imdb.com/title/tt0064115"" target=""_blank"">Butch Cassidy and the Sundance Kid</a>"
"tt0094625","Akira",1988,354,8,217050,124,"Katsuhiro Ôtomo","Katsuhiro Ôtomo, Izô Hashimoto","Animation, Drama, Fantasy","<a href=""https://www.imdb.com/title/tt0094625"" target=""_blank"">tt0094625</a>","<a href=""https://www.imdb.com/title/tt0094625"" target=""_blank"">Akira</a>"
"tt0063442","Planet of the Apes",1968,355,8,205637,112,"Franklin J. Schaffner","Michael Wilson, Rod Serling, Pierre Boulle, John T. Kelley","Adventure, Sci-Fi","<a href=""https://www.imdb.com/title/tt0063442"" target=""_blank"">tt0063442</a>","<a href=""https://www.imdb.com/title/tt0063442"" target=""_blank"">Planet of the Apes</a>"
"tt0352248","Cinderella Man",2005,356,8,204943,144,"Ron Howard","Cliff Hollingsworth, Akiva Goldsman","Biography, Drama, Romance","<a href=""https://www.imdb.com/title/tt0352248"" target=""_blank"">tt0352248</a>","<a href=""https://www.imdb.com/title/tt0352248"" target=""_blank"">Cinderella Man</a>"
"tt4857264","The Invisible Guest",2016,357,8,203829,106,"Oriol Paulo","Oriol Paulo, Lara Sendim","Crime, Drama, Mystery","<a href=""https://www.imdb.com/title/tt4857264"" target=""_blank"">tt4857264</a>","<a href=""https://www.imdb.com/title/tt4857264"" target=""_blank"">The Invisible Guest</a>"
"tt0061512","Cool Hand Luke",1967,358,8,194674,127,"Stuart Rosenberg","Donn Pearce, Frank Pierson, Hal Dresner","Crime, Drama","<a href=""https://www.imdb.com/title/tt0061512"" target=""_blank"">tt0061512</a>","<a href=""https://www.imdb.com/title/tt0061512"" target=""_blank"">Cool Hand Luke</a>"
"tt0092067","Castle in the Sky",1986,359,8,191810,124,"Hayao Miyazaki","Hayao Miyazaki, Jonathan Swift","Adventure, Animation, Family","<a href=""https://www.imdb.com/title/tt0092067"" target=""_blank"">tt0092067</a>","<a href=""https://www.imdb.com/title/tt0092067"" target=""_blank"">Castle in the Sky</a>"
"tt0087544","Nausicaä of the Valley of the Wind",1984,360,8,191462,117,"Hayao Miyazaki","Hayao Miyazaki, Kazunori Itô","Adventure, Animation, Sci-Fi","<a href=""https://www.imdb.com/title/tt0087544"" target=""_blank"">tt0087544</a>","<a href=""https://www.imdb.com/title/tt0087544"" target=""_blank"">Nausicaä of the Valley of the Wind</a>"
"tt10366460","CODA",2021,361,8,179670,111,"Sian Heder","Sian Heder, Victoria Bedos, Stanislas Carré de Malberg, Éric Lartigau, Thomas Bidegain","Comedy, Drama, Music","<a href=""https://www.imdb.com/title/tt10366460"" target=""_blank"">tt10366460</a>","<a href=""https://www.imdb.com/title/tt10366460"" target=""_blank"">CODA</a>"
"tt0102138","JFK",1991,362,8,176992,189,"Oliver Stone","Jim Garrison, Jim Marrs, Oliver Stone, Zachary Sklar","Drama, History, Thriller","<a href=""https://www.imdb.com/title/tt0102138"" target=""_blank"">tt0102138</a>","<a href=""https://www.imdb.com/title/tt0102138"" target=""_blank"">JFK</a>"
"tt0072431","Young Frankenstein",1974,363,8,176078,106,"Mel Brooks","Gene Wilder, Mel Brooks, Mary Shelley","Comedy","<a href=""https://www.imdb.com/title/tt0072431"" target=""_blank"">tt0072431</a>","<a href=""https://www.imdb.com/title/tt0072431"" target=""_blank"">Young Frankenstein</a>"
"tt0276919","Dogville",2003,364,8,164748,171,"Lars von Trier","Lars von Trier","Crime, Drama","<a href=""https://www.imdb.com/title/tt0276919"" target=""_blank"">tt0276919</a>","<a href=""https://www.imdb.com/title/tt0276919"" target=""_blank"">Dogville</a>"
"tt0046250","Roman Holiday",1953,365,8,153951,118,"William Wyler","Dalton Trumbo, Ian McLellan Hunter, John Dighton","Comedy, Drama, Romance","<a href=""https://www.imdb.com/title/tt0046250"" target=""_blank"">tt0046250</a>","<a href=""https://www.imdb.com/title/tt0046250"" target=""_blank"">Roman Holiday</a>"
"tt0079944","Stalker",1979,366,8,151977,162,"Andrei Tarkovsky","Arkadiy Strugatskiy, Boris Strugatskiy, Andrei Tarkovsky, Fyodor Tyutchev, Arseniy Tarkovskiy, Ryûnosuke Akutagawa, Ivan Bunin, Hermann Hesse, Laozi","Drama, Sci-Fi","<a href=""https://www.imdb.com/title/tt0079944"" target=""_blank"">tt0079944</a>","<a href=""https://www.imdb.com/title/tt0079944"" target=""_blank"">Stalker</a>"
"tt0310793","Bowling for Columbine",2002,367,8,150984,120,"Michael Moore","Michael Moore","Crime, Documentary, Drama","<a href=""https://www.imdb.com/title/tt0310793"" target=""_blank"">tt0310793</a>","<a href=""https://www.imdb.com/title/tt0310793"" target=""_blank"">Bowling for Columbine</a>"
"tt2631186","Baahubali: The Beginning",2015,368,8,145767,159,"S.S. Rajamouli","Vijayendra Prasad, S.S. Rajamouli, C.H. Vijay Kumar, Ajay Kumar, Madhan Karky, Manoj Muntashir, Mankombu Gopalakrishnan","Action, Drama","<a href=""https://www.imdb.com/title/tt2631186"" target=""_blank"">tt2631186</a>","<a href=""https://www.imdb.com/title/tt2631186"" target=""_blank"">Baahubali: The Beginning</a>"
"tt0070511","Papillon",1973,369,8,142717,151,"Franklin J. Schaffner","Dalton Trumbo, Lorenzo Semple Jr., Henri Charrière, William Goldman","Biography, Crime, Drama","<a href=""https://www.imdb.com/title/tt0070511"" target=""_blank"">tt0070511</a>","<a href=""https://www.imdb.com/title/tt0070511"" target=""_blank"">Papillon</a>"
"tt0060827","Persona",1966,370,8,136738,83,"Ingmar Bergman","Ingmar Bergman","Drama, Thriller","<a href=""https://www.imdb.com/title/tt0060827"" target=""_blank"">tt0060827</a>","<a href=""https://www.imdb.com/title/tt0060827"" target=""_blank"">Persona</a>"
"tt0338564","Infernal Affairs",2002,371,8,135236,101,"Wai Keung Lau, Alan Mak","Alan Mak, Felix Chong","Crime, Drama, Mystery","<a href=""https://www.imdb.com/title/tt0338564"" target=""_blank"">tt0338564</a>","<a href=""https://www.imdb.com/title/tt0338564"" target=""_blank"">Infernal Affairs</a>"
"tt0053198","The 400 Blows",1959,372,8,131816,99,"François Truffaut","François Truffaut, Marcel Moussy","Crime, Drama","<a href=""https://www.imdb.com/title/tt0053198"" target=""_blank"">tt0053198</a>","<a href=""https://www.imdb.com/title/tt0053198"" target=""_blank"">The 400 Blows</a>"
"tt0056801","8½",1963,373,8,129734,138,"Federico Fellini","Federico Fellini, Ennio Flaiano, Tullio Pinelli, Brunello Rondi","Drama","<a href=""https://www.imdb.com/title/tt0056801"" target=""_blank"">tt0056801</a>","<a href=""https://www.imdb.com/title/tt0056801"" target=""_blank"">8½</a>"
"tt0050986","Wild Strawberries",1957,374,8.1,121164,92,"Ingmar Bergman","Ingmar Bergman","Drama, Romance","<a href=""https://www.imdb.com/title/tt0050986"" target=""_blank"">tt0050986</a>","<a href=""https://www.imdb.com/title/tt0050986"" target=""_blank"">Wild Strawberries</a>"
"tt8613070","Portrait of a Lady on Fire",2019,375,8,120184,122,"Céline Sciamma","Céline Sciamma","Drama, Romance","<a href=""https://www.imdb.com/title/tt8613070"" target=""_blank"">tt8613070</a>","<a href=""https://www.imdb.com/title/tt8613070"" target=""_blank"">Portrait of a Lady on Fire</a>"
"tt0025316","It Happened One Night",1934,376,8.1,117145,105,"Frank Capra","Robert Riskin, Samuel Hopkins Adams","Comedy, Romance","<a href=""https://www.imdb.com/title/tt0025316"" target=""_blank"">tt0025316</a>","<a href=""https://www.imdb.com/title/tt0025316"" target=""_blank"">It Happened One Night</a>"
"tt0861739","Elite Squad",2007,377,8,115503,115,"José Padilha","José Padilha, Rodrigo Pimentel, Bráulio Mantovani, Luiz Eduardo Soares, André Batista","Action, Crime, Drama","<a href=""https://www.imdb.com/title/tt0861739"" target=""_blank"">tt0861739</a>","<a href=""https://www.imdb.com/title/tt0861739"" target=""_blank"">Elite Squad</a>"
"tt0111495","Three Colors: Red",1994,378,8.1,114177,99,"Krzysztof Kieslowski","Krzysztof Kieslowski, Krzysztof Piesiewicz, Agnieszka Holland, Edward Zebrowski, Edward Klosinski, Marcin Latallo","Drama, Mystery, Romance","<a href=""https://www.imdb.com/title/tt0111495"" target=""_blank"">tt0111495</a>","<a href=""https://www.imdb.com/title/tt0111495"" target=""_blank"">Three Colors: Red</a>"
"tt0401383","The Diving Bell and the Butterfly",2007,379,8,111916,112,"Julian Schnabel","Ronald Harwood, Jean-Dominique Bauby","Biography, Drama","<a href=""https://www.imdb.com/title/tt0401383"" target=""_blank"">tt0401383</a>","<a href=""https://www.imdb.com/title/tt0401383"" target=""_blank"">The Diving Bell and the Butterfly</a>"
"tt5813916","The Mountain II",2016,380,8.1,111754,135,"Alper Caglar","Alper Caglar","Action, Drama, War","<a href=""https://www.imdb.com/title/tt5813916"" target=""_blank"">tt5813916</a>","<a href=""https://www.imdb.com/title/tt5813916"" target=""_blank"">The Mountain II</a>"
"tt0156887","Perfect Blue",1997,381,8,109225,81,"Satoshi Kon","Yoshikazu Takeuchi, Satoshi Kon, Sadayuki Murai","Animation, Crime, Drama","<a href=""https://www.imdb.com/title/tt0156887"" target=""_blank"">tt0156887</a>","<a href=""https://www.imdb.com/title/tt0156887"" target=""_blank"">Perfect Blue</a>"
"tt0032551","The Grapes of Wrath",1940,382,8.1,105736,129,"John Ford","Nunnally Johnson, John Steinbeck","Drama","<a href=""https://www.imdb.com/title/tt0032551"" target=""_blank"">tt0032551</a>","<a href=""https://www.imdb.com/title/tt0032551"" target=""_blank"">The Grapes of Wrath</a>"
"tt3863552","Bajrangi Bhaijaan",2015,383,8.1,105486,163,"Kabir Khan","Vijayendra Prasad, Kabir Khan, Parveez Shaikh, Asad Hussain","Action, Adventure, Comedy","<a href=""https://www.imdb.com/title/tt3863552"" target=""_blank"">tt3863552</a>","<a href=""https://www.imdb.com/title/tt3863552"" target=""_blank"">Bajrangi Bhaijaan</a>"
"tt0017925","The General",1926,384,8.1,103360,78,"Clyde Bruckman, Buster Keaton","Buster Keaton, Clyde Bruckman, Al Boasberg, Charles Henry Smith, William Pittenger, Paul Gerard Smith","Action, Adventure, Comedy","<a href=""https://www.imdb.com/title/tt0017925"" target=""_blank"">tt0017925</a>","<a href=""https://www.imdb.com/title/tt0017925"" target=""_blank"">The General</a>"
"tt0374887","Munna Bhai M.B.B.S.",2003,385,8.1,92505,156,"Rajkumar Hirani","Vidhu Vinod Chopra, Rajkumar Hirani, Lajan Joseph, Abbas Tyrewala","Comedy, Drama","<a href=""https://www.imdb.com/title/tt0374887"" target=""_blank"">tt0374887</a>","<a href=""https://www.imdb.com/title/tt0374887"" target=""_blank"">Munna Bhai M.B.B.S.</a>"
"tt2082197","Barfi!",2012,386,8.1,90563,151,"Anurag Basu","Anurag Basu, Tani Basu, Sanjeev Dutta","Comedy, Drama, Romance","<a href=""https://www.imdb.com/title/tt2082197"" target=""_blank"">tt2082197</a>","<a href=""https://www.imdb.com/title/tt2082197"" target=""_blank"">Barfi!</a>"
"tt11555492","Farha",2021,387,8.1,90487,92,"Darin J. Sallam","Darin J. Sallam","Drama","<a href=""https://www.imdb.com/title/tt11555492"" target=""_blank"">tt11555492</a>","<a href=""https://www.imdb.com/title/tt11555492"" target=""_blank"">Farha</a>"
"tt0871510","Chak De! India",2007,388,8.1,87915,153,"Shimit Amin","Jaideep Sahni","Drama, Family, Sport","<a href=""https://www.imdb.com/title/tt0871510"" target=""_blank"">tt0871510</a>","<a href=""https://www.imdb.com/title/tt0871510"" target=""_blank"">Chak De! India</a>"
"tt0056217","The Man Who Shot Liberty Valance",1962,389,8.1,86163,123,"John Ford","James Warner Bellah, Willis Goldbeck, Dorothy M. Johnson","Drama, Western","<a href=""https://www.imdb.com/title/tt0056217"" target=""_blank"">tt0056217</a>","<a href=""https://www.imdb.com/title/tt0056217"" target=""_blank"">The Man Who Shot Liberty Valance</a>"
"tt1280558","A Wednesday",2008,390,8.1,84416,104,"Neeraj Pandey, Ritesh Kumar","Neeraj Pandey","Action, Crime, Drama","<a href=""https://www.imdb.com/title/tt1280558"" target=""_blank"">tt1280558</a>","<a href=""https://www.imdb.com/title/tt1280558"" target=""_blank"">A Wednesday</a>"
"tt7775622","Free Solo",2018,391,8.1,82178,100,"Jimmy Chin, Elizabeth Chai Vasarhelyi",NA,"Adventure, Documentary, Sport","<a href=""https://www.imdb.com/title/tt7775622"" target=""_blank"">tt7775622</a>","<a href=""https://www.imdb.com/title/tt7775622"" target=""_blank"">Free Solo</a>"
"tt10554232","Dara of Jasenovac",2020,392,8.1,82167,130,"Predrag Antonijevic","Natasa Drakulic, Tihomir Stanic, Stasa Petrovic","Drama, War","<a href=""https://www.imdb.com/title/tt10554232"" target=""_blank"">tt10554232</a>","<a href=""https://www.imdb.com/title/tt10554232"" target=""_blank"">Dara of Jasenovac</a>"
"tt0036868","The Best Years of Our Lives",1946,393,8.1,75162,170,"William Wyler","Robert E. Sherwood, MacKinlay Kantor","Drama, Romance, War","<a href=""https://www.imdb.com/title/tt0036868"" target=""_blank"">tt0036868</a>","<a href=""https://www.imdb.com/title/tt0036868"" target=""_blank"">The Best Years of Our Lives</a>"
"tt2545118","Blackfish",2013,394,8.1,75153,83,"Gabriela Cowperthwaite","Gabriela Cowperthwaite, Eli B. Despres, Tim Zimmermann","Documentary, Drama, Thriller","<a href=""https://www.imdb.com/title/tt2545118"" target=""_blank"">tt2545118</a>","<a href=""https://www.imdb.com/title/tt2545118"" target=""_blank"">Blackfish</a>"
"tt0046438","Tokyo Story",1953,395,8.1,74653,137,"Yasujirô Ozu","Kôgo Noda, Yasujirô Ozu","Drama","<a href=""https://www.imdb.com/title/tt0046438"" target=""_blank"">tt0046438</a>","<a href=""https://www.imdb.com/title/tt0046438"" target=""_blank"">Tokyo Story</a>"
"tt0116231","The Bandit",1996,396,8.1,74069,128,"Yavuz Turgul","Yavuz Turgul","Crime, Drama","<a href=""https://www.imdb.com/title/tt0116231"" target=""_blank"">tt0116231</a>","<a href=""https://www.imdb.com/title/tt0116231"" target=""_blank"">The Bandit</a>"
"tt0046911","Diabolique",1955,397,8.1,71726,117,"Henri-Georges Clouzot","Pierre Boileau, Thomas Narcejac, Henri-Georges Clouzot, Jérôme Géronimi, René Masson, Frédéric Grendel","Crime, Drama, Horror","<a href=""https://www.imdb.com/title/tt0046911"" target=""_blank"">tt0046911</a>","<a href=""https://www.imdb.com/title/tt0046911"" target=""_blank"">Diabolique</a>"
"tt0058946","The Battle of Algiers",1966,398,8.1,71580,121,"Gillo Pontecorvo","Franco Solinas, Gillo Pontecorvo","Drama, War","<a href=""https://www.imdb.com/title/tt0058946"" target=""_blank"">tt0058946</a>","<a href=""https://www.imdb.com/title/tt0058946"" target=""_blank"">The Battle of Algiers</a>"
"tt0169858","Neon Genesis Evangelion: The End of Evangelion",1997,399,8.1,71322,87,"Hideaki Anno, Kazuya Tsurumaki","Hideaki Anno","Action, Animation, Drama","<a href=""https://www.imdb.com/title/tt0169858"" target=""_blank"">tt0169858</a>","<a href=""https://www.imdb.com/title/tt0169858"" target=""_blank"">Neon Genesis Evangelion: The End of Evangelion</a>"
"tt0046268","The Wages of Fear",1953,400,8.1,71050,156,"Henri-Georges Clouzot","Georges Arnaud, Henri-Georges Clouzot, Jérôme Géronimi","Adventure, Drama, Thriller","<a href=""https://www.imdb.com/title/tt0046268"" target=""_blank"">tt0046268</a>","<a href=""https://www.imdb.com/title/tt0046268"" target=""_blank"">The Wages of Fear</a>"
"tt0020629","All Quiet on the Western Front",1930,401,8.1,70268,152,"Lewis Milestone","Erich Maria Remarque, Maxwell Anderson, George Abbott, Del Andrews, C. Gardner Sullivan, Walter Anthony, Lewis Milestone","Drama, War","<a href=""https://www.imdb.com/title/tt0020629"" target=""_blank"">tt0020629</a>","<a href=""https://www.imdb.com/title/tt0020629"" target=""_blank"">All Quiet on the Western Front</a>"
"tt3322420","Queen",2013,402,8.1,70024,146,"Vikas Bahl","Vikas Bahl, Chaitally Parmar, Parveez Shaikh, Anvita Dutt, Kangana Ranaut","Adventure, Comedy, Drama","<a href=""https://www.imdb.com/title/tt3322420"" target=""_blank"">tt3322420</a>","<a href=""https://www.imdb.com/title/tt3322420"" target=""_blank"">Queen</a>"
"tt0083922","Fanny and Alexander",1982,403,8.1,69683,188,"Ingmar Bergman","Ingmar Bergman","Drama","<a href=""https://www.imdb.com/title/tt0083922"" target=""_blank"">tt0083922</a>","<a href=""https://www.imdb.com/title/tt0083922"" target=""_blank"">Fanny and Alexander</a>"
"tt8239946","Tumbbad",2018,404,8.2,69103,108,"Rahi Anil Barve, Anand Gandhi, Adesh Prasad","Mitesh Shah, Adesh Prasad, Rahi Anil Barve, Anand Gandhi, Narayan Dharap","Drama, Fantasy, Horror","<a href=""https://www.imdb.com/title/tt8239946"" target=""_blank"">tt8239946</a>","<a href=""https://www.imdb.com/title/tt8239946"" target=""_blank"">Tumbbad</a>"
"tt2283748","OMG: Oh My God!",2012,405,8.1,68419,125,"Umesh Shukla","Alok Jha, Saumya Joshi, Bhavesh Mandalia, Pranay Vivek Patil, Umesh Shukla","Comedy, Drama, Fantasy","<a href=""https://www.imdb.com/title/tt2283748"" target=""_blank"">tt2283748</a>","<a href=""https://www.imdb.com/title/tt2283748"" target=""_blank"">OMG: Oh My God!</a>"
"tt12888462","My Octopus Teacher",2020,406,8.1,68188,85,"Pippa Ehrlich, James Reed","Pippa Ehrlich, James Reed","Documentary, Drama","<a href=""https://www.imdb.com/title/tt12888462"" target=""_blank"">tt12888462</a>","<a href=""https://www.imdb.com/title/tt12888462"" target=""_blank"">My Octopus Teacher</a>"
"tt1821480","Kahaani",2012,407,8.1,68141,122,"Sujoy Ghosh","Sujoy Ghosh, Advaita Kala, Suresh Nair, Ritesh Shah, Sutapa Sikdar, Nikhil Vyas","Mystery, Thriller","<a href=""https://www.imdb.com/title/tt1821480"" target=""_blank"">tt1821480</a>","<a href=""https://www.imdb.com/title/tt1821480"" target=""_blank"">Kahaani</a>"
"tt0019254","The Passion of Joan of Arc",1928,408,8.1,65603,114,"Carl Theodor Dreyer","Joseph Delteil, Carl Theodor Dreyer","Biography, Drama, History","<a href=""https://www.imdb.com/title/tt0019254"" target=""_blank"">tt0019254</a>","<a href=""https://www.imdb.com/title/tt0019254"" target=""_blank"">The Passion of Joan of Arc</a>"
"tt0015324","Sherlock Jr.",1924,409,8.2,62742,45,"Buster Keaton","Jean C. Havez, Joseph A. Mitchell, Clyde Bruckman","Action, Comedy, Romance","<a href=""https://www.imdb.com/title/tt0015324"" target=""_blank"">tt0015324</a>","<a href=""https://www.imdb.com/title/tt0015324"" target=""_blank"">Sherlock Jr.</a>"
"tt10431500","Miracle in Cell No. 7",2019,410,8.2,59635,132,"Mehmet Ada Öztekin","Kubilay Tat","Drama","<a href=""https://www.imdb.com/title/tt10431500"" target=""_blank"">tt10431500</a>","<a href=""https://www.imdb.com/title/tt10431500"" target=""_blank"">Miracle in Cell No. 7</a>"
"tt6148156","Vikram Vedha",2017,411,8.2,53281,147,"Gayatri, Pushkar, Gowtham Selvaraj","Manikandan K., Gayatri, Pushkar, Gautam Siddhartha","Action, Crime, Drama","<a href=""https://www.imdb.com/title/tt6148156"" target=""_blank"">tt6148156</a>","<a href=""https://www.imdb.com/title/tt6148156"" target=""_blank"">Vikram Vedha</a>"
"tt21626284","Lost Ladies",2023,412,8.3,52753,122,"Kiran Rao","Biplab Goswami, Sneha Desai, Divy Nidhi Sharma","Comedy, Drama","<a href=""https://www.imdb.com/title/tt21626284"" target=""_blank"">tt21626284</a>","<a href=""https://www.imdb.com/title/tt21626284"" target=""_blank"">Lost Ladies</a>"
"tt10280296","Sardar Udham",2021,413,8.3,49381,164,"Shoojit Sircar","Shubhendu Bhattacharya, Ritesh Shah","Crime, Drama, History","<a href=""https://www.imdb.com/title/tt10280296"" target=""_blank"">tt10280296</a>","<a href=""https://www.imdb.com/title/tt10280296"" target=""_blank"">Sardar Udham</a>"
"tt15501640","Drishyam 2",2022,414,8.2,49224,140,"Abhishek Pathak","Jeethu Joseph, Aamil Keeyan Khan, Abhishek Pathak","Crime, Drama, Mystery","<a href=""https://www.imdb.com/title/tt15501640"" target=""_blank"">tt15501640</a>","<a href=""https://www.imdb.com/title/tt15501640"" target=""_blank"">Drishyam 2</a>"
"tt0059026","A Charlie Brown Christmas",1965,415,8.3,47483,25,"Bill Melendez","Charles M. Schulz","Animation, Comedy, Drama","<a href=""https://www.imdb.com/title/tt0059026"" target=""_blank"">tt0059026</a>","<a href=""https://www.imdb.com/title/tt0059026"" target=""_blank"">A Charlie Brown Christmas</a>"
"tt6316138","Ayla: The Daughter of War",2017,416,8.2,46299,125,"Can Ulkay","Yigit Güralp","Biography, Drama, History","<a href=""https://www.imdb.com/title/tt6316138"" target=""_blank"">tt6316138</a>","<a href=""https://www.imdb.com/title/tt6316138"" target=""_blank"">Ayla: The Daughter of War</a>"
"tt0770802","Samsara",2011,417,8.4,39176,102,"Ron Fricke","Ron Fricke, Mark Magidson","Documentary, Music","<a href=""https://www.imdb.com/title/tt0770802"" target=""_blank"">tt0770802</a>","<a href=""https://www.imdb.com/title/tt0770802"" target=""_blank"">Samsara</a>"
"tt9477520","Asuran",2019,418,8.4,35921,141,"Vetrimaaran","M.S. Manimaran, Vetrimaaran, Suka, Poomani, Gautam Siddhartha","Action, Drama","<a href=""https://www.imdb.com/title/tt9477520"" target=""_blank"">tt9477520</a>","<a href=""https://www.imdb.com/title/tt9477520"" target=""_blank"">Asuran</a>"
"tt16492678","Demon Slayer: Kimetsu no Yaiba - Tsuzumi Mansion Arc",2021,419,8.5,32656,87,"Haruo Sotozaki","Koyoharu Gotouge","Action, Animation, Fantasy","<a href=""https://www.imdb.com/title/tt16492678"" target=""_blank"">tt16492678</a>","<a href=""https://www.imdb.com/title/tt16492678"" target=""_blank"">Demon Slayer: Kimetsu no Yaiba - Tsuzumi Mansion Arc</a>"
"tt11580854","Sarpatta Parambarai",2021,420,8.5,27129,173,"Pa. Ranjith","Tamizh Prabha, Pa. Ranjith","Action, Drama, Sport","<a href=""https://www.imdb.com/title/tt11580854"" target=""_blank"">tt11580854</a>","<a href=""https://www.imdb.com/title/tt11580854"" target=""_blank"">Sarpatta Parambarai</a>"
"tt0367495","Anbe Sivam",2003,421,8.6,27085,160,"Sundar C.","Kamal Haasan, Madan, Mohan Nair","Adventure, Comedy, Drama","<a href=""https://www.imdb.com/title/tt0367495"" target=""_blank"">tt0367495</a>","<a href=""https://www.imdb.com/title/tt0367495"" target=""_blank"">Anbe Sivam</a>"
"tt0093603","Nayakan",1987,422,8.6,26566,145,"Mani Ratnam","Balakumaran, Rajasri, Mani Ratnam","Crime, Drama","<a href=""https://www.imdb.com/title/tt0093603"" target=""_blank"">tt0093603</a>","<a href=""https://www.imdb.com/title/tt0093603"" target=""_blank"">Nayakan</a>"
"tt24082438","20 Days in Mariupol",2023,423,8.5,26031,97,"Mstyslav Chernov","Mstyslav Chernov","Documentary, War","<a href=""https://www.imdb.com/title/tt24082438"" target=""_blank"">tt24082438</a>","<a href=""https://www.imdb.com/title/tt24082438"" target=""_blank"">20 Days in Mariupol</a>"
"tt0346336","The Best of Youth",2003,424,8.5,25396,374,"Marco Tullio Giordana","Sandro Petraglia, Stefano Rulli","Drama, Romance","<a href=""https://www.imdb.com/title/tt0346336"" target=""_blank"">tt0346336</a>","<a href=""https://www.imdb.com/title/tt0346336"" target=""_blank"">The Best of Youth</a>"
"tt8948790","Jersey",2019,425,8.5,25221,157,"Gowtam Tinnanuri","Gowtam Tinnanuri, Prashant Yarramilli","Drama, Sport","<a href=""https://www.imdb.com/title/tt8948790"" target=""_blank"">tt8948790</a>","<a href=""https://www.imdb.com/title/tt8948790"" target=""_blank"">Jersey</a>"
"tt0903624","The Hobbit: An Unexpected Journey",2012,426,7.8,905452,169,"Peter Jackson","Fran Walsh, Philippa Boyens, Peter Jackson, Guillermo del Toro, J.R.R. Tolkien","Adventure, Fantasy","<a href=""https://www.imdb.com/title/tt0903624"" target=""_blank"">tt0903624</a>","<a href=""https://www.imdb.com/title/tt0903624"" target=""_blank"">The Hobbit: An Unexpected Journey</a>"
"tt3498820","Captain America: Civil War",2016,427,7.8,893407,147,"Anthony Russo, Joe Russo","Christopher Markus, Stephen McFeely, Joe Simon, Jack Kirby","Action, Sci-Fi","<a href=""https://www.imdb.com/title/tt3498820"" target=""_blank"">tt3498820</a>","<a href=""https://www.imdb.com/title/tt3498820"" target=""_blank"">Captain America: Civil War</a>"
"tt1877830","The Batman",2022,428,7.8,876475,176,"Matt Reeves","Matt Reeves, Peter Craig, Bob Kane, Bill Finger","Action, Crime, Drama","<a href=""https://www.imdb.com/title/tt1877830"" target=""_blank"">tt1877830</a>","<a href=""https://www.imdb.com/title/tt1877830"" target=""_blank"">The Batman</a>"
"tt1285016","The Social Network",2010,429,7.8,794078,120,"David Fincher","Aaron Sorkin, Ben Mezrich","Biography, Drama","<a href=""https://www.imdb.com/title/tt1285016"" target=""_blank"">tt1285016</a>","<a href=""https://www.imdb.com/title/tt1285016"" target=""_blank"">The Social Network</a>"
"tt5013056","Dunkirk",2017,430,7.8,776998,106,"Christopher Nolan","Christopher Nolan","Action, Drama, History","<a href=""https://www.imdb.com/title/tt5013056"" target=""_blank"">tt5013056</a>","<a href=""https://www.imdb.com/title/tt5013056"" target=""_blank"">Dunkirk</a>"
"tt5052448","Get Out",2017,431,7.8,765538,104,"Jordan Peele","Jordan Peele","Horror, Mystery, Thriller","<a href=""https://www.imdb.com/title/tt5052448"" target=""_blank"">tt5052448</a>","<a href=""https://www.imdb.com/title/tt5052448"" target=""_blank"">Get Out</a>"
"tt1074638","Skyfall",2012,432,7.8,753044,143,"Sam Mendes","Neal Purvis, Robert Wade, John Logan, Ian Fleming","Action, Adventure, Thriller","<a href=""https://www.imdb.com/title/tt1074638"" target=""_blank"">tt1074638</a>","<a href=""https://www.imdb.com/title/tt1074638"" target=""_blank"">Skyfall</a>"
"tt0780504","Drive",2011,433,7.8,739093,100,"Nicolas Winding Refn","Hossein Amini, James Sallis","Action, Drama","<a href=""https://www.imdb.com/title/tt0780504"" target=""_blank"">tt0780504</a>","<a href=""https://www.imdb.com/title/tt0780504"" target=""_blank"">Drive</a>"
"tt1170358","The Hobbit: The Desolation of Smaug",2013,434,7.8,734177,161,"Peter Jackson","Fran Walsh, Philippa Boyens, Peter Jackson, Guillermo del Toro, J.R.R. Tolkien","Adventure, Fantasy","<a href=""https://www.imdb.com/title/tt1170358"" target=""_blank"">tt1170358</a>","<a href=""https://www.imdb.com/title/tt1170358"" target=""_blank"">The Hobbit: The Desolation of Smaug</a>"
"tt3748528","Rogue One: A Star Wars Story",2016,435,7.8,729087,133,"Gareth Edwards","Chris Weitz, Tony Gilroy, John Knoll, Gary Whitta, George Lucas","Action, Adventure, Sci-Fi","<a href=""https://www.imdb.com/title/tt3748528"" target=""_blank"">tt3748528</a>","<a href=""https://www.imdb.com/title/tt3748528"" target=""_blank"">Rogue One: A Star Wars Story</a>"
"tt0421715","The Curious Case of Benjamin Button",2008,436,7.8,724512,166,"David Fincher","Eric Roth, Robin Swicord, F. Scott Fitzgerald","Drama, Fantasy, Romance","<a href=""https://www.imdb.com/title/tt0421715"" target=""_blank"">tt0421715</a>","<a href=""https://www.imdb.com/title/tt0421715"" target=""_blank"">The Curious Case of Benjamin Button</a>"
"tt3460252","The Hateful Eight",2015,437,7.8,695474,168,"Quentin Tarantino","Quentin Tarantino","Crime, Drama, Mystery","<a href=""https://www.imdb.com/title/tt3460252"" target=""_blank"">tt3460252</a>","<a href=""https://www.imdb.com/title/tt3460252"" target=""_blank"">The Hateful Eight</a>"
"tt0162222","Cast Away",2000,438,7.8,668765,143,"Robert Zemeckis","William Broyles Jr.","Adventure, Drama, Romance","<a href=""https://www.imdb.com/title/tt0162222"" target=""_blank"">tt0162222</a>","<a href=""https://www.imdb.com/title/tt0162222"" target=""_blank"">Cast Away</a>"
"tt0332280","The Notebook",2004,439,7.8,659270,123,"Nick Cassavetes","Jeremy Leven, Jan Sardi, Nicholas Sparks","Drama, Romance","<a href=""https://www.imdb.com/title/tt0332280"" target=""_blank"">tt0332280</a>","<a href=""https://www.imdb.com/title/tt0332280"" target=""_blank"">The Notebook</a>"
"tt2872718","Nightcrawler",2014,440,7.8,640897,117,"Dan Gilroy","Dan Gilroy","Crime, Drama, Thriller","<a href=""https://www.imdb.com/title/tt2872718"" target=""_blank"">tt2872718</a>","<a href=""https://www.imdb.com/title/tt2872718"" target=""_blank"">Nightcrawler</a>"
"tt0096874","Back to the Future Part II",1989,441,7.8,600459,108,"Robert Zemeckis","Robert Zemeckis, Bob Gale","Adventure, Comedy, Sci-Fi","<a href=""https://www.imdb.com/title/tt0096874"" target=""_blank"">tt0096874</a>","<a href=""https://www.imdb.com/title/tt0096874"" target=""_blank"">Back to the Future Part II</a>"
"tt0258463","The Bourne Identity",2002,442,7.8,596832,119,"Doug Liman","Tony Gilroy, William Blake Herron, Robert Ludlum","Action, Mystery, Thriller","<a href=""https://www.imdb.com/title/tt0258463"" target=""_blank"">tt0258463</a>","<a href=""https://www.imdb.com/title/tt0258463"" target=""_blank"">The Bourne Identity</a>"
"tt6710474","Everything Everywhere All at Once",2022,443,7.8,584864,139,"Daniel Kwan, Daniel Scheinert","Daniel Kwan, Daniel Scheinert","Action, Adventure, Comedy","<a href=""https://www.imdb.com/title/tt6710474"" target=""_blank"">tt6710474</a>","<a href=""https://www.imdb.com/title/tt6710474"" target=""_blank"">Everything Everywhere All at Once</a>"
"tt0425112","Hot Fuzz",2007,444,7.8,553689,121,"Edgar Wright","Edgar Wright, Simon Pegg","Action, Comedy, Mystery","<a href=""https://www.imdb.com/title/tt0425112"" target=""_blank"">tt0425112</a>","<a href=""https://www.imdb.com/title/tt0425112"" target=""_blank"">Hot Fuzz</a>"
"tt0099487","Edward Scissorhands",1990,445,7.8,548258,105,"Tim Burton","Tim Burton, Caroline Thompson","Drama, Fantasy, Romance","<a href=""https://www.imdb.com/title/tt0099487"" target=""_blank"">tt0099487</a>","<a href=""https://www.imdb.com/title/tt0099487"" target=""_blank"">Edward Scissorhands</a>"
"tt0449059","Little Miss Sunshine",2006,446,7.8,540018,101,"Jonathan Dayton, Valerie Faris","Michael Arndt","Comedy, Drama","<a href=""https://www.imdb.com/title/tt0449059"" target=""_blank"">tt0449059</a>","<a href=""https://www.imdb.com/title/tt0449059"" target=""_blank"">Little Miss Sunshine</a>"
"tt2245084","Big Hero 6",2014,447,7.8,532184,102,"Don Hall, Chris Williams","Jordan Roberts, Robert L. Baird, Daniel Gerson, Man of Action, Steven T. Seagle, Duncan Rouleau","Action, Adventure, Animation","<a href=""https://www.imdb.com/title/tt2245084"" target=""_blank"">tt2245084</a>","<a href=""https://www.imdb.com/title/tt2245084"" target=""_blank"">Big Hero 6</a>"
"tt1568346","The Girl with the Dragon Tattoo",2011,448,7.8,515584,158,"David Fincher","Steven Zaillian, Stieg Larsson","Crime, Drama, Mystery","<a href=""https://www.imdb.com/title/tt1568346"" target=""_blank"">tt1568346</a>","<a href=""https://www.imdb.com/title/tt1568346"" target=""_blank"">The Girl with the Dragon Tattoo</a>"
"tt1596363","The Big Short",2015,449,7.8,514631,130,"Adam McKay","Charles Randolph, Adam McKay, Michael Lewis","Biography, Comedy, Drama","<a href=""https://www.imdb.com/title/tt1596363"" target=""_blank"">tt1596363</a>","<a href=""https://www.imdb.com/title/tt1596363"" target=""_blank"">The Big Short</a>"
"tt1535109","Captain Phillips",2013,450,7.8,509124,134,"Paul Greengrass","Billy Ray, Richard Phillips, Stephan Talty","Action, Biography, Crime","<a href=""https://www.imdb.com/title/tt1535109"" target=""_blank"">tt1535109</a>","<a href=""https://www.imdb.com/title/tt1535109"" target=""_blank"">Captain Phillips</a>"
"tt0139654","Training Day",2001,451,7.8,498307,122,"Antoine Fuqua","David Ayer","Crime, Drama, Thriller","<a href=""https://www.imdb.com/title/tt0139654"" target=""_blank"">tt0139654</a>","<a href=""https://www.imdb.com/title/tt0139654"" target=""_blank"">Training Day</a>"
"tt0325710","The Last Samurai",2003,452,7.8,491202,154,"Edward Zwick","John Logan, Edward Zwick, Marshall Herskovitz","Action, Drama","<a href=""https://www.imdb.com/title/tt0325710"" target=""_blank"">tt0325710</a>","<a href=""https://www.imdb.com/title/tt0325710"" target=""_blank"">The Last Samurai</a>"
"tt0093773","Predator",1987,453,7.8,479973,107,"John McTiernan","Jim Thomas, John Thomas","Action, Adventure, Horror","<a href=""https://www.imdb.com/title/tt0093773"" target=""_blank"">tt0093773</a>","<a href=""https://www.imdb.com/title/tt0093773"" target=""_blank"">Predator</a>"
"tt0765429","American Gangster",2007,454,7.8,473264,157,"Ridley Scott","Steven Zaillian, Mark Jacobson","Biography, Crime, Drama","<a href=""https://www.imdb.com/title/tt0765429"" target=""_blank"">tt0765429</a>","<a href=""https://www.imdb.com/title/tt0765429"" target=""_blank"">American Gangster</a>"
"tt0087332","Ghostbusters",1984,455,7.8,472333,105,"Ivan Reitman","Dan Aykroyd, Harold Ramis","Action, Comedy, Fantasy","<a href=""https://www.imdb.com/title/tt0087332"" target=""_blank"">tt0087332</a>","<a href=""https://www.imdb.com/title/tt0087332"" target=""_blank"">Ghostbusters</a>"
"tt0088847","The Breakfast Club",1985,456,7.8,459351,97,"John Hughes","John Hughes","Comedy, Drama","<a href=""https://www.imdb.com/title/tt0088847"" target=""_blank"">tt0088847</a>","<a href=""https://www.imdb.com/title/tt0088847"" target=""_blank"">The Breakfast Club</a>"
"tt1302006","The Irishman",2019,457,7.8,455408,209,"Martin Scorsese","Steven Zaillian, Charles Brandt","Biography, Crime, Drama","<a href=""https://www.imdb.com/title/tt1302006"" target=""_blank"">tt1302006</a>","<a href=""https://www.imdb.com/title/tt1302006"" target=""_blank"">The Irishman</a>"
"tt8367814","The Gentlemen",2019,458,7.8,436794,113,"Guy Ritchie","Guy Ritchie, Ivan Atkinson, Marn Davies, Lauren Bond","Action, Crime","<a href=""https://www.imdb.com/title/tt8367814"" target=""_blank"">tt8367814</a>","<a href=""https://www.imdb.com/title/tt8367814"" target=""_blank"">The Gentlemen</a>"
"tt2194499","About Time",2013,459,7.8,415140,123,"Richard Curtis","Richard Curtis","Comedy, Drama, Fantasy","<a href=""https://www.imdb.com/title/tt2194499"" target=""_blank"">tt2194499</a>","<a href=""https://www.imdb.com/title/tt2194499"" target=""_blank"">About Time</a>"
"tt0091042","Ferris Bueller's Day Off",1986,460,7.8,404235,103,"John Hughes","John Hughes","Comedy","<a href=""https://www.imdb.com/title/tt0091042"" target=""_blank"">tt0091042</a>","<a href=""https://www.imdb.com/title/tt0091042"" target=""_blank"">Ferris Bueller's Day Off</a>"
"tt0964517","The Fighter",2010,461,7.8,400019,116,"David O. Russell","Keith Dorrington, Paul Tamasy, Eric Johnson, Scott Silver","Action, Biography, Drama","<a href=""https://www.imdb.com/title/tt0964517"" target=""_blank"">tt0964517</a>","<a href=""https://www.imdb.com/title/tt0964517"" target=""_blank"">The Fighter</a>"
"tt1182345","Moon",2009,462,7.8,387198,97,"Duncan Jones","Duncan Jones, Nathan Parker","Drama, Mystery, Sci-Fi","<a href=""https://www.imdb.com/title/tt1182345"" target=""_blank"">tt1182345</a>","<a href=""https://www.imdb.com/title/tt1182345"" target=""_blank"">Moon</a>"
"tt1646971","How to Train Your Dragon 2",2014,463,7.8,385757,102,"Dean DeBlois","Dean DeBlois, Cressida Cowell","Action, Adventure, Animation","<a href=""https://www.imdb.com/title/tt1646971"" target=""_blank"">tt1646971</a>","<a href=""https://www.imdb.com/title/tt1646971"" target=""_blank"">How to Train Your Dragon 2</a>"
"tt1748122","Moonrise Kingdom",2012,464,7.8,376107,94,"Wes Anderson","Wes Anderson, Roman Coppola","Adventure, Comedy, Drama","<a href=""https://www.imdb.com/title/tt1748122"" target=""_blank"">tt1748122</a>","<a href=""https://www.imdb.com/title/tt1748122"" target=""_blank"">Moonrise Kingdom</a>"
"tt0414387","Pride & Prejudice",2005,465,7.8,357001,129,"Joe Wright","Deborah Moggach, Jane Austen, Emma Thompson","Drama, Romance","<a href=""https://www.imdb.com/title/tt0414387"" target=""_blank"">tt0414387</a>","<a href=""https://www.imdb.com/title/tt0414387"" target=""_blank"">Pride & Prejudice</a>"
"tt0472043","Apocalypto",2006,466,7.8,346364,139,"Mel Gibson","Mel Gibson, Farhad Safinia","Action, Adventure, Drama","<a href=""https://www.imdb.com/title/tt0472043"" target=""_blank"">tt0472043</a>","<a href=""https://www.imdb.com/title/tt0472043"" target=""_blank"">Apocalypto</a>"
"tt14230458","Poor Things",2023,467,7.8,346030,141,"Yorgos Lanthimos","Tony McNamara, Alasdair Gray","Comedy, Drama, Romance","<a href=""https://www.imdb.com/title/tt14230458"" target=""_blank"">tt14230458</a>","<a href=""https://www.imdb.com/title/tt14230458"" target=""_blank"">Poor Things</a>"
"tt0094226","The Untouchables",1987,468,7.8,344942,119,"Brian De Palma","David Mamet, Oscar Fraley, Eliot Ness, Paul Robsky, Chip Miller","Crime, Drama, Thriller","<a href=""https://www.imdb.com/title/tt0094226"" target=""_blank"">tt0094226</a>","<a href=""https://www.imdb.com/title/tt0094226"" target=""_blank"">The Untouchables</a>"
"tt5726616","Call Me by Your Name",2017,469,7.8,341883,132,"Luca Guadagnino","James Ivory, André Aciman","Drama, Romance","<a href=""https://www.imdb.com/title/tt5726616"" target=""_blank"">tt5726616</a>","<a href=""https://www.imdb.com/title/tt5726616"" target=""_blank"">Call Me by Your Name</a>"
"tt4034228","Manchester by the Sea",2016,470,7.8,337055,137,"Kenneth Lonergan","Kenneth Lonergan","Drama","<a href=""https://www.imdb.com/title/tt4034228"" target=""_blank"">tt4034228</a>","<a href=""https://www.imdb.com/title/tt4034228"" target=""_blank"">Manchester by the Sea</a>"
"tt0106977","The Fugitive",1993,471,7.8,334948,130,"Andrew Davis","Jeb Stuart, David Twohy, Roy Huggins","Action, Crime, Drama","<a href=""https://www.imdb.com/title/tt0106977"" target=""_blank"">tt0106977</a>","<a href=""https://www.imdb.com/title/tt0106977"" target=""_blank"">The Fugitive</a>"
"tt0783233","Atonement",2007,472,7.8,316142,123,"Joe Wright","Ian McEwan, Christopher Hampton","Drama, Mystery, Romance","<a href=""https://www.imdb.com/title/tt0783233"" target=""_blank"">tt0783233</a>","<a href=""https://www.imdb.com/title/tt0783233"" target=""_blank"">Atonement</a>"
"tt0379786","Serenity",2005,473,7.8,311351,119,"Joss Whedon","Joss Whedon","Action, Adventure, Sci-Fi","<a href=""https://www.imdb.com/title/tt0379786"" target=""_blank"">tt0379786</a>","<a href=""https://www.imdb.com/title/tt0379786"" target=""_blank"">Serenity</a>"
"tt0181875","Almost Famous",2000,474,7.9,305544,122,"Cameron Crowe","Cameron Crowe","Adventure, Comedy, Drama","<a href=""https://www.imdb.com/title/tt0181875"" target=""_blank"">tt0181875</a>","<a href=""https://www.imdb.com/title/tt0181875"" target=""_blank"">Almost Famous</a>"
"tt0118749","Boogie Nights",1997,475,7.9,292235,155,"Paul Thomas Anderson","Paul Thomas Anderson","Drama","<a href=""https://www.imdb.com/title/tt0118749"" target=""_blank"">tt0118749</a>","<a href=""https://www.imdb.com/title/tt0118749"" target=""_blank"">Boogie Nights</a>"
"tt0190332","Crouching Tiger, Hidden Dragon",2000,476,7.9,288900,120,"Ang Lee","Hui-Ling Wang, James Schamus, Kuo Jung Tsai, Du Lu Wang","Action, Adventure, Drama","<a href=""https://www.imdb.com/title/tt0190332"" target=""_blank"">tt0190332</a>","<a href=""https://www.imdb.com/title/tt0190332"" target=""_blank"">Crouching Tiger, Hidden Dragon</a>"
"tt0432283","Fantastic Mr. Fox",2009,477,7.9,288654,87,"Wes Anderson","Roald Dahl, Wes Anderson, Noah Baumbach","Adventure, Animation, Comedy","<a href=""https://www.imdb.com/title/tt0432283"" target=""_blank"">tt0432283</a>","<a href=""https://www.imdb.com/title/tt0432283"" target=""_blank"">Fantastic Mr. Fox</a>"
"tt0327597","Coraline",2009,478,7.8,285579,100,"Henry Selick","Henry Selick, Neil Gaiman","Animation, Drama, Family","<a href=""https://www.imdb.com/title/tt0327597"" target=""_blank"">tt0327597</a>","<a href=""https://www.imdb.com/title/tt0327597"" target=""_blank"">Coraline</a>"
"tt0075686","Annie Hall",1977,479,7.9,285120,93,"Woody Allen","Woody Allen, Marshall Brickman","Comedy, Romance","<a href=""https://www.imdb.com/title/tt0075686"" target=""_blank"">tt0075686</a>","<a href=""https://www.imdb.com/title/tt0075686"" target=""_blank"">Annie Hall</a>"
"tt1016150","All Quiet on the Western Front",2022,480,7.8,276795,148,"Edward Berger","Edward Berger, Lesley Paterson, Ian Stokell, Erich Maria Remarque","Drama, History, War","<a href=""https://www.imdb.com/title/tt1016150"" target=""_blank"">tt1016150</a>","<a href=""https://www.imdb.com/title/tt1016150"" target=""_blank"">All Quiet on the Western Front</a>"
"tt4846340","Hidden Figures",2016,481,7.8,276193,127,"Theodore Melfi","Allison Schroeder, Theodore Melfi, Margot Lee Shetterly","Biography, Drama, History","<a href=""https://www.imdb.com/title/tt4846340"" target=""_blank"">tt4846340</a>","<a href=""https://www.imdb.com/title/tt4846340"" target=""_blank"">Hidden Figures</a>"
"tt0358273","Walk the Line",2005,482,7.8,275145,136,"James Mangold","Johnny Cash, Gill Dennis, James Mangold, Patrick Carr","Biography, Drama, Music","<a href=""https://www.imdb.com/title/tt0358273"" target=""_blank"">tt0358273</a>","<a href=""https://www.imdb.com/title/tt0358273"" target=""_blank"">Walk the Line</a>"
"tt0108399","True Romance",1993,483,7.9,253442,119,"Tony Scott","Quentin Tarantino, Roger Avary","Crime, Drama, Romance","<a href=""https://www.imdb.com/title/tt0108399"" target=""_blank"">tt0108399</a>","<a href=""https://www.imdb.com/title/tt0108399"" target=""_blank"">True Romance</a>"
"tt0058461","A Fistful of Dollars",1964,484,7.9,245511,99,"Sergio Leone","Adriano Bolzoni, Mark Lowell, Víctor Andrés Catena, Sergio Leone, Jaime Comas Gil, Akira Kurosawa, Fernando Di Leo, Ryûzô Kikushima, Duccio Tessari, Tonino Valerii","Drama, Western","<a href=""https://www.imdb.com/title/tt0058461"" target=""_blank"">tt0058461</a>","<a href=""https://www.imdb.com/title/tt0058461"" target=""_blank"">A Fistful of Dollars</a>"
"tt0106519","Carlito's Way",1993,485,7.9,241262,144,"Brian De Palma","Edwin Torres, David Koepp","Crime, Drama, Thriller","<a href=""https://www.imdb.com/title/tt0106519"" target=""_blank"">tt0106519</a>","<a href=""https://www.imdb.com/title/tt0106519"" target=""_blank"">Carlito's Way</a>"
"tt0080455","The Blues Brothers",1980,486,7.9,222952,133,"John Landis","Dan Aykroyd, John Landis","Adventure, Comedy, Crime","<a href=""https://www.imdb.com/title/tt0080455"" target=""_blank"">tt0080455</a>","<a href=""https://www.imdb.com/title/tt0080455"" target=""_blank"">The Blues Brothers</a>"
"tt14849194","The Holdovers",2023,487,7.9,201965,133,"Alexander Payne","David Hemingson","Comedy, Drama","<a href=""https://www.imdb.com/title/tt14849194"" target=""_blank"">tt14849194</a>","<a href=""https://www.imdb.com/title/tt14849194"" target=""_blank"">The Holdovers</a>"
"tt0299977","Hero",2002,488,7.9,191127,107,"Yimou Zhang","Feng Li, Yimou Zhang, Bin Wang","Action, Adventure, Drama","<a href=""https://www.imdb.com/title/tt0299977"" target=""_blank"">tt0299977</a>","<a href=""https://www.imdb.com/title/tt0299977"" target=""_blank"">Hero</a>"
"tt2543472","Wonder",2017,489,7.9,189398,113,"Stephen Chbosky","Stephen Chbosky, Steve Conrad, Jack Thorne, R.J. Palacio","Drama, Family","<a href=""https://www.imdb.com/title/tt2543472"" target=""_blank"">tt2543472</a>","<a href=""https://www.imdb.com/title/tt2543472"" target=""_blank"">Wonder</a>"
"tt2209418","Before Midnight",2013,490,7.9,180045,109,"Richard Linklater","Richard Linklater, Julie Delpy, Ethan Hawke, Kim Krizan","Drama, Romance","<a href=""https://www.imdb.com/title/tt2209418"" target=""_blank"">tt2209418</a>","<a href=""https://www.imdb.com/title/tt2209418"" target=""_blank"">Before Midnight</a>"
"tt0085334","A Christmas Story",1983,491,7.9,175299,93,"Bob Clark","Jean Shepherd, Leigh Brown, Bob Clark","Comedy, Family","<a href=""https://www.imdb.com/title/tt0085334"" target=""_blank"">tt0085334</a>","<a href=""https://www.imdb.com/title/tt0085334"" target=""_blank"">A Christmas Story</a>"
"tt0033870","The Maltese Falcon",1941,492,7.9,171400,100,"John Huston","John Huston, Dashiell Hammett","Crime, Drama, Film-Noir","<a href=""https://www.imdb.com/title/tt0033870"" target=""_blank"">tt0033870</a>","<a href=""https://www.imdb.com/title/tt0033870"" target=""_blank"">The Maltese Falcon</a>"
"tt0113568","Ghost in the Shell",1995,493,7.9,166265,83,"Mamoru Oshii","Shirow Masamune, Kazunori Itô","Action, Animation, Crime","<a href=""https://www.imdb.com/title/tt0113568"" target=""_blank"">tt0113568</a>","<a href=""https://www.imdb.com/title/tt0113568"" target=""_blank"">Ghost in the Shell</a>"
"tt0040746","Rope",1948,494,7.9,161024,80,"Alfred Hitchcock","Hume Cronyn, Patrick Hamilton, Arthur Laurents, Ben Hecht","Crime, Drama, Mystery","<a href=""https://www.imdb.com/title/tt0040746"" target=""_blank"">tt0040746</a>","<a href=""https://www.imdb.com/title/tt0040746"" target=""_blank"">Rope</a>"
"tt0088258","This Is Spinal Tap",1984,495,7.9,152096,82,"Rob Reiner","Christopher Guest, Michael McKean, Harry Shearer, Rob Reiner","Comedy, Music","<a href=""https://www.imdb.com/title/tt0088258"" target=""_blank"">tt0088258</a>","<a href=""https://www.imdb.com/title/tt0088258"" target=""_blank"">This Is Spinal Tap</a>"
"tt0054331","Spartacus",1960,496,7.9,148546,197,"Stanley Kubrick, Anthony Mann","Dalton Trumbo, Howard Fast, Peter Ustinov, Calder Willingham, Plutarch","Adventure, Biography, Drama","<a href=""https://www.imdb.com/title/tt0054331"" target=""_blank"">tt0054331</a>","<a href=""https://www.imdb.com/title/tt0054331"" target=""_blank"">Spartacus</a>"
"tt0044079","Strangers on a Train",1951,497,7.9,145999,101,"Alfred Hitchcock","Raymond Chandler, Czenzi Ormonde, Whitfield Cook, Patricia Highsmith, Ben Hecht","Crime, Drama, Film-Noir","<a href=""https://www.imdb.com/title/tt0044079"" target=""_blank"">tt0044079</a>","<a href=""https://www.imdb.com/title/tt0044079"" target=""_blank"">Strangers on a Train</a>"
"tt2265171","The Raid 2",2014,498,7.9,136270,150,"Gareth Evans","Gareth Evans","Action, Crime, Thriller","<a href=""https://www.imdb.com/title/tt2265171"" target=""_blank"">tt2265171</a>","<a href=""https://www.imdb.com/title/tt2265171"" target=""_blank"">The Raid 2</a>"
"tt0074119","All the President's Men",1976,499,7.9,131697,138,"Alan J. Pakula","Carl Bernstein, Bob Woodward, William Goldman","Drama, History, Thriller","<a href=""https://www.imdb.com/title/tt0074119"" target=""_blank"">tt0074119</a>","<a href=""https://www.imdb.com/title/tt0074119"" target=""_blank"">All the President's Men</a>"
"tt0168629","Dancer in the Dark",2000,500,7.9,121136,135,"Lars von Trier","Lars von Trier, Sjón","Crime, Drama, Musical","<a href=""https://www.imdb.com/title/tt0168629"" target=""_blank"">tt0168629</a>","<a href=""https://www.imdb.com/title/tt0168629"" target=""_blank"">Dancer in the Dark</a>"
"tt1188996","My Name Is Khan",2010,501,7.9,120211,165,"Karan Johar","Shibani Bathija, Niranjan Iyengar","Drama, Romance","<a href=""https://www.imdb.com/title/tt1188996"" target=""_blank"">tt1188996</a>","<a href=""https://www.imdb.com/title/tt1188996"" target=""_blank"">My Name Is Khan</a>"
"tt0287467","Talk to Her",2002,502,7.9,120190,112,"Pedro Almodóvar","Pedro Almodóvar","Drama, Mystery, Romance","<a href=""https://www.imdb.com/title/tt0287467"" target=""_blank"">tt0287467</a>","<a href=""https://www.imdb.com/title/tt0287467"" target=""_blank"">Talk to Her</a>"
"tt0097216","Do the Right Thing",1989,503,7.9,119526,120,"Spike Lee","Spike Lee","Comedy, Drama","<a href=""https://www.imdb.com/title/tt0097216"" target=""_blank"">tt0097216</a>","<a href=""https://www.imdb.com/title/tt0097216"" target=""_blank"">Do the Right Thing</a>"
"tt0044081","A Streetcar Named Desire",1951,504,7.9,117854,122,"Elia Kazan","Tennessee Williams, Oscar Saul","Drama","<a href=""https://www.imdb.com/title/tt0044081"" target=""_blank"">tt0044081</a>","<a href=""https://www.imdb.com/title/tt0044081"" target=""_blank"">A Streetcar Named Desire</a>"
"tt0044706","High Noon",1952,505,7.9,114073,85,"Fred Zinnemann","Carl Foreman, John W. Cunningham","Drama, Thriller, Western","<a href=""https://www.imdb.com/title/tt0044706"" target=""_blank"">tt0044706</a>","<a href=""https://www.imdb.com/title/tt0044706"" target=""_blank"">High Noon</a>"
"tt0052311","Touch of Evil",1958,506,7.9,112914,95,"Orson Welles","Orson Welles, Whit Masterson, Franklin Coen, Paul Monash","Crime, Drama, Film-Noir","<a href=""https://www.imdb.com/title/tt0052311"" target=""_blank"">tt0052311</a>","<a href=""https://www.imdb.com/title/tt0052311"" target=""_blank"">Touch of Evil</a>"
"tt0066206","Patton",1970,507,7.9,111832,172,"Franklin J. Schaffner","Francis Ford Coppola, Edmund H. North, Ladislas Farago, Omar N. Bradley","Biography, Drama, War","<a href=""https://www.imdb.com/title/tt0066206"" target=""_blank"">tt0066206</a>","<a href=""https://www.imdb.com/title/tt0066206"" target=""_blank"">Patton</a>"
"tt0038787","Notorious",1946,508,7.9,111285,102,"Alfred Hitchcock","Ben Hecht, Alfred Hitchcock, John Taintor Foote, Clifford Odets","Drama, Film-Noir, Mystery","<a href=""https://www.imdb.com/title/tt0038787"" target=""_blank"">tt0038787</a>","<a href=""https://www.imdb.com/title/tt0038787"" target=""_blank"">Notorious</a>"
"tt1602620","Amour",2012,509,7.9,108547,127,"Michael Haneke","Michael Haneke","Drama","<a href=""https://www.imdb.com/title/tt1602620"" target=""_blank"">tt1602620</a>","<a href=""https://www.imdb.com/title/tt1602620"" target=""_blank"">Amour</a>"
"tt3544112","Sing Street",2016,510,7.9,104954,106,"John Carney","Simon Carmody, John Carney","Comedy, Drama, Music","<a href=""https://www.imdb.com/title/tt3544112"" target=""_blank"">tt3544112</a>","<a href=""https://www.imdb.com/title/tt3544112"" target=""_blank"">Sing Street</a>"
"tt0166896","The Straight Story",1999,511,8,104739,112,"David Lynch","John Roach, Mary Sweeney","Biography, Drama","<a href=""https://www.imdb.com/title/tt0166896"" target=""_blank"">tt0166896</a>","<a href=""https://www.imdb.com/title/tt0166896"" target=""_blank"">The Straight Story</a>"
"tt0109424","Chungking Express",1994,512,7.9,104688,102,"Wong Kar-Wai","Wong Kar-Wai","Comedy, Crime, Drama","<a href=""https://www.imdb.com/title/tt0109424"" target=""_blank"">tt0109424</a>","<a href=""https://www.imdb.com/title/tt0109424"" target=""_blank"">Chungking Express</a>"
"tt0808417","Persepolis",2007,513,8,103304,96,"Vincent Paronnaud, Marjane Satrapi","Marjane Satrapi, Vincent Paronnaud","Animation, Biography, Drama","<a href=""https://www.imdb.com/title/tt0808417"" target=""_blank"">tt0808417</a>","<a href=""https://www.imdb.com/title/tt0808417"" target=""_blank"">Persepolis</a>"
"tt0048424","The Night of the Hunter",1955,514,8,103070,92,"Charles Laughton","Davis Grubb, James Agee, Charles Laughton","Crime, Drama, Film-Noir","<a href=""https://www.imdb.com/title/tt0048424"" target=""_blank"">tt0048424</a>","<a href=""https://www.imdb.com/title/tt0048424"" target=""_blank"">The Night of the Hunter</a>"
"tt0069293","Solaris",1972,515,7.9,102344,167,"Andrei Tarkovsky","Stanislaw Lem, Fridrikh Gorenshteyn, Andrei Tarkovsky","Drama, Mystery, Sci-Fi","<a href=""https://www.imdb.com/title/tt0069293"" target=""_blank"">tt0069293</a>","<a href=""https://www.imdb.com/title/tt0069293"" target=""_blank"">Solaris</a>"
"tt0049406","The Killing",1956,516,7.9,102332,84,"Stanley Kubrick","Stanley Kubrick, Jim Thompson, Lionel White","Crime, Drama, Film-Noir","<a href=""https://www.imdb.com/title/tt0049406"" target=""_blank"">tt0049406</a>","<a href=""https://www.imdb.com/title/tt0049406"" target=""_blank"">The Killing</a>"
"tt0117666","Sling Blade",1996,517,8,102243,135,"Billy Bob Thornton","Billy Bob Thornton","Drama","<a href=""https://www.imdb.com/title/tt0117666"" target=""_blank"">tt0117666</a>","<a href=""https://www.imdb.com/title/tt0117666"" target=""_blank"">Sling Blade</a>"
"tt0154420","The Celebration",1998,518,8,98070,101,"Thomas Vinterberg","Thomas Vinterberg, Mogens Rukov","Drama","<a href=""https://www.imdb.com/title/tt0154420"" target=""_blank"">tt0154420</a>","<a href=""https://www.imdb.com/title/tt0154420"" target=""_blank"">The Celebration</a>"
"tt2370248","Short Term 12",2013,519,7.9,94047,96,"Destin Daniel Cretton","Destin Daniel Cretton","Drama","<a href=""https://www.imdb.com/title/tt2370248"" target=""_blank"">tt2370248</a>","<a href=""https://www.imdb.com/title/tt2370248"" target=""_blank"">Short Term 12</a>"
"tt0024216","King Kong",1933,520,7.9,93916,100,"Merian C. Cooper, Ernest B. Schoedsack","James Ashmore Creelman, Ruth Rose, Merian C. Cooper, Edgar Wallace, Leon Gordon","Adventure, Horror","<a href=""https://www.imdb.com/title/tt0024216"" target=""_blank"">tt0024216</a>","<a href=""https://www.imdb.com/title/tt0024216"" target=""_blank"">King Kong</a>"
"tt0038355","The Big Sleep",1946,521,7.9,93529,114,"Howard Hawks","William Faulkner, Leigh Brackett, Jules Furthman, Raymond Chandler","Crime, Drama, Film-Noir","<a href=""https://www.imdb.com/title/tt0038355"" target=""_blank"">tt0038355</a>","<a href=""https://www.imdb.com/title/tt0038355"" target=""_blank"">The Big Sleep</a>"
"tt0065214","The Wild Bunch",1969,522,7.9,93306,135,"Sam Peckinpah","Walon Green, Sam Peckinpah, Roy N. Sickner","Action, Adventure, Drama","<a href=""https://www.imdb.com/title/tt0065214"" target=""_blank"">tt0065214</a>","<a href=""https://www.imdb.com/title/tt0065214"" target=""_blank"">The Wild Bunch</a>"
"tt8075192","Shoplifters",2018,523,7.9,91995,121,"Hirokazu Koreeda","Hirokazu Koreeda","Crime, Drama, Thriller","<a href=""https://www.imdb.com/title/tt8075192"" target=""_blank"">tt8075192</a>","<a href=""https://www.imdb.com/title/tt8075192"" target=""_blank"">Shoplifters</a>"
"tt1555149","Elite Squad 2: The Enemy Within",2010,524,8,89848,115,"José Padilha","José Padilha, Rodrigo Pimentel, Bráulio Mantovani","Crime, Drama, Thriller","<a href=""https://www.imdb.com/title/tt1555149"" target=""_blank"">tt1555149</a>","<a href=""https://www.imdb.com/title/tt1555149"" target=""_blank"">Elite Squad 2: The Enemy Within</a>"
"tt0374546","Spring, Summer, Fall, Winter... and Spring",2003,525,8,89211,103,"Kim Ki-duk","Kim Ki-duk","Drama, Romance","<a href=""https://www.imdb.com/title/tt0374546"" target=""_blank"">tt0374546</a>","<a href=""https://www.imdb.com/title/tt0374546"" target=""_blank"">Spring, Summer, Fall, Winter... and Spring</a>"
"tt0084503","Pink Floyd: The Wall",1982,526,8,88064,95,"Alan Parker","Roger Waters","Drama, Fantasy, Music","<a href=""https://www.imdb.com/title/tt0084503"" target=""_blank"">tt0084503</a>","<a href=""https://www.imdb.com/title/tt0084503"" target=""_blank"">Pink Floyd: The Wall</a>"
"tt0369702","The Sea Inside",2004,527,8,87126,126,"Alejandro Amenábar","Alejandro Amenábar, Mateo Gil","Biography, Drama","<a href=""https://www.imdb.com/title/tt0369702"" target=""_blank"">tt0369702</a>","<a href=""https://www.imdb.com/title/tt0369702"" target=""_blank"">The Sea Inside</a>"
"tt0053779","La Dolce Vita",1960,528,8,82856,174,"Federico Fellini","Federico Fellini, Ennio Flaiano, Tullio Pinelli, Brunello Rondi, Pier Paolo Pasolini","Comedy, Drama","<a href=""https://www.imdb.com/title/tt0053779"" target=""_blank"">tt0053779</a>","<a href=""https://www.imdb.com/title/tt0053779"" target=""_blank"">La Dolce Vita</a>"
"tt0061184","Who's Afraid of Virginia Woolf?",1966,529,8,82608,131,"Mike Nichols","Ernest Lehman, Edward Albee","Drama","<a href=""https://www.imdb.com/title/tt0061184"" target=""_blank"">tt0061184</a>","<a href=""https://www.imdb.com/title/tt0061184"" target=""_blank"">Who's Afraid of Virginia Woolf?</a>"
"tt0112870","Dilwale Dulhania Le Jayenge",1995,530,8,80605,181,"Aditya Chopra","Aditya Chopra, Javed Siddiqui","Drama, Romance","<a href=""https://www.imdb.com/title/tt0112870"" target=""_blank"">tt0112870</a>","<a href=""https://www.imdb.com/title/tt0112870"" target=""_blank"">Dilwale Dulhania Le Jayenge</a>"
"tt0292490","Dil Chahta Hai",2001,531,8,78159,183,"Farhan Akhtar","Kassim Jagmagia, Farhan Akhtar, Karan Vishwanath Kashyap, Karan Kashyap","Comedy, Drama, Romance","<a href=""https://www.imdb.com/title/tt0292490"" target=""_blank"">tt0292490</a>","<a href=""https://www.imdb.com/title/tt0292490"" target=""_blank"">Dil Chahta Hai</a>"
"tt0386032","Sicko",2007,532,8,77788,123,"Michael Moore","Michael Moore","Documentary, Drama","<a href=""https://www.imdb.com/title/tt0386032"" target=""_blank"">tt0386032</a>","<a href=""https://www.imdb.com/title/tt0386032"" target=""_blank"">Sicko</a>"
"tt0052561","Anatomy of a Murder",1959,533,8,75566,161,"Otto Preminger","Wendell Mayes, John D. Voelker","Drama, Mystery","<a href=""https://www.imdb.com/title/tt0052561"" target=""_blank"">tt0052561</a>","<a href=""https://www.imdb.com/title/tt0052561"" target=""_blank"">Anatomy of a Murder</a>"
"tt0010323","The Cabinet of Dr. Caligari",1920,534,8,73765,67,"Robert Wiene","Carl Mayer, Hans Janowitz","Horror, Mystery, Thriller","<a href=""https://www.imdb.com/title/tt0010323"" target=""_blank"">tt0010323</a>","<a href=""https://www.imdb.com/title/tt0010323"" target=""_blank"">The Cabinet of Dr. Caligari</a>"
"tt4169250","M.S. Dhoni: The Untold Story",2016,535,8,72321,184,"Neeraj Pandey","Neeraj Pandey, Dilip Jha, Shyam Maheshwari, Guru Thakur, Mohinder Pratap Singh","Biography, Drama, Sport","<a href=""https://www.imdb.com/title/tt4169250"" target=""_blank"">tt4169250</a>","<a href=""https://www.imdb.com/title/tt4169250"" target=""_blank"">M.S. Dhoni: The Untold Story</a>"
"tt0120731","The Legend of 1900",1998,536,8,71704,169,"Giuseppe Tornatore","Alessandro Baricco, Giuseppe Tornatore","Drama, Music, Romance","<a href=""https://www.imdb.com/title/tt0120731"" target=""_blank"">tt0120731</a>","<a href=""https://www.imdb.com/title/tt0120731"" target=""_blank"">The Legend of 1900</a>"
"tt0053221","Rio Bravo",1959,537,8,71316,141,"Howard Hawks","Jules Furthman, Leigh Brackett, B.H. McCampbell","Western","<a href=""https://www.imdb.com/title/tt0053221"" target=""_blank"">tt0053221</a>","<a href=""https://www.imdb.com/title/tt0053221"" target=""_blank"">Rio Bravo</a>"
"tt0384116","G.O.R.A.",2004,538,8,69560,127,"Ömer Faruk Sorak","Cem Yilmaz, Özgü Namal","Adventure, Comedy, Sci-Fi","<a href=""https://www.imdb.com/title/tt0384116"" target=""_blank"">tt0384116</a>","<a href=""https://www.imdb.com/title/tt0384116"" target=""_blank"">G.O.R.A.</a>"
"tt0047528","La Strada",1954,539,8,68490,108,"Federico Fellini","Federico Fellini, Tullio Pinelli, Ennio Flaiano","Drama","<a href=""https://www.imdb.com/title/tt0047528"" target=""_blank"">tt0047528</a>","<a href=""https://www.imdb.com/title/tt0047528"" target=""_blank"">La Strada</a>"
"tt1865505","Song of the Sea",2014,540,8,66070,93,"Tomm Moore","Will Collins, Tomm Moore","Adventure, Animation, Drama","<a href=""https://www.imdb.com/title/tt1865505"" target=""_blank"">tt1865505</a>","<a href=""https://www.imdb.com/title/tt1865505"" target=""_blank"">Song of the Sea</a>"
"tt0056687","What Ever Happened to Baby Jane?",1962,541,8,65246,134,"Robert Aldrich","Henry Farrell, Lukas Heller","Drama, Horror, Thriller","<a href=""https://www.imdb.com/title/tt0056687"" target=""_blank"">tt0056687</a>","<a href=""https://www.imdb.com/title/tt0056687"" target=""_blank"">What Ever Happened to Baby Jane?</a>"
"tt3612616","Mommy",2014,542,8,64164,139,"Xavier Dolan","Xavier Dolan","Drama","<a href=""https://www.imdb.com/title/tt3612616"" target=""_blank"">tt3612616</a>","<a href=""https://www.imdb.com/title/tt3612616"" target=""_blank"">Mommy</a>"
"tt0114787","Underground",1995,543,8,62982,167,"Emir Kusturica","Dusan Kovacevic, Emir Kusturica","Comedy, Drama, Fantasy","<a href=""https://www.imdb.com/title/tt0114787"" target=""_blank"">tt0114787</a>","<a href=""https://www.imdb.com/title/tt0114787"" target=""_blank"">Underground</a>"
"tt0062229","Le Samouraï",1967,544,8,62878,101,"Jean-Pierre Melville","Jean-Pierre Melville, Joan McLeod, Georges Pellegrin","Crime, Drama, Thriller","<a href=""https://www.imdb.com/title/tt0062229"" target=""_blank"">tt0062229</a>","<a href=""https://www.imdb.com/title/tt0062229"" target=""_blank"">Le Samouraï</a>"
"tt1185616","Waltz with Bashir",2008,545,8,61871,90,"Ari Folman","Ari Folman","Animation, Biography, Documentary","<a href=""https://www.imdb.com/title/tt1185616"" target=""_blank"">tt1185616</a>","<a href=""https://www.imdb.com/title/tt1185616"" target=""_blank"">Waltz with Bashir</a>"
"tt2377938","Special 26",2013,546,8,61057,144,"Neeraj Pandey","Neeraj Pandey","Crime, Drama, History","<a href=""https://www.imdb.com/title/tt2377938"" target=""_blank"">tt2377938</a>","<a href=""https://www.imdb.com/title/tt2377938"" target=""_blank"">Special 26</a>"
"tt0073707","Sholay",1975,547,8.1,60848,162,"Ramesh Sippy","Javed Akhtar, Salim Khan","Action, Adventure, Comedy","<a href=""https://www.imdb.com/title/tt0073707"" target=""_blank"">tt0073707</a>","<a href=""https://www.imdb.com/title/tt0073707"" target=""_blank"">Sholay</a>"
"tt3390572","Haider",2014,548,8,59592,160,"Vishal Bhardwaj","William Shakespeare, Basharat Peer, Vishal Bhardwaj","Action, Crime, Drama","<a href=""https://www.imdb.com/title/tt3390572"" target=""_blank"">tt3390572</a>","<a href=""https://www.imdb.com/title/tt3390572"" target=""_blank"">Haider</a>"
"tt4044364","Citizenfour",2014,549,8,59201,114,"Laura Poitras",NA,"Biography, Documentary","<a href=""https://www.imdb.com/title/tt4044364"" target=""_blank"">tt4044364</a>","<a href=""https://www.imdb.com/title/tt4044364"" target=""_blank"">Citizenfour</a>"
"tt0060107","Andrei Rublev",1966,550,8,59148,189,"Andrei Tarkovsky","Andrei Konchalovsky, Andrei Tarkovsky","Biography, Drama, History","<a href=""https://www.imdb.com/title/tt0060107"" target=""_blank"">tt0060107</a>","<a href=""https://www.imdb.com/title/tt0060107"" target=""_blank"">Andrei Rublev</a>"
"tt2576852","The Tale of The Princess Kaguya",2013,551,8,58702,137,"Isao Takahata","Isao Takahata, Riko Sakaguchi","Animation, Drama, Family","<a href=""https://www.imdb.com/title/tt2576852"" target=""_blank"">tt2576852</a>","<a href=""https://www.imdb.com/title/tt2576852"" target=""_blank"">The Tale of The Princess Kaguya</a>"
"tt0050613","Throne of Blood",1957,552,8,58371,110,"Akira Kurosawa","Hideo Oguni, Shinobu Hashimoto, Ryûzô Kikushima, Akira Kurosawa, William Shakespeare","Drama","<a href=""https://www.imdb.com/title/tt0050613"" target=""_blank"">tt0050613</a>","<a href=""https://www.imdb.com/title/tt0050613"" target=""_blank"">Throne of Blood</a>"
"tt0118843","Black Cat, White Cat",1998,553,8,57798,127,"Emir Kusturica","Gordan Mihic","Comedy, Crime, Romance","<a href=""https://www.imdb.com/title/tt0118843"" target=""_blank"">tt0118843</a>","<a href=""https://www.imdb.com/title/tt0118843"" target=""_blank"">Black Cat, White Cat</a>"
"tt2758880","Winter Sleep",2014,554,8,57684,196,"Nuri Bilge Ceylan","Ebru Ceylan, Nuri Bilge Ceylan, Anton Chekhov","Drama","<a href=""https://www.imdb.com/title/tt2758880"" target=""_blank"">tt2758880</a>","<a href=""https://www.imdb.com/title/tt2758880"" target=""_blank"">Winter Sleep</a>"
"tt0109117","Andaz Apna Apna",1994,555,8,56869,160,"Rajkumar Santoshi","Rajkumar Santoshi, Dilip Shukla","Action, Comedy, Romance","<a href=""https://www.imdb.com/title/tt0109117"" target=""_blank"">tt0109117</a>","<a href=""https://www.imdb.com/title/tt0109117"" target=""_blank"">Andaz Apna Apna</a>"
"tt1069238","Departures",2008,556,8,56487,130,"Yôjirô Takita","Kundô Koyama","Drama","<a href=""https://www.imdb.com/title/tt1069238"" target=""_blank"">tt1069238</a>","<a href=""https://www.imdb.com/title/tt1069238"" target=""_blank"">Departures</a>"
"tt0018455","Sunrise",1927,557,8.1,55589,94,"F.W. Murnau","Carl Mayer, Hermann Sudermann, Katherine Hilliker, H.H. Caldwell","Drama, Romance","<a href=""https://www.imdb.com/title/tt0018455"" target=""_blank"">tt0018455</a>","<a href=""https://www.imdb.com/title/tt0018455"" target=""_blank"">Sunrise</a>"
"tt0070510","Paper Moon",1973,558,8.1,55429,102,"Peter Bogdanovich","Joe David Brown, Alvin Sargent","Comedy, Crime, Drama","<a href=""https://www.imdb.com/title/tt0070510"" target=""_blank"">tt0070510</a>","<a href=""https://www.imdb.com/title/tt0070510"" target=""_blank"">Paper Moon</a>"
"tt0067328","The Last Picture Show",1971,559,8,55290,118,"Peter Bogdanovich","Larry McMurtry, Peter Bogdanovich","Drama, Romance","<a href=""https://www.imdb.com/title/tt0067328"" target=""_blank"">tt0067328</a>","<a href=""https://www.imdb.com/title/tt0067328"" target=""_blank"">The Last Picture Show</a>"
"tt0050783","Nights of Cabiria",1957,560,8.1,55144,110,"Federico Fellini","Federico Fellini, Ennio Flaiano, Tullio Pinelli, Pier Paolo Pasolini","Drama","<a href=""https://www.imdb.com/title/tt0050783"" target=""_blank"">tt0050783</a>","<a href=""https://www.imdb.com/title/tt0050783"" target=""_blank"">Nights of Cabiria</a>"
"tt0074896","The Message",1976,561,8.1,52735,177,"Moustapha Akkad","H.A.L. Craig, Abdel Hamid Gouda El Sahhar, Tewfik El-Hakim, A.B. Rahman El-Sharkawi, Mohammad Ali Maher","Biography, Drama, History","<a href=""https://www.imdb.com/title/tt0074896"" target=""_blank"">tt0074896</a>","<a href=""https://www.imdb.com/title/tt0074896"" target=""_blank"">The Message</a>"
"tt2140203","Wolf Children",2012,562,8.1,52509,117,"Mamoru Hosoda","Mamoru Hosoda, Satoko Okudera","Animation, Drama, Family","<a href=""https://www.imdb.com/title/tt2140203"" target=""_blank"">tt2140203</a>","<a href=""https://www.imdb.com/title/tt2140203"" target=""_blank"">Wolf Children</a>"
"tt2991224","Tangerines",2013,563,8.1,50691,87,"Zaza Urushadze","Tatjana Mülbeier, Zaza Urushadze, Artur Veeber","Drama, War","<a href=""https://www.imdb.com/title/tt2991224"" target=""_blank"">tt2991224</a>","<a href=""https://www.imdb.com/title/tt2991224"" target=""_blank"">Tangerines</a>"
"tt1639426","Udaan",2010,564,8.1,48684,134,"Vikramaditya Motwane","Vikramaditya Motwane, Anurag Kashyap, Devanshu Singh, Satyanshu Singh","Drama","<a href=""https://www.imdb.com/title/tt1639426"" target=""_blank"">tt1639426</a>","<a href=""https://www.imdb.com/title/tt1639426"" target=""_blank"">Udaan</a>"
"tt0035446","To Be or Not to Be",1942,565,8.1,47518,99,"Ernst Lubitsch","Melchior Lengyel, Edwin Justus Mayer, Ernst Lubitsch","Comedy, Romance, War","<a href=""https://www.imdb.com/title/tt0035446"" target=""_blank"">tt0035446</a>","<a href=""https://www.imdb.com/title/tt0035446"" target=""_blank"">To Be or Not to Be</a>"
"tt20256528","What Is a Woman?",2022,566,8.1,46785,95,"Justin Folk",NA,"Documentary","<a href=""https://www.imdb.com/title/tt20256528"" target=""_blank"">tt20256528</a>","<a href=""https://www.imdb.com/title/tt20256528"" target=""_blank"">What Is a Woman?</a>"
"tt0085809","Koyaanisqatsi",1982,567,8.2,43434,86,"Godfrey Reggio","Godfrey Reggio, Ron Fricke, Michael Hoenig, Alton Walpole, Jacques Ellul, Ivan Illich, David Monongye, Guy Debord, Leopold Kohr","Documentary, Music","<a href=""https://www.imdb.com/title/tt0085809"" target=""_blank"">tt0085809</a>","<a href=""https://www.imdb.com/title/tt0085809"" target=""_blank"">Koyaanisqatsi</a>"
"tt2375605","The Act of Killing",2012,568,8.2,42613,117,"Joshua Oppenheimer, Anonymous, Christine Cynn",NA,"Biography, Crime, Documentary","<a href=""https://www.imdb.com/title/tt2375605"" target=""_blank"">tt2375605</a>","<a href=""https://www.imdb.com/title/tt2375605"" target=""_blank"">The Act of Killing</a>"
"tt4573394","Endless Corridor",2014,569,8.1,42255,52,"Aleksandras Brokas, Mindaugas Urbonavicius","Aleksandras Brokas","Documentary, History","<a href=""https://www.imdb.com/title/tt4573394"" target=""_blank"">tt4573394</a>","<a href=""https://www.imdb.com/title/tt4573394"" target=""_blank"">Endless Corridor</a>"
"tt0040725","The Red Shoes",1948,570,8.1,41756,135,"Michael Powell, Emeric Pressburger","Hans Christian Andersen, Emeric Pressburger, Keith Winter, Michael Powell","Drama, Music, Romance","<a href=""https://www.imdb.com/title/tt0040725"" target=""_blank"">tt0040725</a>","<a href=""https://www.imdb.com/title/tt0040725"" target=""_blank"">The Red Shoes</a>"
"tt26743210","How to Train Your Dragon",2025,571,8.1,41069,125,"Dean DeBlois","Dean DeBlois, Cressida Cowell, William Davies, Chris Sanders","Action, Adventure, Comedy","<a href=""https://www.imdb.com/title/tt26743210"" target=""_blank"">tt26743210</a>","<a href=""https://www.imdb.com/title/tt26743210"" target=""_blank"">How to Train Your Dragon</a>"
"tt0043338","Ace in the Hole",1951,572,8.1,41001,111,"Billy Wilder","Billy Wilder, Lesser Samuels, Walter Newman, Victor Desny","Drama, Film-Noir","<a href=""https://www.imdb.com/title/tt0043338"" target=""_blank"">tt0043338</a>","<a href=""https://www.imdb.com/title/tt0043338"" target=""_blank"">Ace in the Hole</a>"
"tt4934950","Guilty",2015,573,8.1,40345,132,"Meghna Gulzar","Vishal Bhardwaj, Aditya Nimbalkar","Crime, Drama, Mystery","<a href=""https://www.imdb.com/title/tt4934950"" target=""_blank"">tt4934950</a>","<a href=""https://www.imdb.com/title/tt4934950"" target=""_blank"">Guilty</a>"
"tt0048473","Pather Panchali",1955,574,8.2,40344,125,"Satyajit Ray","Bibhutibhushan Bandyopadhyay, Satyajit Ray","Drama","<a href=""https://www.imdb.com/title/tt0048473"" target=""_blank"">tt0048473</a>","<a href=""https://www.imdb.com/title/tt0048473"" target=""_blank"">Pather Panchali</a>"
"tt0028950","The Grand Illusion",1937,575,8.1,40250,113,"Jean Renoir","Charles Spaak, Jean Renoir","Drama, War","<a href=""https://www.imdb.com/title/tt0028950"" target=""_blank"">tt0028950</a>","<a href=""https://www.imdb.com/title/tt0028950"" target=""_blank"">The Grand Illusion</a>"
"tt0077711","Autumn Sonata",1978,576,8.1,40243,99,"Ingmar Bergman","Ingmar Bergman","Drama, Music","<a href=""https://www.imdb.com/title/tt0077711"" target=""_blank"">tt0077711</a>","<a href=""https://www.imdb.com/title/tt0077711"" target=""_blank"">Autumn Sonata</a>"
"tt2187153","Thuppakki",2012,577,8.1,40016,165,"A.R. Murugadoss","Mayank Jain, A.R. Murugadoss","Action, Crime, Musical","<a href=""https://www.imdb.com/title/tt2187153"" target=""_blank"">tt2187153</a>","<a href=""https://www.imdb.com/title/tt2187153"" target=""_blank"">Thuppakki</a>"
"tt7905466","They Shall Not Grow Old",2018,578,8.2,39815,99,"Peter Jackson",NA,"Documentary, History, War","<a href=""https://www.imdb.com/title/tt7905466"" target=""_blank"">tt7905466</a>","<a href=""https://www.imdb.com/title/tt7905466"" target=""_blank"">They Shall Not Grow Old</a>"
"tt1620933","Paan Singh Tomar",2012,579,8.2,39173,135,"Tigmanshu Dhulia","Sanjay Chauhan, Tigmanshu Dhulia","Action, Biography, Crime","<a href=""https://www.imdb.com/title/tt1620933"" target=""_blank"">tt1620933</a>","<a href=""https://www.imdb.com/title/tt1620933"" target=""_blank"">Paan Singh Tomar</a>"
"tt10324144","Article 15",2019,580,8.1,39088,130,"Anubhav Sinha","Anubhav Sinha, Gaurav Solanki","Crime, Drama, Mystery","<a href=""https://www.imdb.com/title/tt10324144"" target=""_blank"">tt10324144</a>","<a href=""https://www.imdb.com/title/tt10324144"" target=""_blank"">Article 15</a>"
"tt5895028","13th",2016,581,8.2,38628,100,"Ava DuVernay","Spencer Averick, Ava DuVernay","Crime, Documentary, History","<a href=""https://www.imdb.com/title/tt5895028"" target=""_blank"">tt5895028</a>","<a href=""https://www.imdb.com/title/tt5895028"" target=""_blank"">13th</a>"
"tt0071411","Dersu Uzala",1975,582,8.2,35246,142,"Akira Kurosawa","Akira Kurosawa, Yuriy Nagibin, Vladimir Arsenev","Adventure, Biography, Drama","<a href=""https://www.imdb.com/title/tt0071411"" target=""_blank"">tt0071411</a>","<a href=""https://www.imdb.com/title/tt0071411"" target=""_blank"">Dersu Uzala</a>"
"tt1278469","Temple Grandin",2010,583,8.2,35024,107,"Mick Jackson","Temple Grandin, Margaret Scariano, Christopher Monger, Merritt Johnson","Biography, Drama","<a href=""https://www.imdb.com/title/tt1278469"" target=""_blank"">tt1278469</a>","<a href=""https://www.imdb.com/title/tt1278469"" target=""_blank"">Temple Grandin</a>"
"tt0019760","Man with a Movie Camera",1929,584,8.3,29366,68,"Dziga Vertov","Dziga Vertov","Documentary","<a href=""https://www.imdb.com/title/tt0019760"" target=""_blank"">tt0019760</a>","<a href=""https://www.imdb.com/title/tt0019760"" target=""_blank"">Man with a Movie Camera</a>"
"tt0110057","Hoop Dreams",1994,585,8.3,28949,170,"Steve James",NA,"Documentary, Drama, Sport","<a href=""https://www.imdb.com/title/tt0110057"" target=""_blank"">tt0110057</a>","<a href=""https://www.imdb.com/title/tt0110057"" target=""_blank"">Hoop Dreams</a>"
"tt7681902","Won't You Be My Neighbor?",2018,586,8.3,27721,95,"Morgan Neville",NA,"Biography, Documentary, History","<a href=""https://www.imdb.com/title/tt7681902"" target=""_blank"">tt7681902</a>","<a href=""https://www.imdb.com/title/tt7681902"" target=""_blank"">Won't You Be My Neighbor?</a>"
"tt4679210","Premam",2015,587,8.3,25774,156,"Alphonse Puthren","Alphonse Puthren","Comedy, Drama, Romance","<a href=""https://www.imdb.com/title/tt4679210"" target=""_blank"">tt4679210</a>","<a href=""https://www.imdb.com/title/tt4679210"" target=""_blank"">Premam</a>"
"tt2488496","Star Wars: Episode VII - The Force Awakens",2015,588,7.7,1003658,138,"J.J. Abrams","Lawrence Kasdan, J.J. Abrams, Michael Arndt, George Lucas","Action, Adventure, Sci-Fi","<a href=""https://www.imdb.com/title/tt2488496"" target=""_blank"">tt2488496</a>","<a href=""https://www.imdb.com/title/tt2488496"" target=""_blank"">Star Wars: Episode VII - The Force Awakens</a>"
"tt1843866","Captain America: The Winter Soldier",2014,589,7.7,939474,136,"Anthony Russo, Joe Russo","Christopher Markus, Stephen McFeely, Joe Simon, Jack Kirby, Steve Epting, Ed Brubaker, Michael Lark","Action, Adventure, Sci-Fi","<a href=""https://www.imdb.com/title/tt1843866"" target=""_blank"">tt1843866</a>","<a href=""https://www.imdb.com/title/tt1843866"" target=""_blank"">Captain America: The Winter Soldier</a>"
"tt0241527","Harry Potter and the Sorcerer's Stone",2001,590,7.7,908820,152,"Chris Columbus","J.K. Rowling, Steve Kloves","Adventure, Family, Fantasy","<a href=""https://www.imdb.com/title/tt0241527"" target=""_blank"">tt0241527</a>","<a href=""https://www.imdb.com/title/tt0241527"" target=""_blank"">Harry Potter and the Sorcerer's Stone</a>"
"tt1119646","The Hangover",2009,591,7.7,892369,100,"Todd Phillips","Jon Lucas, Scott Moore","Comedy","<a href=""https://www.imdb.com/title/tt1119646"" target=""_blank"">tt1119646</a>","<a href=""https://www.imdb.com/title/tt1119646"" target=""_blank"">The Hangover</a>"
"tt1454468","Gravity",2013,592,7.7,883827,91,"Alfonso Cuarón","Alfonso Cuarón, Jonás Cuarón","Drama, Sci-Fi, Thriller","<a href=""https://www.imdb.com/title/tt1454468"" target=""_blank"">tt1454468</a>","<a href=""https://www.imdb.com/title/tt1454468"" target=""_blank"">Gravity</a>"
"tt1045658","Silver Linings Playbook",2012,593,7.7,761095,122,"David O. Russell","David O. Russell, Matthew Quick","Comedy, Drama, Romance","<a href=""https://www.imdb.com/title/tt1045658"" target=""_blank"">tt1045658</a>","<a href=""https://www.imdb.com/title/tt1045658"" target=""_blank"">Silver Linings Playbook</a>"
"tt2802144","Kingsman: The Secret Service",2014,594,7.7,755734,129,"Matthew Vaughn","Jane Goldman, Matthew Vaughn, Mark Millar, Dave Gibbons","Action, Adventure, Comedy","<a href=""https://www.imdb.com/title/tt2802144"" target=""_blank"">tt2802144</a>","<a href=""https://www.imdb.com/title/tt2802144"" target=""_blank"">Kingsman: The Secret Service</a>"
"tt1270798","X-Men: First Class",2011,595,7.7,748894,131,"Matthew Vaughn","Ashley E. Miller, Zack Stentz, Jane Goldman, Matthew Vaughn, Sheldon Turner, Bryan Singer, Jack Kirby, Stan Lee","Action, Sci-Fi","<a href=""https://www.imdb.com/title/tt1270798"" target=""_blank"">tt1270798</a>","<a href=""https://www.imdb.com/title/tt1270798"" target=""_blank"">X-Men: First Class</a>"
"tt0330373","Harry Potter and the Goblet of Fire",2005,596,7.7,721137,157,"Mike Newell","Steve Kloves, J.K. Rowling","Adventure, Family, Fantasy","<a href=""https://www.imdb.com/title/tt0330373"" target=""_blank"">tt0330373</a>","<a href=""https://www.imdb.com/title/tt0330373"" target=""_blank"">Harry Potter and the Goblet of Fire</a>"
"tt0099785","Home Alone",1990,597,7.7,699299,103,"Chris Columbus","John Hughes","Comedy, Family","<a href=""https://www.imdb.com/title/tt0099785"" target=""_blank"">tt0099785</a>","<a href=""https://www.imdb.com/title/tt0099785"" target=""_blank"">Home Alone</a>"
"tt2562232","Birdman or (The Unexpected Virtue of Ignorance)",2014,598,7.7,684192,119,"Alejandro G. Iñárritu","Alejandro G. Iñárritu, Nicolás Giacobone, Alexander Dinelaris, Armando Bo, Raymond Carver","Comedy, Drama","<a href=""https://www.imdb.com/title/tt2562232"" target=""_blank"">tt2562232</a>","<a href=""https://www.imdb.com/title/tt2562232"" target=""_blank"">Birdman or (The Unexpected Virtue of Ignorance)</a>"
"tt0936501","Taken",2008,599,7.7,657366,90,"Pierre Morel","Luc Besson, Robert Mark Kamen","Action, Crime, Thriller","<a href=""https://www.imdb.com/title/tt0936501"" target=""_blank"">tt0936501</a>","<a href=""https://www.imdb.com/title/tt0936501"" target=""_blank"">Taken</a>"
"tt1024648","Argo",2012,600,7.7,654175,120,"Ben Affleck","Chris Terrio, Tony Mendez, Joshuah Bearman","Biography, Drama, History","<a href=""https://www.imdb.com/title/tt1024648"" target=""_blank"">tt1024648</a>","<a href=""https://www.imdb.com/title/tt1024648"" target=""_blank"">Argo</a>"
"tt0240772","Ocean's Eleven",2001,601,7.7,650266,116,"Steven Soderbergh","George Clayton Johnson, Jack Golden Russell, Harry Brown, Charles Lederer, Ted Griffin","Crime, Thriller","<a href=""https://www.imdb.com/title/tt0240772"" target=""_blank"">tt0240772</a>","<a href=""https://www.imdb.com/title/tt0240772"" target=""_blank"">Ocean's Eleven</a>"
"tt0443706","Zodiac",2007,602,7.7,639500,157,"David Fincher","James Vanderbilt, Robert Graysmith","Crime, Drama, Mystery","<a href=""https://www.imdb.com/title/tt0443706"" target=""_blank"">tt0443706</a>","<a href=""https://www.imdb.com/title/tt0443706"" target=""_blank"">Zodiac</a>"
"tt0926084","Harry Potter and the Deathly Hallows: Part 1",2010,603,7.7,634479,146,"David Yates","Steve Kloves, J.K. Rowling","Adventure, Family, Fantasy","<a href=""https://www.imdb.com/title/tt0926084"" target=""_blank"">tt0926084</a>","<a href=""https://www.imdb.com/title/tt0926084"" target=""_blank"">Harry Potter and the Deathly Hallows: Part 1</a>"
"tt0470752","Ex Machina",2014,604,7.7,619986,108,"Alex Garland","Alex Garland","Drama, Sci-Fi, Thriller","<a href=""https://www.imdb.com/title/tt0470752"" target=""_blank"">tt0470752</a>","<a href=""https://www.imdb.com/title/tt0470752"" target=""_blank"">Ex Machina</a>"
"tt0398286","Tangled",2010,605,7.7,523618,100,"Nathan Greno, Byron Howard","Dan Fogelman, Jacob Grimm, Wilhelm Grimm","Adventure, Animation, Comedy","<a href=""https://www.imdb.com/title/tt0398286"" target=""_blank"">tt0398286</a>","<a href=""https://www.imdb.com/title/tt0398286"" target=""_blank"">Tangled</a>"
"tt0335266","Lost in Translation",2003,606,7.7,512761,102,"Sofia Coppola","Sofia Coppola","Comedy, Drama","<a href=""https://www.imdb.com/title/tt0335266"" target=""_blank"">tt0335266</a>","<a href=""https://www.imdb.com/title/tt0335266"" target=""_blank"">Lost in Translation</a>"
"tt3397884","Sicario",2015,607,7.7,511968,121,"Denis Villeneuve","Taylor Sheridan","Action, Crime, Drama","<a href=""https://www.imdb.com/title/tt3397884"" target=""_blank"">tt3397884</a>","<a href=""https://www.imdb.com/title/tt3397884"" target=""_blank"">Sicario</a>"
"tt1408101","Star Trek Into Darkness",2013,608,7.7,504714,132,"J.J. Abrams","Roberto Orci, Alex Kurtzman, Damon Lindelof, Gene Roddenberry","Action, Adventure, Sci-Fi","<a href=""https://www.imdb.com/title/tt1408101"" target=""_blank"">tt1408101</a>","<a href=""https://www.imdb.com/title/tt1408101"" target=""_blank"">Star Trek Into Darkness</a>"
"tt0372183","The Bourne Supremacy",2004,609,7.7,501590,108,"Paul Greengrass","Robert Ludlum, Tony Gilroy","Action, Thriller","<a href=""https://www.imdb.com/title/tt0372183"" target=""_blank"">tt0372183</a>","<a href=""https://www.imdb.com/title/tt0372183"" target=""_blank"">The Bourne Supremacy</a>"
"tt2980516","The Theory of Everything",2014,610,7.7,498419,123,"James Marsh","Anthony McCarten, Jane Hawking","Biography, Drama, Romance","<a href=""https://www.imdb.com/title/tt2980516"" target=""_blank"">tt2980516</a>","<a href=""https://www.imdb.com/title/tt2980516"" target=""_blank"">The Theory of Everything</a>"
"tt1772341","Wreck-It Ralph",2012,611,7.7,481806,101,"Rich Moore","Rich Moore, Phil Johnston, Jim Reardon, Jennifer Lee","Adventure, Animation, Comedy","<a href=""https://www.imdb.com/title/tt1772341"" target=""_blank"">tt1772341</a>","<a href=""https://www.imdb.com/title/tt1772341"" target=""_blank"">Wreck-It Ralph</a>"
"tt0375679","Crash",2004,612,7.7,456450,112,"Paul Haggis","Paul Haggis, Bobby Moresco","Crime, Drama, Thriller","<a href=""https://www.imdb.com/title/tt0375679"" target=""_blank"">tt0375679</a>","<a href=""https://www.imdb.com/title/tt0375679"" target=""_blank"">Crash</a>"
"tt0119174","The Game",1997,613,7.7,454896,129,"David Fincher","John Brancato, Michael Ferris","Drama, Mystery, Thriller","<a href=""https://www.imdb.com/title/tt0119174"" target=""_blank"">tt0119174</a>","<a href=""https://www.imdb.com/title/tt0119174"" target=""_blank"">The Game</a>"
"tt0265086","Black Hawk Down",2001,614,7.7,441570,144,"Ridley Scott","Mark Bowden, Ken Nolan","Action, Drama, History","<a href=""https://www.imdb.com/title/tt0265086"" target=""_blank"">tt0265086</a>","<a href=""https://www.imdb.com/title/tt0265086"" target=""_blank"">Black Hawk Down</a>"
"tt0328107","Man on Fire",2004,615,7.7,404775,146,"Tony Scott","A.J. Quinnell, Brian Helgeland","Action, Crime, Drama","<a href=""https://www.imdb.com/title/tt0328107"" target=""_blank"">tt0328107</a>","<a href=""https://www.imdb.com/title/tt0328107"" target=""_blank"">Man on Fire</a>"
"tt4912910","Mission: Impossible - Fallout",2018,616,7.7,403903,147,"Christopher McQuarrie","Bruce Geller, Christopher McQuarrie","Action, Adventure, Thriller","<a href=""https://www.imdb.com/title/tt4912910"" target=""_blank"">tt4912910</a>","<a href=""https://www.imdb.com/title/tt4912910"" target=""_blank"">Mission: Impossible - Fallout</a>"
"tt1490017","The Lego Movie",2014,617,7.7,403768,100,"Phil Lord, Christopher Miller","Phil Lord, Christopher Miller, Dan Hageman, Kevin Hageman, Ole Kirk Christiansen, Godtfred Kirk Christiansen, Jens Nygaard Knudsen","Action, Adventure, Animation","<a href=""https://www.imdb.com/title/tt1490017"" target=""_blank"">tt1490017</a>","<a href=""https://www.imdb.com/title/tt1490017"" target=""_blank"">The Lego Movie</a>"
"tt0388795","Brokeback Mountain",2005,618,7.7,403435,134,"Ang Lee","Annie Proulx, Larry McMurtry, Diana Ossana","Drama, Romance","<a href=""https://www.imdb.com/title/tt0388795"" target=""_blank"">tt0388795</a>","<a href=""https://www.imdb.com/title/tt0388795"" target=""_blank"">Brokeback Mountain</a>"
"tt0120601","Being John Malkovich",1999,619,7.7,363088,113,"Spike Jonze","Charlie Kaufman","Comedy, Drama, Fantasy","<a href=""https://www.imdb.com/title/tt0120601"" target=""_blank"">tt0120601</a>","<a href=""https://www.imdb.com/title/tt0120601"" target=""_blank"">Being John Malkovich</a>"
"tt0119008","Donnie Brasco",1997,620,7.7,345879,127,"Mike Newell","Joseph D. Pistone, Richard Woodley, Paul Attanasio","Biography, Crime, Drama","<a href=""https://www.imdb.com/title/tt0119008"" target=""_blank"">tt0119008</a>","<a href=""https://www.imdb.com/title/tt0119008"" target=""_blank"">Donnie Brasco</a>"
"tt0190590","O Brother, Where Art Thou?",2000,621,7.7,342508,107,"Joel Coen, Ethan Coen","Homer, Ethan Coen, Joel Coen","Adventure, Comedy, Crime","<a href=""https://www.imdb.com/title/tt0190590"" target=""_blank"">tt0190590</a>","<a href=""https://www.imdb.com/title/tt0190590"" target=""_blank"">O Brother, Where Art Thou?</a>"
"tt0119177","Gattaca",1997,622,7.7,337371,106,"Andrew Niccol","Andrew Niccol","Drama, Sci-Fi, Thriller","<a href=""https://www.imdb.com/title/tt0119177"" target=""_blank"">tt0119177</a>","<a href=""https://www.imdb.com/title/tt0119177"" target=""_blank"">Gattaca</a>"
"tt0120762","Mulan",1998,623,7.7,333787,87,"Tony Bancroft, Barry Cook","Robert D. San Souci, Rita Hsiao, Chris Sanders, Philip LaZebnik, Raymond Singer, Eugenia Bostwick-Singer, Dean DeBlois, John Sanford, Chris Williams, Tim Hodge, Julius Aguimatang, Burny Mattinson, Lorna Cook, Barry Johnson, Thom Enriquez, Ed Gombert, Joe Grant, Floyd Norman, Linda Woolverton, Jodi Ann Johnson, Alan Ormsby, David Reynolds, Don Dougherty, Jorgen Klubien, Denis Rich, Joe Ekers, Theodore Newton, Larry Scholl, Daan Jippes, Frank Nissen, Jeff Snow, Maoqian Guo","Adventure, Animation, Comedy","<a href=""https://www.imdb.com/title/tt0120762"" target=""_blank"">tt0120762</a>","<a href=""https://www.imdb.com/title/tt0120762"" target=""_blank"">Mulan</a>"
"tt0425210","Lucky Number Slevin",2006,624,7.7,333500,110,"Paul McGuigan","Jason Smilovic","Crime, Drama, Thriller","<a href=""https://www.imdb.com/title/tt0425210"" target=""_blank"">tt0425210</a>","<a href=""https://www.imdb.com/title/tt0425210"" target=""_blank"">Lucky Number Slevin</a>"
"tt0119822","As Good as It Gets",1997,625,7.7,329723,139,"James L. Brooks","Mark Andrus, James L. Brooks","Comedy, Drama, Romance","<a href=""https://www.imdb.com/title/tt0119822"" target=""_blank"">tt0119822</a>","<a href=""https://www.imdb.com/title/tt0119822"" target=""_blank"">As Good as It Gets</a>"
"tt0112384","Apollo 13",1995,626,7.7,327435,140,"Ron Howard","Jim Lovell, Jeffrey Kluger, William Broyles Jr., Al Reinert","Adventure, Drama, History","<a href=""https://www.imdb.com/title/tt0112384"" target=""_blank"">tt0112384</a>","<a href=""https://www.imdb.com/title/tt0112384"" target=""_blank"">Apollo 13</a>"
"tt0077651","Halloween",1978,627,7.7,324860,91,"John Carpenter","John Carpenter, Debra Hill","Horror, Thriller","<a href=""https://www.imdb.com/title/tt0077651"" target=""_blank"">tt0077651</a>","<a href=""https://www.imdb.com/title/tt0077651"" target=""_blank"">Halloween</a>"
"tt0089218","The Goonies",1985,628,7.7,314939,114,"Richard Donner","Chris Columbus, Steven Spielberg","Adventure, Comedy, Family","<a href=""https://www.imdb.com/title/tt0089218"" target=""_blank"">tt0089218</a>","<a href=""https://www.imdb.com/title/tt0089218"" target=""_blank"">The Goonies</a>"
"tt0104257","A Few Good Men",1992,629,7.7,304255,138,"Rob Reiner","Aaron Sorkin","Drama, Thriller","<a href=""https://www.imdb.com/title/tt0104257"" target=""_blank"">tt0104257</a>","<a href=""https://www.imdb.com/title/tt0104257"" target=""_blank"">A Few Good Men</a>"
"tt5362988","Wind River",2017,630,7.7,298385,107,"Taylor Sheridan","Taylor Sheridan","Crime, Drama, Mystery","<a href=""https://www.imdb.com/title/tt5362988"" target=""_blank"">tt5362988</a>","<a href=""https://www.imdb.com/title/tt5362988"" target=""_blank"">Wind River</a>"
"tt0257044","Road to Perdition",2002,631,7.7,294308,117,"Sam Mendes","Max Allan Collins, Richard Piers Rayner, David Self","Crime, Drama, Thriller","<a href=""https://www.imdb.com/title/tt0257044"" target=""_blank"">tt0257044</a>","<a href=""https://www.imdb.com/title/tt0257044"" target=""_blank"">Road to Perdition</a>"
"tt0083944","First Blood",1982,632,7.7,290831,93,"Ted Kotcheff","David Morrell, Michael Kozoll, William Sackheim, Sylvester Stallone","Action, Adventure, Thriller","<a href=""https://www.imdb.com/title/tt0083944"" target=""_blank"">tt0083944</a>","<a href=""https://www.imdb.com/title/tt0083944"" target=""_blank"">First Blood</a>"
"tt11813216","The Banshees of Inisherin",2022,633,7.7,281031,114,"Martin McDonagh","Martin McDonagh","Comedy, Drama","<a href=""https://www.imdb.com/title/tt11813216"" target=""_blank"">tt11813216</a>","<a href=""https://www.imdb.com/title/tt11813216"" target=""_blank"">The Banshees of Inisherin</a>"
"tt0080339","Airplane!",1980,634,7.7,275375,88,"Jim Abrahams, David Zucker, Jerry Zucker","Jim Abrahams, David Zucker, Jerry Zucker, Hall Bartlett, John C. Champion, Arthur Hailey","Comedy","<a href=""https://www.imdb.com/title/tt0080339"" target=""_blank"">tt0080339</a>","<a href=""https://www.imdb.com/title/tt0080339"" target=""_blank"">Airplane!</a>"
"tt0824747","Changeling",2008,635,7.7,271297,141,"Clint Eastwood","J. Michael Straczynski","Biography, Crime, Drama","<a href=""https://www.imdb.com/title/tt0824747"" target=""_blank"">tt0824747</a>","<a href=""https://www.imdb.com/title/tt0824747"" target=""_blank"">Changeling</a>"
"tt3281548","Little Women",2019,636,7.8,269337,135,"Greta Gerwig","Greta Gerwig, Louisa May Alcott","Drama, Romance","<a href=""https://www.imdb.com/title/tt3281548"" target=""_blank"">tt3281548</a>","<a href=""https://www.imdb.com/title/tt3281548"" target=""_blank"">Little Women</a>"
"tt0107818","Philadelphia",1993,637,7.7,267638,125,"Jonathan Demme","Ron Nyswaner","Drama","<a href=""https://www.imdb.com/title/tt0107818"" target=""_blank"">tt0107818</a>","<a href=""https://www.imdb.com/title/tt0107818"" target=""_blank"">Philadelphia</a>"
"tt0117381","Primal Fear",1996,638,7.7,264080,129,"Gregory Hoblit","William Diehl, Steve Shagan, Ann Biderman","Crime, Drama, Mystery","<a href=""https://www.imdb.com/title/tt0117381"" target=""_blank"">tt0117381</a>","<a href=""https://www.imdb.com/title/tt0117381"" target=""_blank"">Primal Fear</a>"
"tt0914798","The Boy in the Striped Pajamas",2008,639,7.7,263367,94,"Mark Herman","John Boyne, Mark Herman","Drama, War","<a href=""https://www.imdb.com/title/tt0914798"" target=""_blank"">tt0914798</a>","<a href=""https://www.imdb.com/title/tt0914798"" target=""_blank"">The Boy in the Striped Pajamas</a>"
"tt0108550","What's Eating Gilbert Grape",1993,640,7.7,262785,118,"Lasse Hallström","Peter Hedges","Drama","<a href=""https://www.imdb.com/title/tt0108550"" target=""_blank"">tt0108550</a>","<a href=""https://www.imdb.com/title/tt0108550"" target=""_blank"">What's Eating Gilbert Grape</a>"
"tt0098635","When Harry Met Sally...",1989,641,7.7,256803,95,"Rob Reiner","Nora Ephron","Comedy, Drama, Romance","<a href=""https://www.imdb.com/title/tt0098635"" target=""_blank"">tt0098635</a>","<a href=""https://www.imdb.com/title/tt0098635"" target=""_blank"">When Harry Met Sally...</a>"
"tt0485947","Mr. Nobody",2009,642,7.7,252828,141,"Jaco Van Dormael","Jaco Van Dormael","Drama, Fantasy, Romance","<a href=""https://www.imdb.com/title/tt0485947"" target=""_blank"">tt0485947</a>","<a href=""https://www.imdb.com/title/tt0485947"" target=""_blank"">Mr. Nobody</a>"
"tt1655442","The Artist",2011,643,7.8,252715,100,"Michel Hazanavicius","Michel Hazanavicius","Comedy, Drama, Romance","<a href=""https://www.imdb.com/title/tt1655442"" target=""_blank"">tt1655442</a>","<a href=""https://www.imdb.com/title/tt1655442"" target=""_blank"">The Artist</a>"
"tt0100157","Misery",1990,644,7.8,251228,107,"Rob Reiner","Stephen King, William Goldman","Drama, Thriller","<a href=""https://www.imdb.com/title/tt0100157"" target=""_blank"">tt0100157</a>","<a href=""https://www.imdb.com/title/tt0100157"" target=""_blank"">Misery</a>"
"tt3553976","Captain Fantastic",2016,645,7.8,244691,118,"Matt Ross","Matt Ross","Comedy, Drama","<a href=""https://www.imdb.com/title/tt3553976"" target=""_blank"">tt3553976</a>","<a href=""https://www.imdb.com/title/tt3553976"" target=""_blank"">Captain Fantastic</a>"
"tt0210945","Remember the Titans",2000,646,7.8,241371,113,"Boaz Yakin","Gregory Allen Howard","Biography, Comedy, Drama","<a href=""https://www.imdb.com/title/tt0210945"" target=""_blank"">tt0210945</a>","<a href=""https://www.imdb.com/title/tt0210945"" target=""_blank"">Remember the Titans</a>"
"tt0067992","Willy Wonka & the Chocolate Factory",1971,647,7.8,237965,100,"Mel Stuart","Roald Dahl, Robert Kaufman, David Seltzer","Adventure, Comedy, Family","<a href=""https://www.imdb.com/title/tt0067992"" target=""_blank"">tt0067992</a>","<a href=""https://www.imdb.com/title/tt0067992"" target=""_blank"">Willy Wonka & the Chocolate Factory</a>"
"tt0109445","Clerks",1994,648,7.7,237347,92,"Kevin Smith","Kevin Smith","Comedy","<a href=""https://www.imdb.com/title/tt0109445"" target=""_blank"">tt0109445</a>","<a href=""https://www.imdb.com/title/tt0109445"" target=""_blank"">Clerks</a>"
"tt1139797","Let the Right One In",2008,649,7.8,234095,114,"Tomas Alfredson","John Ajvide Lindqvist","Drama, Fantasy, Horror","<a href=""https://www.imdb.com/title/tt1139797"" target=""_blank"">tt1139797</a>","<a href=""https://www.imdb.com/title/tt1139797"" target=""_blank"">Let the Right One In</a>"
"tt0090756","Blue Velvet",1986,650,7.7,233293,120,"David Lynch","David Lynch","Crime, Drama, Mystery","<a href=""https://www.imdb.com/title/tt0090756"" target=""_blank"">tt0090756</a>","<a href=""https://www.imdb.com/title/tt0090756"" target=""_blank"">Blue Velvet</a>"
"tt1398426","Straight Outta Compton",2015,651,7.8,228096,147,"F. Gary Gray","Jonathan Herman, Andrea Berloff, S. Leigh Savidge, Alan Wenkus","Biography, Drama, History","<a href=""https://www.imdb.com/title/tt1398426"" target=""_blank"">tt1398426</a>","<a href=""https://www.imdb.com/title/tt1398426"" target=""_blank"">Straight Outta Compton</a>"
"tt1132620","The Girl with the Dragon Tattoo",2009,652,7.8,227262,152,"Niels Arden Oplev","Nikolaj Arcel, Rasmus Heisterberg, Stieg Larsson","Crime, Drama, Mystery","<a href=""https://www.imdb.com/title/tt1132620"" target=""_blank"">tt1132620</a>","<a href=""https://www.imdb.com/title/tt1132620"" target=""_blank"">The Girl with the Dragon Tattoo</a>"
"tt0096438","Who Framed Roger Rabbit",1988,653,7.7,226718,104,"Robert Zemeckis","Jeffrey Price, Peter S. Seaman, Gary K. Wolf, Ted Osborne, Al Taliaferro","Adventure, Animation, Comedy","<a href=""https://www.imdb.com/title/tt0096438"" target=""_blank"">tt0096438</a>","<a href=""https://www.imdb.com/title/tt0096438"" target=""_blank"">Who Framed Roger Rabbit</a>"
"tt0158983","South Park: Bigger, Longer & Uncut",1999,654,7.7,220884,81,"Trey Parker","Trey Parker, Matt Stone, Pam Brady","Animation, Comedy, Fantasy","<a href=""https://www.imdb.com/title/tt0158983"" target=""_blank"">tt0158983</a>","<a href=""https://www.imdb.com/title/tt0158983"" target=""_blank"">South Park: Bigger, Longer & Uncut</a>"
"tt0088846","Brazil",1985,655,7.8,217252,132,"Terry Gilliam","Terry Gilliam, Tom Stoppard, Charles McKeown, Charles Alverson","Drama, Sci-Fi, Thriller","<a href=""https://www.imdb.com/title/tt0088846"" target=""_blank"">tt0088846</a>","<a href=""https://www.imdb.com/title/tt0088846"" target=""_blank"">Brazil</a>"
"tt0756683","The Man from Earth",2007,656,7.8,210520,87,"Richard Schenkman","Jerome Bixby","Drama, Fantasy, Mystery","<a href=""https://www.imdb.com/title/tt0756683"" target=""_blank"">tt0756683</a>","<a href=""https://www.imdb.com/title/tt0756683"" target=""_blank"">The Man from Earth</a>"
"tt3915174","Puss in Boots: The Last Wish",2022,657,7.8,207313,102,"Joel Crawford, Januel Mercado","Paul Fisher, Tommy Swerdlow, Tom Wheeler","Action, Adventure, Animation","<a href=""https://www.imdb.com/title/tt3915174"" target=""_blank"">tt3915174</a>","<a href=""https://www.imdb.com/title/tt3915174"" target=""_blank"">Puss in Boots: The Last Wish</a>"
"tt5104604","Isle of Dogs",2018,658,7.8,201581,101,"Wes Anderson","Wes Anderson, Roman Coppola, Jason Schwartzman, Kunichi Nomura","Adventure, Animation, Comedy","<a href=""https://www.imdb.com/title/tt5104604"" target=""_blank"">tt5104604</a>","<a href=""https://www.imdb.com/title/tt5104604"" target=""_blank"">Isle of Dogs</a>"
"tt0058331","Mary Poppins",1964,659,7.8,193313,139,"Robert Stevenson","Bill Walsh, Don DaGradi, P.L. Travers","Comedy, Family, Fantasy","<a href=""https://www.imdb.com/title/tt0058331"" target=""_blank"">tt0058331</a>","<a href=""https://www.imdb.com/title/tt0058331"" target=""_blank"">Mary Poppins</a>"
"tt0109707","Ed Wood",1994,660,7.8,188671,127,"Tim Burton","Rudolph Grey, Scott Alexander, Larry Karaszewski","Biography, Comedy, Drama","<a href=""https://www.imdb.com/title/tt0109707"" target=""_blank"">tt0109707</a>","<a href=""https://www.imdb.com/title/tt0109707"" target=""_blank"">Ed Wood</a>"
"tt0140352","The Insider",1999,661,7.8,187245,157,"Michael Mann","Marie Brenner, Eric Roth, Michael Mann","Biography, Drama, History","<a href=""https://www.imdb.com/title/tt0140352"" target=""_blank"">tt0140352</a>","<a href=""https://www.imdb.com/title/tt0140352"" target=""_blank"">The Insider</a>"
"tt0108358","Tombstone",1993,662,7.8,183399,130,"George P. Cosmatos","Kevin Jarre","Biography, Drama, History","<a href=""https://www.imdb.com/title/tt0108358"" target=""_blank"">tt0108358</a>","<a href=""https://www.imdb.com/title/tt0108358"" target=""_blank"">Tombstone</a>"
"tt8178634","RRR",2022,663,7.8,179582,187,"S.S. Rajamouli","Vijayendra Prasad, S.S. Rajamouli, Sai Madhav Burra, Mankombu Gopalakrishnan, Madhan Karky","Action, Adventure, Drama","<a href=""https://www.imdb.com/title/tt8178634"" target=""_blank"">tt8178634</a>","<a href=""https://www.imdb.com/title/tt8178634"" target=""_blank"">RRR</a>"
"tt0097814","Kiki's Delivery Service",1989,664,7.8,178734,103,"Hayao Miyazaki","Eiko Kadono, Hayao Miyazaki","Animation, Family, Fantasy","<a href=""https://www.imdb.com/title/tt0097814"" target=""_blank"">tt0097814</a>","<a href=""https://www.imdb.com/title/tt0097814"" target=""_blank"">Kiki's Delivery Service</a>"
"tt0498380","Letters from Iwo Jima",2006,665,7.8,174249,141,"Clint Eastwood","Iris Yamashita, Paul Haggis, Tadamichi Kuribayashi, Tsuyoko Yoshido","Action, Adventure, Drama","<a href=""https://www.imdb.com/title/tt0498380"" target=""_blank"">tt0498380</a>","<a href=""https://www.imdb.com/title/tt0498380"" target=""_blank"">Letters from Iwo Jima</a>"
"tt0106489","A Bronx Tale",1993,666,7.8,174194,121,"Robert De Niro","Chazz Palminteri","Crime, Drama","<a href=""https://www.imdb.com/title/tt0106489"" target=""_blank"">tt0106489</a>","<a href=""https://www.imdb.com/title/tt0106489"" target=""_blank"">A Bronx Tale</a>"
"tt0099077","Awakenings",1990,667,7.8,170173,121,"Penny Marshall","Oliver Sacks, Steven Zaillian","Biography, Drama","<a href=""https://www.imdb.com/title/tt0099077"" target=""_blank"">tt0099077</a>","<a href=""https://www.imdb.com/title/tt0099077"" target=""_blank"">Awakenings</a>"
"tt16277242","Society of the Snow",2023,668,7.8,163381,144,"J.A. Bayona","J.A. Bayona, Bernat Vilaplana, Jaime Marques, Nicolás Casariego, Pablo Vierci","Adventure, Biography, Drama","<a href=""https://www.imdb.com/title/tt16277242"" target=""_blank"">tt16277242</a>","<a href=""https://www.imdb.com/title/tt16277242"" target=""_blank"">Society of the Snow</a>"
"tt0101507","Boyz n the Hood",1991,669,7.8,162990,112,"John Singleton","John Singleton","Crime, Drama","<a href=""https://www.imdb.com/title/tt0101507"" target=""_blank"">tt0101507</a>","<a href=""https://www.imdb.com/title/tt0101507"" target=""_blank"">Boyz n the Hood</a>"
"tt0079417","Kramer vs. Kramer",1979,670,7.8,161649,105,"Robert Benton","Avery Corman, Robert Benton, Meryl Streep, Jay Christian","Drama","<a href=""https://www.imdb.com/title/tt0079417"" target=""_blank"">tt0079417</a>","<a href=""https://www.imdb.com/title/tt0079417"" target=""_blank"">Kramer vs. Kramer</a>"
"tt1588170","I Saw the Devil",2010,671,7.8,157430,144,"Kim Jee-woon","Park Hoon-jung, Kim Jee-woon","Action, Thriller","<a href=""https://www.imdb.com/title/tt1588170"" target=""_blank"">tt1588170</a>","<a href=""https://www.imdb.com/title/tt1588170"" target=""_blank"">I Saw the Devil</a>"
"tt13238346","Past Lives",2023,672,7.8,154887,105,"Celine Song","Celine Song","Drama, Romance","<a href=""https://www.imdb.com/title/tt13238346"" target=""_blank"">tt13238346</a>","<a href=""https://www.imdb.com/title/tt13238346"" target=""_blank"">Past Lives</a>"
"tt0079522","Manhattan",1979,673,7.8,151479,96,"Woody Allen","Woody Allen, Marshall Brickman","Comedy, Drama, Romance","<a href=""https://www.imdb.com/title/tt0079522"" target=""_blank"">tt0079522</a>","<a href=""https://www.imdb.com/title/tt0079522"" target=""_blank"">Manhattan</a>"
"tt0097441","Glory",1989,674,7.8,149703,122,"Edward Zwick","Kevin Jarre, Lincoln Kirstein, Peter Burchard, Robert Gould Shaw","Biography, Drama, History","<a href=""https://www.imdb.com/title/tt0097441"" target=""_blank"">tt0097441</a>","<a href=""https://www.imdb.com/title/tt0097441"" target=""_blank"">Glory</a>"
"tt4698684","Hunt for the Wilderpeople",2016,675,7.8,148408,101,"Taika Waititi","Taika Waititi, Barry Crump, Tearepa Kahi","Adventure, Comedy, Drama","<a href=""https://www.imdb.com/title/tt4698684"" target=""_blank"">tt4698684</a>","<a href=""https://www.imdb.com/title/tt4698684"" target=""_blank"">Hunt for the Wilderpeople</a>"
"tt0063350","Night of the Living Dead",1968,676,7.8,145913,96,"George A. Romero","John A. Russo, George A. Romero","Horror, Thriller","<a href=""https://www.imdb.com/title/tt0063350"" target=""_blank"">tt0063350</a>","<a href=""https://www.imdb.com/title/tt0063350"" target=""_blank"">Night of the Living Dead</a>"
"tt1924396","The Best Offer",2013,677,7.8,133720,131,"Giuseppe Tornatore","Giuseppe Tornatore","Crime, Drama, Mystery","<a href=""https://www.imdb.com/title/tt1924396"" target=""_blank"">tt1924396</a>","<a href=""https://www.imdb.com/title/tt1924396"" target=""_blank"">The Best Offer</a>"
"tt0077402","Dawn of the Dead",1978,678,7.8,133304,127,"George A. Romero","George A. Romero","Horror, Thriller","<a href=""https://www.imdb.com/title/tt0077402"" target=""_blank"">tt0077402</a>","<a href=""https://www.imdb.com/title/tt0077402"" target=""_blank"">Dawn of the Dead</a>"
"tt0064665","Midnight Cowboy",1969,679,7.8,127332,113,"John Schlesinger","Waldo Salt, James Leo Herlihy","Drama","<a href=""https://www.imdb.com/title/tt0064665"" target=""_blank"">tt0064665</a>","<a href=""https://www.imdb.com/title/tt0064665"" target=""_blank"">Midnight Cowboy</a>"
"tt0085794","The King of Comedy",1982,680,7.8,126577,109,"Martin Scorsese","Paul D. Zimmerman","Comedy, Crime, Drama","<a href=""https://www.imdb.com/title/tt0085794"" target=""_blank"">tt0085794</a>","<a href=""https://www.imdb.com/title/tt0085794"" target=""_blank"">The King of Comedy</a>"
"tt0460791","The Fall",2006,681,7.8,123738,117,"Tarsem Singh","Dan Gilroy, Nico Soultanakis, Tarsem Singh, Valeri Petrov","Adventure, Drama, Fantasy","<a href=""https://www.imdb.com/title/tt0460791"" target=""_blank"">tt0460791</a>","<a href=""https://www.imdb.com/title/tt0460791"" target=""_blank"">The Fall</a>"
"tt0907657","Once",2006,682,7.8,123531,86,"John Carney","John Carney","Drama, Music, Musical","<a href=""https://www.imdb.com/title/tt0907657"" target=""_blank"">tt0907657</a>","<a href=""https://www.imdb.com/title/tt0907657"" target=""_blank"">Once</a>"
"tt0095647","Mississippi Burning",1988,683,7.8,122094,128,"Alan Parker","Chris Gerolmo","Crime, Drama, Mystery","<a href=""https://www.imdb.com/title/tt0095647"" target=""_blank"">tt0095647</a>","<a href=""https://www.imdb.com/title/tt0095647"" target=""_blank"">Mississippi Burning</a>"
"tt0013442","Nosferatu: A Symphony of Horror",1922,684,7.8,119415,94,"F.W. Murnau","Bram Stoker, Henrik Galeen","Fantasy, Horror","<a href=""https://www.imdb.com/title/tt0013442"" target=""_blank"">tt0013442</a>","<a href=""https://www.imdb.com/title/tt0013442"" target=""_blank"">Nosferatu: A Symphony of Horror</a>"
"tt0108394","Three Colors: Blue",1993,685,7.8,115599,98,"Krzysztof Kieslowski","Krzysztof Kieslowski, Krzysztof Piesiewicz, Agnieszka Holland, Edward Zebrowski, Slawomir Idziak","Drama, Music, Mystery","<a href=""https://www.imdb.com/title/tt0108394"" target=""_blank"">tt0108394</a>","<a href=""https://www.imdb.com/title/tt0108394"" target=""_blank"">Three Colors: Blue</a>"
"tt0108037","The Sandlot",1993,686,7.8,109187,101,"David Mickey Evans","David Mickey Evans, Robert Gunter","Comedy, Drama, Family","<a href=""https://www.imdb.com/title/tt0108037"" target=""_blank"">tt0108037</a>","<a href=""https://www.imdb.com/title/tt0108037"" target=""_blank"">The Sandlot</a>"
"tt0185125","All About My Mother",1999,687,7.8,107232,101,"Pedro Almodóvar","Pedro Almodóvar","Comedy, Drama, Romance","<a href=""https://www.imdb.com/title/tt0185125"" target=""_blank"">tt0185125</a>","<a href=""https://www.imdb.com/title/tt0185125"" target=""_blank"">All About My Mother</a>"
"tt2013293","The Wind Rises",2013,688,7.8,107230,126,"Hayao Miyazaki","Hayao Miyazaki","Animation, Biography, Drama","<a href=""https://www.imdb.com/title/tt2013293"" target=""_blank"">tt2013293</a>","<a href=""https://www.imdb.com/title/tt2013293"" target=""_blank"">The Wind Rises</a>"
"tt4468740","Paddington 2",2017,689,7.8,107037,103,"Paul King","Paul King, Simon Farnaby, Michael Bond, Mark Burton, Jon Croker, Will Smith, Simon Stephenson","Adventure, Comedy, Family","<a href=""https://www.imdb.com/title/tt4468740"" target=""_blank"">tt4468740</a>","<a href=""https://www.imdb.com/title/tt4468740"" target=""_blank"">Paddington 2</a>"
"tt1235166","A Prophet",2009,690,7.8,105292,155,"Jacques Audiard","Thomas Bidegain, Jacques Audiard, Abdel Raouf Dafri, Nicolas Peufaillit","Crime, Drama","<a href=""https://www.imdb.com/title/tt1235166"" target=""_blank"">tt1235166</a>","<a href=""https://www.imdb.com/title/tt1235166"" target=""_blank"">A Prophet</a>"
"tt0132477","October Sky",1999,691,7.8,103175,108,"Joe Johnston","Homer H. Hickam Jr., Lewis Colick","Biography, Drama, Family","<a href=""https://www.imdb.com/title/tt0132477"" target=""_blank"">tt0132477</a>","<a href=""https://www.imdb.com/title/tt0132477"" target=""_blank"">October Sky</a>"
"tt0049730","The Searchers",1956,692,7.8,100738,119,"John Ford","Frank S. Nugent, Alan Le May","Adventure, Western","<a href=""https://www.imdb.com/title/tt0049730"" target=""_blank"">tt0049730</a>","<a href=""https://www.imdb.com/title/tt0049730"" target=""_blank"">The Searchers</a>"
"tt0056923","Charade",1963,693,7.8,90193,113,"Stanley Donen","Peter Stone, Marc Behm","Comedy, Mystery, Romance","<a href=""https://www.imdb.com/title/tt0056923"" target=""_blank"">tt0056923</a>","<a href=""https://www.imdb.com/title/tt0056923"" target=""_blank"">Charade</a>"
"tt0054997","The Hustler",1961,694,7.9,89287,134,"Robert Rossen","Sidney Carroll, Robert Rossen, Walter Tevis","Drama, Sport","<a href=""https://www.imdb.com/title/tt0054997"" target=""_blank"">tt0054997</a>","<a href=""https://www.imdb.com/title/tt0054997"" target=""_blank"">The Hustler</a>"
"tt0107943","The Remains of the Day",1993,695,7.8,89211,134,"James Ivory","Kazuo Ishiguro, Ruth Prawer Jhabvala","Drama, Romance","<a href=""https://www.imdb.com/title/tt0107943"" target=""_blank"">tt0107943</a>","<a href=""https://www.imdb.com/title/tt0107943"" target=""_blank"">The Remains of the Day</a>"
"tt0061811","In the Heat of the Night",1967,696,7.9,87976,110,"Norman Jewison","Stirling Silliphant, John Ball","Drama, Mystery, Thriller","<a href=""https://www.imdb.com/title/tt0061811"" target=""_blank"">tt0061811</a>","<a href=""https://www.imdb.com/title/tt0061811"" target=""_blank"">In the Heat of the Night</a>"
"tt27503384","Perfect Days",2023,697,7.9,85896,124,"Wim Wenders","Wim Wenders, Takuma Takasaki","Drama","<a href=""https://www.imdb.com/title/tt27503384"" target=""_blank"">tt27503384</a>","<a href=""https://www.imdb.com/title/tt27503384"" target=""_blank"">Perfect Days</a>"
"tt0059113","Doctor Zhivago",1965,698,7.9,84869,197,"David Lean","Boris Pasternak, Robert Bolt","Drama, Romance, War","<a href=""https://www.imdb.com/title/tt0059113"" target=""_blank"">tt0059113</a>","<a href=""https://www.imdb.com/title/tt0059113"" target=""_blank"">Doctor Zhivago</a>"
"tt4772188","Flow",2024,699,7.9,84862,85,"Gints Zilbalodis","Gints Zilbalodis, Matiss Kaza, Ron Dyens","Adventure, Animation, Family","<a href=""https://www.imdb.com/title/tt4772188"" target=""_blank"">tt4772188</a>","<a href=""https://www.imdb.com/title/tt4772188"" target=""_blank"">Flow</a>"
"tt0067185","Harold and Maude",1971,700,7.8,84310,91,"Hal Ashby","Colin Higgins","Comedy, Drama, Romance","<a href=""https://www.imdb.com/title/tt0067185"" target=""_blank"">tt0067185</a>","<a href=""https://www.imdb.com/title/tt0067185"" target=""_blank"">Harold and Maude</a>"
"tt0021884","Frankenstein",1931,701,7.8,83939,70,"James Whale","John L. Balderston, Mary Shelley, Peggy Webling, Garrett Fort, Francis Edward Faragoh, Richard Schayer, Robert Florey, John Russell","Drama, Horror, Sci-Fi","<a href=""https://www.imdb.com/title/tt0021884"" target=""_blank"">tt0021884</a>","<a href=""https://www.imdb.com/title/tt0021884"" target=""_blank"">Frankenstein</a>"
"tt0075029","The Outlaw Josey Wales",1976,702,7.8,83802,135,"Clint Eastwood","Forrest Carter, Philip Kaufman, Sonia Chernus","Drama, Western","<a href=""https://www.imdb.com/title/tt0075029"" target=""_blank"">tt0075029</a>","<a href=""https://www.imdb.com/title/tt0075029"" target=""_blank"">The Outlaw Josey Wales</a>"
"tt0097937","My Left Foot",1989,703,7.8,82880,103,"Jim Sheridan","Shane Connaughton, Jim Sheridan, Christy Brown","Biography, Drama","<a href=""https://www.imdb.com/title/tt0097937"" target=""_blank"">tt0097937</a>","<a href=""https://www.imdb.com/title/tt0097937"" target=""_blank"">My Left Foot</a>"
"tt0056218","The Manchurian Candidate",1962,704,7.9,82799,126,"John Frankenheimer","Richard Condon, George Axelrod, John Frankenheimer","Drama, Thriller","<a href=""https://www.imdb.com/title/tt0056218"" target=""_blank"">tt0056218</a>","<a href=""https://www.imdb.com/title/tt0056218"" target=""_blank"">The Manchurian Candidate</a>"
"tt0049833","The Ten Commandments",1956,705,7.9,81672,220,"Cecil B. DeMille","Dorothy Clarke Wilson, J.H. Ingraham, A.E. Southon, Æneas MacKenzie, Jesse Lasky Jr., Jack Gariss, Fredric M. Frank","Adventure, Drama, Family","<a href=""https://www.imdb.com/title/tt0049833"" target=""_blank"">tt0049833</a>","<a href=""https://www.imdb.com/title/tt0049833"" target=""_blank"">The Ten Commandments</a>"
"tt0093191","Wings of Desire",1987,706,7.9,81240,128,"Wim Wenders","Wim Wenders, Peter Handke, Richard Reitinger, Bernard Eisenschitz","Drama, Fantasy, Romance","<a href=""https://www.imdb.com/title/tt0093191"" target=""_blank"">tt0093191</a>","<a href=""https://www.imdb.com/title/tt0093191"" target=""_blank"">Wings of Desire</a>"
"tt0078841","Being There",1979,707,7.9,80808,130,"Hal Ashby","Jerzy Kosinski, Robert C. Jones","Comedy, Drama","<a href=""https://www.imdb.com/title/tt0078841"" target=""_blank"">tt0078841</a>","<a href=""https://www.imdb.com/title/tt0078841"" target=""_blank"">Being There</a>"
"tt1149362","The White Ribbon",2009,708,7.8,79985,144,"Michael Haneke","Michael Haneke","Drama, Mystery, Thriller","<a href=""https://www.imdb.com/title/tt1149362"" target=""_blank"">tt1149362</a>","<a href=""https://www.imdb.com/title/tt1149362"" target=""_blank"">The White Ribbon</a>"
"tt0091167","Hannah and Her Sisters",1986,709,7.8,79510,107,"Woody Allen","Woody Allen","Comedy, Drama","<a href=""https://www.imdb.com/title/tt0091167"" target=""_blank"">tt0091167</a>","<a href=""https://www.imdb.com/title/tt0091167"" target=""_blank"">Hannah and Her Sisters</a>"
"tt0113824","Whisper of the Heart",1995,710,7.8,79107,111,"Yoshifumi Kondô","Aoi Hiiragi, Hayao Miyazaki","Animation, Drama, Family","<a href=""https://www.imdb.com/title/tt0113824"" target=""_blank"">tt0113824</a>","<a href=""https://www.imdb.com/title/tt0113824"" target=""_blank"">Whisper of the Heart</a>"
"tt0347304","Kal Ho Naa Ho",2003,711,7.9,78912,186,"Nikkhil Advani","Niranjan Iyengar, Karan Johar","Comedy, Drama, Musical","<a href=""https://www.imdb.com/title/tt0347304"" target=""_blank"">tt0347304</a>","<a href=""https://www.imdb.com/title/tt0347304"" target=""_blank"">Kal Ho Naa Ho</a>"
"tt0036613","Arsenic and Old Lace",1944,712,7.9,77114,118,"Frank Capra","Julius J. Epstein, Joseph Kesselring","Comedy, Crime, Thriller","<a href=""https://www.imdb.com/title/tt0036613"" target=""_blank"">tt0036613</a>","<a href=""https://www.imdb.com/title/tt0036613"" target=""_blank"">Arsenic and Old Lace</a>"
"tt1190539","The Chaser",2008,713,7.8,77037,125,"Na Hong-jin","Na Hong-jin, Shinho Lee, Hong Won-chan","Action, Crime, Drama","<a href=""https://www.imdb.com/title/tt1190539"" target=""_blank"">tt1190539</a>","<a href=""https://www.imdb.com/title/tt1190539"" target=""_blank"">The Chaser</a>"
"tt0032904","The Philadelphia Story",1940,714,7.8,76580,112,"George Cukor","Donald Ogden Stewart, Philip Barry, Waldo Salt","Comedy, Romance","<a href=""https://www.imdb.com/title/tt0032904"" target=""_blank"">tt0032904</a>","<a href=""https://www.imdb.com/title/tt0032904"" target=""_blank"">The Philadelphia Story</a>"
"tt0104940","The Muppet Christmas Carol",1992,715,7.8,76565,85,"Brian Henson","Charles Dickens, Jerry Juhl","Comedy, Drama, Family","<a href=""https://www.imdb.com/title/tt0104940"" target=""_blank"">tt0104940</a>","<a href=""https://www.imdb.com/title/tt0104940"" target=""_blank"">The Muppet Christmas Carol</a>"
"tt12262116","Thirteen Lives",2022,716,7.8,74318,147,"Ron Howard","William Nicholson, Don MacPherson","Biography, Drama, Thriller","<a href=""https://www.imdb.com/title/tt12262116"" target=""_blank"">tt12262116</a>","<a href=""https://www.imdb.com/title/tt12262116"" target=""_blank"">Thirteen Lives</a>"
"tt0115751","Breaking the Waves",1996,717,7.8,74212,153,"Lars von Trier","Lars von Trier, Peter Asmussen, David Pirie","Drama","<a href=""https://www.imdb.com/title/tt0115751"" target=""_blank"">tt0115751</a>","<a href=""https://www.imdb.com/title/tt0115751"" target=""_blank"">Breaking the Waves</a>"
"tt0036342","Shadow of a Doubt",1943,718,7.8,73370,108,"Alfred Hitchcock","Thornton Wilder, Sally Benson, Alma Reville, Gordon McDonell","Drama, Film-Noir, Mystery","<a href=""https://www.imdb.com/title/tt0036342"" target=""_blank"">tt0036342</a>","<a href=""https://www.imdb.com/title/tt0036342"" target=""_blank"">Shadow of a Doubt</a>"
"tt1587707","Exit Through the Gift Shop",2010,719,7.9,70075,87,"Banksy",NA,"Comedy, Crime, Documentary","<a href=""https://www.imdb.com/title/tt1587707"" target=""_blank"">tt1587707</a>","<a href=""https://www.imdb.com/title/tt1587707"" target=""_blank"">Exit Through the Gift Shop</a>"
"tt1032846","4 Months, 3 Weeks and 2 Days",2007,720,7.9,64834,113,"Cristian Mungiu","Cristian Mungiu","Drama","<a href=""https://www.imdb.com/title/tt1032846"" target=""_blank"">tt1032846</a>","<a href=""https://www.imdb.com/title/tt1032846"" target=""_blank"">4 Months, 3 Weeks and 2 Days</a>"
"tt0015648","Battleship Potemkin",1925,721,7.9,63563,66,"Sergei Eisenstein","Nina Agadzhanova, Sergei Eisenstein, Grigoriy Aleksandrov, Nikolay Aseev, Sergey Tretyakov","Drama, History, Thriller","<a href=""https://www.imdb.com/title/tt0015648"" target=""_blank"">tt0015648</a>","<a href=""https://www.imdb.com/title/tt0015648"" target=""_blank"">Battleship Potemkin</a>"
"tt1093370","Jab We Met",2007,722,7.9,62494,138,"Imtiaz Ali","Imtiaz Ali","Comedy, Drama, Romance","<a href=""https://www.imdb.com/title/tt1093370"" target=""_blank"">tt1093370</a>","<a href=""https://www.imdb.com/title/tt1093370"" target=""_blank"">Jab We Met</a>"
"tt3848892","Baby",2015,723,7.9,62083,159,"Neeraj Pandey","Neeraj Pandey","Action, Thriller","<a href=""https://www.imdb.com/title/tt3848892"" target=""_blank"">tt3848892</a>","<a href=""https://www.imdb.com/title/tt3848892"" target=""_blank"">Baby</a>"
"tt0046359","Stalag 17",1953,724,7.9,60361,120,"Billy Wilder","Billy Wilder, Edwin Blum, Donald Bevan, Edmund Trzcinski","Comedy, Drama, War","<a href=""https://www.imdb.com/title/tt0046359"" target=""_blank"">tt0046359</a>","<a href=""https://www.imdb.com/title/tt0046359"" target=""_blank"">Stalag 17</a>"
"tt0247586","Nine Queens",2000,725,7.9,60183,114,"Fabián Bielinsky","Fabián Bielinsky","Crime, Drama, Thriller","<a href=""https://www.imdb.com/title/tt0247586"" target=""_blank"">tt0247586</a>","<a href=""https://www.imdb.com/title/tt0247586"" target=""_blank"">Nine Queens</a>"
"tt4387040","Airlift",2016,726,7.9,60131,130,"Raja Menon","Raja Menon, Sonu Sinha, Ritesh Shah, Suresh Nair, Rahul Nangia","Drama, History","<a href=""https://www.imdb.com/title/tt4387040"" target=""_blank"">tt4387040</a>","<a href=""https://www.imdb.com/title/tt4387040"" target=""_blank"">Airlift</a>"
"tt0423866","3-Iron",2004,727,7.9,60092,88,"Kim Ki-duk","Kim Ki-duk","Crime, Drama, Romance","<a href=""https://www.imdb.com/title/tt0423866"" target=""_blank"">tt0423866</a>","<a href=""https://www.imdb.com/title/tt0423866"" target=""_blank"">3-Iron</a>"
"tt0042546","Harvey",1950,728,7.9,59922,104,"Henry Koster","Mary Chase, Oscar Brodney, Myles Connolly","Comedy, Drama, Fantasy","<a href=""https://www.imdb.com/title/tt0042546"" target=""_blank"">tt0042546</a>","<a href=""https://www.imdb.com/title/tt0042546"" target=""_blank"">Harvey</a>"
"tt1360860","About Elly",2009,729,7.9,59399,119,"Asghar Farhadi","Asghar Farhadi","Drama, Mystery","<a href=""https://www.imdb.com/title/tt1360860"" target=""_blank"">tt1360860</a>","<a href=""https://www.imdb.com/title/tt1360860"" target=""_blank"">About Elly</a>"
"tt5116302","Togo",2019,730,7.9,59144,113,"Ericson Core","Tom Flynn","Adventure, Biography, Drama","<a href=""https://www.imdb.com/title/tt5116302"" target=""_blank"">tt5116302</a>","<a href=""https://www.imdb.com/title/tt5116302"" target=""_blank"">Togo</a>"
"tt0039628","Miracle on 34th Street",1947,731,7.9,58131,96,"George Seaton","George Seaton, Valentine Davies","Comedy, Drama, Family","<a href=""https://www.imdb.com/title/tt0039628"" target=""_blank"">tt0039628</a>","<a href=""https://www.imdb.com/title/tt0039628"" target=""_blank"">Miracle on 34th Street</a>"
"tt6333060","Icarus",2017,732,7.9,56772,120,"Bryan Fogel","Bryan Fogel, Mark Monroe, Jon Bertain, Timothy Rode","Documentary, Sport","<a href=""https://www.imdb.com/title/tt6333060"" target=""_blank"">tt6333060</a>","<a href=""https://www.imdb.com/title/tt6333060"" target=""_blank"">Icarus</a>"
"tt0029843","The Adventures of Robin Hood",1938,733,7.9,56453,102,"Michael Curtiz, William Keighley","Norman Reilly Raine, Seton I. Miller, Rowland Leigh","Action, Adventure, Romance","<a href=""https://www.imdb.com/title/tt0029843"" target=""_blank"">tt0029843</a>","<a href=""https://www.imdb.com/title/tt0029843"" target=""_blank"">The Adventures of Robin Hood</a>"
"tt0051459","Cat on a Hot Tin Roof",1958,734,7.9,55539,108,"Richard Brooks","Richard Brooks, James Poe, Tennessee Williams","Drama","<a href=""https://www.imdb.com/title/tt0051459"" target=""_blank"">tt0051459</a>","<a href=""https://www.imdb.com/title/tt0051459"" target=""_blank"">Cat on a Hot Tin Roof</a>"
"tt0072443","Mirror",1975,735,7.9,55449,107,"Andrei Tarkovsky","Aleksandr Misharin, Andrei Tarkovsky, Arseniy Tarkovskiy","Biography, Drama","<a href=""https://www.imdb.com/title/tt0072443"" target=""_blank"">tt0072443</a>","<a href=""https://www.imdb.com/title/tt0072443"" target=""_blank"">Mirror</a>"
"tt0037008","Laura",1944,736,7.9,53998,88,"Otto Preminger, Rouben Mamoulian","Vera Caspary, Jay Dratler, Samuel Hoffenstein, Elizabeth Reinhardt, Ring Lardner Jr.","Drama, Film-Noir, Mystery","<a href=""https://www.imdb.com/title/tt0037008"" target=""_blank"">tt0037008</a>","<a href=""https://www.imdb.com/title/tt0037008"" target=""_blank"">Laura</a>"
"tt0456144","Lage Raho Munna Bhai",2006,737,8,52136,144,"Rajkumar Hirani","Vidhu Vinod Chopra, Rajkumar Hirani, Abhijat Joshi","Comedy, Drama, Romance","<a href=""https://www.imdb.com/title/tt0456144"" target=""_blank"">tt0456144</a>","<a href=""https://www.imdb.com/title/tt0456144"" target=""_blank"">Lage Raho Munna Bhai</a>"
"tt0293715","My Sassy Girl",2001,738,7.9,51879,137,"Jae-young Kwak","Ho-sik Kim, Jae-young Kwak","Comedy, Drama, Romance","<a href=""https://www.imdb.com/title/tt0293715"" target=""_blank"">tt0293715</a>","<a href=""https://www.imdb.com/title/tt0293715"" target=""_blank"">My Sassy Girl</a>"
"tt0069281","Sleuth",1972,739,7.9,51605,138,"Joseph L. Mankiewicz","Anthony Shaffer","Mystery, Thriller","<a href=""https://www.imdb.com/title/tt0069281"" target=""_blank"">tt0069281</a>","<a href=""https://www.imdb.com/title/tt0069281"" target=""_blank"">Sleuth</a>"
"tt5571734","Pink",2016,740,8,50398,136,"Aniruddha Roy Chowdhury","Shoojit Sircar, Aniruddha Roy Chowdhury, Ritesh Shah","Crime, Drama, Thriller","<a href=""https://www.imdb.com/title/tt5571734"" target=""_blank"">tt5571734</a>","<a href=""https://www.imdb.com/title/tt5571734"" target=""_blank"">Pink</a>"
"tt0067093","Fiddler on the Roof",1971,741,8,50279,181,"Norman Jewison","Sholom Aleichem, Arnold Perl, Joseph Stein","Drama, Family, Musical","<a href=""https://www.imdb.com/title/tt0067093"" target=""_blank"">tt0067093</a>","<a href=""https://www.imdb.com/title/tt0067093"" target=""_blank"">Fiddler on the Roof</a>"
"tt0117589","Secrets & Lies",1996,742,8,49900,136,"Mike Leigh","Mike Leigh","Comedy, Drama","<a href=""https://www.imdb.com/title/tt0117589"" target=""_blank"">tt0117589</a>","<a href=""https://www.imdb.com/title/tt0117589"" target=""_blank"">Secrets & Lies</a>"
"tt0283509","No Man's Land",2001,743,7.9,49825,98,"Danis Tanovic","Danis Tanovic","Comedy, Drama, War","<a href=""https://www.imdb.com/title/tt0283509"" target=""_blank"">tt0283509</a>","<a href=""https://www.imdb.com/title/tt0283509"" target=""_blank"">No Man's Land</a>"
"tt0376968","The Return",2003,744,7.9,48701,110,"Andrey Zvyagintsev","Vladimir Moiseenko, Aleksandr Novototskiy-Vlasov","Drama","<a href=""https://www.imdb.com/title/tt0376968"" target=""_blank"">tt0376968</a>","<a href=""https://www.imdb.com/title/tt0376968"" target=""_blank"">The Return</a>"
"tt0140888","Central Station",1998,745,8,48205,110,"Walter Salles","João Emanuel Carneiro, Marcos Bernstein, Walter Salles","Drama","<a href=""https://www.imdb.com/title/tt0140888"" target=""_blank"">tt0140888</a>","<a href=""https://www.imdb.com/title/tt0140888"" target=""_blank"">Central Station</a>"
"tt2375559","1: Nenokkadine",2014,746,7.9,47252,170,"Sukumar","Hari Prasad Jakka, Arjun Y.K., Thota Srinivas, Jeremy Zimmerman, Palnati Surya Pratap, Devi Sri Prasad, Chandrabose, Sukumar, Zeb Walters","Action, Thriller","<a href=""https://www.imdb.com/title/tt2375559"" target=""_blank"">tt2375559</a>","<a href=""https://www.imdb.com/title/tt2375559"" target=""_blank"">1: Nenokkadine</a>"
"tt0037558","Brief Encounter",1945,747,8,46787,86,"David Lean","Noël Coward, Anthony Havelock-Allan, David Lean, Ronald Neame","Drama, Romance","<a href=""https://www.imdb.com/title/tt0037558"" target=""_blank"">tt0037558</a>","<a href=""https://www.imdb.com/title/tt0037558"" target=""_blank"">Brief Encounter</a>"
"tt2395469","Gully Boy",2019,748,7.9,45335,154,"Zoya Akhtar","Zoya Akhtar, Reema Kagti, Vijay Maurya","Drama, Music, Romance","<a href=""https://www.imdb.com/title/tt2395469"" target=""_blank"">tt2395469</a>","<a href=""https://www.imdb.com/title/tt2395469"" target=""_blank"">Gully Boy</a>"
"tt0051808","The Hidden Fortress",1958,749,8,44260,126,"Akira Kurosawa","Ryûzô Kikushima, Hideo Oguni, Shinobu Hashimoto, Akira Kurosawa","Adventure, Drama","<a href=""https://www.imdb.com/title/tt0051808"" target=""_blank"">tt0051808</a>","<a href=""https://www.imdb.com/title/tt0051808"" target=""_blank"">The Hidden Fortress</a>"
"tt0056443","Sanjuro",1962,750,8,42967,96,"Akira Kurosawa","Ryûzô Kikushima, Hideo Oguni, Akira Kurosawa, Shûgorô Yamamoto","Action, Drama, Thriller","<a href=""https://www.imdb.com/title/tt0056443"" target=""_blank"">tt0056443</a>","<a href=""https://www.imdb.com/title/tt0056443"" target=""_blank"">Sanjuro</a>"
"tt0039689","Out of the Past",1947,751,8,42825,97,"Jacques Tourneur","Daniel Mainwaring, James M. Cain, Frank Fenton","Crime, Drama, Film-Noir","<a href=""https://www.imdb.com/title/tt0039689"" target=""_blank"">tt0039689</a>","<a href=""https://www.imdb.com/title/tt0039689"" target=""_blank"">Out of the Past</a>"
"tt5198068","Wolfwalkers",2020,752,8,42306,103,"Tomm Moore, Ross Stewart","Will Collins, Tomm Moore, Ross Stewart","Action, Adventure, Animation","<a href=""https://www.imdb.com/title/tt5198068"" target=""_blank"">tt5198068</a>","<a href=""https://www.imdb.com/title/tt5198068"" target=""_blank"">Wolfwalkers</a>"
"tt0056111","Ivan's Childhood",1962,753,8,41951,95,"Andrei Tarkovsky, Eduard Abalov","Vladimir Bogomolov, Mikhail Papava, Andrei Tarkovsky, Andrei Konchalovsky","Drama, War","<a href=""https://www.imdb.com/title/tt0056111"" target=""_blank"">tt0056111</a>","<a href=""https://www.imdb.com/title/tt0056111"" target=""_blank"">Ivan's Childhood</a>"
"tt4257858","Going Clear: Scientology & the Prison of Belief",2015,754,8,41939,119,"Alex Gibney","Alex Gibney, Lawrence Wright","Documentary","<a href=""https://www.imdb.com/title/tt4257858"" target=""_blank"">tt4257858</a>","<a href=""https://www.imdb.com/title/tt4257858"" target=""_blank"">Going Clear: Scientology & the Prison of Belief</a>"
"tt0386064","Tae Guk Gi: The Brotherhood of War",2004,755,8,41872,140,"Kang Je-kyu","Kang Je-kyu, Sang-don Kim, Han Ji-hoon","Action, Drama, War","<a href=""https://www.imdb.com/title/tt0386064"" target=""_blank"">tt0386064</a>","<a href=""https://www.imdb.com/title/tt0386064"" target=""_blank"">Tae Guk Gi: The Brotherhood of War</a>"
"tt0033045","The Shop Around the Corner",1940,756,8,41808,99,"Ernst Lubitsch","Samson Raphaelson, Miklós László, Ben Hecht","Comedy, Drama, Romance","<a href=""https://www.imdb.com/title/tt0033045"" target=""_blank"">tt0033045</a>","<a href=""https://www.imdb.com/title/tt0033045"" target=""_blank"">The Shop Around the Corner</a>"
"tt0041546","Kind Hearts and Coronets",1949,757,8,40936,106,"Robert Hamer","Roy Horniman, Robert Hamer, John Dighton, Nancy Mitford","Comedy, Crime","<a href=""https://www.imdb.com/title/tt0041546"" target=""_blank"">tt0041546</a>","<a href=""https://www.imdb.com/title/tt0041546"" target=""_blank"">Kind Hearts and Coronets</a>"
"tt8633462","Quo Vadis, Aida?",2020,758,8,40645,101,"Jasmila Zbanic","Jasmila Zbanic, Hasan Nuhanovic","Drama, History, War","<a href=""https://www.imdb.com/title/tt8633462"" target=""_blank"">tt8633462</a>","<a href=""https://www.imdb.com/title/tt8633462"" target=""_blank"">Quo Vadis, Aida?</a>"
"tt0270053","Vizontele",2001,759,8,40285,110,"Yilmaz Erdogan, Ömer Faruk Sorak","Yilmaz Erdogan","Comedy, Drama, History","<a href=""https://www.imdb.com/title/tt0270053"" target=""_blank"">tt0270053</a>","<a href=""https://www.imdb.com/title/tt0270053"" target=""_blank"">Vizontele</a>"
"tt0058536","Rudolph the Red-Nosed Reindeer",1964,760,8,40240,47,"Larry Roemer","Romeo Muller, Robert May, Johnny Marks","Adventure, Animation, Comedy","<a href=""https://www.imdb.com/title/tt0058536"" target=""_blank"">tt0058536</a>","<a href=""https://www.imdb.com/title/tt0058536"" target=""_blank"">Rudolph the Red-Nosed Reindeer</a>"
"tt0051036","Sweet Smell of Success",1957,761,8,38334,96,"Alexander Mackendrick","Clifford Odets, Ernest Lehman, Alexander Mackendrick","Drama, Film-Noir","<a href=""https://www.imdb.com/title/tt0051036"" target=""_blank"">tt0051036</a>","<a href=""https://www.imdb.com/title/tt0051036"" target=""_blank"">Sweet Smell of Success</a>"
"tt0923752","The King of Kong: A Fistful of Quarters",2007,762,8,38201,79,"Seth Gordon","Seth Gordon","Biography, Documentary, Sport","<a href=""https://www.imdb.com/title/tt0923752"" target=""_blank"">tt0923752</a>","<a href=""https://www.imdb.com/title/tt0923752"" target=""_blank"">The King of Kong: A Fistful of Quarters</a>"
"tt0048021","Rififi",1955,763,8.1,38182,118,"Jules Dassin","Auguste Le Breton, Jules Dassin, René Wheeler","Crime, Drama, Thriller","<a href=""https://www.imdb.com/title/tt0048021"" target=""_blank"">tt0048021</a>","<a href=""https://www.imdb.com/title/tt0048021"" target=""_blank"">Rififi</a>"
"tt0092593","Au Revoir les Enfants",1987,764,8,37597,104,"Louis Malle","Louis Malle","Drama, War","<a href=""https://www.imdb.com/title/tt0092593"" target=""_blank"">tt0092593</a>","<a href=""https://www.imdb.com/title/tt0092593"" target=""_blank"">Au Revoir les Enfants</a>"
"tt0018773","The Circus",1928,765,8.1,37551,72,"Charles Chaplin","Charles Chaplin","Comedy, Family, Romance","<a href=""https://www.imdb.com/title/tt0018773"" target=""_blank"">tt0018773</a>","<a href=""https://www.imdb.com/title/tt0018773"" target=""_blank"">The Circus</a>"
"tt0042041","White Heat",1949,766,8.1,37355,114,"Raoul Walsh","Ivan Goff, Ben Roberts, Virginia Kellogg","Action, Crime, Drama","<a href=""https://www.imdb.com/title/tt0042041"" target=""_blank"">tt0042041</a>","<a href=""https://www.imdb.com/title/tt0042041"" target=""_blank"">White Heat</a>"
"tt0056732","The Exterminating Angel",1962,767,8,37108,95,"Luis Buñuel","Luis Buñuel, Luis Alcoriza","Drama, Fantasy","<a href=""https://www.imdb.com/title/tt0056732"" target=""_blank"">tt0056732</a>","<a href=""https://www.imdb.com/title/tt0056732"" target=""_blank"">The Exterminating Angel</a>"
"tt0375611","Black",2005,768,8.1,36979,122,"Sanjay Leela Bhansali","Sanjay Leela Bhansali, Bhavani Iyer, Prakash Kapadia","Drama","<a href=""https://www.imdb.com/title/tt0375611"" target=""_blank"">tt0375611</a>","<a href=""https://www.imdb.com/title/tt0375611"" target=""_blank"">Black</a>"
"tt0101640","Raise the Red Lantern",1991,769,8.1,36800,125,"Yimou Zhang","Tong Su, Ni Zhen","Drama, Romance","<a href=""https://www.imdb.com/title/tt0101640"" target=""_blank"">tt0101640</a>","<a href=""https://www.imdb.com/title/tt0101640"" target=""_blank"">Raise the Red Lantern</a>"
"tt0066763","Anand",1971,770,8.1,36532,122,"Hrishikesh Mukherjee","Hrishikesh Mukherjee, Gulzar, D.N. Mukherjee, Bimal Dutta","Drama, Musical","<a href=""https://www.imdb.com/title/tt0066763"" target=""_blank"">tt0066763</a>","<a href=""https://www.imdb.com/title/tt0066763"" target=""_blank"">Anand</a>"
"tt8108268","The Tashkent Files",2019,771,8.1,36477,134,"Vivek Agnihotri","Vivek Agnihotri","Drama, Mystery, Thriller","<a href=""https://www.imdb.com/title/tt8108268"" target=""_blank"">tt8108268</a>","<a href=""https://www.imdb.com/title/tt8108268"" target=""_blank"">The Tashkent Files</a>"
"tt1171701","The Breath",2009,772,8,36327,128,"Levent Semerci","Mehmet Ilker Altinay, Hakan Evrensel, Levent Semerci","Action, Drama, Thriller","<a href=""https://www.imdb.com/title/tt1171701"" target=""_blank"">tt1171701</a>","<a href=""https://www.imdb.com/title/tt1171701"" target=""_blank"">The Breath</a>"
"tt0106332","Farewell My Concubine",1993,773,8.1,35384,171,"Kaige Chen","Pik-Wah Lee, Wei Lu","Drama, Music, Romance","<a href=""https://www.imdb.com/title/tt0106332"" target=""_blank"">tt0106332</a>","<a href=""https://www.imdb.com/title/tt0106332"" target=""_blank"">Farewell My Concubine</a>"
"tt14152756","Seaspiracy",2021,774,8.1,35062,89,"Ali Tabrizi",NA,"Adventure, Documentary","<a href=""https://www.imdb.com/title/tt14152756"" target=""_blank"">tt14152756</a>","<a href=""https://www.imdb.com/title/tt14152756"" target=""_blank"">Seaspiracy</a>"
"tt27540542","Lucky Baskhar",2024,775,8,34488,148,"Venky Atluri","Venky Atluri","Crime, Drama, Thriller","<a href=""https://www.imdb.com/title/tt27540542"" target=""_blank"">tt27540542</a>","<a href=""https://www.imdb.com/title/tt27540542"" target=""_blank"">Lucky Baskhar</a>"
"tt0053946","Inherit the Wind",1960,776,8.1,34421,128,"Stanley Kramer","Nedrick Young, Harold Jacob Smith, Jerome Lawrence, Robert E. Lee","Biography, Drama, History","<a href=""https://www.imdb.com/title/tt0053946"" target=""_blank"">tt0053946</a>","<a href=""https://www.imdb.com/title/tt0053946"" target=""_blank"">Inherit the Wind</a>"
"tt27470893","Chandu Champion",2024,777,8,34411,142,"Kabir Khan","Sumit Arora, Kabir Khan, Sudipto Sarkar, Rohit Shukre","Action, Biography, Drama","<a href=""https://www.imdb.com/title/tt27470893"" target=""_blank"">tt27470893</a>","<a href=""https://www.imdb.com/title/tt27470893"" target=""_blank"">Chandu Champion</a>"
"tt0408664","Nobody Knows",2004,778,8,33747,141,"Hirokazu Koreeda","Hirokazu Koreeda","Drama","<a href=""https://www.imdb.com/title/tt0408664"" target=""_blank"">tt0408664</a>","<a href=""https://www.imdb.com/title/tt0408664"" target=""_blank"">Nobody Knows</a>"
"tt0097223","Time of the Gypsies",1988,779,8.1,33725,142,"Emir Kusturica","Emir Kusturica, Gordan Mihic","Comedy, Crime, Drama","<a href=""https://www.imdb.com/title/tt0097223"" target=""_blank"">tt0097223</a>","<a href=""https://www.imdb.com/title/tt0097223"" target=""_blank"">Time of the Gypsies</a>"
"tt28459771","Oficina do Diabo",2025,780,8.1,33618,124,"Filipe Valerim","Elton Mesquita, Filipe Valerim","Drama","<a href=""https://www.imdb.com/title/tt28459771"" target=""_blank"">tt28459771</a>","<a href=""https://www.imdb.com/title/tt28459771"" target=""_blank"">Oficina do Diabo</a>"
"tt9851854","Major",2022,781,8.1,33592,150,"Sashi Kiran Tikka","Adivi Sesh, Abburi Ravi, Akshat Ajay Sharma","Action, Biography, Drama","<a href=""https://www.imdb.com/title/tt9851854"" target=""_blank"">tt9851854</a>","<a href=""https://www.imdb.com/title/tt9851854"" target=""_blank"">Major</a>"
"tt4635372","Masaan",2015,782,8.1,33394,109,"Neeraj Ghaywan","Akbar Allahabadi, Bashir Badr, Brij Narayan Chakbast, Mirza Ghalib, Varun Grover, Dushyant Kumar","Drama","<a href=""https://www.imdb.com/title/tt4635372"" target=""_blank"">tt4635372</a>","<a href=""https://www.imdb.com/title/tt4635372"" target=""_blank"">Masaan</a>"
"tt0053976","The Virgin Spring",1960,783,8,32943,89,"Ingmar Bergman","Ulla Isaksson","Drama","<a href=""https://www.imdb.com/title/tt0053976"" target=""_blank"">tt0053976</a>","<a href=""https://www.imdb.com/title/tt0053976"" target=""_blank"">The Virgin Spring</a>"
"tt0065234","Z",1969,784,8.1,32873,127,"Costa-Gavras","Vassilis Vassilikos, Jorge Semprún, Costa-Gavras, Ben Barzman","Crime, Drama, Thriller","<a href=""https://www.imdb.com/title/tt0065234"" target=""_blank"">tt0065234</a>","<a href=""https://www.imdb.com/title/tt0065234"" target=""_blank"">Z</a>"
"tt0038890","Rome, Open City",1945,785,8,32284,103,"Roberto Rossellini","Sergio Amidei, Federico Fellini, Roberto Rossellini, Alberto Consiglio, Ferruccio Disnan, Ceiste Negarville","Drama, Thriller, War","<a href=""https://www.imdb.com/title/tt0038890"" target=""_blank"">tt0038890</a>","<a href=""https://www.imdb.com/title/tt0038890"" target=""_blank"">Rome, Open City</a>"
"tt3801314","Kaththi",2014,786,8.1,31943,166,"A.R. Murugadoss","A.R. Murugadoss","Action, Drama","<a href=""https://www.imdb.com/title/tt3801314"" target=""_blank"">tt3801314</a>","<a href=""https://www.imdb.com/title/tt3801314"" target=""_blank"">Kaththi</a>"
"tt0072417","A Woman Under the Influence",1974,787,8,31527,155,"John Cassavetes","John Cassavetes","Drama, Romance","<a href=""https://www.imdb.com/title/tt0072417"" target=""_blank"">tt0072417</a>","<a href=""https://www.imdb.com/title/tt0072417"" target=""_blank"">A Woman Under the Influence</a>"
"tt7236034","I Want to Eat Your Pancreas",2018,788,8.1,30746,109,"Jun'ichi Fujise, Tomoyuki Itamura, Masaharu Tomoda, Shin'ichirô Ushijima, Daisuke Yoshida, Fumihiro Yoshimura","Yoru Sumino, Shin'ichirô Ushijima, Erica Mendez","Animation, Drama, Family","<a href=""https://www.imdb.com/title/tt7236034"" target=""_blank"">tt7236034</a>","<a href=""https://www.imdb.com/title/tt7236034"" target=""_blank"">I Want to Eat Your Pancreas</a>"
"tt0244316","Yi Yi",2000,789,8.1,30740,173,"Edward Yang","Edward Yang","Drama, Romance","<a href=""https://www.imdb.com/title/tt0244316"" target=""_blank"">tt0244316</a>","<a href=""https://www.imdb.com/title/tt0244316"" target=""_blank"">Yi Yi</a>"
"tt0045274","Umberto D.",1952,790,8.1,29774,89,"Vittorio De Sica","Cesare Zavattini","Drama","<a href=""https://www.imdb.com/title/tt0045274"" target=""_blank"">tt0045274</a>","<a href=""https://www.imdb.com/title/tt0045274"" target=""_blank"">Umberto D.</a>"
"tt7392212","Rangasthalam",2018,791,8.2,29473,170,"Sukumar","Sukumar, Srinivas Rongali, Buchi Babu Sana, Kasi Vishal, Thota Srinivas, Palnati Surya Pratap, Vijaya Prasad Bandreddi","Action, Drama","<a href=""https://www.imdb.com/title/tt7392212"" target=""_blank"">tt7392212</a>","<a href=""https://www.imdb.com/title/tt7392212"" target=""_blank"">Rangasthalam</a>"
"tt0049902","A Man Escaped",1956,792,8.2,29461,101,"Robert Bresson","André Devigny, Robert Bresson","Drama, Thriller, War","<a href=""https://www.imdb.com/title/tt0049902"" target=""_blank"">tt0049902</a>","<a href=""https://www.imdb.com/title/tt0049902"" target=""_blank"">A Man Escaped</a>"
"tt5929776","Before the Flood",2016,793,8.2,29376,96,"Fisher Stevens","Mark Monroe","Documentary, News","<a href=""https://www.imdb.com/title/tt5929776"" target=""_blank"">tt5929776</a>","<a href=""https://www.imdb.com/title/tt5929776"" target=""_blank"">Before the Flood</a>"
"tt0263438","Everything's Gonna Be Great",1998,794,8.1,29104,107,"Ömer Vargi","Hakan Haksun, Ömer Vargi, Cem Yilmaz","Comedy, Drama","<a href=""https://www.imdb.com/title/tt0263438"" target=""_blank"">tt0263438</a>","<a href=""https://www.imdb.com/title/tt0263438"" target=""_blank"">Everything's Gonna Be Great</a>"
"tt0091288","Jean de Florette",1986,795,8.1,28549,120,"Claude Berri","Marcel Pagnol, Claude Berri, Gérard Brach","Drama","<a href=""https://www.imdb.com/title/tt0091288"" target=""_blank"">tt0091288</a>","<a href=""https://www.imdb.com/title/tt0091288"" target=""_blank"">Jean de Florette</a>"
"tt26458038","Manjummel Boys",2024,796,8.2,28352,135,"Chidambaram","Chidambaram","Adventure, Drama, Thriller","<a href=""https://www.imdb.com/title/tt26458038"" target=""_blank"">tt26458038</a>","<a href=""https://www.imdb.com/title/tt26458038"" target=""_blank"">Manjummel Boys</a>"
"tt0200087","Sarfarosh",1999,797,8.1,28071,174,"John Mathew Matthan","Hriday Lani, John Mathew Matthan, Pathik Vats","Action, Crime, Drama","<a href=""https://www.imdb.com/title/tt0200087"" target=""_blank"">tt0200087</a>","<a href=""https://www.imdb.com/title/tt0200087"" target=""_blank"">Sarfarosh</a>"
"tt8760684","Apollo 11",2019,798,8.1,28052,93,"Todd Douglas Miller",NA,"Documentary, History","<a href=""https://www.imdb.com/title/tt8760684"" target=""_blank"">tt8760684</a>","<a href=""https://www.imdb.com/title/tt8760684"" target=""_blank"">Apollo 11</a>"
"tt0064040","Army of Shadows",1969,799,8.1,27904,145,"Jean-Pierre Melville","Joseph Kessel, Jean-Pierre Melville","Drama, War","<a href=""https://www.imdb.com/title/tt0064040"" target=""_blank"">tt0064040</a>","<a href=""https://www.imdb.com/title/tt0064040"" target=""_blank"">Army of Shadows</a>"
"tt0044008","A Christmas Carol",1951,800,8.1,27596,86,"Brian Desmond Hurst","Charles Dickens, Noel Langley","Drama, Family, Fantasy","<a href=""https://www.imdb.com/title/tt0044008"" target=""_blank"">tt0044008</a>","<a href=""https://www.imdb.com/title/tt0044008"" target=""_blank"">A Christmas Carol</a>"
"tt0095467","A Short Film About Love",1988,801,8.1,27338,87,"Krzysztof Kieslowski","Krzysztof Kieslowski, Krzysztof Piesiewicz","Drama, Romance","<a href=""https://www.imdb.com/title/tt0095467"" target=""_blank"">tt0095467</a>","<a href=""https://www.imdb.com/title/tt0095467"" target=""_blank"">A Short Film About Love</a>"
"tt0046478","Ugetsu",1953,802,8.1,27313,96,"Kenji Mizoguchi","Hisakazu Tsuji, Akinari Ueda, Matsutarô Kawaguchi, Yoshikata Yoda, Isamu Yoshii","Drama, Fantasy, War","<a href=""https://www.imdb.com/title/tt0046478"" target=""_blank"">tt0046478</a>","<a href=""https://www.imdb.com/title/tt0046478"" target=""_blank"">Ugetsu</a>"
"tt3302820","Cowspiracy: The Sustainability Secret",2014,803,8.1,27086,90,"Kip Andersen, Keegan Kuhn","Kip Andersen, Keegan Kuhn","Documentary","<a href=""https://www.imdb.com/title/tt3302820"" target=""_blank"">tt3302820</a>","<a href=""https://www.imdb.com/title/tt3302820"" target=""_blank"">Cowspiracy: The Sustainability Secret</a>"
"tt4983780","Maanaadu",2021,804,8.2,26579,147,"Venkat Prabhu","Venkat Prabhu, K. Chandru, Ezhilarasu Gunasekaran","Action, Adventure, Sci-Fi","<a href=""https://www.imdb.com/title/tt4983780"" target=""_blank"">tt4983780</a>","<a href=""https://www.imdb.com/title/tt4983780"" target=""_blank"">Maanaadu</a>"
"tt0428870","A Moment to Remember",2004,805,8.1,26535,117,"Park Kyung-Jin, John H. Lee, Kim Tae-won","John H. Lee, Choung Sangyong, Kim Young-ha","Drama, Romance","<a href=""https://www.imdb.com/title/tt0428870"" target=""_blank"">tt0428870</a>","<a href=""https://www.imdb.com/title/tt0428870"" target=""_blank"">A Moment to Remember</a>"
"tt0351817","The Twilight Samurai",2002,806,8.1,26449,129,"Yôji Yamada","Shûhei Fujisawa, Yôji Yamada, Yoshitaka Asama","Drama, Romance","<a href=""https://www.imdb.com/title/tt0351817"" target=""_blank"">tt0351817</a>","<a href=""https://www.imdb.com/title/tt0351817"" target=""_blank"">The Twilight Samurai</a>"
"tt0466460","Khosla Ka Ghosla!",2006,807,8.2,26031,135,"Dibakar Banerjee, Pravin E. Birje","Jaideep Sahni","Comedy, Crime, Drama","<a href=""https://www.imdb.com/title/tt0466460"" target=""_blank"">tt0466460</a>","<a href=""https://www.imdb.com/title/tt0466460"" target=""_blank"">Khosla Ka Ghosla!</a>"
"tt0104561","Jo Jeeta Wohi Sikandar",1992,808,8.1,25630,174,"Mansoor Khan","Nasir Hussain, Mansoor Khan","Comedy, Drama, Romance","<a href=""https://www.imdb.com/title/tt0104561"" target=""_blank"">tt0104561</a>","<a href=""https://www.imdb.com/title/tt0104561"" target=""_blank"">Jo Jeeta Wohi Sikandar</a>"
"tt2659414","Miracle in Cell No. 7",2013,809,8.1,25290,127,"Lee Hwan-kyung","Lee Hwan-kyung, Yoo Yeong-ah, Hwang-seong Kim, Young-seok Kim","Comedy, Drama","<a href=""https://www.imdb.com/title/tt2659414"" target=""_blank"">tt2659414</a>","<a href=""https://www.imdb.com/title/tt2659414"" target=""_blank"">Miracle in Cell No. 7</a>"
"tt0100234","Close-Up",1990,810,8.2,25218,98,"Abbas Kiarostami","Abbas Kiarostami","Biography, Crime, Drama","<a href=""https://www.imdb.com/title/tt0100234"" target=""_blank"">tt0100234</a>","<a href=""https://www.imdb.com/title/tt0100234"" target=""_blank"">Close-Up</a>"
"tt7131622","Once Upon a Time... in Hollywood",2019,811,7.6,914645,161,"Quentin Tarantino","Quentin Tarantino","Comedy, Drama","<a href=""https://www.imdb.com/title/tt7131622"" target=""_blank"">tt7131622</a>","<a href=""https://www.imdb.com/title/tt7131622"" target=""_blank"">Once Upon a Time... in Hollywood</a>"
"tt0416449","300",2006,812,7.6,893792,117,"Zack Snyder","Zack Snyder, Kurt Johnstad, Michael B. Gordon, Frank Miller, Lynn Varley","Action, Drama","<a href=""https://www.imdb.com/title/tt0416449"" target=""_blank"">tt0416449</a>","<a href=""https://www.imdb.com/title/tt0416449"" target=""_blank"">300</a>"
"tt0121766","Star Wars: Episode III - Revenge of the Sith",2005,813,7.6,889915,140,"George Lucas","George Lucas","Action, Adventure, Fantasy","<a href=""https://www.imdb.com/title/tt0121766"" target=""_blank"">tt0121766</a>","<a href=""https://www.imdb.com/title/tt0121766"" target=""_blank"">Star Wars: Episode III - Revenge of the Sith</a>"
"tt3896198","Guardians of the Galaxy Vol. 2",2017,814,7.6,799039,136,"James Gunn","James Gunn, Dan Abnett, Andy Lanning, Steve Englehart, Steve Gan, Jim Starlin, Stan Lee, Larry Lieber, Jack Kirby, Bill Mantlo, Keith Giffen, Steve Gerber, Val Mayerik","Action, Adventure, Comedy","<a href=""https://www.imdb.com/title/tt3896198"" target=""_blank"">tt3896198</a>","<a href=""https://www.imdb.com/title/tt3896198"" target=""_blank"">Guardians of the Galaxy Vol. 2</a>"
"tt0144084","American Psycho",2000,815,7.6,786172,102,"Mary Harron","Bret Easton Ellis, Mary Harron, Guinevere Turner","Crime, Drama, Horror","<a href=""https://www.imdb.com/title/tt0144084"" target=""_blank"">tt0144084</a>","<a href=""https://www.imdb.com/title/tt0144084"" target=""_blank"">American Psycho</a>"
"tt5463162","Deadpool 2",2018,816,7.6,716970,119,"David Leitch","Rhett Reese, Paul Wernick, Ryan Reynolds, Rob Liefeld, Fabian Nicieza","Action, Adventure, Comedy","<a href=""https://www.imdb.com/title/tt5463162"" target=""_blank"">tt5463162</a>","<a href=""https://www.imdb.com/title/tt5463162"" target=""_blank"">Deadpool 2</a>"
"tt0829482","Superbad",2007,817,7.6,667351,113,"Greg Mottola","Seth Rogen, Evan Goldberg","Comedy","<a href=""https://www.imdb.com/title/tt0829482"" target=""_blank"">tt0829482</a>","<a href=""https://www.imdb.com/title/tt0829482"" target=""_blank"">Superbad</a>"
"tt0417741","Harry Potter and the Half-Blood Prince",2009,818,7.6,631303,153,"David Yates","Steve Kloves, J.K. Rowling","Action, Adventure, Family","<a href=""https://www.imdb.com/title/tt0417741"" target=""_blank"">tt0417741</a>","<a href=""https://www.imdb.com/title/tt0417741"" target=""_blank"">Harry Potter and the Half-Blood Prince</a>"
"tt1323594","Despicable Me",2010,819,7.6,612758,95,"Pierre Coffin, Chris Renaud","Cinco Paul, Ken Daurio, Sergio Pablos","Adventure, Animation, Comedy","<a href=""https://www.imdb.com/title/tt1323594"" target=""_blank"">tt1323594</a>","<a href=""https://www.imdb.com/title/tt1323594"" target=""_blank"">Despicable Me</a>"
"tt1250777","Kick-Ass",2010,820,7.6,610773,117,"Matthew Vaughn","Jane Goldman, Matthew Vaughn, Mark Millar, John Romita Jr.","Action, Comedy, Crime","<a href=""https://www.imdb.com/title/tt1250777"" target=""_blank"">tt1250777</a>","<a href=""https://www.imdb.com/title/tt1250777"" target=""_blank"">Kick-Ass</a>"
"tt0181689","Minority Report",2002,821,7.6,604934,145,"Steven Spielberg","Scott Frank, Jon Cohen, Philip K. Dick","Action, Crime, Mystery","<a href=""https://www.imdb.com/title/tt0181689"" target=""_blank"">tt0181689</a>","<a href=""https://www.imdb.com/title/tt0181689"" target=""_blank"">Minority Report</a>"
"tt0409459","Watchmen",2009,822,7.6,599887,162,"Zack Snyder","Dave Gibbons, David Hayter, Alex Tse","Action, Drama, Mystery","<a href=""https://www.imdb.com/title/tt0409459"" target=""_blank"">tt0409459</a>","<a href=""https://www.imdb.com/title/tt0409459"" target=""_blank"">Watchmen</a>"
"tt1318514","Rise of the Planet of the Apes",2011,823,7.6,594380,105,"Rupert Wyatt","Rick Jaffa, Amanda Silver, Pierre Boulle","Action, Drama, Sci-Fi","<a href=""https://www.imdb.com/title/tt1318514"" target=""_blank"">tt1318514</a>","<a href=""https://www.imdb.com/title/tt1318514"" target=""_blank"">Rise of the Planet of the Apes</a>"
"tt1022603","500 Days of Summer",2009,824,7.6,594097,95,"Marc Webb","Scott Neustadter, Michael H. Weber","Comedy, Drama, Romance","<a href=""https://www.imdb.com/title/tt1022603"" target=""_blank"">tt1022603</a>","<a href=""https://www.imdb.com/title/tt1022603"" target=""_blank"">500 Days of Summer</a>"
"tt2713180","Fury",2014,825,7.6,582400,134,"David Ayer","David Ayer","Action, Drama, War","<a href=""https://www.imdb.com/title/tt2713180"" target=""_blank"">tt2713180</a>","<a href=""https://www.imdb.com/title/tt2713180"" target=""_blank"">Fury</a>"
"tt0441773","Kung Fu Panda",2008,826,7.6,554312,92,"Mark Osborne, John Stevenson","Jonathan Aibel, Glenn Berger, Ethan Reiff, Cyrus Voris, Chris Poche","Action, Adventure, Animation","<a href=""https://www.imdb.com/title/tt0441773"" target=""_blank"">tt0441773</a>","<a href=""https://www.imdb.com/title/tt0441773"" target=""_blank"">Kung Fu Panda</a>"
"tt0289879","The Butterfly Effect",2004,827,7.6,542291,113,"Eric Bress, J. Mackye Gruber","J. Mackye Gruber, Eric Bress","Drama, Sci-Fi, Thriller","<a href=""https://www.imdb.com/title/tt0289879"" target=""_blank"">tt0289879</a>","<a href=""https://www.imdb.com/title/tt0289879"" target=""_blank"">The Butterfly Effect</a>"
"tt0119116","The Fifth Element",1997,828,7.6,529118,126,"Luc Besson","Luc Besson, Robert Mark Kamen","Action, Adventure, Sci-Fi","<a href=""https://www.imdb.com/title/tt0119116"" target=""_blank"">tt0119116</a>","<a href=""https://www.imdb.com/title/tt0119116"" target=""_blank"">The Fifth Element</a>"
"tt2103281","Dawn of the Planet of the Apes",2014,829,7.6,501404,130,"Matt Reeves","Mark Bomback, Rick Jaffa, Amanda Silver, Pierre Boulle","Action, Adventure, Drama","<a href=""https://www.imdb.com/title/tt2103281"" target=""_blank"">tt2103281</a>","<a href=""https://www.imdb.com/title/tt2103281"" target=""_blank"">Dawn of the Planet of the Apes</a>"
"tt0387564","Saw",2004,830,7.6,492133,103,"James Wan","Leigh Whannell, James Wan","Horror, Mystery, Thriller","<a href=""https://www.imdb.com/title/tt0387564"" target=""_blank"">tt0387564</a>","<a href=""https://www.imdb.com/title/tt0387564"" target=""_blank"">Saw</a>"
"tt1210166","Moneyball",2011,831,7.6,489456,133,"Bennett Miller","Steven Zaillian, Aaron Sorkin, Stan Chervin, Michael Lewis","Biography, Drama, Sport","<a href=""https://www.imdb.com/title/tt1210166"" target=""_blank"">tt1210166</a>","<a href=""https://www.imdb.com/title/tt1210166"" target=""_blank"">Moneyball</a>"
"tt1605783","Midnight in Paris",2011,832,7.6,462588,94,"Woody Allen","Woody Allen","Comedy, Fantasy, Romance","<a href=""https://www.imdb.com/title/tt1605783"" target=""_blank"">tt1605783</a>","<a href=""https://www.imdb.com/title/tt1605783"" target=""_blank"">Midnight in Paris</a>"
"tt0099674","The Godfather Part III",1990,833,7.6,441044,162,"Francis Ford Coppola","Mario Puzo, Francis Ford Coppola","Crime, Drama","<a href=""https://www.imdb.com/title/tt0099674"" target=""_blank"">tt0099674</a>","<a href=""https://www.imdb.com/title/tt0099674"" target=""_blank"">The Godfather Part III</a>"
"tt1517451","A Star Is Born",2018,834,7.6,437348,136,"Bradley Cooper","Eric Roth, Bradley Cooper, Will Fetters, Moss Hart, John Gregory Dunne, Joan Didion, Frank Pierson, William A. Wellman, Robert Carson","Drama, Music, Romance","<a href=""https://www.imdb.com/title/tt1517451"" target=""_blank"">tt1517451</a>","<a href=""https://www.imdb.com/title/tt1517451"" target=""_blank"">A Star Is Born</a>"
"tt0361862","The Machinist",2004,835,7.6,430900,101,"Brad Anderson","Scott Kosar","Drama, Thriller","<a href=""https://www.imdb.com/title/tt0361862"" target=""_blank"">tt0361862</a>","<a href=""https://www.imdb.com/title/tt0361862"" target=""_blank"">The Machinist</a>"
"tt0112864","Die Hard with a Vengeance",1995,836,7.6,421411,128,"John McTiernan","Jonathan Hensleigh, Roderick Thorp","Action, Adventure, Thriller","<a href=""https://www.imdb.com/title/tt0112864"" target=""_blank"">tt0112864</a>","<a href=""https://www.imdb.com/title/tt0112864"" target=""_blank"">Die Hard with a Vengeance</a>"
"tt3521164","Moana",2016,837,7.6,418768,107,"Ron Clements, John Musker, Don Hall, Chris Williams","Jared Bush, Ron Clements, John Musker, Chris Williams, Don Hall, Pamela Ribon, Aaron Kandell, Jordan Kandell","Adventure, Animation, Comedy","<a href=""https://www.imdb.com/title/tt3521164"" target=""_blank"">tt3521164</a>","<a href=""https://www.imdb.com/title/tt3521164"" target=""_blank"">Moana</a>"
"tt2582846","The Fault in Our Stars",2014,838,7.6,416025,126,"Josh Boone","Scott Neustadter, Michael H. Weber, John Green","Drama, Romance","<a href=""https://www.imdb.com/title/tt2582846"" target=""_blank"">tt2582846</a>","<a href=""https://www.imdb.com/title/tt2582846"" target=""_blank"">The Fault in Our Stars</a>"
"tt0454848","Inside Man",2006,839,7.6,414969,129,"Spike Lee","Russell Gewirtz","Crime, Drama, Mystery","<a href=""https://www.imdb.com/title/tt0454848"" target=""_blank"">tt0454848</a>","<a href=""https://www.imdb.com/title/tt0454848"" target=""_blank"">Inside Man</a>"
"tt0230600","The Others",2001,840,7.6,411973,104,"Alejandro Amenábar","Alejandro Amenábar","Horror, Mystery, Thriller","<a href=""https://www.imdb.com/title/tt0230600"" target=""_blank"">tt0230600</a>","<a href=""https://www.imdb.com/title/tt0230600"" target=""_blank"">The Others</a>"
"tt10366206","John Wick: Chapter 4",2023,841,7.6,384270,169,"Chad Stahelski","Shay Hatten, Michael Finch, Derek Kolstad","Action, Crime, Thriller","<a href=""https://www.imdb.com/title/tt10366206"" target=""_blank"">tt10366206</a>","<a href=""https://www.imdb.com/title/tt10366206"" target=""_blank"">John Wick: Chapter 4</a>"
"tt0878804","The Blind Side",2009,842,7.6,376119,129,"John Lee Hancock","John Lee Hancock, Michael Lewis","Biography, Drama, Sport","<a href=""https://www.imdb.com/title/tt0878804"" target=""_blank"">tt0878804</a>","<a href=""https://www.imdb.com/title/tt0878804"" target=""_blank"">The Blind Side</a>"
"tt1403865","True Grit",2010,843,7.6,368119,110,"Ethan Coen, Joel Coen","Joel Coen, Ethan Coen, Charles Portis","Drama, Western","<a href=""https://www.imdb.com/title/tt1403865"" target=""_blank"">tt1403865</a>","<a href=""https://www.imdb.com/title/tt1403865"" target=""_blank"">True Grit</a>"
"tt0399295","Lord of War",2005,844,7.6,350349,122,"Andrew Niccol","Andrew Niccol","Crime, Drama","<a href=""https://www.imdb.com/title/tt0399295"" target=""_blank"">tt0399295</a>","<a href=""https://www.imdb.com/title/tt0399295"" target=""_blank"">Lord of War</a>"
"tt1306980","50/50",2011,845,7.6,348571,100,"Jonathan Levine","Will Reiser","Comedy, Drama, Romance","<a href=""https://www.imdb.com/title/tt1306980"" target=""_blank"">tt1306980</a>","<a href=""https://www.imdb.com/title/tt1306980"" target=""_blank"">50/50</a>"
"tt0381849","3:10 to Yuma",2007,846,7.6,343905,122,"James Mangold","Halsted Welles, Michael Brandt, Derek Haas, Elmore Leonard","Action, Crime, Drama","<a href=""https://www.imdb.com/title/tt0381849"" target=""_blank"">tt0381849</a>","<a href=""https://www.imdb.com/title/tt0381849"" target=""_blank"">3:10 to Yuma</a>"
"tt3682448","Bridge of Spies",2015,847,7.6,337539,142,"Steven Spielberg","Matt Charman, Ethan Coen, Joel Coen","Drama, History, Thriller","<a href=""https://www.imdb.com/title/tt3682448"" target=""_blank"">tt3682448</a>","<a href=""https://www.imdb.com/title/tt3682448"" target=""_blank"">Bridge of Spies</a>"
"tt0265666","The Royal Tenenbaums",2001,848,7.6,324326,110,"Wes Anderson","Wes Anderson, Owen Wilson","Comedy, Drama","<a href=""https://www.imdb.com/title/tt0265666"" target=""_blank"">tt0265666</a>","<a href=""https://www.imdb.com/title/tt0265666"" target=""_blank"">The Royal Tenenbaums</a>"
"tt3076658","Creed",2015,849,7.6,323239,133,"Ryan Coogler","Ryan Coogler, Aaron Covington, Sylvester Stallone","Action, Drama, Sport","<a href=""https://www.imdb.com/title/tt3076658"" target=""_blank"">tt3076658</a>","<a href=""https://www.imdb.com/title/tt3076658"" target=""_blank"">Creed</a>"
"tt0814314","Seven Pounds",2008,850,7.6,321461,123,"Gabriele Muccino","Grant Nieporte","Drama, Mystery, Thriller","<a href=""https://www.imdb.com/title/tt0814314"" target=""_blank"">tt0814314</a>","<a href=""https://www.imdb.com/title/tt0814314"" target=""_blank"">Seven Pounds</a>"
"tt0203009","Moulin Rouge!",2001,851,7.6,308130,127,"Baz Luhrmann","Baz Luhrmann, Craig Pearce","Drama, Musical, Romance","<a href=""https://www.imdb.com/title/tt0203009"" target=""_blank"">tt0203009</a>","<a href=""https://www.imdb.com/title/tt0203009"" target=""_blank"">Moulin Rouge!</a>"
"tt0097757","The Little Mermaid",1989,852,7.6,303345,83,"Ron Clements, John Musker","John Musker, Ron Clements, Hans Christian Andersen, Howard Ashman, Gerrit Graham, Sam Graham, Chris Hubbell","Adventure, Animation, Family","<a href=""https://www.imdb.com/title/tt0097757"" target=""_blank"">tt0097757</a>","<a href=""https://www.imdb.com/title/tt0097757"" target=""_blank"">The Little Mermaid</a>"
"tt0452623","Gone Baby Gone",2007,853,7.6,302774,114,"Ben Affleck","Ben Affleck, Aaron Stockard, Dennis Lehane","Crime, Drama, Mystery","<a href=""https://www.imdb.com/title/tt0452623"" target=""_blank"">tt0452623</a>","<a href=""https://www.imdb.com/title/tt0452623"" target=""_blank"">Gone Baby Gone</a>"
"tt9603212","Mission: Impossible - Dead Reckoning Part One",2023,854,7.6,302595,163,"Christopher McQuarrie","Bruce Geller, Christopher McQuarrie, Erik Jendresen","Action, Adventure, Thriller","<a href=""https://www.imdb.com/title/tt9603212"" target=""_blank"">tt9603212</a>","<a href=""https://www.imdb.com/title/tt9603212"" target=""_blank"">Mission: Impossible - Dead Reckoning Part One</a>"
"tt0151804","Office Space",1999,855,7.6,300275,89,"Mike Judge","Mike Judge","Comedy","<a href=""https://www.imdb.com/title/tt0151804"" target=""_blank"">tt0151804</a>","<a href=""https://www.imdb.com/title/tt0151804"" target=""_blank"">Office Space</a>"
"tt1979376","Toy Story 4",2019,856,7.6,299384,100,"Josh Cooley","John Lasseter, Andrew Stanton, Josh Cooley, Valerie LaPointe, Rashida Jones, Will McCormack, Martin Hynes, Stephany Folsom","Adventure, Animation, Comedy","<a href=""https://www.imdb.com/title/tt1979376"" target=""_blank"">tt1979376</a>","<a href=""https://www.imdb.com/title/tt1979376"" target=""_blank"">Toy Story 4</a>"
"tt0093870","RoboCop",1987,857,7.6,298146,102,"Paul Verhoeven","Edward Neumeier, Michael Miner","Action, Crime, Sci-Fi","<a href=""https://www.imdb.com/title/tt0093870"" target=""_blank"">tt0093870</a>","<a href=""https://www.imdb.com/title/tt0093870"" target=""_blank"">RoboCop</a>"
"tt0486655","Stardust",2007,858,7.6,293058,127,"Matthew Vaughn","Jane Goldman, Matthew Vaughn, Neil Gaiman, Charles Vess","Adventure, Fantasy, Romance","<a href=""https://www.imdb.com/title/tt0486655"" target=""_blank"">tt0486655</a>","<a href=""https://www.imdb.com/title/tt0486655"" target=""_blank"">Stardust</a>"
"tt0093409","Lethal Weapon",1987,859,7.6,287845,109,"Richard Donner","Shane Black, Jeffrey Boam","Action, Crime, Thriller","<a href=""https://www.imdb.com/title/tt0093409"" target=""_blank"">tt0093409</a>","<a href=""https://www.imdb.com/title/tt0093409"" target=""_blank"">Lethal Weapon</a>"
"tt5700672","Train to Busan",2016,860,7.6,287485,118,"Yeon Sang-ho","Park Joo-suk, Yeon Sang-ho","Action, Horror, Thriller","<a href=""https://www.imdb.com/title/tt5700672"" target=""_blank"">tt5700672</a>","<a href=""https://www.imdb.com/title/tt5700672"" target=""_blank"">Train to Busan</a>"
"tt5537002","Killers of the Flower Moon",2023,861,7.6,284729,206,"Martin Scorsese","Eric Roth, Martin Scorsese, David Grann","Crime, Drama, History","<a href=""https://www.imdb.com/title/tt5537002"" target=""_blank"">tt5537002</a>","<a href=""https://www.imdb.com/title/tt5537002"" target=""_blank"">Killers of the Flower Moon</a>"
"tt1855199","End of Watch",2012,862,7.6,282579,109,"David Ayer","David Ayer","Action, Crime, Drama","<a href=""https://www.imdb.com/title/tt1855199"" target=""_blank"">tt1855199</a>","<a href=""https://www.imdb.com/title/tt1855199"" target=""_blank"">End of Watch</a>"
"tt0765443","Eastern Promises",2007,863,7.6,271421,100,"David Cronenberg","Steven Knight","Crime, Drama, Thriller","<a href=""https://www.imdb.com/title/tt0765443"" target=""_blank"">tt0765443</a>","<a href=""https://www.imdb.com/title/tt0765443"" target=""_blank"">Eastern Promises</a>"
"tt0976051","The Reader",2008,864,7.6,269366,124,"Stephen Daldry","David Hare, Bernhard Schlink","Drama, Mystery, Romance","<a href=""https://www.imdb.com/title/tt0976051"" target=""_blank"">tt0976051</a>","<a href=""https://www.imdb.com/title/tt0976051"" target=""_blank"">The Reader</a>"
"tt2582782","Hell or High Water",2016,865,7.6,266807,102,"David Mackenzie","Taylor Sheridan","Crime, Drama, Thriller","<a href=""https://www.imdb.com/title/tt2582782"" target=""_blank"">tt2582782</a>","<a href=""https://www.imdb.com/title/tt2582782"" target=""_blank"">Hell or High Water</a>"
"tt0144117","The Boondock Saints",1999,866,7.6,257926,108,"Troy Duffy","Troy Duffy","Action, Crime, Thriller","<a href=""https://www.imdb.com/title/tt0144117"" target=""_blank"">tt0144117</a>","<a href=""https://www.imdb.com/title/tt0144117"" target=""_blank"">The Boondock Saints</a>"
"tt0315733","21 Grams",2003,867,7.6,250362,124,"Alejandro G. Iñárritu","Guillermo Arriaga","Crime, Drama, Thriller","<a href=""https://www.imdb.com/title/tt0315733"" target=""_blank"">tt0315733</a>","<a href=""https://www.imdb.com/title/tt0315733"" target=""_blank"">21 Grams</a>"
"tt13833688","The Whale",2022,868,7.6,248739,117,"Darren Aronofsky","Samuel D. Hunter","Drama","<a href=""https://www.imdb.com/title/tt13833688"" target=""_blank"">tt13833688</a>","<a href=""https://www.imdb.com/title/tt13833688"" target=""_blank"">The Whale</a>"
"tt0416320","Match Point",2005,869,7.6,234329,124,"Woody Allen","Woody Allen","Drama, Romance, Thriller","<a href=""https://www.imdb.com/title/tt0416320"" target=""_blank"">tt0416320</a>","<a href=""https://www.imdb.com/title/tt0416320"" target=""_blank"">Match Point</a>"
"tt0029583","Snow White and the Seven Dwarfs",1937,870,7.6,231816,83,"William Cottrell, David Hand, Wilfred Jackson, Larry Morey, Perce Pearce, Ben Sharpsteen","Jacob Grimm, Wilhelm Grimm, Ted Sears, Richard Creedon, Otto Englander, Dick Rickard, Earl Hurd, Merrill De Maris, Dorothy Ann Blank, Webb Smith","Adventure, Animation, Family","<a href=""https://www.imdb.com/title/tt0029583"" target=""_blank"">tt0029583</a>","<a href=""https://www.imdb.com/title/tt0029583"" target=""_blank"">Snow White and the Seven Dwarfs</a>"
"tt0075860","Close Encounters of the Third Kind",1977,871,7.6,226326,138,"Steven Spielberg","Steven Spielberg, Hal Barwood, Jerry Belson, John Hill, Matthew Robbins","Drama, Sci-Fi","<a href=""https://www.imdb.com/title/tt0075860"" target=""_blank"">tt0075860</a>","<a href=""https://www.imdb.com/title/tt0075860"" target=""_blank"">Close Encounters of the Third Kind</a>"
"tt1899353","The Raid: Redemption",2011,872,7.6,225176,101,"Gareth Evans","Gareth Evans","Action, Crime, Thriller","<a href=""https://www.imdb.com/title/tt1899353"" target=""_blank"">tt1899353</a>","<a href=""https://www.imdb.com/title/tt1899353"" target=""_blank"">The Raid: Redemption</a>"
"tt0118929","Dark City",1998,873,7.6,220420,100,"Alex Proyas","Alex Proyas, Lem Dobbs, David S. Goyer","Fantasy, Mystery, Sci-Fi","<a href=""https://www.imdb.com/title/tt0118929"" target=""_blank"">tt0118929</a>","<a href=""https://www.imdb.com/title/tt0118929"" target=""_blank"">Dark City</a>"
"tt0106856","Falling Down",1993,874,7.6,217823,113,"Joel Schumacher","Ebbe Roe Smith","Crime, Drama, Thriller","<a href=""https://www.imdb.com/title/tt0106856"" target=""_blank"">tt0106856</a>","<a href=""https://www.imdb.com/title/tt0106856"" target=""_blank"">Falling Down</a>"
"tt0091064","The Fly",1986,875,7.6,215598,96,"David Cronenberg","George Langelaan, Charles Edward Pogue, David Cronenberg","Drama, Horror, Sci-Fi","<a href=""https://www.imdb.com/title/tt0091064"" target=""_blank"">tt0091064</a>","<a href=""https://www.imdb.com/title/tt0091064"" target=""_blank"">The Fly</a>"
"tt0308644","Finding Neverland",2004,876,7.6,215131,106,"Marc Forster","Allan Knee, David Magee","Biography, Drama, Family","<a href=""https://www.imdb.com/title/tt0308644"" target=""_blank"">tt0308644</a>","<a href=""https://www.imdb.com/title/tt0308644"" target=""_blank"">Finding Neverland</a>"
"tt10288566","Another Round",2020,877,7.7,214239,117,"Thomas Vinterberg","Thomas Vinterberg, Tobias Lindholm","Comedy, Drama","<a href=""https://www.imdb.com/title/tt10288566"" target=""_blank"">tt10288566</a>","<a href=""https://www.imdb.com/title/tt10288566"" target=""_blank"">Another Round</a>"
"tt0130827","Run Lola Run",1998,878,7.6,213970,80,"Tom Tykwer","Tom Tykwer","Action, Crime, Thriller","<a href=""https://www.imdb.com/title/tt0130827"" target=""_blank"">tt0130827</a>","<a href=""https://www.imdb.com/title/tt0130827"" target=""_blank"">Run Lola Run</a>"
"tt0056869","The Birds",1963,879,7.6,213900,119,"Alfred Hitchcock","Daphne Du Maurier, Evan Hunter","Drama, Horror, Mystery","<a href=""https://www.imdb.com/title/tt0056869"" target=""_blank"">tt0056869</a>","<a href=""https://www.imdb.com/title/tt0056869"" target=""_blank"">The Birds</a>"
"tt0058150","Goldfinger",1964,880,7.7,210032,110,"Guy Hamilton","Richard Maibaum, Paul Dehn, Ian Fleming, Johanna Harwood, Berkely Mather","Action, Adventure, Comedy","<a href=""https://www.imdb.com/title/tt0058150"" target=""_blank"">tt0058150</a>","<a href=""https://www.imdb.com/title/tt0058150"" target=""_blank"">Goldfinger</a>"
"tt0106677","Dazed and Confused",1993,881,7.6,209940,103,"Richard Linklater","Richard Linklater","Comedy","<a href=""https://www.imdb.com/title/tt0106677"" target=""_blank"">tt0106677</a>","<a href=""https://www.imdb.com/title/tt0106677"" target=""_blank"">Dazed and Confused</a>"
"tt0268126","Adaptation.",2002,882,7.7,209345,115,"Spike Jonze","Susan Orlean, Charlie Kaufman","Comedy, Drama","<a href=""https://www.imdb.com/title/tt0268126"" target=""_blank"">tt0268126</a>","<a href=""https://www.imdb.com/title/tt0268126"" target=""_blank"">Adaptation.</a>"
"tt3416742","What We Do in the Shadows",2014,883,7.6,208723,86,"Jemaine Clement, Taika Waititi","Jemaine Clement, Taika Waititi","Comedy, Horror","<a href=""https://www.imdb.com/title/tt3416742"" target=""_blank"">tt3416742</a>","<a href=""https://www.imdb.com/title/tt3416742"" target=""_blank"">What We Do in the Shadows</a>"
"tt0082694","The Road Warrior",1981,884,7.6,208464,96,"George Miller","Terry Hayes, George Miller, Brian Hannant, Byron Kennedy","Action, Adventure, Sci-Fi","<a href=""https://www.imdb.com/title/tt0082694"" target=""_blank"">tt0082694</a>","<a href=""https://www.imdb.com/title/tt0082694"" target=""_blank"">The Road Warrior</a>"
"tt0120863","The Thin Red Line",1998,885,7.6,207480,170,"Terrence Malick","James Jones, Terrence Malick","Drama, History, War","<a href=""https://www.imdb.com/title/tt0120863"" target=""_blank"">tt0120863</a>","<a href=""https://www.imdb.com/title/tt0120863"" target=""_blank"">The Thin Red Line</a>"
"tt0061852","The Jungle Book",1967,886,7.6,207315,78,"Wolfgang Reitherman","Larry Clemmons, Ralph Wright, Ken Anderson, Vance Gerry, Rudyard Kipling, Bill Peet","Adventure, Animation, Comedy","<a href=""https://www.imdb.com/title/tt0061852"" target=""_blank"">tt0061852</a>","<a href=""https://www.imdb.com/title/tt0061852"" target=""_blank"">The Jungle Book</a>"
"tt0128445","Rushmore",1998,887,7.6,204072,93,"Wes Anderson","Wes Anderson, Owen Wilson","Comedy, Drama, Romance","<a href=""https://www.imdb.com/title/tt0128445"" target=""_blank"">tt0128445</a>","<a href=""https://www.imdb.com/title/tt0128445"" target=""_blank"">Rushmore</a>"
"tt0455590","The Last King of Scotland",2006,888,7.6,201804,123,"Kevin Macdonald","Peter Morgan, Jeremy Brock, Giles Foden, David Fox","Biography, Drama, History","<a href=""https://www.imdb.com/title/tt0455590"" target=""_blank"">tt0455590</a>","<a href=""https://www.imdb.com/title/tt0455590"" target=""_blank"">The Last King of Scotland</a>"
"tt1070874","The Trial of the Chicago 7",2020,889,7.7,200879,129,"Aaron Sorkin","Aaron Sorkin","Drama, History, Thriller","<a href=""https://www.imdb.com/title/tt1070874"" target=""_blank"">tt1070874</a>","<a href=""https://www.imdb.com/title/tt1070874"" target=""_blank"">The Trial of the Chicago 7</a>"
"tt0104691","The Last of the Mohicans",1992,890,7.6,198609,112,"Michael Mann","James Fenimore Cooper, John L. Balderston, Paul Perez, Daniel Moore, Philip Dunne, Michael Mann, Christopher Crowe","Action, Adventure, Drama","<a href=""https://www.imdb.com/title/tt0104691"" target=""_blank"">tt0104691</a>","<a href=""https://www.imdb.com/title/tt0104691"" target=""_blank"">The Last of the Mohicans</a>"
"tt0095705","The Naked Gun: From the Files of Police Squad!",1988,891,7.6,197886,85,"David Zucker","Jerry Zucker, Jim Abrahams, David Zucker, Pat Proft","Comedy, Crime","<a href=""https://www.imdb.com/title/tt0095705"" target=""_blank"">tt0095705</a>","<a href=""https://www.imdb.com/title/tt0095705"" target=""_blank"">The Naked Gun: From the Files of Police Squad!</a>"
"tt0092991","Evil Dead II",1987,892,7.7,190262,84,"Sam Raimi","Sam Raimi, Scott Spiegel","Comedy, Horror","<a href=""https://www.imdb.com/title/tt0092991"" target=""_blank"">tt0092991</a>","<a href=""https://www.imdb.com/title/tt0092991"" target=""_blank"">Evil Dead II</a>"
"tt0307901","25th Hour",2002,893,7.6,188271,135,"Spike Lee","David Benioff","Drama","<a href=""https://www.imdb.com/title/tt0307901"" target=""_blank"">tt0307901</a>","<a href=""https://www.imdb.com/title/tt0307901"" target=""_blank"">25th Hour</a>"
"tt7668870","Searching",2018,894,7.6,187673,102,"Aneesh Chaganty","Aneesh Chaganty, Sev Ohanian","Drama, Mystery, Thriller","<a href=""https://www.imdb.com/title/tt7668870"" target=""_blank"">tt7668870</a>","<a href=""https://www.imdb.com/title/tt7668870"" target=""_blank"">Searching</a>"
"tt0103074","Thelma & Louise",1991,895,7.6,184925,130,"Ridley Scott","Callie Khouri","Adventure, Crime, Drama","<a href=""https://www.imdb.com/title/tt0103074"" target=""_blank"">tt0103074</a>","<a href=""https://www.imdb.com/title/tt0103074"" target=""_blank"">Thelma & Louise</a>"
"tt17009710","Anatomy of a Fall",2023,896,7.6,177362,151,"Justine Triet","Justine Triet, Arthur Harari","Crime, Drama, Thriller","<a href=""https://www.imdb.com/title/tt17009710"" target=""_blank"">tt17009710</a>","<a href=""https://www.imdb.com/title/tt17009710"" target=""_blank"">Anatomy of a Fall</a>"
"tt0876563","Ponyo",2008,897,7.6,176399,101,"Hayao Miyazaki","Hayao Miyazaki","Adventure, Animation, Comedy","<a href=""https://www.imdb.com/title/tt0876563"" target=""_blank"">tt0876563</a>","<a href=""https://www.imdb.com/title/tt0876563"" target=""_blank"">Ponyo</a>"
"tt0066999","Dirty Harry",1971,898,7.7,175991,102,"Don Siegel, Clint Eastwood","Harry Julian Fink, Rita M. Fink, Dean Riesner, Terrence Malick, Jo Heims, John Milius","Action, Crime, Thriller","<a href=""https://www.imdb.com/title/tt0066999"" target=""_blank"">tt0066999</a>","<a href=""https://www.imdb.com/title/tt0066999"" target=""_blank"">Dirty Harry</a>"
"tt1189073","The Skin I Live In",2011,899,7.6,174811,120,"Pedro Almodóvar","Pedro Almodóvar, Agustín Almodóvar, Thierry Jonquet","Drama, Mystery, Thriller","<a href=""https://www.imdb.com/title/tt1189073"" target=""_blank"">tt1189073</a>","<a href=""https://www.imdb.com/title/tt1189073"" target=""_blank"">The Skin I Live In</a>"
"tt6155172","Roma",2018,900,7.6,174710,135,"Alfonso Cuarón","Alfonso Cuarón","Drama","<a href=""https://www.imdb.com/title/tt6155172"" target=""_blank"">tt6155172</a>","<a href=""https://www.imdb.com/title/tt6155172"" target=""_blank"">Roma</a>"
"tt31193180","Sinners",2025,901,7.7,174379,137,"Ryan Coogler","Ryan Coogler","Action, Drama, Horror","<a href=""https://www.imdb.com/title/tt31193180"" target=""_blank"">tt31193180</a>","<a href=""https://www.imdb.com/title/tt31193180"" target=""_blank"">Sinners</a>"
"tt23289160","Godzilla Minus One",2023,902,7.7,173322,124,"Takashi Yamazaki","Takashi Yamazaki, Ishirô Honda, Takeo Murata","Action, Adventure, Drama","<a href=""https://www.imdb.com/title/tt23289160"" target=""_blank"">tt23289160</a>","<a href=""https://www.imdb.com/title/tt23289160"" target=""_blank"">Godzilla Minus One</a>"
"tt0093748","Planes, Trains & Automobiles",1987,903,7.6,170817,93,"John Hughes","John Hughes","Comedy, Drama","<a href=""https://www.imdb.com/title/tt0093748"" target=""_blank"">tt0093748</a>","<a href=""https://www.imdb.com/title/tt0093748"" target=""_blank"">Planes, Trains & Automobiles</a>"
"tt2278871","Blue Is the Warmest Colour",2013,904,7.7,169321,180,"Abdellatif Kechiche","Abdellatif Kechiche, Ghalya Lacroix, Jul Maroh","Drama, Romance","<a href=""https://www.imdb.com/title/tt2278871"" target=""_blank"">tt2278871</a>","<a href=""https://www.imdb.com/title/tt2278871"" target=""_blank"">Blue Is the Warmest Colour</a>"
"tt0350258","Ray",2004,905,7.7,161898,152,"Taylor Hackford","Taylor Hackford, James L. White","Biography, Drama, Music","<a href=""https://www.imdb.com/title/tt0350258"" target=""_blank"">tt0350258</a>","<a href=""https://www.imdb.com/title/tt0350258"" target=""_blank"">Ray</a>"
"tt5363618","Sound of Metal",2019,906,7.7,160935,120,"Darius Marder","Darius Marder, Abraham Marder, Derek Cianfrance","Drama, Music","<a href=""https://www.imdb.com/title/tt5363618"" target=""_blank"">tt5363618</a>","<a href=""https://www.imdb.com/title/tt5363618"" target=""_blank"">Sound of Metal</a>"
"tt0071230","Blazing Saddles",1974,907,7.7,159323,93,"Mel Brooks","Mel Brooks, Norman Steinberg, Andrew Bergman, Richard Pryor, Alan Uger","Comedy, Western","<a href=""https://www.imdb.com/title/tt0071230"" target=""_blank"">tt0071230</a>","<a href=""https://www.imdb.com/title/tt0071230"" target=""_blank"">Blazing Saddles</a>"
"tt0373074","Kung Fu Hustle",2004,908,7.7,157807,99,"Stephen Chow","Stephen Chow, Kan-Cheung Tsang, Xin Huo, Man-Keung Chan","Action, Comedy, Fantasy","<a href=""https://www.imdb.com/title/tt0373074"" target=""_blank"">tt0373074</a>","<a href=""https://www.imdb.com/title/tt0373074"" target=""_blank"">Kung Fu Hustle</a>"
"tt0301357","Good Bye Lenin!",2003,909,7.7,156881,121,"Wolfgang Becker","Bernd Lichtenberg, Wolfgang Becker, Achim von Borries, Henk Handloegten, Chris Silber","Comedy, Drama, Romance","<a href=""https://www.imdb.com/title/tt0301357"" target=""_blank"">tt0301357</a>","<a href=""https://www.imdb.com/title/tt0301357"" target=""_blank"">Good Bye Lenin!</a>"
"tt0245844","The Count of Monte Cristo",2002,910,7.7,155395,131,"Kevin Reynolds","Alexandre Dumas, Jay Wolpert","Action, Adventure, Drama","<a href=""https://www.imdb.com/title/tt0245844"" target=""_blank"">tt0245844</a>","<a href=""https://www.imdb.com/title/tt0245844"" target=""_blank"">The Count of Monte Cristo</a>"
"tt0249462","Billy Elliot",2000,911,7.7,148430,110,"Stephen Daldry","Lee Hall","Drama, Music","<a href=""https://www.imdb.com/title/tt0249462"" target=""_blank"">tt0249462</a>","<a href=""https://www.imdb.com/title/tt0249462"" target=""_blank"">Billy Elliot</a>"
"tt0100150","Miller's Crossing",1990,912,7.7,146333,115,"Joel Coen, Ethan Coen","Joel Coen, Ethan Coen, Dashiell Hammett","Crime, Drama, Thriller","<a href=""https://www.imdb.com/title/tt0100150"" target=""_blank"">tt0100150</a>","<a href=""https://www.imdb.com/title/tt0100150"" target=""_blank"">Miller's Crossing</a>"
"tt0067116","The French Connection",1971,913,7.7,145595,104,"William Friedkin","Ernest Tidyman, Robin Moore, William Friedkin","Action, Crime, Drama","<a href=""https://www.imdb.com/title/tt0067116"" target=""_blank"">tt0067116</a>","<a href=""https://www.imdb.com/title/tt0067116"" target=""_blank"">The French Connection</a>"
"tt4302938","Kubo and the Two Strings",2016,914,7.7,143316,101,"Travis Knight","Marc Haimes, Chris Butler, Shannon Tindle","Action, Adventure, Animation","<a href=""https://www.imdb.com/title/tt4302938"" target=""_blank"">tt4302938</a>","<a href=""https://www.imdb.com/title/tt4302938"" target=""_blank"">Kubo and the Two Strings</a>"
"tt2582496","Me and Earl and the Dying Girl",2015,915,7.7,142539,105,"Alfonso Gomez-Rejon","Jesse Andrews","Comedy, Drama","<a href=""https://www.imdb.com/title/tt2582496"" target=""_blank"">tt2582496</a>","<a href=""https://www.imdb.com/title/tt2582496"" target=""_blank"">Me and Earl and the Dying Girl</a>"
"tt0070666","Serpico",1973,916,7.7,141831,130,"Sidney Lumet","Peter Maas, Waldo Salt, Norman Wexler","Biography, Crime, Drama","<a href=""https://www.imdb.com/title/tt0070666"" target=""_blank"">tt0070666</a>","<a href=""https://www.imdb.com/title/tt0070666"" target=""_blank"">Serpico</a>"
"tt0092965","Empire of the Sun",1987,917,7.7,139048,153,"Steven Spielberg","Tom Stoppard, J.G. Ballard, Menno Meyjes","Drama, War","<a href=""https://www.imdb.com/title/tt0092965"" target=""_blank"">tt0092965</a>","<a href=""https://www.imdb.com/title/tt0092965"" target=""_blank"">Empire of the Sun</a>"
"tt0245574","Y tu mamá también",2001,918,7.7,135410,106,"Alfonso Cuarón","Carlos Cuarón, Alfonso Cuarón","Drama","<a href=""https://www.imdb.com/title/tt0245574"" target=""_blank"">tt0245574</a>","<a href=""https://www.imdb.com/title/tt0245574"" target=""_blank"">Y tu mamá también</a>"
"tt0084726","Star Trek II: The Wrath of Khan",1982,919,7.7,133057,113,"Nicholas Meyer","Gene Roddenberry, Jack B. Sowards, Harve Bennett, Nicholas Meyer, Samuel A. Peeples","Action, Adventure, Sci-Fi","<a href=""https://www.imdb.com/title/tt0084726"" target=""_blank"">tt0084726</a>","<a href=""https://www.imdb.com/title/tt0084726"" target=""_blank"">Star Trek II: The Wrath of Khan</a>"
"tt0480025","This Is England",2006,920,7.7,132597,101,"Shane Meadows","Shane Meadows","Crime, Drama","<a href=""https://www.imdb.com/title/tt0480025"" target=""_blank"">tt0480025</a>","<a href=""https://www.imdb.com/title/tt0480025"" target=""_blank"">This Is England</a>"
"tt0114388","Sense and Sensibility",1995,921,7.7,132168,136,"Ang Lee","Jane Austen, Emma Thompson","Drama, Romance","<a href=""https://www.imdb.com/title/tt0114388"" target=""_blank"">tt0114388</a>","<a href=""https://www.imdb.com/title/tt0114388"" target=""_blank"">Sense and Sensibility</a>"
"tt0071360","The Conversation",1974,922,7.7,131796,113,"Francis Ford Coppola","Francis Ford Coppola","Drama, Mystery, Thriller","<a href=""https://www.imdb.com/title/tt0071360"" target=""_blank"">tt0071360</a>","<a href=""https://www.imdb.com/title/tt0071360"" target=""_blank"">The Conversation</a>"
"tt1821549","Nebraska",2013,923,7.7,126508,115,"Alexander Payne","Bob Nelson","Drama","<a href=""https://www.imdb.com/title/tt1821549"" target=""_blank"">tt1821549</a>","<a href=""https://www.imdb.com/title/tt1821549"" target=""_blank"">Nebraska</a>"
"tt0061418","Bonnie and Clyde",1967,924,7.7,125192,111,"Arthur Penn","David Newman, Robert Benton, Robert Towne","Action, Biography, Crime","<a href=""https://www.imdb.com/title/tt0061418"" target=""_blank"">tt0061418</a>","<a href=""https://www.imdb.com/title/tt0061418"" target=""_blank"">Bonnie and Clyde</a>"
"tt0091605","The Name of the Rose",1986,925,7.7,123239,130,"Jean-Jacques Annaud","Umberto Eco, Andrew Birkin, Gérard Brach, Howard Franklin, Alain Godard","Drama, Mystery, Thriller","<a href=""https://www.imdb.com/title/tt0091605"" target=""_blank"">tt0091605</a>","<a href=""https://www.imdb.com/title/tt0091605"" target=""_blank"">The Name of the Rose</a>"
"tt0104348","Glengarry Glen Ross",1992,926,7.7,122786,100,"James Foley","David Mamet","Crime, Drama, Mystery","<a href=""https://www.imdb.com/title/tt0104348"" target=""_blank"">tt0104348</a>","<a href=""https://www.imdb.com/title/tt0104348"" target=""_blank"">Glengarry Glen Ross</a>"
"tt0093389","The Last Emperor",1987,927,7.7,116297,163,"Bernardo Bertolucci","Enzo Ungari, Mark Peploe, Bernardo Bertolucci, Puyi","Biography, Drama, History","<a href=""https://www.imdb.com/title/tt0093389"" target=""_blank"">tt0093389</a>","<a href=""https://www.imdb.com/title/tt0093389"" target=""_blank"">The Last Emperor</a>"
"tt10370710","The Worst Person in the World",2021,928,7.7,112623,128,"Joachim Trier","Eskil Vogt, Joachim Trier","Comedy, Drama, Romance","<a href=""https://www.imdb.com/title/tt10370710"" target=""_blank"">tt10370710</a>","<a href=""https://www.imdb.com/title/tt10370710"" target=""_blank"">The Worst Person in the World</a>"
"tt0104652","Porco Rosso",1992,929,7.7,110537,94,"Hayao Miyazaki","Hayao Miyazaki","Adventure, Animation, Comedy","<a href=""https://www.imdb.com/title/tt0104652"" target=""_blank"">tt0104652</a>","<a href=""https://www.imdb.com/title/tt0104652"" target=""_blank"">Porco Rosso</a>"
"tt0032455","Fantasia",1940,930,7.7,108346,124,"James Algar, Samuel Armstrong, Ford Beebe Jr., Norman Ferguson, David Hand, Jim Handley, T. Hee, Wilfred Jackson, Hamilton Luske, Bill Roberts, Paul Satterfield, Ben Sharpsteen","Joe Grant, Dick Huemer, Lee Blair, Elmer Plummer, Phil Dike, Sylvia Moberly-Holland, Norman Wright, Bianca Majolie, Graham Heid, Perce Pearce, Carl Fallberg, William Martin, Leo Thiele, Robert Sterner, John McLeish, Otto Englander, Webb Smith, Erdman Penner, Joseph Sabo, Bill Peet, Vernon Stallings, Campbell Grant, Arthur Heinemann","Animation, Family, Fantasy","<a href=""https://www.imdb.com/title/tt0032455"" target=""_blank"">tt0032455</a>","<a href=""https://www.imdb.com/title/tt0032455"" target=""_blank"">Fantasia</a>"
"tt0054047","The Magnificent Seven",1960,931,7.7,107254,128,"John Sturges","William Roberts, Akira Kurosawa, Walter Bernstein, Shinobu Hashimoto, Walter Newman, Hideo Oguni","Action, Adventure, Drama","<a href=""https://www.imdb.com/title/tt0054047"" target=""_blank"">tt0054047</a>","<a href=""https://www.imdb.com/title/tt0054047"" target=""_blank"">The Magnificent Seven</a>"
"tt0318462","The Motorcycle Diaries",2004,932,7.7,107223,126,"Walter Salles","Ernesto 'Che' Guevara, Alberto Granado, Jose Rivera","Adventure, Biography, Drama","<a href=""https://www.imdb.com/title/tt0318462"" target=""_blank"">tt0318462</a>","<a href=""https://www.imdb.com/title/tt0318462"" target=""_blank"">The Motorcycle Diaries</a>"
"tt0104797","Malcolm X",1992,933,7.7,107141,202,"Spike Lee","Arnold Perl, Spike Lee, Alex Haley, Malcolm X","Biography, Drama, History","<a href=""https://www.imdb.com/title/tt0104797"" target=""_blank"">tt0104797</a>","<a href=""https://www.imdb.com/title/tt0104797"" target=""_blank"">Malcolm X</a>"
"tt1683526","Detachment",2011,934,7.7,106581,98,"Tony Kaye","Carl Lund","Drama","<a href=""https://www.imdb.com/title/tt1683526"" target=""_blank"">tt1683526</a>","<a href=""https://www.imdb.com/title/tt1683526"" target=""_blank"">Detachment</a>"
"tt0851578","Paprika",2006,935,7.7,105567,90,"Satoshi Kon","Yasutaka Tsutsui, Seishi Minakami, Satoshi Kon","Animation, Drama, Fantasy","<a href=""https://www.imdb.com/title/tt0851578"" target=""_blank"">tt0851578</a>","<a href=""https://www.imdb.com/title/tt0851578"" target=""_blank"">Paprika</a>"
"tt0058385","My Fair Lady",1964,936,7.7,105379,170,"George Cukor","Alan Jay Lerner, George Bernard Shaw","Drama, Family, Musical","<a href=""https://www.imdb.com/title/tt0058385"" target=""_blank"">tt0058385</a>","<a href=""https://www.imdb.com/title/tt0058385"" target=""_blank"">My Fair Lady</a>"
"tt0817177","Flipped",2010,937,7.7,102849,90,"Rob Reiner","Rob Reiner, Andrew Scheinman, Wendelin Van Draanen","Comedy, Drama, Romance","<a href=""https://www.imdb.com/title/tt0817177"" target=""_blank"">tt0817177</a>","<a href=""https://www.imdb.com/title/tt0817177"" target=""_blank"">Flipped</a>"
"tt2358891","The Great Beauty",2013,938,7.7,102684,141,"Paolo Sorrentino","Paolo Sorrentino, Umberto Contarello","Drama","<a href=""https://www.imdb.com/title/tt2358891"" target=""_blank"">tt2358891</a>","<a href=""https://www.imdb.com/title/tt2358891"" target=""_blank"">The Great Beauty</a>"
"tt0088939","The Color Purple",1985,939,7.7,101371,154,"Steven Spielberg","Menno Meyjes, Alice Walker","Drama","<a href=""https://www.imdb.com/title/tt0088939"" target=""_blank"">tt0088939</a>","<a href=""https://www.imdb.com/title/tt0088939"" target=""_blank"">The Color Purple</a>"
"tt0250258","The Experiment",2001,940,7.7,97844,120,"Oliver Hirschbiegel","Mario Giordano, Christoph Darnstädt, Don Bohlinger","Drama, Thriller","<a href=""https://www.imdb.com/title/tt0250258"" target=""_blank"">tt0250258</a>","<a href=""https://www.imdb.com/title/tt0250258"" target=""_blank"">The Experiment</a>"
"tt0053472","Breathless",1960,941,7.7,91475,90,"Jean-Luc Godard","Claude Chabrol, Jean-Luc Godard, François Truffaut","Crime, Drama","<a href=""https://www.imdb.com/title/tt0053472"" target=""_blank"">tt0053472</a>","<a href=""https://www.imdb.com/title/tt0053472"" target=""_blank"">Breathless</a>"
"tt1365050","Beasts of No Nation",2015,942,7.7,89426,137,"Cary Joji Fukunaga","Cary Joji Fukunaga, Uzodinma Iweala","Drama, War","<a href=""https://www.imdb.com/title/tt1365050"" target=""_blank"">tt1365050</a>","<a href=""https://www.imdb.com/title/tt1365050"" target=""_blank"">Beasts of No Nation</a>"
"tt0043456","The Day the Earth Stood Still",1951,943,7.7,88200,92,"Robert Wise","Edmund H. North, Harry Bates","Drama, Sci-Fi","<a href=""https://www.imdb.com/title/tt0043456"" target=""_blank"">tt0043456</a>","<a href=""https://www.imdb.com/title/tt0043456"" target=""_blank"">The Day the Earth Stood Still</a>"
"tt0101921","Fried Green Tomatoes",1991,944,7.7,88077,130,"Jon Avnet","Fannie Flagg, Carol Sobieski","Drama","<a href=""https://www.imdb.com/title/tt0101921"" target=""_blank"">tt0101921</a>","<a href=""https://www.imdb.com/title/tt0101921"" target=""_blank"">Fried Green Tomatoes</a>"
"tt0043265","The African Queen",1951,945,7.7,87071,105,"John Huston","C.S. Forester, James Agee, John Huston, John Collier, Peter Viertel","Adventure, Drama, Romance","<a href=""https://www.imdb.com/title/tt0043265"" target=""_blank"">tt0043265</a>","<a href=""https://www.imdb.com/title/tt0043265"" target=""_blank"">The African Queen</a>"
"tt0389557","Black Book",2006,946,7.7,82475,145,"Paul Verhoeven","Gerard Soeteman, Paul Verhoeven","Drama, Thriller, War","<a href=""https://www.imdb.com/title/tt0389557"" target=""_blank"">tt0389557</a>","<a href=""https://www.imdb.com/title/tt0389557"" target=""_blank"">Black Book</a>"
"tt0061578","The Dirty Dozen",1967,947,7.7,82034,150,"Robert Aldrich","Nunnally Johnson, Lukas Heller, E.M. Nathanson","Action, Adventure, War","<a href=""https://www.imdb.com/title/tt0061578"" target=""_blank"">tt0061578</a>","<a href=""https://www.imdb.com/title/tt0061578"" target=""_blank"">The Dirty Dozen</a>"
"tt0069762","Badlands",1973,948,7.7,81795,94,"Terrence Malick","Terrence Malick","Action, Crime, Drama","<a href=""https://www.imdb.com/title/tt0069762"" target=""_blank"">tt0069762</a>","<a href=""https://www.imdb.com/title/tt0069762"" target=""_blank"">Badlands</a>"
"tt1527788","The Man from Nowhere",2010,949,7.7,78269,119,"Lee Jeong-beom","Lee Jeong-beom","Action, Crime, Drama","<a href=""https://www.imdb.com/title/tt1527788"" target=""_blank"">tt1527788</a>","<a href=""https://www.imdb.com/title/tt1527788"" target=""_blank"">The Man from Nowhere</a>"
"tt0147612","Happiness",1998,950,7.7,77719,134,"Todd Solondz","Todd Solondz","Comedy, Drama","<a href=""https://www.imdb.com/title/tt0147612"" target=""_blank"">tt0147612</a>","<a href=""https://www.imdb.com/title/tt0147612"" target=""_blank"">Happiness</a>"
"tt1216496","Mother",2009,951,7.7,77056,129,"Bong Joon Ho","Bong Joon Ho, Park Eun-kyo","Crime, Drama, Mystery","<a href=""https://www.imdb.com/title/tt1216496"" target=""_blank"">tt1216496</a>","<a href=""https://www.imdb.com/title/tt1216496"" target=""_blank"">Mother</a>"
"tt0125659","Open Your Eyes",1997,952,7.7,75489,119,"Alejandro Amenábar","Alejandro Amenábar, Mateo Gil","Drama, Mystery, Sci-Fi","<a href=""https://www.imdb.com/title/tt0125659"" target=""_blank"">tt0125659</a>","<a href=""https://www.imdb.com/title/tt0125659"" target=""_blank"">Open Your Eyes</a>"
"tt4901306","Perfect Strangers",2016,953,7.7,74976,96,"Paolo Genovese","Filippo Bologna, Paolo Costella, Paolo Genovese, Paola Mammini, Rolando Ravello","Comedy, Drama, Thriller","<a href=""https://www.imdb.com/title/tt4901306"" target=""_blank"">tt4901306</a>","<a href=""https://www.imdb.com/title/tt4901306"" target=""_blank"">Perfect Strangers</a>"
"tt4080728","A Man Called Ove",2015,954,7.7,72339,116,"Hannes Holm","Hannes Holm, Fredrik Backman","Comedy, Drama, Romance","<a href=""https://www.imdb.com/title/tt4080728"" target=""_blank"">tt4080728</a>","<a href=""https://www.imdb.com/title/tt4080728"" target=""_blank"">A Man Called Ove</a>"
"tt0372824","The Chorus",2004,955,7.8,69829,97,"Christophe Barratier","Georges Chaperot, René Wheeler, Noël-Noël, Christophe Barratier, Philippe Lopes-Curval","Drama, Music","<a href=""https://www.imdb.com/title/tt0372824"" target=""_blank"">tt0372824</a>","<a href=""https://www.imdb.com/title/tt0372824"" target=""_blank"">The Chorus</a>"
"tt0102536","Night on Earth",1991,956,7.7,69014,129,"Jim Jarmusch","Jim Jarmusch","Comedy, Drama","<a href=""https://www.imdb.com/title/tt0102536"" target=""_blank"">tt0102536</a>","<a href=""https://www.imdb.com/title/tt0102536"" target=""_blank"">Night on Earth</a>"
"tt0029947","Bringing Up Baby",1938,957,7.8,68537,102,"Howard Hawks","Dudley Nichols, Hagar Wilde","Comedy","<a href=""https://www.imdb.com/title/tt0029947"" target=""_blank"">tt0029947</a>","<a href=""https://www.imdb.com/title/tt0029947"" target=""_blank"">Bringing Up Baby</a>"
"tt0086197","The Right Stuff",1983,958,7.8,67551,193,"Philip Kaufman","Philip Kaufman, Tom Wolfe","Adventure, Biography, Drama","<a href=""https://www.imdb.com/title/tt0086197"" target=""_blank"">tt0086197</a>","<a href=""https://www.imdb.com/title/tt0086197"" target=""_blank"">The Right Stuff</a>"
"tt5186714","The Salesman",2016,959,7.7,67098,124,"Asghar Farhadi","Asghar Farhadi","Drama, Thriller","<a href=""https://www.imdb.com/title/tt5186714"" target=""_blank"">tt5186714</a>","<a href=""https://www.imdb.com/title/tt5186714"" target=""_blank"">The Salesman</a>"
"tt5168192","I, Daniel Blake",2016,960,7.8,66993,100,"Ken Loach","Paul Laverty","Drama","<a href=""https://www.imdb.com/title/tt5168192"" target=""_blank"">tt5168192</a>","<a href=""https://www.imdb.com/title/tt5168192"" target=""_blank"">I, Daniel Blake</a>"
"tt3262342","Loving Vincent",2017,961,7.8,66497,94,"DK Welchman, Hugh Welchman","DK Welchman, Hugh Welchman, Jacek Dehnel","Animation, Drama, Mystery","<a href=""https://www.imdb.com/title/tt3262342"" target=""_blank"">tt3262342</a>","<a href=""https://www.imdb.com/title/tt3262342"" target=""_blank"">Loving Vincent</a>"
"tt0077405","Days of Heaven",1978,962,7.7,66281,94,"Terrence Malick","Terrence Malick","Drama, Romance","<a href=""https://www.imdb.com/title/tt0077405"" target=""_blank"">tt0077405</a>","<a href=""https://www.imdb.com/title/tt0077405"" target=""_blank"">Days of Heaven</a>"
"tt0032599","His Girl Friday",1940,963,7.8,65922,92,"Howard Hawks","Charles Lederer, Ben Hecht, Charles MacArthur, Morrie Ryskind","Comedy, Drama, Romance","<a href=""https://www.imdb.com/title/tt0032599"" target=""_blank"">tt0032599</a>","<a href=""https://www.imdb.com/title/tt0032599"" target=""_blank"">His Girl Friday</a>"
"tt0068182","Aguirre, the Wrath of God",1972,964,7.8,65583,95,"Werner Herzog","Werner Herzog","Action, Adventure, Biography","<a href=""https://www.imdb.com/title/tt0068182"" target=""_blank"">tt0068182</a>","<a href=""https://www.imdb.com/title/tt0068182"" target=""_blank"">Aguirre, the Wrath of God</a>"
"tt0427312","Grizzly Man",2005,965,7.8,64868,103,"Werner Herzog","Werner Herzog","Biography, Documentary","<a href=""https://www.imdb.com/title/tt0427312"" target=""_blank"">tt0427312</a>","<a href=""https://www.imdb.com/title/tt0427312"" target=""_blank"">Grizzly Man</a>"
"tt13664684","Karthikeya 2",2022,966,7.8,64780,150,"Chandoo Mondeti","Harshavardhana, Manibabu Karanam, Chandoo Mondeti, Gopal Ram","Action, Adventure, Fantasy","<a href=""https://www.imdb.com/title/tt13664684"" target=""_blank"">tt13664684</a>","<a href=""https://www.imdb.com/title/tt13664684"" target=""_blank"">Karthikeya 2</a>"
"tt10083340","Gangubai Kathiawadi",2022,967,7.8,64467,152,"Sanjay Leela Bhansali","Sanjay Leela Bhansali, Abhiruchi Chand, Saurabh H. Dikshit, Prakash Kapadia, Mitakshara Kumar, Karan Singh Rathore, Utkarshini Vashishtha","Biography, Crime, Drama","<a href=""https://www.imdb.com/title/tt10083340"" target=""_blank"">tt10083340</a>","<a href=""https://www.imdb.com/title/tt10083340"" target=""_blank"">Gangubai Kathiawadi</a>"
"tt0023969","Duck Soup",1933,968,7.7,64303,69,"Leo McCarey","Bert Kalmar, Harry Ruby, Arthur Sheekman, Nat Perrin","Comedy, Musical","<a href=""https://www.imdb.com/title/tt0023969"" target=""_blank"">tt0023969</a>","<a href=""https://www.imdb.com/title/tt0023969"" target=""_blank"">Duck Soup</a>"
"tt2350496","The Lunchbox",2013,969,7.8,64182,104,"Ritesh Batra","Ritesh Batra, Vasan Bala","Drama, Romance","<a href=""https://www.imdb.com/title/tt2350496"" target=""_blank"">tt2350496</a>","<a href=""https://www.imdb.com/title/tt2350496"" target=""_blank"">The Lunchbox</a>"
"tt3169706","Pride",2014,970,7.8,63836,119,"Matthew Warchus","Stephen Beresford","Biography, Comedy, Drama","<a href=""https://www.imdb.com/title/tt3169706"" target=""_blank"">tt3169706</a>","<a href=""https://www.imdb.com/title/tt3169706"" target=""_blank"">Pride</a>"
"tt0068327","Cabaret",1972,971,7.8,62507,124,"Bob Fosse","Joe Masteroff, John Van Druten, Christopher Isherwood, Jay Presson Allen","Drama, Music, Musical","<a href=""https://www.imdb.com/title/tt0068327"" target=""_blank"">tt0068327</a>","<a href=""https://www.imdb.com/title/tt0068327"" target=""_blank"">Cabaret</a>"
"tt14107554","Dasvi",2022,972,7.7,62293,125,"Tushar Jalota","Sandeep Leyzell, Suresh Nair, Ritesh Shah","Comedy, Drama","<a href=""https://www.imdb.com/title/tt14107554"" target=""_blank"">tt14107554</a>","<a href=""https://www.imdb.com/title/tt14107554"" target=""_blank"">Dasvi</a>"
"tt0097123","Crimes and Misdemeanors",1989,973,7.8,62236,104,"Woody Allen","Woody Allen","Comedy, Drama","<a href=""https://www.imdb.com/title/tt0097123"" target=""_blank"">tt0097123</a>","<a href=""https://www.imdb.com/title/tt0097123"" target=""_blank"">Crimes and Misdemeanors</a>"
"tt0087553","The Killing Fields",1984,974,7.8,62082,141,"Roland Joffé","Bruce Robinson","Biography, Drama, History","<a href=""https://www.imdb.com/title/tt0087553"" target=""_blank"">tt0087553</a>","<a href=""https://www.imdb.com/title/tt0087553"" target=""_blank"">The Killing Fields</a>"
"tt0412080","The World's Fastest Indian",2005,975,7.8,62009,127,"Roger Donaldson","Roger Donaldson","Biography, Drama, Sport","<a href=""https://www.imdb.com/title/tt0412080"" target=""_blank"">tt0412080</a>","<a href=""https://www.imdb.com/title/tt0412080"" target=""_blank"">The World's Fastest Indian</a>"
"tt0056197","The Longest Day",1962,976,7.7,61410,178,"Ken Annakin, Andrew Marton, Gerd Oswald, Bernhard Wicki, Darryl F. Zanuck","Cornelius Ryan, Romain Gary, James Jones, David Pursall, Jack Seddon","Action, Drama, History","<a href=""https://www.imdb.com/title/tt0056197"" target=""_blank"">tt0056197</a>","<a href=""https://www.imdb.com/title/tt0056197"" target=""_blank"">The Longest Day</a>"
"tt0106364","Batman: Mask of the Phantasm",1993,977,7.8,60697,76,"Kevin Altieri, Boyd Kirkland, Frank Paur, Dan Riba, Eric Radomski, Bruce Timm","Alan Burnett, Paul Dini, Martin Pasko, Michael Reaves, Bob Kane","Action, Adventure, Animation","<a href=""https://www.imdb.com/title/tt0106364"" target=""_blank"">tt0106364</a>","<a href=""https://www.imdb.com/title/tt0106364"" target=""_blank"">Batman: Mask of the Phantasm</a>"
"tt0420332","Veer-Zaara",2004,978,7.8,60338,192,"Yash Chopra","Aditya Chopra","Drama, Family, Musical","<a href=""https://www.imdb.com/title/tt0420332"" target=""_blank"">tt0420332</a>","<a href=""https://www.imdb.com/title/tt0420332"" target=""_blank"">Veer-Zaara</a>"
"tt1155592","Man on Wire",2008,979,7.7,60000,94,"James Marsh","Philippe Petit","Biography, Crime, Documentary","<a href=""https://www.imdb.com/title/tt1155592"" target=""_blank"">tt1155592</a>","<a href=""https://www.imdb.com/title/tt1155592"" target=""_blank"">Man on Wire</a>"
"tt0030341","The Lady Vanishes",1938,980,7.7,59670,96,"Alfred Hitchcock","Ethel Lina White, Sidney Gilliat, Frank Launder","Crime, Drama, Mystery","<a href=""https://www.imdb.com/title/tt0030341"" target=""_blank"">tt0030341</a>","<a href=""https://www.imdb.com/title/tt0030341"" target=""_blank"">The Lady Vanishes</a>"
"tt0081283","Ordinary People",1980,981,7.7,59515,124,"Robert Redford","Judith Guest, Alvin Sargent, Nancy Dowd","Drama","<a href=""https://www.imdb.com/title/tt0081283"" target=""_blank"">tt0081283</a>","<a href=""https://www.imdb.com/title/tt0081283"" target=""_blank"">Ordinary People</a>"
"tt0347048","Head-On",2004,982,7.8,59510,121,"Fatih Akin","Fatih Akin","Drama, Romance","<a href=""https://www.imdb.com/title/tt0347048"" target=""_blank"">tt0347048</a>","<a href=""https://www.imdb.com/title/tt0347048"" target=""_blank"">Head-On</a>"
"tt0286244","The Triplets of Belleville",2003,983,7.7,58445,80,"Sylvain Chomet","Sylvain Chomet","Adventure, Animation, Comedy","<a href=""https://www.imdb.com/title/tt0286244"" target=""_blank"">tt0286244</a>","<a href=""https://www.imdb.com/title/tt0286244"" target=""_blank"">The Triplets of Belleville</a>"
"tt0049366","Invasion of the Body Snatchers",1956,984,7.7,57716,80,"Don Siegel","Daniel Mainwaring, Jack Finney, Richard Collins","Drama, Horror, Sci-Fi","<a href=""https://www.imdb.com/title/tt0049366"" target=""_blank"">tt0049366</a>","<a href=""https://www.imdb.com/title/tt0049366"" target=""_blank"">Invasion of the Body Snatchers</a>"
"tt0418455","Adam's Apples",2005,985,7.7,57114,94,"Anders Thomas Jensen","Anders Thomas Jensen","Comedy, Crime, Drama","<a href=""https://www.imdb.com/title/tt0418455"" target=""_blank"">tt0418455</a>","<a href=""https://www.imdb.com/title/tt0418455"" target=""_blank"">Adam's Apples</a>"
"tt2870648","Amy",2015,986,7.8,57083,128,"Asif Kapadia",NA,"Biography, Documentary, Music","<a href=""https://www.imdb.com/title/tt2870648"" target=""_blank"">tt2870648</a>","<a href=""https://www.imdb.com/title/tt2870648"" target=""_blank"">Amy</a>"
"tt0031971","Stagecoach",1939,987,7.8,56849,96,"John Ford","Ernest Haycox, Dudley Nichols, Ben Hecht","Adventure, Drama, Western","<a href=""https://www.imdb.com/title/tt0031971"" target=""_blank"">tt0031971</a>","<a href=""https://www.imdb.com/title/tt0031971"" target=""_blank"">Stagecoach</a>"
"tt0026138","Bride of Frankenstein",1935,988,7.8,56048,75,"James Whale","Mary Shelley, William Hurlbut, John L. Balderston, Josef Berne, Lawrence G. Blochman, Robert Florey, Philip MacDonald, Tom Reed, R.C. Sherriff, Edmund Pearson, Morton Covan","Drama, Horror, Sci-Fi","<a href=""https://www.imdb.com/title/tt0026138"" target=""_blank"">tt0026138</a>","<a href=""https://www.imdb.com/title/tt0026138"" target=""_blank"">Bride of Frankenstein</a>"
"tt0275277","Cowboy Bebop: The Movie",2001,989,7.8,55801,115,"Shin'ichirô Watanabe, Tensai Okamura, Hiroyuki Okiura, Yoshiyuki Takei","Shin'ichirô Watanabe, Keiko Nobumoto","Action, Animation, Crime","<a href=""https://www.imdb.com/title/tt0275277"" target=""_blank"">tt0275277</a>","<a href=""https://www.imdb.com/title/tt0275277"" target=""_blank"">Cowboy Bebop: The Movie</a>"
"tt0022913","Freaks",1932,990,7.8,52977,64,"Tod Browning","Clarence Aaron 'Tod' Robbins, Willis Goldbeck, Leon Gordon, Al Boasberg, Charles MacArthur, Edgar Allan Woolf","Drama, Horror","<a href=""https://www.imdb.com/title/tt0022913"" target=""_blank"">tt0022913</a>","<a href=""https://www.imdb.com/title/tt0022913"" target=""_blank"">Freaks</a>"
"tt0300140","Lilya 4-Ever",2002,991,7.8,52870,109,"Lukas Moodysson","Lukas Moodysson","Crime, Drama","<a href=""https://www.imdb.com/title/tt0300140"" target=""_blank"">tt0300140</a>","<a href=""https://www.imdb.com/title/tt0300140"" target=""_blank"">Lilya 4-Ever</a>"
"tt1286537","Food, Inc.",2008,992,7.8,52869,94,"Robert Kenner","Robert Kenner, Elise Pearlstein, Kim Roberts","Documentary, News","<a href=""https://www.imdb.com/title/tt1286537"" target=""_blank"">tt1286537</a>","<a href=""https://www.imdb.com/title/tt1286537"" target=""_blank"">Food, Inc.</a>"
"tt1839596","Rockstar",2011,993,7.8,52846,159,"Imtiaz Ali","Imtiaz Ali, Muazzam Beg","Drama, Music, Romance","<a href=""https://www.imdb.com/title/tt1839596"" target=""_blank"">tt1839596</a>","<a href=""https://www.imdb.com/title/tt1839596"" target=""_blank"">Rockstar</a>"
"tt1827487","Once Upon a Time in Anatolia",2011,994,7.8,52368,157,"Nuri Bilge Ceylan","Ebru Ceylan, Nuri Bilge Ceylan, Ercan Kesal","Crime, Drama, Thriller","<a href=""https://www.imdb.com/title/tt1827487"" target=""_blank"">tt1827487</a>","<a href=""https://www.imdb.com/title/tt1827487"" target=""_blank"">Once Upon a Time in Anatolia</a>"
"tt0061735","Guess Who's Coming to Dinner",1967,995,7.8,51404,108,"Stanley Kramer","William Rose","Comedy, Drama","<a href=""https://www.imdb.com/title/tt0061735"" target=""_blank"">tt0061735</a>","<a href=""https://www.imdb.com/title/tt0061735"" target=""_blank"">Guess Who's Coming to Dinner</a>"
"tt0388473","Tokyo Godfathers",2003,996,7.8,51397,92,"Shôgo Furuya, Satoshi Kon","Satoshi Kon, Keiko Nobumoto","Adventure, Animation, Comedy","<a href=""https://www.imdb.com/title/tt0388473"" target=""_blank"">tt0388473</a>","<a href=""https://www.imdb.com/title/tt0388473"" target=""_blank"">Tokyo Godfathers</a>"
"tt14331144","Jujutsu Kaisen 0",2021,997,7.8,50982,112,"Sunghoo Park","Gege Akutami, Hiroshi Seko","Action, Animation, Fantasy","<a href=""https://www.imdb.com/title/tt14331144"" target=""_blank"">tt14331144</a>","<a href=""https://www.imdb.com/title/tt14331144"" target=""_blank"">Jujutsu Kaisen 0</a>"
"tt0069947","The Day of the Jackal",1973,998,7.8,50682,143,"Fred Zinnemann","Frederick Forsyth, Kenneth Ross","Crime, Drama, Thriller","<a href=""https://www.imdb.com/title/tt0069947"" target=""_blank"">tt0069947</a>","<a href=""https://www.imdb.com/title/tt0069947"" target=""_blank"">The Day of the Jackal</a>"
"tt0048028","East of Eden",1955,999,7.8,50538,118,"Elia Kazan","John Steinbeck, Paul Osborn","Drama","<a href=""https://www.imdb.com/title/tt0048028"" target=""_blank"">tt0048028</a>","<a href=""https://www.imdb.com/title/tt0048028"" target=""_blank"">East of Eden</a>"
"tt0071129","Amarcord",1973,1000,7.8,49871,123,"Federico Fellini","Federico Fellini, Tonino Guerra","Comedy, Drama","<a href=""https://www.imdb.com/title/tt0071129"" target=""_blank"">tt0071129</a>","<a href=""https://www.imdb.com/title/tt0071129"" target=""_blank"">Amarcord</a>"
"tt3841424","Land of Mine",2015,1001,7.8,47932,100,"Martin Zandvliet","Martin Zandvliet","Drama, History, War","<a href=""https://www.imdb.com/title/tt3841424"" target=""_blank"">tt3841424</a>","<a href=""https://www.imdb.com/title/tt3841424"" target=""_blank"">Land of Mine</a>"
"tt10895576","Mimi",2021,1002,7.8,44905,132,"Rajesh Bhatia, Laxman Utekar","Laxman Utekar, Rohan Shankar, Samruoddhi Porey","Comedy, Drama","<a href=""https://www.imdb.com/title/tt10895576"" target=""_blank"">tt10895576</a>","<a href=""https://www.imdb.com/title/tt10895576"" target=""_blank"">Mimi</a>"
"tt9660502","Close",2022,1003,7.8,43909,104,"Lukas Dhont","Lukas Dhont, Angelo Tijssens","Drama","<a href=""https://www.imdb.com/title/tt9660502"" target=""_blank"">tt9660502</a>","<a href=""https://www.imdb.com/title/tt9660502"" target=""_blank"">Close</a>"
"tt0107692","Ninja Scroll",1993,1004,7.8,43134,94,"Yoshiaki Kawajiri","Yoshiaki Kawajiri","Action, Adventure, Animation","<a href=""https://www.imdb.com/title/tt0107692"" target=""_blank"">tt0107692</a>","<a href=""https://www.imdb.com/title/tt0107692"" target=""_blank"">Ninja Scroll</a>"
"tt0037884","The Lost Weekend",1945,1005,7.9,42014,101,"Billy Wilder","Charles R. Jackson, Charles Brackett, Billy Wilder","Drama, Film-Noir","<a href=""https://www.imdb.com/title/tt0037884"" target=""_blank"">tt0037884</a>","<a href=""https://www.imdb.com/title/tt0037884"" target=""_blank"">The Lost Weekend</a>"
"tt2199711","Vishwaroopam",2013,1006,7.9,41471,148,"Kamal Haasan","H. Banerjee, Kamal Haasan, Atul Tiwari","Action, Thriller","<a href=""https://www.imdb.com/title/tt2199711"" target=""_blank"">tt2199711</a>","<a href=""https://www.imdb.com/title/tt2199711"" target=""_blank"">Vishwaroopam</a>"
"tt0083946","Fitzcarraldo",1982,1007,7.9,41036,158,"Werner Herzog","Werner Herzog","Adventure, Drama, Music","<a href=""https://www.imdb.com/title/tt0083946"" target=""_blank"">tt0083946</a>","<a href=""https://www.imdb.com/title/tt0083946"" target=""_blank"">Fitzcarraldo</a>"
"tt2181931","English Vinglish",2012,1008,7.8,41019,134,"Gauri Shinde","Gauri Shinde","Comedy, Drama, Family","<a href=""https://www.imdb.com/title/tt2181931"" target=""_blank"">tt2181931</a>","<a href=""https://www.imdb.com/title/tt2181931"" target=""_blank"">English Vinglish</a>"
"tt0037382","To Have and Have Not",1944,1009,7.8,39864,100,"Howard Hawks","Ernest Hemingway, Jules Furthman, William Faulkner, Cleve F. Adams, Whitman Chambers","Adventure, Comedy, Drama","<a href=""https://www.imdb.com/title/tt0037382"" target=""_blank"">tt0037382</a>","<a href=""https://www.imdb.com/title/tt0037382"" target=""_blank"">To Have and Have Not</a>"
"tt0080979","Kagemusha: The Shadow Warrior",1980,1010,7.9,39837,162,"Akira Kurosawa","Masato Ide, Akira Kurosawa","Drama, History, War","<a href=""https://www.imdb.com/title/tt0080979"" target=""_blank"">tt0080979</a>","<a href=""https://www.imdb.com/title/tt0080979"" target=""_blank"">Kagemusha: The Shadow Warrior</a>"
"tt7485048","Super 30",2019,1011,7.9,39648,154,"Vikas Bahl","Sanjeev Dutta","Biography, Drama","<a href=""https://www.imdb.com/title/tt7485048"" target=""_blank"">tt7485048</a>","<a href=""https://www.imdb.com/title/tt7485048"" target=""_blank"">Super 30</a>"
"tt2213054","Kai Po Che",2013,1012,7.8,39499,120,"Abhishek Kapoor","Chetan Bhagat, Abhishek Kapoor, Supratik Sen, Pubali Chaudhuri","Drama, Sport","<a href=""https://www.imdb.com/title/tt2213054"" target=""_blank"">tt2213054</a>","<a href=""https://www.imdb.com/title/tt2213054"" target=""_blank"">Kai Po Che</a>"
"tt7725596","Badhaai Ho",2018,1013,7.9,39389,124,"Amit Ravindernath Sharma","Akshat Ghildial, Jyoti Kapoor, Shantanu Srivastava","Comedy, Drama","<a href=""https://www.imdb.com/title/tt7725596"" target=""_blank"">tt7725596</a>","<a href=""https://www.imdb.com/title/tt7725596"" target=""_blank"">Badhaai Ho</a>"
"tt0379557","Touching the Void",2003,1014,7.9,39177,106,"Kevin Macdonald","Joe Simpson","Adventure, Documentary, Drama","<a href=""https://www.imdb.com/title/tt0379557"" target=""_blank"">tt0379557</a>","<a href=""https://www.imdb.com/title/tt0379557"" target=""_blank"">Touching the Void</a>"
"tt1772925","Jiro Dreams of Sushi",2011,1015,7.8,39035,81,"David Gelb",NA,"Documentary","<a href=""https://www.imdb.com/title/tt1772925"" target=""_blank"">tt1772925</a>","<a href=""https://www.imdb.com/title/tt1772925"" target=""_blank"">Jiro Dreams of Sushi</a>"
"tt1684226","The Normal Heart",2014,1016,7.9,38833,132,"Ryan Murphy","Larry Kramer, Ryan Murphy","Biography, Drama, History","<a href=""https://www.imdb.com/title/tt1684226"" target=""_blank"">tt1684226</a>","<a href=""https://www.imdb.com/title/tt1684226"" target=""_blank"">The Normal Heart</a>"
"tt0069467","Cries & Whispers",1972,1017,7.9,38681,92,"Ingmar Bergman","Ingmar Bergman","Drama","<a href=""https://www.imdb.com/title/tt0069467"" target=""_blank"">tt0069467</a>","<a href=""https://www.imdb.com/title/tt0069467"" target=""_blank"">Cries & Whispers</a>"
"tt0110729","Once Were Warriors",1994,1018,7.9,38297,102,"Lee Tamahori","Riwia Brown, Alan Duff","Crime, Drama","<a href=""https://www.imdb.com/title/tt0110729"" target=""_blank"">tt0110729</a>","<a href=""https://www.imdb.com/title/tt0110729"" target=""_blank"">Once Were Warriors</a>"
"tt0078754","All That Jazz",1979,1019,7.8,38207,123,"Bob Fosse","Robert Alan Aurthur, Bob Fosse","Drama, Music, Musical","<a href=""https://www.imdb.com/title/tt0078754"" target=""_blank"">tt0078754</a>","<a href=""https://www.imdb.com/title/tt0078754"" target=""_blank"">All That Jazz</a>"
"tt0052893","Hiroshima Mon Amour",1959,1020,7.8,38091,90,"Alain Resnais","Marguerite Duras","Drama, Romance","<a href=""https://www.imdb.com/title/tt0052893"" target=""_blank"">tt0052893</a>","<a href=""https://www.imdb.com/title/tt0052893"" target=""_blank"">Hiroshima Mon Amour</a>"
"tt0042593","In a Lonely Place",1950,1021,7.9,37592,94,"Nicholas Ray","Andrew Solt, Edmund H. North, Dorothy B. Hughes","Drama, Film-Noir, Mystery","<a href=""https://www.imdb.com/title/tt0042593"" target=""_blank"">tt0042593</a>","<a href=""https://www.imdb.com/title/tt0042593"" target=""_blank"">In a Lonely Place</a>"
"tt0065571","The Conformist",1970,1022,7.9,37105,113,"Bernardo Bertolucci","Alberto Moravia, Bernardo Bertolucci","Drama","<a href=""https://www.imdb.com/title/tt0065571"" target=""_blank"">tt0065571</a>","<a href=""https://www.imdb.com/title/tt0065571"" target=""_blank"">The Conformist</a>"
"tt0056663","Vivre sa vie",1962,1023,7.8,36625,85,"Jean-Luc Godard","Marcel Sacotte, Jean-Luc Godard","Drama","<a href=""https://www.imdb.com/title/tt0056663"" target=""_blank"">tt0056663</a>","<a href=""https://www.imdb.com/title/tt0056663"" target=""_blank"">Vivre sa vie</a>"
"tt16311594","F1: The Movie",2025,1024,7.9,36529,155,"Joseph Kosinski","Ehren Kruger, Joseph Kosinski","Action, Drama, Sport","<a href=""https://www.imdb.com/title/tt16311594"" target=""_blank"">tt16311594</a>","<a href=""https://www.imdb.com/title/tt16311594"" target=""_blank"">F1: The Movie</a>"
"tt0106469","Blood In, Blood Out",1993,1025,7.9,36351,180,"Taylor Hackford","Ross Thomas, Jimmy Santiago Baca, Jeremy Iacone, Floyd Mutrux","Biography, Crime, Drama","<a href=""https://www.imdb.com/title/tt0106469"" target=""_blank"">tt0106469</a>","<a href=""https://www.imdb.com/title/tt0106469"" target=""_blank"">Blood In, Blood Out</a>"
"tt23736044","Monster",2023,1026,7.8,36252,127,"Hirokazu Koreeda","Yûji Sakamoto","Drama, Thriller","<a href=""https://www.imdb.com/title/tt23736044"" target=""_blank"">tt23736044</a>","<a href=""https://www.imdb.com/title/tt23736044"" target=""_blank"">Monster</a>"
"tt0036855","Gaslight",1944,1027,7.8,36172,114,"George Cukor","John Van Druten, Walter Reisch, John L. Balderston, Patrick Hamilton","Crime, Drama, Mystery","<a href=""https://www.imdb.com/title/tt0036855"" target=""_blank"">tt0036855</a>","<a href=""https://www.imdb.com/title/tt0036855"" target=""_blank"">Gaslight</a>"
"tt0026778","A Night at the Opera",1935,1028,7.8,35747,96,"Sam Wood, Edmund Goulding","George S. Kaufman, Morrie Ryskind, James Kevin McGuinness, Buster Keaton, Al Boasberg, Bert Kalmar, George Oppenheimer, Robert Pirosh, Harry Ruby, George Seaton, Carey Wilson","Comedy, Music, Musical","<a href=""https://www.imdb.com/title/tt0026778"" target=""_blank"">tt0026778</a>","<a href=""https://www.imdb.com/title/tt0026778"" target=""_blank"">A Night at the Opera</a>"
"tt0063227","The Lion in Winter",1968,1029,7.8,35715,134,"Anthony Harvey","James Goldman","Biography, Drama, History","<a href=""https://www.imdb.com/title/tt0063227"" target=""_blank"">tt0063227</a>","<a href=""https://www.imdb.com/title/tt0063227"" target=""_blank"">The Lion in Winter</a>"
"tt0119472","Knockin' on Heaven's Door",1997,1030,7.8,35590,87,"Thomas Jahn","Thomas Jahn, Til Schweiger","Action, Comedy, Crime","<a href=""https://www.imdb.com/title/tt0119472"" target=""_blank"">tt0119472</a>","<a href=""https://www.imdb.com/title/tt0119472"" target=""_blank"">Knockin' on Heaven's Door</a>"
"tt6878038","A Taxi Driver",2017,1031,7.9,35583,137,"Hun Jang","Yu-na Eom","Action, Drama, History","<a href=""https://www.imdb.com/title/tt6878038"" target=""_blank"">tt6878038</a>","<a href=""https://www.imdb.com/title/tt6878038"" target=""_blank"">A Taxi Driver</a>"
"tt0401085","C.R.A.Z.Y.",2005,1032,7.8,34766,129,"Jean-Marc Vallée","Jean-Marc Vallée, François Boulay","Comedy, Drama","<a href=""https://www.imdb.com/title/tt0401085"" target=""_blank"">tt0401085</a>","<a href=""https://www.imdb.com/title/tt0401085"" target=""_blank"">C.R.A.Z.Y.</a>"
"tt0291350","Millennium Actress",2001,1033,7.8,34742,87,"Satoshi Kon, Kô Matsuo","Satoshi Kon, Sadayuki Murai","Animation, Drama, Fantasy","<a href=""https://www.imdb.com/title/tt0291350"" target=""_blank"">tt0291350</a>","<a href=""https://www.imdb.com/title/tt0291350"" target=""_blank"">Millennium Actress</a>"
"tt4330758","Black Hawk Down",1997,1034,7.9,34661,57,"Chris Mills",NA,"Documentary","<a href=""https://www.imdb.com/title/tt4330758"" target=""_blank"">tt4330758</a>","<a href=""https://www.imdb.com/title/tt4330758"" target=""_blank"">Black Hawk Down</a>"
"tt0025878","The Thin Man",1934,1035,7.9,33962,91,"W.S. Van Dyke","Albert Hackett, Frances Goodrich, Dashiell Hammett","Comedy, Crime, Mystery","<a href=""https://www.imdb.com/title/tt0025878"" target=""_blank"">tt0025878</a>","<a href=""https://www.imdb.com/title/tt0025878"" target=""_blank"">The Thin Man</a>"
"tt5764096","Hindi Medium",2017,1036,7.8,33952,132,"Saket Chaudhary","Sonu Sinha, Neeraj Singh, Saket Chaudhary, Abdul Rafay Chandio, Amitosh Nagpal, Zeenat Lakhani","Comedy, Drama","<a href=""https://www.imdb.com/title/tt5764096"" target=""_blank"">tt5764096</a>","<a href=""https://www.imdb.com/title/tt5764096"" target=""_blank"">Hindi Medium</a>"
"tt0091670","The Sacrifice",1986,1037,7.9,33521,149,"Andrei Tarkovsky","Andrei Tarkovsky","Drama","<a href=""https://www.imdb.com/title/tt0091670"" target=""_blank"">tt0091670</a>","<a href=""https://www.imdb.com/title/tt0091670"" target=""_blank"">The Sacrifice</a>"
"tt1327035","Dev.D",2009,1038,7.9,33308,144,"Anurag Kashyap","Sarat Chandra Chattopadhyay, Abhay Deol, Vikramaditya Motwane, Anurag Kashyap","Comedy, Drama, Romance","<a href=""https://www.imdb.com/title/tt1327035"" target=""_blank"">tt1327035</a>","<a href=""https://www.imdb.com/title/tt1327035"" target=""_blank"">Dev.D</a>"
"tt0031885","The Rules of the Game",1939,1039,7.9,32594,110,"Jean Renoir","Jean Renoir, Carl Koch, Beaumarchais","Comedy, Drama","<a href=""https://www.imdb.com/title/tt0031885"" target=""_blank"">tt0031885</a>","<a href=""https://www.imdb.com/title/tt0031885"" target=""_blank"">The Rules of the Game</a>"
"tt0057091","The Leopard",1963,1040,7.9,32495,186,"Luchino Visconti","Giuseppe Tomasi di Lampedusa, Suso Cecchi D'Amico, Pasquale Festa Campanile, Enrico Medioli, Massimo Franciosa, Luchino Visconti","Drama, History","<a href=""https://www.imdb.com/title/tt0057091"" target=""_blank"">tt0057091</a>","<a href=""https://www.imdb.com/title/tt0057091"" target=""_blank"">The Leopard</a>"
"tt0086022","Nostalghia",1983,1041,7.9,31893,125,"Andrei Tarkovsky","Andrei Tarkovsky, Tonino Guerra","Drama","<a href=""https://www.imdb.com/title/tt0086022"" target=""_blank"">tt0086022</a>","<a href=""https://www.imdb.com/title/tt0086022"" target=""_blank"">Nostalghia</a>"
"tt0045555","The Big Heat",1953,1042,7.9,31191,89,"Fritz Lang","Sydney Boehm, William P. McGivern","Crime, Drama, Film-Noir","<a href=""https://www.imdb.com/title/tt0045555"" target=""_blank"">tt0045555</a>","<a href=""https://www.imdb.com/title/tt0045555"" target=""_blank"">The Big Heat</a>"
"tt0061809","In Cold Blood",1967,1043,7.9,30839,134,"Richard Brooks","Truman Capote, Richard Brooks","Biography, Crime, Drama","<a href=""https://www.imdb.com/title/tt0061809"" target=""_blank"">tt0061809</a>","<a href=""https://www.imdb.com/title/tt0061809"" target=""_blank"">In Cold Blood</a>"
"tt3461252","The Blue Elephant",2014,1044,8,30612,170,"Marwan Hamed","Ahmed Mourad","Crime, Drama, Horror","<a href=""https://www.imdb.com/title/tt3461252"" target=""_blank"">tt3461252</a>","<a href=""https://www.imdb.com/title/tt3461252"" target=""_blank"">The Blue Elephant</a>"
"tt24485052","Sirf Ek Bandaa Kaafi Hai",2023,1045,8,30508,132,"Apoorv Singh Karki","Deepak Kingrani","Crime, Drama, Thriller","<a href=""https://www.imdb.com/title/tt24485052"" target=""_blank"">tt24485052</a>","<a href=""https://www.imdb.com/title/tt24485052"" target=""_blank"">Sirf Ek Bandaa Kaafi Hai</a>"
"tt0065531","Le cercle rouge",1970,1046,7.9,30446,140,"Jean-Pierre Melville","Jean-Pierre Melville","Crime, Drama, Thriller","<a href=""https://www.imdb.com/title/tt0065531"" target=""_blank"">tt0065531</a>","<a href=""https://www.imdb.com/title/tt0065531"" target=""_blank"">Le cercle rouge</a>"
"tt0051378","Elevator to the Gallows",1958,1047,7.9,30381,91,"Louis Malle","Roger Nimier, Louis Malle, Noël Calef","Crime, Drama, Thriller","<a href=""https://www.imdb.com/title/tt0051378"" target=""_blank"">tt0051378</a>","<a href=""https://www.imdb.com/title/tt0051378"" target=""_blank"">Elevator to the Gallows</a>"
"tt0037913","Mildred Pierce",1945,1048,7.9,30266,111,"Michael Curtiz","Ranald MacDougall, James M. Cain, William Faulkner, Margaret Gruen, Albert Maltz, Louise Randall Pierson, Catherine Turney, Margaret Buell Wilder, Thames Williamson","Crime, Drama, Film-Noir","<a href=""https://www.imdb.com/title/tt0037913"" target=""_blank"">tt0037913</a>","<a href=""https://www.imdb.com/title/tt0037913"" target=""_blank"">Mildred Pierce</a>"
"tt0034240","Sullivan's Travels",1941,1049,7.9,29874,90,"Preston Sturges","Preston Sturges","Adventure, Comedy, Drama","<a href=""https://www.imdb.com/title/tt0034240"" target=""_blank"">tt0034240</a>","<a href=""https://www.imdb.com/title/tt0034240"" target=""_blank"">Sullivan's Travels</a>"
"tt6628102","The Wild Pear Tree",2018,1050,8,29673,188,"Nuri Bilge Ceylan","Ebru Ceylan, Nuri Bilge Ceylan, Akin Aksu","Drama","<a href=""https://www.imdb.com/title/tt6628102"" target=""_blank"">tt6628102</a>","<a href=""https://www.imdb.com/title/tt6628102"" target=""_blank"">The Wild Pear Tree</a>"
"tt0038348","Beauty and the Beast",1946,1051,7.9,29154,93,"Jean Cocteau, René Clément","Jean Cocteau, Jeanne-Marie Leprince de Beaumont","Drama, Fantasy, Romance","<a href=""https://www.imdb.com/title/tt0038348"" target=""_blank"">tt0038348</a>","<a href=""https://www.imdb.com/title/tt0038348"" target=""_blank"">Beauty and the Beast</a>"
"tt7294534","Arjun Reddy",2017,1052,7.9,28969,182,"Sandeep Reddy Vanga","Sandeep Reddy Vanga, Mandela Pedaswamy","Drama, Romance","<a href=""https://www.imdb.com/title/tt7294534"" target=""_blank"">tt7294534</a>","<a href=""https://www.imdb.com/title/tt7294534"" target=""_blank"">Arjun Reddy</a>"
"tt1935156","Jodorowsky's Dune",2013,1053,8,28849,90,"Frank Pavich",NA,"Documentary","<a href=""https://www.imdb.com/title/tt1935156"" target=""_blank"">tt1935156</a>","<a href=""https://www.imdb.com/title/tt1935156"" target=""_blank"">Jodorowsky's Dune</a>"
"tt1702014","The Way He Looks",2014,1054,7.9,28801,96,"Daniel Ribeiro","Daniel Ribeiro","Drama, Romance","<a href=""https://www.imdb.com/title/tt1702014"" target=""_blank"">tt1702014</a>","<a href=""https://www.imdb.com/title/tt1702014"" target=""_blank"">The Way He Looks</a>"
"tt0055499","Through a Glass Darkly",1961,1055,7.9,28569,90,"Ingmar Bergman","Ingmar Bergman","Drama","<a href=""https://www.imdb.com/title/tt0055499"" target=""_blank"">tt0055499</a>","<a href=""https://www.imdb.com/title/tt0055499"" target=""_blank"">Through a Glass Darkly</a>"
"tt0057358","Winter Light",1963,1056,8,28429,81,"Ingmar Bergman","Ingmar Bergman","Drama","<a href=""https://www.imdb.com/title/tt0057358"" target=""_blank"">tt0057358</a>","<a href=""https://www.imdb.com/title/tt0057358"" target=""_blank"">Winter Light</a>"
"tt0028010","My Man Godfrey",1936,1057,7.9,27664,94,"Gregory La Cava","Morrie Ryskind, Eric Hatch, Zoe Akins, Gregory La Cava, Robert Presnell Sr.","Comedy, Drama, Romance","<a href=""https://www.imdb.com/title/tt0028010"" target=""_blank"">tt0028010</a>","<a href=""https://www.imdb.com/title/tt0028010"" target=""_blank"">My Man Godfrey</a>"
"tt0055601","Viridiana",1961,1058,8,27297,91,"Luis Buñuel","Julio Alejandro, Luis Buñuel, Benito Pérez Galdós","Drama","<a href=""https://www.imdb.com/title/tt0055601"" target=""_blank"">tt0055601</a>","<a href=""https://www.imdb.com/title/tt0055601"" target=""_blank"">Viridiana</a>"
"tt0096257","The Thin Blue Line",1988,1059,7.9,27065,101,"Errol Morris","Errol Morris","Crime, Documentary","<a href=""https://www.imdb.com/title/tt0096257"" target=""_blank"">tt0096257</a>","<a href=""https://www.imdb.com/title/tt0096257"" target=""_blank"">The Thin Blue Line</a>"
"tt0860906","Evangelion: 2.0 You Can (Not) Advance",2009,1060,7.9,27052,112,"Masayuki, Kazuya Tsurumaki, Hideaki Anno","Hideaki Anno","Action, Animation, Drama","<a href=""https://www.imdb.com/title/tt0860906"" target=""_blank"">tt0860906</a>","<a href=""https://www.imdb.com/title/tt0860906"" target=""_blank"">Evangelion: 2.0 You Can (Not) Advance</a>"
"tt0038733","A Matter of Life and Death",1946,1061,8,26814,104,"Michael Powell, Emeric Pressburger","Michael Powell, Emeric Pressburger","Drama, Fantasy, Romance","<a href=""https://www.imdb.com/title/tt0038733"" target=""_blank"">tt0038733</a>","<a href=""https://www.imdb.com/title/tt0038733"" target=""_blank"">A Matter of Life and Death</a>"
"tt0058083","Fail Safe",1964,1062,8,26259,112,"Sidney Lumet","Walter Bernstein, Eugene Burdick, Harvey Wheeler, Peter George","Drama, Thriller","<a href=""https://www.imdb.com/title/tt0058083"" target=""_blank"">tt0058083</a>","<a href=""https://www.imdb.com/title/tt0058083"" target=""_blank"">Fail Safe</a>"
"tt0036244","The Ox-Bow Incident",1942,1063,8,26179,75,"William A. Wellman","Lamar Trotti, Walter Van Tilburg Clark","Drama, Western","<a href=""https://www.imdb.com/title/tt0036244"" target=""_blank"">tt0036244</a>","<a href=""https://www.imdb.com/title/tt0036244"" target=""_blank"">The Ox-Bow Incident</a>"
"tt0317910","The Fog of War",2003,1064,8,25738,107,"Errol Morris",NA,"Biography, Documentary, History","<a href=""https://www.imdb.com/title/tt0317910"" target=""_blank"">tt0317910</a>","<a href=""https://www.imdb.com/title/tt0317910"" target=""_blank"">The Fog of War</a>"
"tt0070460","Day for Night",1973,1065,8,25679,116,"François Truffaut","François Truffaut, Jean-Louis Richard, Suzanne Schiffman","Comedy, Drama, Romance","<a href=""https://www.imdb.com/title/tt0070460"" target=""_blank"">tt0070460</a>","<a href=""https://www.imdb.com/title/tt0070460"" target=""_blank"">Day for Night</a>"
"tt0054130","La Notte",1961,1066,7.9,25495,122,"Michelangelo Antonioni","Michelangelo Antonioni, Ennio Flaiano, Tonino Guerra","Drama","<a href=""https://www.imdb.com/title/tt0054130"" target=""_blank"">tt0054130</a>","<a href=""https://www.imdb.com/title/tt0054130"" target=""_blank"">La Notte</a>"
"tt0090163","Threads",1984,1067,7.9,25203,112,"Mick Jackson","Barry Hines","Drama, Sci-Fi, Thriller","<a href=""https://www.imdb.com/title/tt0090163"" target=""_blank"">tt0090163</a>","<a href=""https://www.imdb.com/title/tt0090163"" target=""_blank"">Threads</a>"
"tt0071141","Ali: Fear Eats the Soul",1974,1068,8,25164,93,"Rainer Werner Fassbinder","Rainer Werner Fassbinder","Drama, Romance","<a href=""https://www.imdb.com/title/tt0071141"" target=""_blank"">tt0071141</a>","<a href=""https://www.imdb.com/title/tt0071141"" target=""_blank"">Ali: Fear Eats the Soul</a>"
"tt2070649","Silenced",2011,1069,8,25123,125,"Hwang Dong-hyuk","Ji-young Gong, Hwang Dong-hyuk","Crime, Drama, Thriller","<a href=""https://www.imdb.com/title/tt2070649"" target=""_blank"">tt2070649</a>","<a href=""https://www.imdb.com/title/tt2070649"" target=""_blank"">Silenced</a>"
"tt1211837","Doctor Strange",2016,1070,7.5,847210,115,"Scott Derrickson","Jon Spaihts, Scott Derrickson, C. Robert Cargill, Stan Lee, Steve Ditko","Action, Adventure, Fantasy","<a href=""https://www.imdb.com/title/tt1211837"" target=""_blank"">tt1211837</a>","<a href=""https://www.imdb.com/title/tt1211837"" target=""_blank"">Doctor Strange</a>"
"tt2911666","John Wick",2014,1071,7.5,789066,101,"Chad Stahelski","Derek Kolstad","Action, Crime, Thriller","<a href=""https://www.imdb.com/title/tt2911666"" target=""_blank"">tt2911666</a>","<a href=""https://www.imdb.com/title/tt2911666"" target=""_blank"">John Wick</a>"
"tt1951264","The Hunger Games: Catching Fire",2013,1072,7.5,751135,146,"Francis Lawrence","Simon Beaufoy, Michael Arndt, Suzanne Collins","Action, Adventure, Sci-Fi","<a href=""https://www.imdb.com/title/tt1951264"" target=""_blank"">tt1951264</a>","<a href=""https://www.imdb.com/title/tt1951264"" target=""_blank"">The Hunger Games: Catching Fire</a>"
"tt0316654","Spider-Man 2",2004,1073,7.5,750539,127,"Sam Raimi","Stan Lee, Steve Ditko, Alfred Gough, Miles Millar, Michael Chabon, Alvin Sargent","Action, Adventure, Sci-Fi","<a href=""https://www.imdb.com/title/tt0316654"" target=""_blank"">tt0316654</a>","<a href=""https://www.imdb.com/title/tt0316654"" target=""_blank"">Spider-Man 2</a>"
"tt0988045","Sherlock Holmes",2009,1074,7.5,692277,128,"Guy Ritchie","Michael Robert Johnson, Anthony Peckham, Simon Kinberg, Lionel Wigram, Arthur Conan Doyle","Action, Adventure, Mystery","<a href=""https://www.imdb.com/title/tt0988045"" target=""_blank"">tt0988045</a>","<a href=""https://www.imdb.com/title/tt0988045"" target=""_blank"">Sherlock Holmes</a>"
"tt0373889","Harry Potter and the Order of the Phoenix",2007,1075,7.5,669889,138,"David Yates","Michael Goldenberg, J.K. Rowling","Action, Adventure, Family","<a href=""https://www.imdb.com/title/tt0373889"" target=""_blank"">tt0373889</a>","<a href=""https://www.imdb.com/title/tt0373889"" target=""_blank"">Harry Potter and the Order of the Phoenix</a>"
"tt3890160","Baby Driver",2017,1076,7.5,655085,113,"Edgar Wright","Edgar Wright","Action, Crime, Drama","<a href=""https://www.imdb.com/title/tt3890160"" target=""_blank"">tt3890160</a>","<a href=""https://www.imdb.com/title/tt3890160"" target=""_blank"">Baby Driver</a>"
"tt1156398","Zombieland",2009,1077,7.5,647891,88,"Ruben Fleischer","Rhett Reese, Paul Wernick","Action, Comedy, Horror","<a href=""https://www.imdb.com/title/tt1156398"" target=""_blank"">tt1156398</a>","<a href=""https://www.imdb.com/title/tt1156398"" target=""_blank"">Zombieland</a>"
"tt6644200","A Quiet Place",2018,1078,7.5,632504,90,"John Krasinski","Bryan Woods, Scott Beck, John Krasinski","Drama, Horror, Sci-Fi","<a href=""https://www.imdb.com/title/tt6644200"" target=""_blank"">tt6644200</a>","<a href=""https://www.imdb.com/title/tt6644200"" target=""_blank"">A Quiet Place</a>"
"tt1457767","The Conjuring",2013,1079,7.5,587684,112,"James Wan","Chad Hayes, Carey W. Hayes","Horror, Mystery, Thriller","<a href=""https://www.imdb.com/title/tt1457767"" target=""_blank"">tt1457767</a>","<a href=""https://www.imdb.com/title/tt1457767"" target=""_blank"">The Conjuring</a>"
"tt0945513","Source Code",2011,1080,7.5,569428,93,"Duncan Jones","Ben Ripley","Action, Drama, Mystery","<a href=""https://www.imdb.com/title/tt0945513"" target=""_blank"">tt0945513</a>","<a href=""https://www.imdb.com/title/tt0945513"" target=""_blank"">Source Code</a>"
"tt0314331","Love Actually",2003,1081,7.5,559958,135,"Richard Curtis","Richard Curtis","Comedy, Drama, Romance","<a href=""https://www.imdb.com/title/tt0314331"" target=""_blank"">tt0314331</a>","<a href=""https://www.imdb.com/title/tt0314331"" target=""_blank"">Love Actually</a>"
"tt0087469","Indiana Jones and the Temple of Doom",1984,1082,7.5,554247,118,"Steven Spielberg","Willard Huyck, Gloria Katz, George Lucas","Action, Adventure","<a href=""https://www.imdb.com/title/tt0087469"" target=""_blank"">tt0087469</a>","<a href=""https://www.imdb.com/title/tt0087469"" target=""_blank"">Indiana Jones and the Temple of Doom</a>"
"tt0268380","Ice Age",2002,1083,7.5,545576,81,"Chris Wedge, Carlos Saldanha","Michael J. Wilson, Michael Berg, Peter Ackerman, James Bresnahan, Doug Compton, Jeff Siergey, Michael Thurmeier, Galen T. Chu, Xeth Feinberg","Adventure, Animation, Comedy","<a href=""https://www.imdb.com/title/tt0268380"" target=""_blank"">tt0268380</a>","<a href=""https://www.imdb.com/title/tt0268380"" target=""_blank"">Ice Age</a>"
"tt1630029","Avatar: The Way of Water",2022,1084,7.5,537621,192,"James Cameron","James Cameron, Rick Jaffa, Amanda Silver, Josh Friedman, Shane Salerno","Action, Adventure, Fantasy","<a href=""https://www.imdb.com/title/tt1630029"" target=""_blank"">tt1630029</a>","<a href=""https://www.imdb.com/title/tt1630029"" target=""_blank"">Avatar: The Way of Water</a>"
"tt6263850","Deadpool & Wolverine",2024,1085,7.5,508368,128,"Shawn Levy","Ryan Reynolds, Rhett Reese, Paul Wernick, Zeb Wells, Shawn Levy, Rob Liefeld, Fabian Nicieza, Len Wein, John Romita Sr., Herb Trimpe, Roy Thomas, Joe Simon, Jack Kirby, Frank Miller","Action, Adventure, Comedy","<a href=""https://www.imdb.com/title/tt6263850"" target=""_blank"">tt6263850</a>","<a href=""https://www.imdb.com/title/tt6263850"" target=""_blank"">Deadpool & Wolverine</a>"
"tt0099088","Back to the Future Part III",1990,1086,7.5,502632,118,"Robert Zemeckis","Robert Zemeckis, Bob Gale","Adventure, Comedy, Sci-Fi","<a href=""https://www.imdb.com/title/tt0099088"" target=""_blank"">tt0099088</a>","<a href=""https://www.imdb.com/title/tt0099088"" target=""_blank"">Back to the Future Part III</a>"
"tt0289043","28 Days Later",2002,1087,7.5,496133,113,"Danny Boyle","Alex Garland","Drama, Horror, Sci-Fi","<a href=""https://www.imdb.com/title/tt0289043"" target=""_blank"">tt0289043</a>","<a href=""https://www.imdb.com/title/tt0289043"" target=""_blank"">28 Days Later</a>"
"tt0217505","Gangs of New York",2002,1088,7.5,490233,167,"Martin Scorsese","Jay Cocks, Steven Zaillian, Kenneth Lonergan","Crime, Drama","<a href=""https://www.imdb.com/title/tt0217505"" target=""_blank"">tt0217505</a>","<a href=""https://www.imdb.com/title/tt0217505"" target=""_blank"">Gangs of New York</a>"
"tt0887912","The Hurt Locker",2008,1089,7.5,485909,131,"Kathryn Bigelow","Mark Boal","Drama, Thriller, War","<a href=""https://www.imdb.com/title/tt0887912"" target=""_blank"">tt0887912</a>","<a href=""https://www.imdb.com/title/tt0887912"" target=""_blank"">The Hurt Locker</a>"
"tt0446029","Scott Pilgrim vs. the World",2010,1090,7.5,483594,112,"Edgar Wright","Michael Bacall, Edgar Wright, Bryan Lee O'Malley","Action, Comedy, Fantasy","<a href=""https://www.imdb.com/title/tt0446029"" target=""_blank"">tt0446029</a>","<a href=""https://www.imdb.com/title/tt0446029"" target=""_blank"">Scott Pilgrim vs. the World</a>"
"tt0369339","Collateral",2004,1091,7.5,452181,120,"Michael Mann","Stuart Beattie","Action, Crime, Drama","<a href=""https://www.imdb.com/title/tt0369339"" target=""_blank"">tt0369339</a>","<a href=""https://www.imdb.com/title/tt0369339"" target=""_blank"">Collateral</a>"
"tt0840361","The Town",2010,1092,7.5,433578,125,"Ben Affleck","Peter Craig, Ben Affleck, Aaron Stockard, Chuck Hogan","Crime, Drama, Thriller","<a href=""https://www.imdb.com/title/tt0840361"" target=""_blank"">tt0840361</a>","<a href=""https://www.imdb.com/title/tt0840361"" target=""_blank"">The Town</a>"
"tt0118971","The Devil's Advocate",1997,1093,7.5,426015,144,"Taylor Hackford","Andrew Neiderman, Jonathan Lemkin, Tony Gilroy","Drama, Fantasy, Mystery","<a href=""https://www.imdb.com/title/tt0118971"" target=""_blank"">tt0118971</a>","<a href=""https://www.imdb.com/title/tt0118971"" target=""_blank"">The Devil's Advocate</a>"
"tt0096895","Batman",1989,1094,7.5,421046,126,"Tim Burton","Bob Kane, Sam Hamm, Warren Skaaren","Action, Adventure","<a href=""https://www.imdb.com/title/tt0096895"" target=""_blank"">tt0096895</a>","<a href=""https://www.imdb.com/title/tt0096895"" target=""_blank"">Batman</a>"
"tt1542344","127 Hours",2010,1095,7.5,415492,94,"Danny Boyle","Danny Boyle, Simon Beaufoy, Aron Ralston","Biography, Drama","<a href=""https://www.imdb.com/title/tt1542344"" target=""_blank"">tt1542344</a>","<a href=""https://www.imdb.com/title/tt1542344"" target=""_blank"">127 Hours</a>"
"tt0094721","Beetlejuice",1988,1096,7.5,405009,92,"Tim Burton","Michael McDowell, Larry Wilson, Warren Skaaren","Comedy, Fantasy","<a href=""https://www.imdb.com/title/tt0094721"" target=""_blank"">tt0094721</a>","<a href=""https://www.imdb.com/title/tt0094721"" target=""_blank"">Beetlejuice</a>"
"tt0120663","Eyes Wide Shut",1999,1097,7.5,402217,159,"Stanley Kubrick","Stanley Kubrick, Frederic Raphael, Arthur Schnitzler","Drama, Mystery, Thriller","<a href=""https://www.imdb.com/title/tt0120663"" target=""_blank"">tt0120663</a>","<a href=""https://www.imdb.com/title/tt0120663"" target=""_blank"">Eyes Wide Shut</a>"
"tt0443543","The Illusionist",2006,1098,7.5,398155,110,"Neil Burger","Neil Burger, Steven Millhauser","Drama, Fantasy, Mystery","<a href=""https://www.imdb.com/title/tt0443543"" target=""_blank"">tt0443543</a>","<a href=""https://www.imdb.com/title/tt0443543"" target=""_blank"">The Illusionist</a>"
"tt0338751","The Aviator",2004,1099,7.5,396448,170,"Martin Scorsese","John Logan","Biography, Drama","<a href=""https://www.imdb.com/title/tt0338751"" target=""_blank"">tt0338751</a>","<a href=""https://www.imdb.com/title/tt0338751"" target=""_blank"">The Aviator</a>"
"tt0119396","Jackie Brown",1997,1100,7.5,391422,154,"Quentin Tarantino","Quentin Tarantino, Elmore Leonard","Crime, Drama, Thriller","<a href=""https://www.imdb.com/title/tt0119396"" target=""_blank"">tt0119396</a>","<a href=""https://www.imdb.com/title/tt0119396"" target=""_blank"">Jackie Brown</a>"
"tt0100802","Total Recall",1990,1101,7.5,370437,113,"Paul Verhoeven","Philip K. Dick, Ronald Shusett, Dan O'Bannon, Jon Povill, Gary Goldman","Action, Adventure, Sci-Fi","<a href=""https://www.imdb.com/title/tt0100802"" target=""_blank"">tt0100802</a>","<a href=""https://www.imdb.com/title/tt0100802"" target=""_blank"">Total Recall</a>"
"tt0110148","Interview with the Vampire",1994,1102,7.5,364451,123,"Neil Jordan","Anne Rice","Drama, Fantasy, Horror","<a href=""https://www.imdb.com/title/tt0110148"" target=""_blank"">tt0110148</a>","<a href=""https://www.imdb.com/title/tt0110148"" target=""_blank"">Interview with the Vampire</a>"
"tt1707386","Les Misérables",2012,1103,7.5,355601,158,"Tom Hooper","William Nicholson, Alain Boublil, Claude-Michel Schönberg, Herbert Kretzmer, Victor Hugo","Drama, Musical, Romance","<a href=""https://www.imdb.com/title/tt1707386"" target=""_blank"">tt1707386</a>","<a href=""https://www.imdb.com/title/tt1707386"" target=""_blank"">Les Misérables</a>"
"tt3606756","Incredibles 2",2018,1104,7.5,353243,118,"Brad Bird","Brad Bird","Action, Adventure, Animation","<a href=""https://www.imdb.com/title/tt3606756"" target=""_blank"">tt3606756</a>","<a href=""https://www.imdb.com/title/tt3606756"" target=""_blank"">Incredibles 2</a>"
"tt0970179","Hugo",2011,1105,7.5,343948,126,"Martin Scorsese","John Logan, Brian Selznick","Adventure, Drama, Family","<a href=""https://www.imdb.com/title/tt0970179"" target=""_blank"">tt0970179</a>","<a href=""https://www.imdb.com/title/tt0970179"" target=""_blank"">Hugo</a>"
"tt1485796","The Greatest Showman",2017,1106,7.5,332590,105,"Michael Gracey","Jenny Bicks, Bill Condon","Biography, Drama, Musical","<a href=""https://www.imdb.com/title/tt1485796"" target=""_blank"">tt1485796</a>","<a href=""https://www.imdb.com/title/tt1485796"" target=""_blank"">The Greatest Showman</a>"
"tt0449467","Babel",2006,1107,7.5,324407,143,"Alejandro G. Iñárritu","Guillermo Arriaga, Alejandro G. Iñárritu","Drama","<a href=""https://www.imdb.com/title/tt0449467"" target=""_blank"">tt0449467</a>","<a href=""https://www.imdb.com/title/tt0449467"" target=""_blank"">Babel</a>"
"tt1091191","Lone Survivor",2013,1108,7.5,316700,121,"Peter Berg","Peter Berg, Marcus Luttrell, Patrick Robinson","Action, Biography, Drama","<a href=""https://www.imdb.com/title/tt1091191"" target=""_blank"">tt1091191</a>","<a href=""https://www.imdb.com/title/tt1091191"" target=""_blank"">Lone Survivor</a>"
"tt0120669","Fear and Loathing in Las Vegas",1998,1109,7.5,311367,118,"Terry Gilliam","Hunter S. Thompson, Terry Gilliam, Tony Grisoni, Tod Davies, Alex Cox","Adventure, Comedy, Drama","<a href=""https://www.imdb.com/title/tt0120669"" target=""_blank"">tt0120669</a>","<a href=""https://www.imdb.com/title/tt0120669"" target=""_blank"">Fear and Loathing in Las Vegas</a>"
"tt0118884","Contact",1997,1110,7.5,304489,150,"Robert Zemeckis","James V. Hart, Michael Goldenberg, Carl Sagan, Ann Druyan","Drama, Mystery, Sci-Fi","<a href=""https://www.imdb.com/title/tt0118884"" target=""_blank"">tt0118884</a>","<a href=""https://www.imdb.com/title/tt0118884"" target=""_blank"">Contact</a>"
"tt7349662","BlacKkKlansman",2018,1111,7.5,303568,135,"Spike Lee","Charlie Wachtel, David Rabinowitz, Kevin Willmott, Spike Lee, Ron Stallworth","Biography, Comedy, Crime","<a href=""https://www.imdb.com/title/tt7349662"" target=""_blank"">tt7349662</a>","<a href=""https://www.imdb.com/title/tt7349662"" target=""_blank"">BlacKkKlansman</a>"
"tt12037194","Furiosa: A Mad Max Saga",2024,1112,7.5,292159,148,"George Miller","George Miller, Nick Lathouris","Action, Adventure, Sci-Fi","<a href=""https://www.imdb.com/title/tt12037194"" target=""_blank"">tt12037194</a>","<a href=""https://www.imdb.com/title/tt12037194"" target=""_blank"">Furiosa: A Mad Max Saga</a>"
"tt0215750","Enemy at the Gates",2001,1113,7.5,286953,131,"Jean-Jacques Annaud","Jean-Jacques Annaud, Alain Godard","Action, Drama, War","<a href=""https://www.imdb.com/title/tt0215750"" target=""_blank"">tt0215750</a>","<a href=""https://www.imdb.com/title/tt0215750"" target=""_blank"">Enemy at the Gates</a>"
"tt0221027","Blow",2001,1114,7.5,282602,124,"Ted Demme","Bruce Porter, David McKenna, Nick Cassavetes","Biography, Crime, Drama","<a href=""https://www.imdb.com/title/tt0221027"" target=""_blank"">tt0221027</a>","<a href=""https://www.imdb.com/title/tt0221027"" target=""_blank"">Blow</a>"
"tt0396171","Perfume: The Story of a Murderer",2006,1115,7.5,273717,147,"Tom Tykwer","Andrew Birkin, Bernd Eichinger, Tom Tykwer, Patrick Süskind","Crime, Drama, Fantasy","<a href=""https://www.imdb.com/title/tt0396171"" target=""_blank"">tt0396171</a>","<a href=""https://www.imdb.com/title/tt0396171"" target=""_blank"">Perfume: The Story of a Murderer</a>"
"tt1649419","The Impossible",2012,1116,7.5,256767,114,"J.A. Bayona","Sergio G. Sánchez, María Belón","Drama, History, Thriller","<a href=""https://www.imdb.com/title/tt1649419"" target=""_blank"">tt1649419</a>","<a href=""https://www.imdb.com/title/tt1649419"" target=""_blank"">The Impossible</a>"
"tt5580036","I, Tonya",2017,1117,7.5,254330,119,"Craig Gillespie","Steven Rogers","Biography, Comedy, Drama","<a href=""https://www.imdb.com/title/tt5580036"" target=""_blank"">tt5580036</a>","<a href=""https://www.imdb.com/title/tt5580036"" target=""_blank"">I, Tonya</a>"
"tt5083738","The Favourite",2018,1118,7.5,248688,119,"Yorgos Lanthimos","Deborah Davis, Tony McNamara","Biography, Comedy, Drama","<a href=""https://www.imdb.com/title/tt5083738"" target=""_blank"">tt5083738</a>","<a href=""https://www.imdb.com/title/tt5083738"" target=""_blank"">The Favourite</a>"
"tt0408306","Munich",2005,1119,7.5,247887,164,"Steven Spielberg","Tony Kushner, Eric Roth, George Jonas","Drama, History, Thriller","<a href=""https://www.imdb.com/title/tt0408306"" target=""_blank"">tt0408306</a>","<a href=""https://www.imdb.com/title/tt0408306"" target=""_blank"">Munich</a>"
"tt0311113","Master and Commander: The Far Side of the World",2003,1120,7.5,247650,138,"Peter Weir","Patrick O'Brian, Peter Weir, John Collee","Action, Adventure, Drama","<a href=""https://www.imdb.com/title/tt0311113"" target=""_blank"">tt0311113</a>","<a href=""https://www.imdb.com/title/tt0311113"" target=""_blank"">Master and Commander: The Far Side of the World</a>"
"tt0117665","Sleepers",1996,1121,7.5,245896,147,"Barry Levinson","Lorenzo Carcaterra, Barry Levinson","Crime, Drama, Thriller","<a href=""https://www.imdb.com/title/tt0117665"" target=""_blank"">tt0117665</a>","<a href=""https://www.imdb.com/title/tt0117665"" target=""_blank"">Sleepers</a>"
"tt0373469","Kiss Kiss Bang Bang",2005,1122,7.5,244707,103,"Shane Black","Brett Halliday, Shane Black","Comedy, Crime, Mystery","<a href=""https://www.imdb.com/title/tt0373469"" target=""_blank"">tt0373469</a>","<a href=""https://www.imdb.com/title/tt0373469"" target=""_blank"">Kiss Kiss Bang Bang</a>"
"tt0420223","Stranger Than Fiction",2006,1123,7.5,241422,113,"Marc Forster","Zach Helm","Comedy, Drama, Fantasy","<a href=""https://www.imdb.com/title/tt0420223"" target=""_blank"">tt0420223</a>","<a href=""https://www.imdb.com/title/tt0420223"" target=""_blank"">Stranger Than Fiction</a>"
"tt0195685","Erin Brockovich",2000,1124,7.5,235544,131,"Steven Soderbergh","Susannah Grant","Biography, Drama","<a href=""https://www.imdb.com/title/tt0195685"" target=""_blank"">tt0195685</a>","<a href=""https://www.imdb.com/title/tt0195685"" target=""_blank"">Erin Brockovich</a>"
"tt0097958","National Lampoon's Christmas Vacation",1989,1125,7.5,235327,97,"Jeremiah S. Chechik","John Hughes","Comedy","<a href=""https://www.imdb.com/title/tt0097958"" target=""_blank"">tt0097958</a>","<a href=""https://www.imdb.com/title/tt0097958"" target=""_blank"">National Lampoon's Christmas Vacation</a>"
"tt0427944","Thank You for Smoking",2005,1126,7.5,232979,92,"Jason Reitman","Jason Reitman, Christopher Buckley","Comedy, Drama","<a href=""https://www.imdb.com/title/tt0427944"" target=""_blank"">tt0427944</a>","<a href=""https://www.imdb.com/title/tt0427944"" target=""_blank"">Thank You for Smoking</a>"
"tt9620292","Promising Young Woman",2020,1127,7.5,226130,113,"Emerald Fennell","Emerald Fennell","Crime, Drama, Mystery","<a href=""https://www.imdb.com/title/tt9620292"" target=""_blank"">tt9620292</a>","<a href=""https://www.imdb.com/title/tt9620292"" target=""_blank"">Promising Young Woman</a>"
"tt0181865","Traffic",2000,1128,7.5,225741,147,"Steven Soderbergh","Simon Moore, Stephen Gaghan","Crime, Drama, Thriller","<a href=""https://www.imdb.com/title/tt0181865"" target=""_blank"">tt0181865</a>","<a href=""https://www.imdb.com/title/tt0181865"" target=""_blank"">Traffic</a>"
"tt6499752","Upgrade",2018,1129,7.5,224179,100,"Leigh Whannell","Leigh Whannell","Action, Sci-Fi, Thriller","<a href=""https://www.imdb.com/title/tt6499752"" target=""_blank"">tt6499752</a>","<a href=""https://www.imdb.com/title/tt6499752"" target=""_blank"">Upgrade</a>"
"tt0099810","The Hunt for Red October",1990,1130,7.5,223712,135,"John McTiernan","Tom Clancy, Larry Ferguson, Donald E. Stewart, David Shaber","Action, Adventure, Thriller","<a href=""https://www.imdb.com/title/tt0099810"" target=""_blank"">tt0099810</a>","<a href=""https://www.imdb.com/title/tt0099810"" target=""_blank"">The Hunt for Red October</a>"
"tt0109506","The Crow",1994,1131,7.5,223657,102,"Alex Proyas","James O'Barr, David J. Schow, John Shirley","Action, Crime, Drama","<a href=""https://www.imdb.com/title/tt0109506"" target=""_blank"">tt0109506</a>","<a href=""https://www.imdb.com/title/tt0109506"" target=""_blank"">The Crow</a>"
"tt22022452","Inside Out 2",2024,1132,7.5,223020,96,"Kelsey Mann","Meg LeFauve, Dave Holstein, Kelsey Mann","Adventure, Animation, Comedy","<a href=""https://www.imdb.com/title/tt22022452"" target=""_blank"">tt22022452</a>","<a href=""https://www.imdb.com/title/tt22022452"" target=""_blank"">Inside Out 2</a>"
"tt0375063","Sideways",2004,1133,7.5,211700,127,"Alexander Payne","Rex Pickett, Alexander Payne, Jim Taylor","Comedy, Drama, Romance","<a href=""https://www.imdb.com/title/tt0375063"" target=""_blank"">tt0375063</a>","<a href=""https://www.imdb.com/title/tt0375063"" target=""_blank"">Sideways</a>"
"tt28607951","Anora",2024,1134,7.5,205577,139,"Sean Baker","Sean Baker","Comedy, Drama, Romance","<a href=""https://www.imdb.com/title/tt28607951"" target=""_blank"">tt28607951</a>","<a href=""https://www.imdb.com/title/tt28607951"" target=""_blank"">Anora</a>"
"tt0096754","The Abyss",1989,1135,7.5,202571,140,"James Cameron","James Cameron","Adventure, Drama, Mystery","<a href=""https://www.imdb.com/title/tt0096754"" target=""_blank"">tt0096754</a>","<a href=""https://www.imdb.com/title/tt0096754"" target=""_blank"">The Abyss</a>"
"tt1465522","Tucker and Dale vs Evil",2010,1136,7.5,202379,89,"Eli Craig","Eli Craig, Morgan Jurgenson","Comedy, Horror","<a href=""https://www.imdb.com/title/tt1465522"" target=""_blank"">tt1465522</a>","<a href=""https://www.imdb.com/title/tt1465522"" target=""_blank"">Tucker and Dale vs Evil</a>"
"tt0266308","Battle Royale",2000,1137,7.5,201684,114,"Kinji Fukasaku","Koushun Takami, Kenta Fukasaku","Adventure, Drama, Thriller","<a href=""https://www.imdb.com/title/tt0266308"" target=""_blank"">tt0266308</a>","<a href=""https://www.imdb.com/title/tt0266308"" target=""_blank"">Battle Royale</a>"
"tt0054698","Breakfast at Tiffany's",1961,1138,7.5,199417,115,"Blake Edwards","Truman Capote, George Axelrod","Comedy, Drama, Romance","<a href=""https://www.imdb.com/title/tt0054698"" target=""_blank"">tt0054698</a>","<a href=""https://www.imdb.com/title/tt0054698"" target=""_blank"">Breakfast at Tiffany's</a>"
"tt0443680","The Assassination of Jesse James by the Coward Robert Ford",2007,1139,7.5,198752,160,"Andrew Dominik","Andrew Dominik, Ron Hansen","Biography, Crime, Drama","<a href=""https://www.imdb.com/title/tt0443680"" target=""_blank"">tt0443680</a>","<a href=""https://www.imdb.com/title/tt0443680"" target=""_blank"">The Assassination of Jesse James by the Coward Robert Ford</a>"
"tt7405458","A Man Called Otto",2022,1140,7.5,194696,126,"Marc Forster","Fredrik Backman, Hannes Holm, David Magee","Comedy, Drama","<a href=""https://www.imdb.com/title/tt7405458"" target=""_blank"">tt7405458</a>","<a href=""https://www.imdb.com/title/tt7405458"" target=""_blank"">A Man Called Otto</a>"
"tt0462322","Grindhouse",2007,1141,7.5,194439,191,"Robert Rodriguez, Eli Roth, Quentin Tarantino, Edgar Wright, Rob Zombie","Robert Rodriguez, Rob Zombie, Edgar Wright, Jeff Rendell, Eli Roth, Quentin Tarantino, Rob Cotterill, Jason Eisener, John Davies","Horror, Thriller","<a href=""https://www.imdb.com/title/tt0462322"" target=""_blank"">tt0462322</a>","<a href=""https://www.imdb.com/title/tt0462322"" target=""_blank"">Grindhouse</a>"
"tt0110322","Legends of the Fall",1994,1142,7.5,192414,133,"Edward Zwick","Susan Shilliday, William D. Wittliff, Jim Harrison","Drama, Romance, War","<a href=""https://www.imdb.com/title/tt0110322"" target=""_blank"">tt0110322</a>","<a href=""https://www.imdb.com/title/tt0110322"" target=""_blank"">Legends of the Fall</a>"
"tt4873118","The Covenant",2023,1143,7.5,192069,123,"Guy Ritchie","Guy Ritchie, Ivan Atkinson, Marn Davies","Action, Drama, Thriller","<a href=""https://www.imdb.com/title/tt4873118"" target=""_blank"">tt4873118</a>","<a href=""https://www.imdb.com/title/tt4873118"" target=""_blank"">The Covenant</a>"
"tt0117913","A Time to Kill",1996,1144,7.5,191213,149,"Joel Schumacher","John Grisham, Akiva Goldsman","Crime, Drama, Thriller","<a href=""https://www.imdb.com/title/tt0117913"" target=""_blank"">tt0117913</a>","<a href=""https://www.imdb.com/title/tt0117913"" target=""_blank"">A Time to Kill</a>"
"tt1013753","Milk",2008,1145,7.5,183279,128,"Gus Van Sant","Dustin Lance Black","Biography, Drama, History","<a href=""https://www.imdb.com/title/tt1013753"" target=""_blank"">tt1013753</a>","<a href=""https://www.imdb.com/title/tt1013753"" target=""_blank"">Milk</a>"
"tt0086465","Trading Places",1983,1146,7.5,175043,116,"John Landis","Timothy Harris, Herschel Weingrod","Comedy","<a href=""https://www.imdb.com/title/tt0086465"" target=""_blank"">tt0086465</a>","<a href=""https://www.imdb.com/title/tt0086465"" target=""_blank"">Trading Places</a>"
"tt2140373","Saving Mr. Banks",2013,1147,7.5,173273,125,"John Lee Hancock","Kelly Marcel, Sue Smith","Biography, Comedy, Drama","<a href=""https://www.imdb.com/title/tt2140373"" target=""_blank"">tt2140373</a>","<a href=""https://www.imdb.com/title/tt2140373"" target=""_blank"">Saving Mr. Banks</a>"
"tt0032910","Pinocchio",1940,1148,7.5,167380,88,"Norman Ferguson, T. Hee, Wilfred Jackson, Jack Kinney, Hamilton Luske, Bill Roberts, Ben Sharpsteen","Carlo Collodi, Ted Sears, Otto Englander, Webb Smith, William Cottrell, Joseph Sabo, Erdman Penner, Aurelius Battaglia, Bill Peet, Frank Tashlin","Adventure, Animation, Comedy","<a href=""https://www.imdb.com/title/tt0032910"" target=""_blank"">tt0032910</a>","<a href=""https://www.imdb.com/title/tt0032910"" target=""_blank"">Pinocchio</a>"
"tt0116922","Lost Highway",1997,1149,7.6,164047,134,"David Lynch","David Lynch, Barry Gifford","Drama, Mystery, Thriller","<a href=""https://www.imdb.com/title/tt0116922"" target=""_blank"">tt0116922</a>","<a href=""https://www.imdb.com/title/tt0116922"" target=""_blank"">Lost Highway</a>"
"tt0095159","A Fish Called Wanda",1988,1150,7.5,160628,108,"Charles Crichton, John Cleese","John Cleese, Charles Crichton","Comedy, Crime","<a href=""https://www.imdb.com/title/tt0095159"" target=""_blank"">tt0095159</a>","<a href=""https://www.imdb.com/title/tt0095159"" target=""_blank"">A Fish Called Wanda</a>"
"tt0277027","I Am Sam",2001,1151,7.6,158786,132,"Jessie Nelson","Kristine Johnson, Jessie Nelson","Drama","<a href=""https://www.imdb.com/title/tt0277027"" target=""_blank"">tt0277027</a>","<a href=""https://www.imdb.com/title/tt0277027"" target=""_blank"">I Am Sam</a>"
"tt0079116","Escape from Alcatraz",1979,1152,7.5,157785,112,"Don Siegel","J. Campbell Bruce, Richard Tuggle","Biography, Crime, Drama","<a href=""https://www.imdb.com/title/tt0079116"" target=""_blank"">tt0079116</a>","<a href=""https://www.imdb.com/title/tt0079116"" target=""_blank"">Escape from Alcatraz</a>"
"tt2381111","Brooklyn",2015,1153,7.5,155816,117,"John Crowley","Nick Hornby, Colm Tóibín","Drama, Romance","<a href=""https://www.imdb.com/title/tt2381111"" target=""_blank"">tt2381111</a>","<a href=""https://www.imdb.com/title/tt2381111"" target=""_blank"">Brooklyn</a>"
"tt0312004","Wallace & Gromit: The Curse of the Were-Rabbit",2005,1154,7.5,153952,85,"Steve Box, Nick Park","Steve Box, Nick Park, Mark Burton, Bob Baker","Adventure, Animation, Comedy","<a href=""https://www.imdb.com/title/tt0312004"" target=""_blank"">tt0312004</a>","<a href=""https://www.imdb.com/title/tt0312004"" target=""_blank"">Wallace & Gromit: The Curse of the Were-Rabbit</a>"
"tt4481414","Gifted",2017,1155,7.6,152519,101,"Marc Webb","Tom Flynn","Drama","<a href=""https://www.imdb.com/title/tt4481414"" target=""_blank"">tt4481414</a>","<a href=""https://www.imdb.com/title/tt4481414"" target=""_blank"">Gifted</a>"
"tt0104952","My Cousin Vinny",1992,1156,7.6,151034,120,"Jonathan Lynn","Dale Launer","Comedy, Crime","<a href=""https://www.imdb.com/title/tt0104952"" target=""_blank"">tt0104952</a>","<a href=""https://www.imdb.com/title/tt0104952"" target=""_blank"">My Cousin Vinny</a>"
"tt9620288","King Richard",2021,1157,7.5,147804,144,"Reinaldo Marcus Green","Zach Baylin","Biography, Drama, Sport","<a href=""https://www.imdb.com/title/tt9620288"" target=""_blank"">tt9620288</a>","<a href=""https://www.imdb.com/title/tt9620288"" target=""_blank"">King Richard</a>"
"tt3316960","Still Alice",2014,1158,7.5,147782,101,"Richard Glatzer, Wash Westmoreland","Richard Glatzer, Wash Westmoreland, Lisa Genova","Drama","<a href=""https://www.imdb.com/title/tt3316960"" target=""_blank"">tt3316960</a>","<a href=""https://www.imdb.com/title/tt3316960"" target=""_blank"">Still Alice</a>"
"tt5462602","The Big Sick",2017,1159,7.5,147572,120,"Michael Showalter","Emily V. Gordon, Kumail Nanjiani","Comedy, Drama, Romance","<a href=""https://www.imdb.com/title/tt5462602"" target=""_blank"">tt5462602</a>","<a href=""https://www.imdb.com/title/tt5462602"" target=""_blank"">The Big Sick</a>"
"tt0816442","The Book Thief",2013,1160,7.5,145531,131,"Brian Percival","Markus Zusak, Michael Petroni","Drama, War","<a href=""https://www.imdb.com/title/tt0816442"" target=""_blank"">tt0816442</a>","<a href=""https://www.imdb.com/title/tt0816442"" target=""_blank"">The Book Thief</a>"
"tt0070608","Robin Hood",1973,1161,7.5,145370,83,"Wolfgang Reitherman, David Hand","Larry Clemmons, Ken Anderson, Vance Gerry, Frank Thomas, Eric Cleworth, Julius Svendsen, Dave Michener","Adventure, Animation, Comedy","<a href=""https://www.imdb.com/title/tt0070608"" target=""_blank"">tt0070608</a>","<a href=""https://www.imdb.com/title/tt0070608"" target=""_blank"">Robin Hood</a>"
"tt0274558","The Hours",2002,1162,7.5,144617,110,"Stephen Daldry","Michael Cunningham, David Hare","Drama, Romance","<a href=""https://www.imdb.com/title/tt0274558"" target=""_blank"">tt0274558</a>","<a href=""https://www.imdb.com/title/tt0274558"" target=""_blank"">The Hours</a>"
"tt8404614","The Two Popes",2019,1163,7.6,142863,125,"Fernando Meirelles","Anthony McCarten","Biography, Comedy, Drama","<a href=""https://www.imdb.com/title/tt8404614"" target=""_blank"">tt8404614</a>","<a href=""https://www.imdb.com/title/tt8404614"" target=""_blank"">The Two Popes</a>"
"tt0918927","Doubt",2008,1164,7.5,142491,104,"John Patrick Shanley","John Patrick Shanley","Drama, Mystery","<a href=""https://www.imdb.com/title/tt0918927"" target=""_blank"">tt0918927</a>","<a href=""https://www.imdb.com/title/tt0918927"" target=""_blank"">Doubt</a>"
"tt0075005","The Omen",1976,1165,7.5,141734,111,"Richard Donner","David Seltzer, Harvey Bernhard","Horror, Mystery","<a href=""https://www.imdb.com/title/tt0075005"" target=""_blank"">tt0075005</a>","<a href=""https://www.imdb.com/title/tt0075005"" target=""_blank"">The Omen</a>"
"tt0113627","Leaving Las Vegas",1995,1166,7.5,141140,111,"Mike Figgis","John O'Brien, Mike Figgis","Drama, Romance","<a href=""https://www.imdb.com/title/tt0113627"" target=""_blank"">tt0113627</a>","<a href=""https://www.imdb.com/title/tt0113627"" target=""_blank"">Leaving Las Vegas</a>"
"tt5649144","The Florida Project",2017,1167,7.6,140768,111,"Sean Baker","Sean Baker, Chris Bergoch","Drama","<a href=""https://www.imdb.com/title/tt5649144"" target=""_blank"">tt5649144</a>","<a href=""https://www.imdb.com/title/tt5649144"" target=""_blank"">The Florida Project</a>"
"tt0120789","Pleasantville",1998,1168,7.5,140327,124,"Gary Ross","Gary Ross","Comedy, Drama, Fantasy","<a href=""https://www.imdb.com/title/tt0120789"" target=""_blank"">tt0120789</a>","<a href=""https://www.imdb.com/title/tt0120789"" target=""_blank"">Pleasantville</a>"
"tt7979580","The Mitchells vs. the Machines",2021,1169,7.6,135587,114,"Michael Rianda, Jeff Rowe","Michael Rianda, Jeff Rowe, Peter Szilagyi","Adventure, Animation, Comedy","<a href=""https://www.imdb.com/title/tt7979580"" target=""_blank"">tt7979580</a>","<a href=""https://www.imdb.com/title/tt7979580"" target=""_blank"">The Mitchells vs. the Machines</a>"
"tt0117731","Star Trek: First Contact",1996,1170,7.6,135409,111,"Jonathan Frakes","Gene Roddenberry, Rick Berman, Brannon Braga, Ronald D. Moore","Action, Adventure, Drama","<a href=""https://www.imdb.com/title/tt0117731"" target=""_blank"">tt0117731</a>","<a href=""https://www.imdb.com/title/tt0117731"" target=""_blank"">Star Trek: First Contact</a>"
"tt0097351","Field of Dreams",1989,1171,7.5,134865,107,"Phil Alden Robinson","W.P. Kinsella, Phil Alden Robinson","Drama, Family, Fantasy","<a href=""https://www.imdb.com/title/tt0097351"" target=""_blank"">tt0097351</a>","<a href=""https://www.imdb.com/title/tt0097351"" target=""_blank"">Field of Dreams</a>"
"tt0361596","Fahrenheit 9/11",2004,1172,7.5,133952,122,"Michael Moore","Michael Moore","Documentary, Drama, War","<a href=""https://www.imdb.com/title/tt0361596"" target=""_blank"">tt0361596</a>","<a href=""https://www.imdb.com/title/tt0361596"" target=""_blank"">Fahrenheit 9/11</a>"
"tt0101410","Barton Fink",1991,1173,7.6,132840,116,"Joel Coen, Ethan Coen","Joel Coen, Ethan Coen","Comedy, Drama, Thriller","<a href=""https://www.imdb.com/title/tt0101410"" target=""_blank"">tt0101410</a>","<a href=""https://www.imdb.com/title/tt0101410"" target=""_blank"">Barton Fink</a>"
"tt7599146","Sound of Freedom",2023,1174,7.6,131627,131,"Alejandro Monteverde","Rod Barr, Alejandro Monteverde","Biography, Crime, Drama","<a href=""https://www.imdb.com/title/tt7599146"" target=""_blank"">tt7599146</a>","<a href=""https://www.imdb.com/title/tt7599146"" target=""_blank"">Sound of Freedom</a>"
"tt5164432","Love, Simon",2018,1175,7.5,131045,110,"Greg Berlanti","Becky Albertalli, Elizabeth Berger, Isaac Aptaker","Comedy, Drama, Romance","<a href=""https://www.imdb.com/title/tt5164432"" target=""_blank"">tt5164432</a>","<a href=""https://www.imdb.com/title/tt5164432"" target=""_blank"">Love, Simon</a>"
"tt0289992","The Life of David Gale",2003,1176,7.5,129810,130,"Alan Parker","Charles Randolph","Crime, Drama, Mystery","<a href=""https://www.imdb.com/title/tt0289992"" target=""_blank"">tt0289992</a>","<a href=""https://www.imdb.com/title/tt0289992"" target=""_blank"">The Life of David Gale</a>"
"tt0082010","An American Werewolf in London",1981,1177,7.5,129119,97,"John Landis","John Landis","Comedy, Horror","<a href=""https://www.imdb.com/title/tt0082010"" target=""_blank"">tt0082010</a>","<a href=""https://www.imdb.com/title/tt0082010"" target=""_blank"">An American Werewolf in London</a>"
"tt14208870","The Fabelmans",2022,1178,7.5,129014,151,"Steven Spielberg","Steven Spielberg, Tony Kushner","Drama","<a href=""https://www.imdb.com/title/tt14208870"" target=""_blank"">tt14208870</a>","<a href=""https://www.imdb.com/title/tt14208870"" target=""_blank"">The Fabelmans</a>"
"tt0085959","Monty Python's the Meaning of Life",1983,1179,7.5,127992,107,"Terry Jones","Graham Chapman, John Cleese, Terry Gilliam, Eric Idle, Terry Jones, Michael Palin","Comedy, Musical","<a href=""https://www.imdb.com/title/tt0085959"" target=""_blank"">tt0085959</a>","<a href=""https://www.imdb.com/title/tt0085959"" target=""_blank"">Monty Python's the Meaning of Life</a>"
"tt8721424","tick, tick... BOOM!",2021,1180,7.5,125174,115,"Lin-Manuel Miranda","Steven Levenson, Jonathan Larson","Biography, Comedy, Drama","<a href=""https://www.imdb.com/title/tt8721424"" target=""_blank"">tt8721424</a>","<a href=""https://www.imdb.com/title/tt8721424"" target=""_blank"">tick, tick... BOOM!</a>"
"tt0055614","West Side Story",1961,1181,7.6,125111,153,"Jerome Robbins, Robert Wise","Ernest Lehman, Arthur Laurents, Jerome Robbins, William Shakespeare","Crime, Drama, Musical","<a href=""https://www.imdb.com/title/tt0055614"" target=""_blank"">tt0055614</a>","<a href=""https://www.imdb.com/title/tt0055614"" target=""_blank"">West Side Story</a>"
"tt0068473","Deliverance",1972,1182,7.6,125015,109,"John Boorman","James Dickey, John Boorman","Adventure, Drama, Thriller","<a href=""https://www.imdb.com/title/tt0068473"" target=""_blank"">tt0068473</a>","<a href=""https://www.imdb.com/title/tt0068473"" target=""_blank"">Deliverance</a>"
"tt1488589","Guillermo del Toro's Pinocchio",2022,1183,7.6,121391,117,"Guillermo del Toro, Mark Gustafson","Guillermo del Toro, Patrick McHale, Carlo Collodi, Matthew Robbins","Adventure, Animation, Drama","<a href=""https://www.imdb.com/title/tt1488589"" target=""_blank"">tt1488589</a>","<a href=""https://www.imdb.com/title/tt1488589"" target=""_blank"">Guillermo del Toro's Pinocchio</a>"
"tt1315981","A Single Man",2009,1184,7.5,120480,99,"Tom Ford","Christopher Isherwood, Tom Ford, David Scearce","Drama, Romance, Thriller","<a href=""https://www.imdb.com/title/tt1315981"" target=""_blank"">tt1315981</a>","<a href=""https://www.imdb.com/title/tt1315981"" target=""_blank"">A Single Man</a>"
"tt0404203","Little Children",2006,1185,7.5,119891,137,"Todd Field","Todd Field, Tom Perrotta","Drama, Romance","<a href=""https://www.imdb.com/title/tt0404203"" target=""_blank"">tt0404203</a>","<a href=""https://www.imdb.com/title/tt0404203"" target=""_blank"">Little Children</a>"
"tt1063669","The Wave",2008,1186,7.6,118936,107,"Dennis Gansel","Ron Jones, Johnny Dawkins, Ron Birnbach, Dennis Gansel, Peter Thorwarth","Drama, Thriller","<a href=""https://www.imdb.com/title/tt1063669"" target=""_blank"">tt1063669</a>","<a href=""https://www.imdb.com/title/tt1063669"" target=""_blank"">The Wave</a>"
"tt0070034","Enter the Dragon",1973,1187,7.6,117299,102,"Robert Clouse","Michael Allin, Bruce Lee","Action, Crime, Thriller","<a href=""https://www.imdb.com/title/tt0070034"" target=""_blank"">tt0070034</a>","<a href=""https://www.imdb.com/title/tt0070034"" target=""_blank"">Enter the Dragon</a>"
"tt9071322","Dark Waters",2019,1188,7.6,116491,126,"Todd Haynes","Nathaniel Rich, Mario Correa, Matthew Michael Carnahan","Biography, Drama, History","<a href=""https://www.imdb.com/title/tt9071322"" target=""_blank"">tt9071322</a>","<a href=""https://www.imdb.com/title/tt9071322"" target=""_blank"">Dark Waters</a>"
"tt19770238","Aftersun",2022,1189,7.6,116257,102,"Charlotte Wells","Charlotte Wells","Drama","<a href=""https://www.imdb.com/title/tt19770238"" target=""_blank"">tt19770238</a>","<a href=""https://www.imdb.com/title/tt19770238"" target=""_blank"">Aftersun</a>"
"tt4364194","The Peanut Butter Falcon",2019,1190,7.6,114886,97,"Tyler Nilson, Michael Schwartz","Tyler Nilson, Michael Schwartz","Adventure, Comedy, Drama","<a href=""https://www.imdb.com/title/tt4364194"" target=""_blank"">tt4364194</a>","<a href=""https://www.imdb.com/title/tt4364194"" target=""_blank"">The Peanut Butter Falcon</a>"
"tt0870111","Frost/Nixon",2008,1191,7.6,114699,122,"Ron Howard","Peter Morgan","Biography, Drama, History","<a href=""https://www.imdb.com/title/tt0870111"" target=""_blank"">tt0870111</a>","<a href=""https://www.imdb.com/title/tt0870111"" target=""_blank"">Frost/Nixon</a>"
"tt0475276","United 93",2006,1192,7.6,113585,111,"Paul Greengrass","Paul Greengrass","Action, Drama, History","<a href=""https://www.imdb.com/title/tt0475276"" target=""_blank"">tt0475276</a>","<a href=""https://www.imdb.com/title/tt0475276"" target=""_blank"">United 93</a>"
"tt1568921","The Secret World of Arrietty",2010,1193,7.6,112068,94,"Hiromasa Yonebayashi","Mary Norton, Hayao Miyazaki, Keiko Niwa","Adventure, Animation, Drama","<a href=""https://www.imdb.com/title/tt1568921"" target=""_blank"">tt1568921</a>","<a href=""https://www.imdb.com/title/tt1568921"" target=""_blank"">The Secret World of Arrietty</a>"
"tt0441909","Volver",2006,1194,7.6,110600,121,"Pedro Almodóvar","Pedro Almodóvar","Comedy, Drama","<a href=""https://www.imdb.com/title/tt0441909"" target=""_blank"">tt0441909</a>","<a href=""https://www.imdb.com/title/tt0441909"" target=""_blank"">Volver</a>"
"tt21064584","The Iron Claw",2023,1195,7.6,106680,132,"Sean Durkin","Sean Durkin","Biography, Drama, Sport","<a href=""https://www.imdb.com/title/tt21064584"" target=""_blank"">tt21064584</a>","<a href=""https://www.imdb.com/title/tt21064584"" target=""_blank"">The Iron Claw</a>"
"tt2431286","Philomena",2013,1196,7.6,105881,98,"Stephen Frears","Steve Coogan, Jeff Pope, Martin Sixsmith","Biography, Comedy, Drama","<a href=""https://www.imdb.com/title/tt2431286"" target=""_blank"">tt2431286</a>","<a href=""https://www.imdb.com/title/tt2431286"" target=""_blank"">Philomena</a>"
"tt0174856","The Hurricane",1999,1197,7.6,105529,146,"Norman Jewison","Rubin 'Hurricane' Carter, Sam Chaiton, Terry Swinton, Armyan Bernstein, Dan Gordon","Biography, Drama, Sport","<a href=""https://www.imdb.com/title/tt0174856"" target=""_blank"">tt0174856</a>","<a href=""https://www.imdb.com/title/tt0174856"" target=""_blank"">The Hurricane</a>"
"tt0048545","Rebel Without a Cause",1955,1198,7.6,101120,111,"Nicholas Ray","Stewart Stern, Irving Shulman, Nicholas Ray","Drama","<a href=""https://www.imdb.com/title/tt0048545"" target=""_blank"">tt0048545</a>","<a href=""https://www.imdb.com/title/tt0048545"" target=""_blank"">Rebel Without a Cause</a>"
"tt9389998","Pushpa: The Rise - Part 1",2021,1199,7.6,97203,179,"Sukumar","Sukumar, Srikanth Vissa, Hussain Sha Kiran, A.R. Prabhav, Rajendra Sapre, Madhan Karky","Action, Crime, Drama","<a href=""https://www.imdb.com/title/tt9389998"" target=""_blank"">tt9389998</a>","<a href=""https://www.imdb.com/title/tt9389998"" target=""_blank"">Pushpa: The Rise - Part 1</a>"
"tt0112579","The Bridges of Madison County",1995,1200,7.6,93518,135,"Clint Eastwood","Richard LaGravenese, Robert James Waller","Drama, Romance","<a href=""https://www.imdb.com/title/tt0112579"" target=""_blank"">tt0112579</a>","<a href=""https://www.imdb.com/title/tt0112579"" target=""_blank"">The Bridges of Madison County</a>"
"tt11464826","The Social Dilemma",2020,1201,7.6,92350,94,"Jeff Orlowski-Yang","Vickie Curtis, Davis Coombe, Jeff Orlowski-Yang","Documentary, Drama","<a href=""https://www.imdb.com/title/tt11464826"" target=""_blank"">tt11464826</a>","<a href=""https://www.imdb.com/title/tt11464826"" target=""_blank"">The Social Dilemma</a>"
"tt0463998","Freedom Writers",2007,1202,7.6,90049,123,"Richard LaGravenese","Richard LaGravenese, Freedom Writers, Erin Gruwell","Biography, Crime, Drama","<a href=""https://www.imdb.com/title/tt0463998"" target=""_blank"">tt0463998</a>","<a href=""https://www.imdb.com/title/tt0463998"" target=""_blank"">Freedom Writers</a>"
"tt0088680","After Hours",1985,1203,7.6,89197,97,"Martin Scorsese","Joseph Minion","Comedy, Crime, Drama","<a href=""https://www.imdb.com/title/tt0088680"" target=""_blank"">tt0088680</a>","<a href=""https://www.imdb.com/title/tt0088680"" target=""_blank"">After Hours</a>"
"tt3829920","Only the Brave",2017,1204,7.6,84826,134,"Joseph Kosinski","Sean Flynn, Ken Nolan, Eric Warren Singer","Action, Biography, Drama","<a href=""https://www.imdb.com/title/tt3829920"" target=""_blank"">tt3829920</a>","<a href=""https://www.imdb.com/title/tt3829920"" target=""_blank"">Only the Brave</a>"
"tt0419887","The Kite Runner",2007,1205,7.6,84045,128,"Marc Forster","David Benioff, Khaled Hosseini","Drama","<a href=""https://www.imdb.com/title/tt0419887"" target=""_blank"">tt0419887</a>","<a href=""https://www.imdb.com/title/tt0419887"" target=""_blank"">The Kite Runner</a>"
"tt0111507","Three Colors: White",1994,1206,7.6,83246,92,"Krzysztof Kieslowski","Krzysztof Kieslowski, Krzysztof Piesiewicz, Agnieszka Holland, Edward Zebrowski, Edward Klosinski, Marcin Latallo","Comedy, Drama, Romance","<a href=""https://www.imdb.com/title/tt0111507"" target=""_blank"">tt0111507</a>","<a href=""https://www.imdb.com/title/tt0111507"" target=""_blank"">Three Colors: White</a>"
"tt0067023","Duel",1971,1207,7.6,82912,90,"Steven Spielberg","Richard Matheson","Action, Thriller","<a href=""https://www.imdb.com/title/tt0067023"" target=""_blank"">tt0067023</a>","<a href=""https://www.imdb.com/title/tt0067023"" target=""_blank"">Duel</a>"
"tt0370986","Mysterious Skin",2004,1208,7.6,81131,105,"Gregg Araki","Gregg Araki, Scott Heim","Drama","<a href=""https://www.imdb.com/title/tt0370986"" target=""_blank"">tt0370986</a>","<a href=""https://www.imdb.com/title/tt0370986"" target=""_blank"">Mysterious Skin</a>"
"tt4916630","Just Mercy",2019,1209,7.6,80833,137,"Destin Daniel Cretton","Destin Daniel Cretton, Andrew Lanham, Bryan Stevenson","Biography, Crime, Drama","<a href=""https://www.imdb.com/title/tt4916630"" target=""_blank"">tt4916630</a>","<a href=""https://www.imdb.com/title/tt4916630"" target=""_blank"">Just Mercy</a>"
"tt0446059","Fearless",2006,1210,7.6,80220,104,"Ronny Yu","Chris Chow, Chi-Long To, Bin Wang, Feng Li","Action, Biography, Drama","<a href=""https://www.imdb.com/title/tt0446059"" target=""_blank"">tt0446059</a>","<a href=""https://www.imdb.com/title/tt0446059"" target=""_blank"">Fearless</a>"
"tt0344510","A Very Long Engagement",2004,1211,7.6,77058,133,"Jean-Pierre Jeunet","Sébastien Japrisot, Jean-Pierre Jeunet, Guillaume Laurant","Drama, Mystery, Romance","<a href=""https://www.imdb.com/title/tt0344510"" target=""_blank"">tt0344510</a>","<a href=""https://www.imdb.com/title/tt0344510"" target=""_blank"">A Very Long Engagement</a>"
"tt1937149","The Body",2012,1212,7.6,76464,112,"Oriol Paulo","Oriol Paulo, Lara Sendim","Crime, Drama, Mystery","<a href=""https://www.imdb.com/title/tt1937149"" target=""_blank"">tt1937149</a>","<a href=""https://www.imdb.com/title/tt1937149"" target=""_blank"">The Body</a>"
"tt0340377","The Station Agent",2003,1213,7.6,76241,89,"Tom McCarthy","Tom McCarthy","Comedy, Drama","<a href=""https://www.imdb.com/title/tt0340377"" target=""_blank"">tt0340377</a>","<a href=""https://www.imdb.com/title/tt0340377"" target=""_blank"">The Station Agent</a>"
"tt5461944","Hotel Mumbai",2018,1214,7.6,76106,123,"Anthony Maras","John Collee, Anthony Maras","Action, Drama, History","<a href=""https://www.imdb.com/title/tt5461944"" target=""_blank"">tt5461944</a>","<a href=""https://www.imdb.com/title/tt5461944"" target=""_blank"">Hotel Mumbai</a>"
"tt0808506","The Girl Who Leapt Through Time",2006,1215,7.6,73595,98,"Mamoru Hosoda","Yasutaka Tsutsui, Satoko Okudera","Adventure, Animation, Comedy","<a href=""https://www.imdb.com/title/tt0808506"" target=""_blank"">tt0808506</a>","<a href=""https://www.imdb.com/title/tt0808506"" target=""_blank"">The Girl Who Leapt Through Time</a>"
"tt0047437","Sabrina",1954,1216,7.6,73544,113,"Billy Wilder","Billy Wilder, Samuel A. Taylor, Ernest Lehman","Comedy, Drama, Romance","<a href=""https://www.imdb.com/title/tt0047437"" target=""_blank"">tt0047437</a>","<a href=""https://www.imdb.com/title/tt0047437"" target=""_blank"">Sabrina</a>"
"tt1242422","Cell 211",2009,1217,7.6,72623,113,"Daniel Monzón","Jorge Guerricaechevarría, Daniel Monzón, Francisco Pérez Gandul","Action, Crime, Drama","<a href=""https://www.imdb.com/title/tt1242422"" target=""_blank"">tt1242422</a>","<a href=""https://www.imdb.com/title/tt1242422"" target=""_blank"">Cell 211</a>"
"tt21192142","All of Us Strangers",2023,1218,7.6,72460,105,"Andrew Haigh","Andrew Haigh, Taichi Yamada","Drama, Romance","<a href=""https://www.imdb.com/title/tt21192142"" target=""_blank"">tt21192142</a>","<a href=""https://www.imdb.com/title/tt21192142"" target=""_blank"">All of Us Strangers</a>"
"tt0421082","Control",2007,1219,7.6,70368,122,"Anton Corbijn","Deborah Curtis, Matt Greenhalgh","Biography, Drama, Music","<a href=""https://www.imdb.com/title/tt0421082"" target=""_blank"">tt0421082</a>","<a href=""https://www.imdb.com/title/tt0421082"" target=""_blank"">Control</a>"
"tt1754656","The Little Prince",2015,1220,7.6,69349,108,"Mark Osborne","Irena Brignull, Bob Persichetti, Antoine de Saint-Exupéry","Adventure, Animation, Comedy","<a href=""https://www.imdb.com/title/tt1754656"" target=""_blank"">tt1754656</a>","<a href=""https://www.imdb.com/title/tt1754656"" target=""_blank"">The Little Prince</a>"
"tt0243017","Waking Life",2001,1221,7.6,68536,99,"Richard Linklater","Richard Linklater","Animation, Drama, Fantasy","<a href=""https://www.imdb.com/title/tt0243017"" target=""_blank"">tt0243017</a>","<a href=""https://www.imdb.com/title/tt0243017"" target=""_blank"">Waking Life</a>"
"tt0065207","Where Eagles Dare",1968,1222,7.6,65821,158,"Brian G. Hutton","Alistair MacLean","Action, Adventure, War","<a href=""https://www.imdb.com/title/tt0065207"" target=""_blank"">tt0065207</a>","<a href=""https://www.imdb.com/title/tt0065207"" target=""_blank"">Where Eagles Dare</a>"
"tt4226388","Victoria",2015,1223,7.6,65598,138,"Sebastian Schipper","Sebastian Schipper, Olivia Neergaard-Holm, Eike Frederik Schulz","Crime, Drama, Romance","<a href=""https://www.imdb.com/title/tt4226388"" target=""_blank"">tt4226388</a>","<a href=""https://www.imdb.com/title/tt4226388"" target=""_blank"">Victoria</a>"
"tt6452574","Sanju",2018,1224,7.6,64632,155,"Rajkumar Hirani","Abhiruchi Chand, Rajkumar Hirani, Abhijat Joshi","Biography, Comedy, Drama","<a href=""https://www.imdb.com/title/tt6452574"" target=""_blank"">tt6452574</a>","<a href=""https://www.imdb.com/title/tt6452574"" target=""_blank"">Sanju</a>"
"tt0026029","The 39 Steps",1935,1225,7.6,64251,86,"Alfred Hitchcock","John Buchan, Charles Bennett, Ian Hay","Crime, Mystery, Thriller","<a href=""https://www.imdb.com/title/tt0026029"" target=""_blank"">tt0026029</a>","<a href=""https://www.imdb.com/title/tt0026029"" target=""_blank"">The 39 Steps</a>"
"tt0815241","Religulous",2008,1226,7.6,60761,101,"Larry Charles","Bill Maher","Comedy, Documentary, War","<a href=""https://www.imdb.com/title/tt0815241"" target=""_blank"">tt0815241</a>","<a href=""https://www.imdb.com/title/tt0815241"" target=""_blank"">Religulous</a>"
"tt0059646","Repulsion",1965,1227,7.6,59865,105,"Roman Polanski","Roman Polanski, Gérard Brach, David Stone","Drama, Horror, Thriller","<a href=""https://www.imdb.com/title/tt0059646"" target=""_blank"">tt0059646</a>","<a href=""https://www.imdb.com/title/tt0059646"" target=""_blank"">Repulsion</a>"
"tt2802154","Leviathan",2014,1228,7.6,58678,140,"Andrey Zvyagintsev","Oleg Negin, Andrey Zvyagintsev","Crime, Drama","<a href=""https://www.imdb.com/title/tt2802154"" target=""_blank"">tt2802154</a>","<a href=""https://www.imdb.com/title/tt2802154"" target=""_blank"">Leviathan</a>"
"tt0117631","Shine",1996,1229,7.6,58043,105,"Scott Hicks","Jan Sardi, Scott Hicks","Biography, Drama, Music","<a href=""https://www.imdb.com/title/tt0117631"" target=""_blank"">tt0117631</a>","<a href=""https://www.imdb.com/title/tt0117631"" target=""_blank"">Shine</a>"
"tt0089853","The Purple Rose of Cairo",1985,1230,7.6,57731,82,"Woody Allen","Woody Allen","Comedy, Fantasy, Romance","<a href=""https://www.imdb.com/title/tt0089853"" target=""_blank"">tt0089853</a>","<a href=""https://www.imdb.com/title/tt0089853"" target=""_blank"">The Purple Rose of Cairo</a>"
"tt0090967","Down by Law",1986,1231,7.6,57286,107,"Jim Jarmusch","Jim Jarmusch","Comedy, Crime, Drama","<a href=""https://www.imdb.com/title/tt0090967"" target=""_blank"">tt0090967</a>","<a href=""https://www.imdb.com/title/tt0090967"" target=""_blank"">Down by Law</a>"
"tt0065938","Kelly's Heroes",1970,1232,7.6,56671,144,"Brian G. Hutton","Troy Kennedy Martin","Adventure, Comedy, War","<a href=""https://www.imdb.com/title/tt0065938"" target=""_blank"">tt0065938</a>","<a href=""https://www.imdb.com/title/tt0065938"" target=""_blank"">Kelly's Heroes</a>"
"tt0104684","Hard Boiled",1992,1233,7.7,56303,128,"John Woo","John Woo, Barry Wong, Gordon Chan","Action, Crime, Thriller","<a href=""https://www.imdb.com/title/tt0104684"" target=""_blank"">tt0104684</a>","<a href=""https://www.imdb.com/title/tt0104684"" target=""_blank"">Hard Boiled</a>"
"tt0101765","The Double Life of Véronique",1991,1234,7.6,55431,98,"Krzysztof Kieslowski","Krzysztof Kieslowski, Krzysztof Piesiewicz","Drama, Fantasy, Music","<a href=""https://www.imdb.com/title/tt0101765"" target=""_blank"">tt0101765</a>","<a href=""https://www.imdb.com/title/tt0101765"" target=""_blank"">The Double Life of Véronique</a>"
"tt16428256","Suzume",2022,1235,7.6,54882,122,"Makoto Shinkai","Makoto Shinkai","Adventure, Animation, Drama","<a href=""https://www.imdb.com/title/tt16428256"" target=""_blank"">tt16428256</a>","<a href=""https://www.imdb.com/title/tt16428256"" target=""_blank"">Suzume</a>"
"tt8864596","Transformers One",2024,1236,7.6,54423,104,"Josh Cooley","Eric Pearson, Andrew Barrer, Gabriel Ferrari","Action, Adventure, Animation","<a href=""https://www.imdb.com/title/tt8864596"" target=""_blank"">tt8864596</a>","<a href=""https://www.imdb.com/title/tt8864596"" target=""_blank"">Transformers One</a>"
"tt0073341","The Man Who Would Be King",1975,1237,7.7,54006,129,"John Huston","John Huston, Gladys Hill, Rudyard Kipling","Adventure, Drama, War","<a href=""https://www.imdb.com/title/tt0073341"" target=""_blank"">tt0073341</a>","<a href=""https://www.imdb.com/title/tt0073341"" target=""_blank"">The Man Who Would Be King</a>"
"tt0097202","The Killer",1989,1238,7.7,53223,111,"John Woo","John Woo","Action, Crime, Drama","<a href=""https://www.imdb.com/title/tt0097202"" target=""_blank"">tt0097202</a>","<a href=""https://www.imdb.com/title/tt0097202"" target=""_blank"">The Killer</a>"
"tt0045793","From Here to Eternity",1953,1239,7.6,53005,118,"Fred Zinnemann","Daniel Taradash, James Jones","Drama, Romance, War","<a href=""https://www.imdb.com/title/tt0045793"" target=""_blank"">tt0045793</a>","<a href=""https://www.imdb.com/title/tt0045793"" target=""_blank"">From Here to Eternity</a>"
"tt3398268","When Marnie Was There",2014,1240,7.6,52282,103,"Hiromasa Yonebayashi","Joan G. Robinson, Keiko Niwa, Masashi Andô, Hiromasa Yonebayashi","Animation, Drama, Family","<a href=""https://www.imdb.com/title/tt3398268"" target=""_blank"">tt3398268</a>","<a href=""https://www.imdb.com/title/tt3398268"" target=""_blank"">When Marnie Was There</a>"
"tt2404461","The Past",2013,1241,7.7,51892,130,"Asghar Farhadi","Asghar Farhadi","Drama, Mystery","<a href=""https://www.imdb.com/title/tt2404461"" target=""_blank"">tt2404461</a>","<a href=""https://www.imdb.com/title/tt2404461"" target=""_blank"">The Past</a>"
"tt0061395","Belle de Jour",1967,1242,7.6,51863,100,"Luis Buñuel","Joseph Kessel, Luis Buñuel, Jean-Claude Carrière","Drama, Romance","<a href=""https://www.imdb.com/title/tt0061395"" target=""_blank"">tt0061395</a>","<a href=""https://www.imdb.com/title/tt0061395"" target=""_blank"">Belle de Jour</a>"
"tt0096163","The Vanishing",1988,1243,7.7,50858,107,"George Sluizer","Tim Krabbé, George Sluizer","Mystery, Thriller","<a href=""https://www.imdb.com/title/tt0096163"" target=""_blank"">tt0096163</a>","<a href=""https://www.imdb.com/title/tt0096163"" target=""_blank"">The Vanishing</a>"
"tt0071615","The Holy Mountain",1973,1244,7.7,50728,114,"Alejandro Jodorowsky","Alejandro Jodorowsky","Adventure, Drama, Fantasy","<a href=""https://www.imdb.com/title/tt0071615"" target=""_blank"">tt0071615</a>","<a href=""https://www.imdb.com/title/tt0071615"" target=""_blank"">The Holy Mountain</a>"
"tt0068361","The Discreet Charm of the Bourgeoisie",1972,1245,7.7,49296,102,"Luis Buñuel","Luis Buñuel, Jean-Claude Carrière","Comedy, Drama, Fantasy","<a href=""https://www.imdb.com/title/tt0068361"" target=""_blank"">tt0068361</a>","<a href=""https://www.imdb.com/title/tt0068361"" target=""_blank"">The Discreet Charm of the Bourgeoisie</a>"
"tt0108122","Short Cuts",1993,1246,7.6,48828,188,"Robert Altman","Raymond Carver, Robert Altman, Frank Barhydt","Comedy, Drama","<a href=""https://www.imdb.com/title/tt0108122"" target=""_blank"">tt0108122</a>","<a href=""https://www.imdb.com/title/tt0108122"" target=""_blank"">Short Cuts</a>"
"tt7533152","The Boy Who Harnessed the Wind",2019,1247,7.6,48718,113,"Chiwetel Ejiofor","Chiwetel Ejiofor, William Kamkwamba, Bryan Mealer","Biography, Drama, History","<a href=""https://www.imdb.com/title/tt7533152"" target=""_blank"">tt7533152</a>","<a href=""https://www.imdb.com/title/tt7533152"" target=""_blank"">The Boy Who Harnessed the Wind</a>"
"tt0084855","The Verdict",1982,1248,7.7,48708,129,"Sidney Lumet","Barry Reed, David Mamet, Jay Presson Allen","Drama","<a href=""https://www.imdb.com/title/tt0084855"" target=""_blank"">tt0084855</a>","<a href=""https://www.imdb.com/title/tt0084855"" target=""_blank"">The Verdict</a>"
"tt0107653","Naked",1993,1249,7.7,46898,131,"Mike Leigh","Mike Leigh","Comedy, Drama","<a href=""https://www.imdb.com/title/tt0107653"" target=""_blank"">tt0107653</a>","<a href=""https://www.imdb.com/title/tt0107653"" target=""_blank"">Naked</a>"
"tt2317337","Vicky Donor",2012,1250,7.7,46559,126,"Shoojit Sircar","Juhi Chaturvedi","Comedy, Romance","<a href=""https://www.imdb.com/title/tt2317337"" target=""_blank"">tt2317337</a>","<a href=""https://www.imdb.com/title/tt2317337"" target=""_blank"">Vicky Donor</a>"
"tt0119038","Le Dîner de Cons",1998,1251,7.6,46283,80,"Francis Veber","Francis Veber","Comedy","<a href=""https://www.imdb.com/title/tt0119038"" target=""_blank"">tt0119038</a>","<a href=""https://www.imdb.com/title/tt0119038"" target=""_blank"">Le Dîner de Cons</a>"
"tt0046303","Shane",1953,1252,7.6,46239,118,"George Stevens","A.B. Guthrie Jr., Jack Sher, Jack Schaefer","Drama, Western","<a href=""https://www.imdb.com/title/tt0046303"" target=""_blank"">tt0046303</a>","<a href=""https://www.imdb.com/title/tt0046303"" target=""_blank"">Shane</a>"
"tt0055032","Jules and Jim",1962,1253,7.7,45993,105,"François Truffaut","Henri-Pierre Roché, François Truffaut, Jean Gruault","Drama, Romance","<a href=""https://www.imdb.com/title/tt0055032"" target=""_blank"">tt0055032</a>","<a href=""https://www.imdb.com/title/tt0055032"" target=""_blank"">Jules and Jim</a>"
"tt0040506","Key Largo",1948,1254,7.7,45770,100,"John Huston","Richard Brooks, John Huston, Maxwell Anderson","Action, Crime, Drama","<a href=""https://www.imdb.com/title/tt0040506"" target=""_blank"">tt0040506</a>","<a href=""https://www.imdb.com/title/tt0040506"" target=""_blank"">Key Largo</a>"
"tt0857191","The Visitor",2007,1255,7.6,45499,104,"Tom McCarthy","Tom McCarthy","Drama","<a href=""https://www.imdb.com/title/tt0857191"" target=""_blank"">tt0857191</a>","<a href=""https://www.imdb.com/title/tt0857191"" target=""_blank"">The Visitor</a>"
"tt0086637","Zelig",1983,1256,7.6,45258,79,"Woody Allen","Woody Allen","Comedy","<a href=""https://www.imdb.com/title/tt0086637"" target=""_blank"">tt0086637</a>","<a href=""https://www.imdb.com/title/tt0086637"" target=""_blank"">Zelig</a>"
"tt15732324","OMG 2",2023,1257,7.6,45067,156,"Amit Rai","Amit Rai","Comedy, Drama","<a href=""https://www.imdb.com/title/tt15732324"" target=""_blank"">tt15732324</a>","<a href=""https://www.imdb.com/title/tt15732324"" target=""_blank"">OMG 2</a>"
"tt7212754","Ludo",2020,1258,7.6,45051,150,"Anurag Basu","Anurag Basu, Samrat Chakraborty","Action, Comedy, Drama","<a href=""https://www.imdb.com/title/tt7212754"" target=""_blank"">tt7212754</a>","<a href=""https://www.imdb.com/title/tt7212754"" target=""_blank"">Ludo</a>"
"tt0298845","In America",2002,1259,7.6,44990,105,"Jim Sheridan","Jim Sheridan, Naomi Sheridan, Kirsten Sheridan","Drama","<a href=""https://www.imdb.com/title/tt0298845"" target=""_blank"">tt0298845</a>","<a href=""https://www.imdb.com/title/tt0298845"" target=""_blank"">In America</a>"
"tt0058777","Zulu",1964,1260,7.7,44731,138,"Cy Endfield","John Prebble, Cy Endfield","Drama, History, War","<a href=""https://www.imdb.com/title/tt0058777"" target=""_blank"">tt0058777</a>","<a href=""https://www.imdb.com/title/tt0058777"" target=""_blank"">Zulu</a>"
"tt2024519","The Broken Circle Breakdown",2012,1261,7.7,44526,111,"Felix van Groeningen","Johan Heldenbergh, Mieke Dobbels, Carl Joos, Felix van Groeningen, Charlotte Vandermeersch","Drama, Music, Romance","<a href=""https://www.imdb.com/title/tt2024519"" target=""_blank"">tt2024519</a>","<a href=""https://www.imdb.com/title/tt2024519"" target=""_blank"">The Broken Circle Breakdown</a>"
"tt0045061","The Quiet Man",1952,1262,7.7,44484,129,"John Ford","Frank S. Nugent, Maurice Walsh, John Ford","Comedy, Drama, Romance","<a href=""https://www.imdb.com/title/tt0045061"" target=""_blank"">tt0045061</a>","<a href=""https://www.imdb.com/title/tt0045061"" target=""_blank"">The Quiet Man</a>"
"tt0049261","Giant",1956,1263,7.6,44001,201,"George Stevens","Edna Ferber, Fred Guiol, Ivan Moffat","Drama, Western","<a href=""https://www.imdb.com/title/tt0049261"" target=""_blank"">tt0049261</a>","<a href=""https://www.imdb.com/title/tt0049261"" target=""_blank"">Giant</a>"
"tt1590089","Confessions",2010,1264,7.7,43816,106,"Tetsuya Nakashima","Kanae Minato, Tetsuya Nakashima","Drama, Thriller","<a href=""https://www.imdb.com/title/tt1590089"" target=""_blank"">tt1590089</a>","<a href=""https://www.imdb.com/title/tt1590089"" target=""_blank"">Confessions</a>"
"tt0338309","Evil",2003,1265,7.7,43679,113,"Mikael Håfström","Jan Guillou, Mikael Håfström, Hans Gunnarsson, Klas Östergren","Drama","<a href=""https://www.imdb.com/title/tt0338309"" target=""_blank"">tt0338309</a>","<a href=""https://www.imdb.com/title/tt0338309"" target=""_blank"">Evil</a>"
"tt0047034","Godzilla",1954,1266,7.6,43359,96,"Ishirô Honda","Takeo Murata, Ishirô Honda, Shigeru Kayama, Tomoyuki Tanaka","Horror, Sci-Fi","<a href=""https://www.imdb.com/title/tt0047034"" target=""_blank"">tt0047034</a>","<a href=""https://www.imdb.com/title/tt0047034"" target=""_blank"">Godzilla</a>"
"tt7664504","Three Identical Strangers",2018,1267,7.6,43210,96,"Tim Wardle","Grace Hughes-Hallett, Tim Wardle","Biography, Documentary, Drama","<a href=""https://www.imdb.com/title/tt7664504"" target=""_blank"">tt7664504</a>","<a href=""https://www.imdb.com/title/tt7664504"" target=""_blank"">Three Identical Strangers</a>"
"tt0073312","Love and Death",1975,1268,7.6,42629,85,"Woody Allen","Woody Allen","Comedy, War","<a href=""https://www.imdb.com/title/tt0073312"" target=""_blank"">tt0073312</a>","<a href=""https://www.imdb.com/title/tt0073312"" target=""_blank"">Love and Death</a>"
"tt1340107","In a Better World",2010,1269,7.6,42572,118,"Susanne Bier","Anders Thomas Jensen, Susanne Bier, Per Nielsen","Drama, Romance","<a href=""https://www.imdb.com/title/tt1340107"" target=""_blank"">tt1340107</a>","<a href=""https://www.imdb.com/title/tt1340107"" target=""_blank"">In a Better World</a>"
"tt1478839","The Art of Racing in the Rain",2019,1270,7.6,42543,109,"Simon Curtis","Mark Bomback, Garth Stein","Comedy, Drama, Romance","<a href=""https://www.imdb.com/title/tt1478839"" target=""_blank"">tt1478839</a>","<a href=""https://www.imdb.com/title/tt1478839"" target=""_blank"">The Art of Racing in the Rain</a>"
"tt0024184","The Invisible Man",1933,1271,7.6,42279,71,"James Whale","H.G. Wells, R.C. Sherriff, Preston Sturges, Philip Wylie","Horror, Sci-Fi","<a href=""https://www.imdb.com/title/tt0024184"" target=""_blank"">tt0024184</a>","<a href=""https://www.imdb.com/title/tt0024184"" target=""_blank"">The Invisible Man</a>"
"tt0054167","Peeping Tom",1960,1272,7.6,42180,101,"Michael Powell","Leo Marks","Drama, Horror, Thriller","<a href=""https://www.imdb.com/title/tt0054167"" target=""_blank"">tt0054167</a>","<a href=""https://www.imdb.com/title/tt0054167"" target=""_blank"">Peeping Tom</a>"
"tt3966404","Mustang",2015,1273,7.6,42108,97,"Deniz Gamze Ergüven","Deniz Gamze Ergüven, Alice Winocour","Drama","<a href=""https://www.imdb.com/title/tt3966404"" target=""_blank"">tt3966404</a>","<a href=""https://www.imdb.com/title/tt3966404"" target=""_blank"">Mustang</a>"
"tt0079588","The Muppet Movie",1979,1274,7.6,41207,95,"James Frawley","Jerry Juhl, Jack Burns","Adventure, Comedy, Family","<a href=""https://www.imdb.com/title/tt0079588"" target=""_blank"">tt0079588</a>","<a href=""https://www.imdb.com/title/tt0079588"" target=""_blank"">The Muppet Movie</a>"
"tt0116477","Hamlet",1996,1275,7.7,41116,242,"Kenneth Branagh","William Shakespeare, Kenneth Branagh","Drama","<a href=""https://www.imdb.com/title/tt0116477"" target=""_blank"">tt0116477</a>","<a href=""https://www.imdb.com/title/tt0116477"" target=""_blank"">Hamlet</a>"
"tt0101605","The Commitments",1991,1276,7.6,40951,118,"Alan Parker","Roddy Doyle, Dick Clement, Ian La Frenais","Comedy, Drama, Music","<a href=""https://www.imdb.com/title/tt0101605"" target=""_blank"">tt0101605</a>","<a href=""https://www.imdb.com/title/tt0101605"" target=""_blank"">The Commitments</a>"
"tt0110877","The Postman",1994,1277,7.7,40395,108,"Michael Radford","Antonio Skármeta, Furio Scarpelli, Giacomo Scarpelli, Anna Pavignano, Michael Radford, Massimo Troisi","Biography, Comedy, Drama","<a href=""https://www.imdb.com/title/tt0110877"" target=""_blank"">tt0110877</a>","<a href=""https://www.imdb.com/title/tt0110877"" target=""_blank"">The Postman</a>"
"tt0120265","Taste of Cherry",1997,1278,7.7,40395,95,"Abbas Kiarostami","Abbas Kiarostami","Drama","<a href=""https://www.imdb.com/title/tt0120265"" target=""_blank"">tt0120265</a>","<a href=""https://www.imdb.com/title/tt0120265"" target=""_blank"">Taste of Cherry</a>"
"tt0102587","Only Yesterday",1991,1279,7.6,40282,119,"Isao Takahata","Hotaru Okamoto, Yuuko Tone, Isao Takahata","Animation, Drama, Romance","<a href=""https://www.imdb.com/title/tt0102587"" target=""_blank"">tt0102587</a>","<a href=""https://www.imdb.com/title/tt0102587"" target=""_blank"">Only Yesterday</a>"
"tt0070544","Fantastic Planet",1973,1280,7.6,40060,72,"René Laloux","Stefan Wul, Roland Topor, René Laloux","Animation, Sci-Fi","<a href=""https://www.imdb.com/title/tt0070544"" target=""_blank"">tt0070544</a>","<a href=""https://www.imdb.com/title/tt0070544"" target=""_blank"">Fantastic Planet</a>"
"tt0060665","A Man for All Seasons",1966,1281,7.7,38923,120,"Fred Zinnemann","Robert Bolt","Biography, Drama, History","<a href=""https://www.imdb.com/title/tt0060665"" target=""_blank"">tt0060665</a>","<a href=""https://www.imdb.com/title/tt0060665"" target=""_blank"">A Man for All Seasons</a>"
"tt0216651","Vampire Hunter D: Bloodlust",2000,1282,7.7,38802,103,"Yoshiaki Kawajiri","Hideyuki Kikuchi, Yoshiaki Kawajiri","Action, Animation, Drama","<a href=""https://www.imdb.com/title/tt0216651"" target=""_blank"">tt0216651</a>","<a href=""https://www.imdb.com/title/tt0216651"" target=""_blank"">Vampire Hunter D: Bloodlust</a>"
"tt0248845","Hedwig and the Angry Inch",2001,1283,7.7,38453,95,"John Cameron Mitchell","John Cameron Mitchell, Stephen Trask","Comedy, Drama, Music","<a href=""https://www.imdb.com/title/tt0248845"" target=""_blank"">tt0248845</a>","<a href=""https://www.imdb.com/title/tt0248845"" target=""_blank"">Hedwig and the Angry Inch</a>"
"tt0260991","Joint Security Area",2000,1284,7.7,36649,110,"Park Chan-wook","Park Chan-wook, Kim Hyun-seok, Seong-san Jeong, Mu-yeong Lee, Park Myeong-chan, Park Sang-yeon","Action, Drama, Thriller","<a href=""https://www.imdb.com/title/tt0260991"" target=""_blank"">tt0260991</a>","<a href=""https://www.imdb.com/title/tt0260991"" target=""_blank"">Joint Security Area</a>"
"tt0118845","Happy Together",1997,1285,7.7,36637,96,"Wong Kar-Wai","Wong Kar-Wai, Manuel Puig","Drama, Romance","<a href=""https://www.imdb.com/title/tt0118845"" target=""_blank"">tt0118845</a>","<a href=""https://www.imdb.com/title/tt0118845"" target=""_blank"">Happy Together</a>"
"tt0040724","Red River",1948,1286,7.7,36494,133,"Howard Hawks, Arthur Rosson","Borden Chase, Charles Schnee","Drama, Western","<a href=""https://www.imdb.com/title/tt0040724"" target=""_blank"">tt0040724</a>","<a href=""https://www.imdb.com/title/tt0040724"" target=""_blank"">Red River</a>"
"tt0053619","L'Avventura",1960,1287,7.7,35523,144,"Michelangelo Antonioni","Michelangelo Antonioni, Elio Bartolini, Tonino Guerra","Drama, Mystery, Romance","<a href=""https://www.imdb.com/title/tt0053619"" target=""_blank"">tt0053619</a>","<a href=""https://www.imdb.com/title/tt0053619"" target=""_blank"">L'Avventura</a>"
"tt0062467","Wait Until Dark",1967,1288,7.7,35423,108,"Terence Young","Frederick Knott, Robert Carrington, Jane-Howard Hammerstein","Thriller","<a href=""https://www.imdb.com/title/tt0062467"" target=""_blank"">tt0062467</a>","<a href=""https://www.imdb.com/title/tt0062467"" target=""_blank"">Wait Until Dark</a>"
"tt7098658","Raazi",2018,1289,7.7,35141,138,"Meghna Gulzar","Harinder S. Sikka, Meghna Gulzar, Bhavani Iyer","Action, Drama, Thriller","<a href=""https://www.imdb.com/title/tt7098658"" target=""_blank"">tt7098658</a>","<a href=""https://www.imdb.com/title/tt7098658"" target=""_blank"">Raazi</a>"
"tt0880502","The Edge of Heaven",2007,1290,7.7,34823,116,"Fatih Akin","Fatih Akin","Drama","<a href=""https://www.imdb.com/title/tt0880502"" target=""_blank"">tt0880502</a>","<a href=""https://www.imdb.com/title/tt0880502"" target=""_blank"">The Edge of Heaven</a>"
"tt0055018","The Innocents",1961,1291,7.7,34802,100,"Jack Clayton","Henry James, John Mortimer, William Archibald, Truman Capote","Drama, Horror, Mystery","<a href=""https://www.imdb.com/title/tt0055018"" target=""_blank"">tt0055018</a>","<a href=""https://www.imdb.com/title/tt0055018"" target=""_blank"">The Innocents</a>"
"tt7961060","Dragon Ball Super: Broly",2018,1292,7.7,34747,100,"Tatsuya Nagamine","Akira Toriyama","Action, Adventure, Animation","<a href=""https://www.imdb.com/title/tt7961060"" target=""_blank"">tt7961060</a>","<a href=""https://www.imdb.com/title/tt7961060"" target=""_blank"">Dragon Ball Super: Broly</a>"
"tt0119250","Fireworks",1997,1293,7.7,34559,103,"Takeshi Kitano","Takeshi Kitano","Crime, Drama, Romance","<a href=""https://www.imdb.com/title/tt0119250"" target=""_blank"">tt0119250</a>","<a href=""https://www.imdb.com/title/tt0119250"" target=""_blank"">Fireworks</a>"
"tt20561198","The Promised Land",2023,1294,7.7,34271,127,"Nikolaj Arcel","Nikolaj Arcel, Anders Thomas Jensen, Ida Jessen","Action, Biography, Drama","<a href=""https://www.imdb.com/title/tt20561198"" target=""_blank"">tt20561198</a>","<a href=""https://www.imdb.com/title/tt20561198"" target=""_blank"">The Promised Land</a>"
"tt7268738","Minnal Murali",2021,1295,7.8,33879,158,"Basil Joseph","Arun Anirudhan, Justin Mathew","Action, Comedy, Drama","<a href=""https://www.imdb.com/title/tt7268738"" target=""_blank"">tt7268738</a>","<a href=""https://www.imdb.com/title/tt7268738"" target=""_blank"">Minnal Murali</a>"
"tt0058450","The Umbrellas of Cherbourg",1964,1296,7.8,33454,91,"Jacques Demy","Jacques Demy","Drama, Musical, Romance","<a href=""https://www.imdb.com/title/tt0058450"" target=""_blank"">tt0058450</a>","<a href=""https://www.imdb.com/title/tt0058450"" target=""_blank"">The Umbrellas of Cherbourg</a>"
"tt0055824","Cape Fear",1962,1297,7.7,33444,106,"J. Lee Thompson","John D. MacDonald, James R. Webb","Drama, Thriller","<a href=""https://www.imdb.com/title/tt0055824"" target=""_blank"">tt0055824</a>","<a href=""https://www.imdb.com/title/tt0055824"" target=""_blank"">Cape Fear</a>"
"tt4434004","Udta Punjab",2016,1298,7.7,33364,148,"Abhishek Chaubey","Sudip Sharma, Abhishek Chaubey","Crime, Drama","<a href=""https://www.imdb.com/title/tt4434004"" target=""_blank"">tt4434004</a>","<a href=""https://www.imdb.com/title/tt4434004"" target=""_blank"">Udta Punjab</a>"
"tt8130968","Badla",2019,1299,7.7,32610,118,"Sujoy Ghosh","Oriol Paulo, Sujoy Ghosh, Raj Vasant","Crime, Drama, Mystery","<a href=""https://www.imdb.com/title/tt8130968"" target=""_blank"">tt8130968</a>","<a href=""https://www.imdb.com/title/tt8130968"" target=""_blank"">Badla</a>"
"tt14079374","14 Peaks: Nothing Is Impossible",2021,1300,7.7,32157,101,"Torquil Jones","Gabriel Clarke, Torquil Jones","Adventure, Documentary, Sport","<a href=""https://www.imdb.com/title/tt14079374"" target=""_blank"">tt14079374</a>","<a href=""https://www.imdb.com/title/tt14079374"" target=""_blank"">14 Peaks: Nothing Is Impossible</a>"
"tt0023427","Scarface",1932,1301,7.7,32081,93,"Howard Hawks, Richard Rosson","Armitage Trail, Ben Hecht, Seton I. Miller, John Lee Mahin, W.R. Burnett, Howard Hawks, Fred Pasley","Action, Crime, Drama","<a href=""https://www.imdb.com/title/tt0023427"" target=""_blank"">tt0023427</a>","<a href=""https://www.imdb.com/title/tt0023427"" target=""_blank"">Scarface</a>"
"tt17041964","Navalny",2022,1302,7.7,31894,99,"Daniel Roher",NA,"Biography, Documentary","<a href=""https://www.imdb.com/title/tt17041964"" target=""_blank"">tt17041964</a>","<a href=""https://www.imdb.com/title/tt17041964"" target=""_blank"">Navalny</a>"
"tt0042208","The Asphalt Jungle",1950,1303,7.8,31774,112,"John Huston","Ben Maddow, John Huston, W.R. Burnett","Crime, Drama, Film-Noir","<a href=""https://www.imdb.com/title/tt0042208"" target=""_blank"">tt0042208</a>","<a href=""https://www.imdb.com/title/tt0042208"" target=""_blank"">The Asphalt Jungle</a>"
"tt2321405","My Life as a Zucchini",2016,1304,7.8,31505,70,"Claude Barras","Céline Sciamma, Claude Barras, Morgan Navarro, Germano Zullo, Gilles Paris, Christian La Monte, Michael Sinterniklaas","Animation, Comedy, Drama","<a href=""https://www.imdb.com/title/tt2321405"" target=""_blank"">tt2321405</a>","<a href=""https://www.imdb.com/title/tt2321405"" target=""_blank"">My Life as a Zucchini</a>"
"tt0046816","The Caine Mutiny",1954,1305,7.7,31369,124,"Edward Dmytryk","Stanley Roberts, Michael Blankfort, Herman Wouk","Drama, War","<a href=""https://www.imdb.com/title/tt0046816"" target=""_blank"">tt0046816</a>","<a href=""https://www.imdb.com/title/tt0046816"" target=""_blank"">The Caine Mutiny</a>"
"tt0076740","Sorcerer",1977,1306,7.7,31352,121,"William Friedkin","Walon Green, Georges Arnaud, William Friedkin","Adventure, Drama, Thriller","<a href=""https://www.imdb.com/title/tt0076740"" target=""_blank"">tt0076740</a>","<a href=""https://www.imdb.com/title/tt0076740"" target=""_blank"">Sorcerer</a>"
"tt6108090","Secret Superstar",2017,1307,7.7,31206,150,"Advait Chandan","Advait Chandan","Drama, Music","<a href=""https://www.imdb.com/title/tt6108090"" target=""_blank"">tt6108090</a>","<a href=""https://www.imdb.com/title/tt6108090"" target=""_blank"">Secret Superstar</a>"
"tt0100998","Dreams",1990,1308,7.7,31179,119,"Akira Kurosawa, Ishirô Honda","Akira Kurosawa, Ishirô Honda","Drama, Fantasy","<a href=""https://www.imdb.com/title/tt0100998"" target=""_blank"">tt0100998</a>","<a href=""https://www.imdb.com/title/tt0100998"" target=""_blank"">Dreams</a>"
"tt7218518","Pad Man",2018,1309,7.8,30934,140,"R Balki","R Balki, Swanand Kirkire","Comedy, Drama","<a href=""https://www.imdb.com/title/tt7218518"" target=""_blank"">tt7218518</a>","<a href=""https://www.imdb.com/title/tt7218518"" target=""_blank"">Pad Man</a>"
"tt11382384","The Dissident",2020,1310,7.8,30878,119,"Bryan Fogel","Mark Monroe, Bryan Fogel","Crime, Documentary, Thriller","<a href=""https://www.imdb.com/title/tt11382384"" target=""_blank"">tt11382384</a>","<a href=""https://www.imdb.com/title/tt11382384"" target=""_blank"">The Dissident</a>"
"tt2331143","Like Father, Like Son",2013,1311,7.8,29890,121,"Hirokazu Koreeda","Hirokazu Koreeda","Drama","<a href=""https://www.imdb.com/title/tt2331143"" target=""_blank"">tt2331143</a>","<a href=""https://www.imdb.com/title/tt2331143"" target=""_blank"">Like Father, Like Son</a>"
"tt0039192","Black Narcissus",1947,1312,7.7,29854,101,"Michael Powell, Emeric Pressburger","Rumer Godden, Michael Powell, Emeric Pressburger","Drama","<a href=""https://www.imdb.com/title/tt0039192"" target=""_blank"">tt0039192</a>","<a href=""https://www.imdb.com/title/tt0039192"" target=""_blank"">Black Narcissus</a>"
"tt0055852","Cléo from 5 to 7",1962,1313,7.8,29787,90,"Agnès Varda","Agnès Varda","Comedy, Drama, Music","<a href=""https://www.imdb.com/title/tt0055852"" target=""_blank"">tt0055852</a>","<a href=""https://www.imdb.com/title/tt0055852"" target=""_blank"">Cléo from 5 to 7</a>"
"tt4900716","Kapoor & Sons",2016,1314,7.7,29781,132,"Shakun Batra","Shakun Batra, Ayesha DeVitre, Spandan Mishra","Comedy, Crime, Drama","<a href=""https://www.imdb.com/title/tt4900716"" target=""_blank"">tt4900716</a>","<a href=""https://www.imdb.com/title/tt4900716"" target=""_blank"">Kapoor & Sons</a>"
"tt3901826","The Breadwinner",2017,1315,7.7,29726,94,"Nora Twomey","Anita Doron, Deborah Ellis","Animation, Drama, War","<a href=""https://www.imdb.com/title/tt3901826"" target=""_blank"">tt3901826</a>","<a href=""https://www.imdb.com/title/tt3901826"" target=""_blank"">The Breadwinner</a>"
"tt15433956","Hanu Man",2024,1316,7.7,29472,158,"Prasanth Varma","Prasanth Varma","Action, Adventure, Fantasy","<a href=""https://www.imdb.com/title/tt15433956"" target=""_blank"">tt15433956</a>","<a href=""https://www.imdb.com/title/tt15433956"" target=""_blank"">Hanu Man</a>"
"tt0030993","You Can't Take It with You",1938,1317,7.8,29426,126,"Frank Capra","Robert Riskin, George S. Kaufman, Moss Hart","Comedy, Drama, Romance","<a href=""https://www.imdb.com/title/tt0030993"" target=""_blank"">tt0030993</a>","<a href=""https://www.imdb.com/title/tt0030993"" target=""_blank"">You Can't Take It with You</a>"
"tt0318411","The Magdalene Sisters",2002,1318,7.7,29365,114,"Peter Mullan","Peter Mullan","Drama","<a href=""https://www.imdb.com/title/tt0318411"" target=""_blank"">tt0318411</a>","<a href=""https://www.imdb.com/title/tt0318411"" target=""_blank"">The Magdalene Sisters</a>"
"tt0048356","Marty",1955,1319,7.7,29079,90,"Delbert Mann","Paddy Chayefsky","Drama, Romance","<a href=""https://www.imdb.com/title/tt0048356"" target=""_blank"">tt0048356</a>","<a href=""https://www.imdb.com/title/tt0048356"" target=""_blank"">Marty</a>"
"tt2258337","Eega",2012,1320,7.7,29071,145,"S.S. Rajamouli","S.S. Rajamouli, Janardhana Maharshi, Crazy Mohan, Vijayendra Prasad, Mankombu Gopalakrishnan, S.S. Kanchi, Anuj Gurwara","Action, Comedy, Drama","<a href=""https://www.imdb.com/title/tt2258337"" target=""_blank"">tt2258337</a>","<a href=""https://www.imdb.com/title/tt2258337"" target=""_blank"">Eega</a>"
"tt26660021","Aavesham",2024,1321,7.8,29047,155,"Jithu Madhavan","Jithu Madhavan","Action, Comedy","<a href=""https://www.imdb.com/title/tt26660021"" target=""_blank"">tt26660021</a>","<a href=""https://www.imdb.com/title/tt26660021"" target=""_blank"">Aavesham</a>"
"tt0069495","What's Up, Doc?",1972,1322,7.7,28922,94,"Peter Bogdanovich","Buck Henry, David Newman, Robert Benton, Peter Bogdanovich","Comedy, Romance","<a href=""https://www.imdb.com/title/tt0069495"" target=""_blank"">tt0069495</a>","<a href=""https://www.imdb.com/title/tt0069495"" target=""_blank"">What's Up, Doc?</a>"
"tt0082783","My Dinner with Andre",1981,1323,7.7,28474,110,"Louis Malle","Wallace Shawn, Andre Gregory","Comedy, Drama","<a href=""https://www.imdb.com/title/tt0082783"" target=""_blank"">tt0082783</a>","<a href=""https://www.imdb.com/title/tt0082783"" target=""_blank"">My Dinner with Andre</a>"
"tt0033729","How Green Was My Valley",1941,1324,7.7,28056,118,"John Ford","Philip Dunne, Richard Llewellyn","Drama, Family","<a href=""https://www.imdb.com/title/tt0033729"" target=""_blank"">tt0033729</a>","<a href=""https://www.imdb.com/title/tt0033729"" target=""_blank"">How Green Was My Valley</a>"
"tt0062136","Playtime",1967,1325,7.8,27989,155,"Jacques Tati","Jacques Tati, Jacques Lagrange, Art Buchwald","Comedy","<a href=""https://www.imdb.com/title/tt0062136"" target=""_blank"">tt0062136</a>","<a href=""https://www.imdb.com/title/tt0062136"" target=""_blank"">Playtime</a>"
"tt0038574","Great Expectations",1946,1326,7.8,27566,118,"David Lean","Charles Dickens, David Lean, Ronald Neame, Anthony Havelock-Allan, Kay Walsh, Cecil McGivern","Adventure, Drama, Mystery","<a href=""https://www.imdb.com/title/tt0038574"" target=""_blank"">tt0038574</a>","<a href=""https://www.imdb.com/title/tt0038574"" target=""_blank"">Great Expectations</a>"
"tt0038762","My Darling Clementine",1946,1327,7.7,27338,97,"John Ford, Lloyd Bacon","Samuel G. Engel, Winston Miller, Sam Hellman, Stuart N. Lake","Drama, Romance, Western","<a href=""https://www.imdb.com/title/tt0038762"" target=""_blank"">tt0038762</a>","<a href=""https://www.imdb.com/title/tt0038762"" target=""_blank"">My Darling Clementine</a>"
"tt5311542","Never Look Away",2018,1328,7.7,27207,189,"Florian Henckel von Donnersmarck","Florian Henckel von Donnersmarck","Biography, Drama, Romance","<a href=""https://www.imdb.com/title/tt5311542"" target=""_blank"">tt5311542</a>","<a href=""https://www.imdb.com/title/tt5311542"" target=""_blank"">Never Look Away</a>"
"tt0118767","Brother",1997,1329,7.8,26970,99,"Aleksey Balabanov","Aleksey Balabanov","Crime, Drama, Thriller","<a href=""https://www.imdb.com/title/tt0118767"" target=""_blank"">tt0118767</a>","<a href=""https://www.imdb.com/title/tt0118767"" target=""_blank"">Brother</a>"
"tt0323013","Lakshya",2004,1330,7.8,26938,186,"Farhan Akhtar","Javed Akhtar, Karan Kashyap, Karan Vishwanath Kashyap","Action, Drama, Romance","<a href=""https://www.imdb.com/title/tt0323013"" target=""_blank"">tt0323013</a>","<a href=""https://www.imdb.com/title/tt0323013"" target=""_blank"">Lakshya</a>"
"tt0078902","Breaking Away",1979,1331,7.7,26737,101,"Peter Yates","Steve Tesich","Comedy, Drama, Sport","<a href=""https://www.imdb.com/title/tt0078902"" target=""_blank"">tt0078902</a>","<a href=""https://www.imdb.com/title/tt0078902"" target=""_blank"">Breaking Away</a>"
"tt1447500","Magadheera",2009,1332,7.7,26580,166,"S.S. Rajamouli","Mankombu Gopalakrishnan, S.S. Kanchi, Prasad Varma Penmatsa, Vijayendra Prasad, S.S. Rajamouli, M. Rathnam, Gautam Siddhartha","Action, Drama, Fantasy","<a href=""https://www.imdb.com/title/tt1447500"" target=""_blank"">tt1447500</a>","<a href=""https://www.imdb.com/title/tt1447500"" target=""_blank"">Magadheera</a>"
"tt15109082","The Quiet Girl",2022,1333,7.7,26325,95,"Colm Bairéad","Claire Keegan, Colm Bairéad","Drama","<a href=""https://www.imdb.com/title/tt15109082"" target=""_blank"">tt15109082</a>","<a href=""https://www.imdb.com/title/tt15109082"" target=""_blank"">The Quiet Girl</a>"
"tt0075824","That Obscure Object of Desire",1977,1334,7.8,26287,103,"Luis Buñuel","Luis Buñuel, Jean-Claude Carrière, Pierre Louÿs","Comedy, Drama, Romance","<a href=""https://www.imdb.com/title/tt0075824"" target=""_blank"">tt0075824</a>","<a href=""https://www.imdb.com/title/tt0075824"" target=""_blank"">That Obscure Object of Desire</a>"
"tt0043924","A Place in the Sun",1951,1335,7.7,25990,122,"George Stevens","Theodore Dreiser, Patrick Kearney, Michael Wilson, Harry Brown","Drama, Romance","<a href=""https://www.imdb.com/title/tt0043924"" target=""_blank"">tt0043924</a>","<a href=""https://www.imdb.com/title/tt0043924"" target=""_blank"">A Place in the Sun</a>"
"tt0499375","Guru",2007,1336,7.7,25710,166,"Mani Ratnam","Mani Ratnam, Vijay Krishna Acharya, Anurag Kashyap, Sujatha, Suhasini","Drama","<a href=""https://www.imdb.com/title/tt0499375"" target=""_blank"">tt0499375</a>","<a href=""https://www.imdb.com/title/tt0499375"" target=""_blank"">Guru</a>"
"tt4981966","24",2016,1337,7.8,25525,164,"Vikram K. Kumar","Vikram Kumar, Vikram K. Kumar","Action, Comedy, Drama","<a href=""https://www.imdb.com/title/tt4981966"" target=""_blank"">tt4981966</a>","<a href=""https://www.imdb.com/title/tt4981966"" target=""_blank"">24</a>"
"tt0047849","Bad Day at Black Rock",1955,1338,7.7,25418,81,"John Sturges","Millard Kaufman, Don McGuire, Howard Breslin","Crime, Drama, Mystery","<a href=""https://www.imdb.com/title/tt0047849"" target=""_blank"">tt0047849</a>","<a href=""https://www.imdb.com/title/tt0047849"" target=""_blank"">Bad Day at Black Rock</a>"
"tt4285496","Embrace of the Serpent",2015,1339,7.8,25312,125,"Ciro Guerra","Cristina Gallego, Ciro Guerra, Theodor Koch-Grünberg, Richard Evans Schultes, Jacques Toulemonde Vidal","Adventure, Biography, Drama","<a href=""https://www.imdb.com/title/tt4285496"" target=""_blank"">tt4285496</a>","<a href=""https://www.imdb.com/title/tt4285496"" target=""_blank"">Embrace of the Serpent</a>"
"tt30970235","Article 370",2024,1340,7.8,25202,158,"Aditya Suhas Jambhale","Aditya Dhar, Monal Thaakar, Aditya Suhas Jambhale, Aarsh Vora, Arjun Dhawan","Action, Drama, Thriller","<a href=""https://www.imdb.com/title/tt30970235"" target=""_blank"">tt30970235</a>","<a href=""https://www.imdb.com/title/tt30970235"" target=""_blank"">Article 370</a>"
"tt23554840","The Vaccine War",2023,1341,7.7,25175,161,"Vivek Agnihotri","Vivek Agnihotri","Drama, Thriller","<a href=""https://www.imdb.com/title/tt23554840"" target=""_blank"">tt23554840</a>","<a href=""https://www.imdb.com/title/tt23554840"" target=""_blank"">The Vaccine War</a>"
"tt0057163","Hud",1963,1342,7.8,25137,112,"Martin Ritt","Irving Ravetch, Harriet Frank Jr., Larry McMurtry","Drama, Western","<a href=""https://www.imdb.com/title/tt0057163"" target=""_blank"">tt0057163</a>","<a href=""https://www.imdb.com/title/tt0057163"" target=""_blank"">Hud</a>"
"tt1051907","For Love and Honor",2007,1343,7.8,25082,140,"Ömer Vargi","Yavuz Turgul","Crime, Drama","<a href=""https://www.imdb.com/title/tt1051907"" target=""_blank"">tt1051907</a>","<a href=""https://www.imdb.com/title/tt1051907"" target=""_blank"">For Love and Honor</a>"
"tt0038669","The Killers",1946,1344,7.7,25076,103,"Robert Siodmak","Anthony Veiller, Ernest Hemingway, John Huston, Richard Brooks","Crime, Drama, Film-Noir","<a href=""https://www.imdb.com/title/tt0038669"" target=""_blank"">tt0038669</a>","<a href=""https://www.imdb.com/title/tt0038669"" target=""_blank"">The Killers</a>"
"tt0145487","Spider-Man",2002,1345,7.4,927925,121,"Sam Raimi","Stan Lee, Steve Ditko, David Koepp","Action, Adventure, Sci-Fi","<a href=""https://www.imdb.com/title/tt0145487"" target=""_blank"">tt0145487</a>","<a href=""https://www.imdb.com/title/tt0145487"" target=""_blank"">Spider-Man</a>"
"tt0383574","Pirates of the Caribbean: Dead Man's Chest",2006,1346,7.4,800862,151,"Gore Verbinski","Ted Elliott, Terry Rossio, Stuart Beattie, Jay Wolpert","Action, Adventure, Fantasy","<a href=""https://www.imdb.com/title/tt0383574"" target=""_blank"">tt0383574</a>","<a href=""https://www.imdb.com/title/tt0383574"" target=""_blank"">Pirates of the Caribbean: Dead Man's Chest</a>"
"tt2250912","Spider-Man: Homecoming",2017,1347,7.4,761720,133,"Jon Watts","Jonathan Goldstein, John Francis Daley, Jon Watts, Christopher Ford, Chris McKenna, Erik Sommers, Stan Lee, Steve Ditko, Joe Simon, Jack Kirby","Action, Adventure, Sci-Fi","<a href=""https://www.imdb.com/title/tt2250912"" target=""_blank"">tt2250912</a>","<a href=""https://www.imdb.com/title/tt2250912"" target=""_blank"">Spider-Man: Homecoming</a>"
"tt0295297","Harry Potter and the Chamber of Secrets",2002,1348,7.4,733247,161,"Chris Columbus","J.K. Rowling, Steve Kloves","Adventure, Family, Fantasy","<a href=""https://www.imdb.com/title/tt0295297"" target=""_blank"">tt0295297</a>","<a href=""https://www.imdb.com/title/tt0295297"" target=""_blank"">Harry Potter and the Chamber of Secrets</a>"
"tt2294629","Frozen",2013,1349,7.4,691332,102,"Chris Buck, Jennifer Lee","Jennifer Lee, Hans Christian Andersen, Chris Buck, Shane Morris","Adventure, Animation, Comedy","<a href=""https://www.imdb.com/title/tt2294629"" target=""_blank"">tt2294629</a>","<a href=""https://www.imdb.com/title/tt2294629"" target=""_blank"">Frozen</a>"
"tt1219289","Limitless",2011,1350,7.4,631641,105,"Neil Burger","Leslie Dixon, Alan Glynn","Sci-Fi, Thriller","<a href=""https://www.imdb.com/title/tt1219289"" target=""_blank"">tt1219289</a>","<a href=""https://www.imdb.com/title/tt1219289"" target=""_blank"">Limitless</a>"
"tt1276104","Looper",2012,1351,7.4,618589,119,"Rian Johnson","Rian Johnson","Action, Drama, Sci-Fi","<a href=""https://www.imdb.com/title/tt1276104"" target=""_blank"">tt1276104</a>","<a href=""https://www.imdb.com/title/tt1276104"" target=""_blank"">Looper</a>"
"tt6320628","Spider-Man: Far from Home",2019,1352,7.4,602236,129,"Jon Watts","Chris McKenna, Erik Sommers, Stan Lee, Steve Ditko, Joe Simon, Jack Kirby","Action, Adventure, Comedy","<a href=""https://www.imdb.com/title/tt6320628"" target=""_blank"">tt6320628</a>","<a href=""https://www.imdb.com/title/tt6320628"" target=""_blank"">Spider-Man: Far from Home</a>"
"tt0290334","X2: X-Men United",2003,1353,7.4,599362,134,"Bryan Singer","Zak Penn, David Hayter, Bryan Singer, Michael Dougherty, Dan Harris","Action, Sci-Fi, Thriller","<a href=""https://www.imdb.com/title/tt0290334"" target=""_blank"">tt0290334</a>","<a href=""https://www.imdb.com/title/tt0290334"" target=""_blank"">X2: X-Men United</a>"
"tt2310332","The Hobbit: The Battle of the Five Armies",2014,1354,7.4,599255,144,"Peter Jackson","Fran Walsh, Philippa Boyens, Peter Jackson, Guillermo del Toro, J.R.R. Tolkien","Adventure, Fantasy","<a href=""https://www.imdb.com/title/tt2310332"" target=""_blank"">tt2310332</a>","<a href=""https://www.imdb.com/title/tt2310332"" target=""_blank"">The Hobbit: The Battle of the Five Armies</a>"
"tt1570728","Crazy, Stupid, Love.",2011,1355,7.4,595878,118,"Glenn Ficarra, John Requa","Dan Fogelman","Comedy, Drama, Romance","<a href=""https://www.imdb.com/title/tt1570728"" target=""_blank"">tt1570728</a>","<a href=""https://www.imdb.com/title/tt1570728"" target=""_blank"">Crazy, Stupid, Love.</a>"
"tt0467406","Juno",2007,1356,7.4,563908,96,"Jason Reitman","Diablo Cody","Comedy, Drama","<a href=""https://www.imdb.com/title/tt0467406"" target=""_blank"">tt0467406</a>","<a href=""https://www.imdb.com/title/tt0467406"" target=""_blank"">Juno</a>"
"tt1229238","Mission: Impossible - Ghost Protocol",2011,1357,7.4,551295,132,"Brad Bird","Bruce Geller, Josh Appelbaum, André Nemec","Action, Adventure, Thriller","<a href=""https://www.imdb.com/title/tt1229238"" target=""_blank"">tt1229238</a>","<a href=""https://www.imdb.com/title/tt1229238"" target=""_blank"">Mission: Impossible - Ghost Protocol</a>"
"tt4425200","John Wick: Chapter 2",2017,1358,7.4,545723,122,"Chad Stahelski","Derek Kolstad","Action, Crime, Thriller","<a href=""https://www.imdb.com/title/tt4425200"" target=""_blank"">tt4425200</a>","<a href=""https://www.imdb.com/title/tt4425200"" target=""_blank"">John Wick: Chapter 2</a>"
"tt0298148","Shrek 2",2004,1359,7.4,534207,93,"Andrew Adamson, Kelly Asbury, Conrad Vernon","William Steig, Andrew Adamson, Joe Stillman, J. David Stem, David N. Weiss, Cody Cameron, Walt Dohrn, Chris Miller, David P. Smith, Conrad Vernon","Adventure, Animation, Comedy","<a href=""https://www.imdb.com/title/tt0298148"" target=""_blank"">tt0298148</a>","<a href=""https://www.imdb.com/title/tt0298148"" target=""_blank"">Shrek 2</a>"
"tt1677720","Ready Player One",2018,1360,7.4,520559,140,"Steven Spielberg","Zak Penn, Ernest Cline","Action, Adventure, Sci-Fi","<a href=""https://www.imdb.com/title/tt1677720"" target=""_blank"">tt1677720</a>","<a href=""https://www.imdb.com/title/tt1677720"" target=""_blank"">Ready Player One</a>"
"tt0362227","The Terminal",2004,1361,7.4,516042,128,"Steven Spielberg","Andrew Niccol, Sacha Gervasi, Jeff Nathanson","Comedy, Drama, Romance","<a href=""https://www.imdb.com/title/tt0362227"" target=""_blank"">tt0362227</a>","<a href=""https://www.imdb.com/title/tt0362227"" target=""_blank"">The Terminal</a>"
"tt1515091","Sherlock Holmes: A Game of Shadows",2011,1362,7.4,493898,129,"Guy Ritchie","Michele Mulroney, Kieran Mulroney, Arthur Conan Doyle","Action, Adventure, Mystery","<a href=""https://www.imdb.com/title/tt1515091"" target=""_blank"">tt1515091</a>","<a href=""https://www.imdb.com/title/tt1515091"" target=""_blank"">Sherlock Holmes: A Game of Shadows</a>"
"tt0443453","Borat",2006,1363,7.4,462101,84,"Larry Charles","Sacha Baron Cohen, Anthony Hines, Peter Baynham, Dan Mazer, Todd Phillips","Comedy","<a href=""https://www.imdb.com/title/tt0443453"" target=""_blank"">tt0443453</a>","<a href=""https://www.imdb.com/title/tt0443453"" target=""_blank"">Borat</a>"
"tt6146586","John Wick: Chapter 3 - Parabellum",2019,1364,7.4,458026,130,"Chad Stahelski","Derek Kolstad, Shay Hatten, Chris Collins, Marc Abrams","Action, Crime, Drama","<a href=""https://www.imdb.com/title/tt6146586"" target=""_blank"">tt6146586</a>","<a href=""https://www.imdb.com/title/tt6146586"" target=""_blank"">John Wick: Chapter 3 - Parabellum</a>"
"tt2381249","Mission: Impossible - Rogue Nation",2015,1365,7.4,432724,131,"Christopher McQuarrie","Bruce Geller, Christopher McQuarrie, Drew Pearce","Action, Adventure, Thriller","<a href=""https://www.imdb.com/title/tt2381249"" target=""_blank"">tt2381249</a>","<a href=""https://www.imdb.com/title/tt2381249"" target=""_blank"">Mission: Impossible - Rogue Nation</a>"
"tt0147800","10 Things I Hate About You",1999,1366,7.4,422617,97,"Gil Junger","Karen McCullah, Kirsten Smith, William Shakespeare","Comedy, Drama, Romance","<a href=""https://www.imdb.com/title/tt0147800"" target=""_blank"">tt0147800</a>","<a href=""https://www.imdb.com/title/tt0147800"" target=""_blank"">10 Things I Hate About You</a>"
"tt0117571","Scream",1996,1367,7.4,420035,111,"Wes Craven","Kevin Williamson","Horror, Mystery","<a href=""https://www.imdb.com/title/tt0117571"" target=""_blank"">tt0117571</a>","<a href=""https://www.imdb.com/title/tt0117571"" target=""_blank"">Scream</a>"
"tt3799694","The Nice Guys",2016,1368,7.4,397185,116,"Shane Black","Shane Black, Anthony Bagarozzi","Action, Comedy, Crime","<a href=""https://www.imdb.com/title/tt3799694"" target=""_blank"">tt3799694</a>","<a href=""https://www.imdb.com/title/tt3799694"" target=""_blank"">The Nice Guys</a>"
"tt1371111","Cloud Atlas",2012,1369,7.4,381887,172,"Tom Tykwer, Lana Wachowski, Lilly Wachowski","David Mitchell, Lana Wachowski, Tom Tykwer, Lilly Wachowski, Chris Lindsay","Drama, Mystery, Sci-Fi","<a href=""https://www.imdb.com/title/tt1371111"" target=""_blank"">tt1371111</a>","<a href=""https://www.imdb.com/title/tt1371111"" target=""_blank"">Cloud Atlas</a>"
"tt0117500","The Rock",1996,1370,7.4,371115,136,"Michael Bay","David Weisberg, Douglas Cook, Mark Rosner","Action, Adventure, Thriller","<a href=""https://www.imdb.com/title/tt0117500"" target=""_blank"">tt0117500</a>","<a href=""https://www.imdb.com/title/tt0117500"" target=""_blank"">The Rock</a>"
"tt1193138","Up in the Air",2009,1371,7.4,355985,109,"Jason Reitman","Walter Kirn, Jason Reitman, Sheldon Turner","Comedy, Drama, Romance","<a href=""https://www.imdb.com/title/tt1193138"" target=""_blank"">tt1193138</a>","<a href=""https://www.imdb.com/title/tt1193138"" target=""_blank"">Up in the Air</a>"
"tt7888964","Nobody",2021,1372,7.4,355383,92,"Ilya Naishuller","Derek Kolstad","Action, Crime, Drama","<a href=""https://www.imdb.com/title/tt7888964"" target=""_blank"">tt7888964</a>","<a href=""https://www.imdb.com/title/tt7888964"" target=""_blank"">Nobody</a>"
"tt4925292","Lady Bird",2017,1373,7.4,352818,94,"Greta Gerwig","Greta Gerwig","Comedy, Drama","<a href=""https://www.imdb.com/title/tt4925292"" target=""_blank"">tt4925292</a>","<a href=""https://www.imdb.com/title/tt4925292"" target=""_blank"">Lady Bird</a>"
"tt4975722","Moonlight",2016,1374,7.4,343004,111,"Barry Jenkins","Barry Jenkins, Tarell Alvin McCraney","Drama","<a href=""https://www.imdb.com/title/tt4975722"" target=""_blank"">tt4975722</a>","<a href=""https://www.imdb.com/title/tt4975722"" target=""_blank"">Moonlight</a>"
"tt5727208","Uncut Gems",2019,1375,7.4,336548,135,"Benny Safdie, Josh Safdie","Ronald Bronstein, Josh Safdie, Benny Safdie","Crime, Drama, Thriller","<a href=""https://www.imdb.com/title/tt5727208"" target=""_blank"">tt5727208</a>","<a href=""https://www.imdb.com/title/tt5727208"" target=""_blank"">Uncut Gems</a>"
"tt1197624","Law Abiding Citizen",2009,1376,7.4,335246,109,"F. Gary Gray","Kurt Wimmer","Action, Crime, Drama","<a href=""https://www.imdb.com/title/tt1197624"" target=""_blank"">tt1197624</a>","<a href=""https://www.imdb.com/title/tt1197624"" target=""_blank"">Law Abiding Citizen</a>"
"tt1790885","Zero Dark Thirty",2012,1377,7.4,331873,157,"Kathryn Bigelow","Mark Boal","Drama, History, Thriller","<a href=""https://www.imdb.com/title/tt1790885"" target=""_blank"">tt1790885</a>","<a href=""https://www.imdb.com/title/tt1790885"" target=""_blank"">Zero Dark Thirty</a>"
"tt4550098","Nocturnal Animals",2016,1378,7.4,329724,116,"Tom Ford","Tom Ford, Austin Wright","Drama, Thriller","<a href=""https://www.imdb.com/title/tt4550098"" target=""_blank"">tt4550098</a>","<a href=""https://www.imdb.com/title/tt4550098"" target=""_blank"">Nocturnal Animals</a>"
"tt2397535","Predestination",2014,1379,7.4,323712,97,"Michael Spierig, Peter Spierig","Michael Spierig, Peter Spierig, Robert A. Heinlein","Action, Drama, Sci-Fi","<a href=""https://www.imdb.com/title/tt2397535"" target=""_blank"">tt2397535</a>","<a href=""https://www.imdb.com/title/tt2397535"" target=""_blank"">Predestination</a>"
"tt3450958","War for the Planet of the Apes",2017,1380,7.4,317472,140,"Matt Reeves","Mark Bomback, Matt Reeves, Rick Jaffa, Amanda Silver, Pierre Boulle","Action, Adventure, Drama","<a href=""https://www.imdb.com/title/tt3450958"" target=""_blank"">tt3450958</a>","<a href=""https://www.imdb.com/title/tt3450958"" target=""_blank"">War for the Planet of the Apes</a>"
"tt0121164","Corpse Bride",2005,1381,7.4,315009,77,"Tim Burton, Mike Johnson","Tim Burton, Carlos Grangel, John August, Caroline Thompson, Pamela Pettler","Animation, Comedy, Drama","<a href=""https://www.imdb.com/title/tt0121164"" target=""_blank"">tt0121164</a>","<a href=""https://www.imdb.com/title/tt0121164"" target=""_blank"">Corpse Bride</a>"
"tt2674426","Me Before You",2016,1382,7.4,313483,110,"Thea Sharrock","Jojo Moyes","Drama, Romance","<a href=""https://www.imdb.com/title/tt2674426"" target=""_blank"">tt2674426</a>","<a href=""https://www.imdb.com/title/tt2674426"" target=""_blank"">Me Before You</a>"
"tt3263904","Sully",2016,1383,7.4,313066,96,"Clint Eastwood","Todd Komarnicki, Chesley Sullenberger, Jeffrey Zaslow","Biography, Drama","<a href=""https://www.imdb.com/title/tt3263904"" target=""_blank"">tt3263904</a>","<a href=""https://www.imdb.com/title/tt3263904"" target=""_blank"">Sully</a>"
"tt7984734","The Lighthouse",2019,1384,7.4,285160,109,"Robert Eggers","Robert Eggers, Max Eggers","Drama, Fantasy, Horror","<a href=""https://www.imdb.com/title/tt7984734"" target=""_blank"">tt7984734</a>","<a href=""https://www.imdb.com/title/tt7984734"" target=""_blank"">The Lighthouse</a>"
"tt0087800","A Nightmare on Elm Street",1984,1385,7.4,279158,91,"Wes Craven","Wes Craven","Horror","<a href=""https://www.imdb.com/title/tt0087800"" target=""_blank"">tt0087800</a>","<a href=""https://www.imdb.com/title/tt0087800"" target=""_blank"">A Nightmare on Elm Street</a>"
"tt0399146","A History of Violence",2005,1386,7.4,265533,96,"David Cronenberg","John Wagner, Vince Locke, Josh Olson","Action, Crime, Drama","<a href=""https://www.imdb.com/title/tt0399146"" target=""_blank"">tt0399146</a>","<a href=""https://www.imdb.com/title/tt0399146"" target=""_blank"">A History of Violence</a>"
"tt0134119","The Talented Mr. Ripley",1999,1387,7.4,262419,139,"Anthony Minghella","Patricia Highsmith, Anthony Minghella","Crime, Drama, Thriller","<a href=""https://www.imdb.com/title/tt0134119"" target=""_blank"">tt0134119</a>","<a href=""https://www.imdb.com/title/tt0134119"" target=""_blank"">The Talented Mr. Ripley</a>"
"tt0103874","Dracula",1992,1388,7.4,257088,128,"Francis Ford Coppola","Bram Stoker, James V. Hart","Fantasy, Horror, Romance","<a href=""https://www.imdb.com/title/tt0103874"" target=""_blank"">tt0103874</a>","<a href=""https://www.imdb.com/title/tt0103874"" target=""_blank"">Dracula</a>"
"tt0083907","The Evil Dead",1981,1389,7.4,243592,85,"Sam Raimi","Sam Raimi","Horror","<a href=""https://www.imdb.com/title/tt0083907"" target=""_blank"">tt0083907</a>","<a href=""https://www.imdb.com/title/tt0083907"" target=""_blank"">The Evil Dead</a>"
"tt0120917","The Emperor's New Groove",2000,1390,7.4,239086,78,"Mark Dindal","Chris Williams, Mark Dindal, David Reynolds, Stephen J. Anderson, Don Hall, John Norton, Roger Allers, Matthew Jacobs, Doug Frankel, Mark Kennedy, Mark Walton","Adventure, Animation, Comedy","<a href=""https://www.imdb.com/title/tt0120917"" target=""_blank"">tt0120917</a>","<a href=""https://www.imdb.com/title/tt0120917"" target=""_blank"">The Emperor's New Groove</a>"
"tt0275847","Lilo & Stitch",2002,1391,7.4,233193,85,"Dean DeBlois, Chris Sanders","Chris Sanders, Dean DeBlois","Adventure, Animation, Comedy","<a href=""https://www.imdb.com/title/tt0275847"" target=""_blank"">tt0275847</a>","<a href=""https://www.imdb.com/title/tt0275847"" target=""_blank"">Lilo & Stitch</a>"
"tt4555426","Darkest Hour",2017,1392,7.4,232298,125,"Joe Wright","Anthony McCarten","Biography, Drama, History","<a href=""https://www.imdb.com/title/tt4555426"" target=""_blank"">tt4555426</a>","<a href=""https://www.imdb.com/title/tt4555426"" target=""_blank"">Darkest Hour</a>"
"tt0333766","Garden State",2004,1393,7.4,226771,102,"Zach Braff","Zach Braff","Comedy, Drama, Romance","<a href=""https://www.imdb.com/title/tt0333766"" target=""_blank"">tt0333766</a>","<a href=""https://www.imdb.com/title/tt0333766"" target=""_blank"">Garden State</a>"
"tt0086960","Beverly Hills Cop",1984,1394,7.4,225134,105,"Martin Brest","Daniel Petrie Jr., Danilo Bach","Action, Comedy, Crime","<a href=""https://www.imdb.com/title/tt0086960"" target=""_blank"">tt0086960</a>","<a href=""https://www.imdb.com/title/tt0086960"" target=""_blank"">Beverly Hills Cop</a>"
"tt0074285","Carrie",1976,1395,7.4,219138,98,"Brian De Palma","Stephen King, Lawrence D. Cohen","Horror, Mystery","<a href=""https://www.imdb.com/title/tt0074285"" target=""_blank"">tt0074285</a>","<a href=""https://www.imdb.com/title/tt0074285"" target=""_blank"">Carrie</a>"
"tt1872194","The Judge",2014,1396,7.4,214327,141,"David Dobkin","Nick Schenk, Bill Dubuque, David Dobkin","Crime, Drama, Mystery","<a href=""https://www.imdb.com/title/tt1872194"" target=""_blank"">tt1872194</a>","<a href=""https://www.imdb.com/title/tt1872194"" target=""_blank"">The Judge</a>"
"tt12801262","Luca",2021,1397,7.4,211910,95,"Enrico Casarosa","Enrico Casarosa, Jesse Andrews, Simon Stephenson, Mike Jones, Julie Lynn, Randall Green","Adventure, Animation, Comedy","<a href=""https://www.imdb.com/title/tt12801262"" target=""_blank"">tt12801262</a>","<a href=""https://www.imdb.com/title/tt12801262"" target=""_blank"">Luca</a>"
"tt0116209","The English Patient",1996,1398,7.4,209265,162,"Anthony Minghella","Michael Ondaatje, Anthony Minghella","Drama, Romance, War","<a href=""https://www.imdb.com/title/tt0116209"" target=""_blank"">tt0116209</a>","<a href=""https://www.imdb.com/title/tt0116209"" target=""_blank"">The English Patient</a>"
"tt1038988","REC",2007,1399,7.4,208318,78,"Jaume Balagueró, Paco Plaza","Jaume Balagueró, Luiso Berdejo, Paco Plaza","Horror, Mystery, Thriller","<a href=""https://www.imdb.com/title/tt1038988"" target=""_blank"">tt1038988</a>","<a href=""https://www.imdb.com/title/tt1038988"" target=""_blank"">REC</a>"
"tt20215234","Conclave",2024,1400,7.4,204534,120,"Edward Berger","Peter Straughan, Robert Harris","Drama, Thriller","<a href=""https://www.imdb.com/title/tt20215234"" target=""_blank"">tt20215234</a>","<a href=""https://www.imdb.com/title/tt20215234"" target=""_blank"">Conclave</a>"
"tt0106308","Army of Darkness",1992,1401,7.4,202909,81,"Sam Raimi","Sam Raimi, Ivan Raimi","Comedy, Horror","<a href=""https://www.imdb.com/title/tt0106308"" target=""_blank"">tt0106308</a>","<a href=""https://www.imdb.com/title/tt0106308"" target=""_blank"">Army of Darkness</a>"
"tt9484998","Palm Springs",2020,1402,7.4,201105,90,"Max Barbakow","Andy Siara, Max Barbakow","Comedy, Fantasy, Mystery","<a href=""https://www.imdb.com/title/tt9484998"" target=""_blank"">tt9484998</a>","<a href=""https://www.imdb.com/title/tt9484998"" target=""_blank"">Palm Springs</a>"
"tt0072271","The Texas Chain Saw Massacre",1974,1403,7.4,199704,83,"Tobe Hooper","Kim Henkel, Tobe Hooper","Horror","<a href=""https://www.imdb.com/title/tt0072271"" target=""_blank"">tt0072271</a>","<a href=""https://www.imdb.com/title/tt0072271"" target=""_blank"">The Texas Chain Saw Massacre</a>"
"tt0272152","K-PAX",2001,1404,7.4,197934,120,"Iain Softley","Gene Brewer, Charles Leavitt","Drama, Mystery, Sci-Fi","<a href=""https://www.imdb.com/title/tt0272152"" target=""_blank"">tt0272152</a>","<a href=""https://www.imdb.com/title/tt0272152"" target=""_blank"">K-PAX</a>"
"tt4209788","Molly's Game",2017,1405,7.4,197626,140,"Aaron Sorkin","Aaron Sorkin, Molly Bloom","Biography, Crime, Drama","<a href=""https://www.imdb.com/title/tt4209788"" target=""_blank"">tt4209788</a>","<a href=""https://www.imdb.com/title/tt4209788"" target=""_blank"">Molly's Game</a>"
"tt0078346","Superman",1978,1406,7.4,197263,143,"Richard Donner","Jerry Siegel, Joe Shuster, Mario Puzo, David Newman, Leslie Newman, Robert Benton, Tom Mankiewicz","Action, Adventure, Sci-Fi","<a href=""https://www.imdb.com/title/tt0078346"" target=""_blank"">tt0078346</a>","<a href=""https://www.imdb.com/title/tt0078346"" target=""_blank"">Superman</a>"
"tt0146882","High Fidelity",2000,1407,7.4,195622,113,"Stephen Frears","Nick Hornby, D.V. DeVincentis, Steve Pink, John Cusack, Scott Rosenberg","Comedy, Drama, Music","<a href=""https://www.imdb.com/title/tt0146882"" target=""_blank"">tt0146882</a>","<a href=""https://www.imdb.com/title/tt0146882"" target=""_blank"">High Fidelity</a>"
"tt1935179","Mud",2012,1408,7.4,195272,130,"Jeff Nichols","Jeff Nichols","Adventure, Drama","<a href=""https://www.imdb.com/title/tt1935179"" target=""_blank"">tt1935179</a>","<a href=""https://www.imdb.com/title/tt1935179"" target=""_blank"">Mud</a>"
"tt0177789","Galaxy Quest",1999,1409,7.4,186490,102,"Dean Parisot","David Howard, Robert Gordon","Adventure, Comedy, Sci-Fi","<a href=""https://www.imdb.com/title/tt0177789"" target=""_blank"">tt0177789</a>","<a href=""https://www.imdb.com/title/tt0177789"" target=""_blank"">Galaxy Quest</a>"
"tt16419074","Air",2023,1410,7.4,185291,111,"Ben Affleck","Alex Convery","Drama, Sport","<a href=""https://www.imdb.com/title/tt16419074"" target=""_blank"">tt16419074</a>","<a href=""https://www.imdb.com/title/tt16419074"" target=""_blank"">Air</a>"
"tt7146812","Onward",2020,1411,7.4,180058,102,"Dan Scanlon","Dan Scanlon, Keith Bunin, Jason Headley","Adventure, Animation, Comedy","<a href=""https://www.imdb.com/title/tt7146812"" target=""_blank"">tt7146812</a>","<a href=""https://www.imdb.com/title/tt7146812"" target=""_blank"">Onward</a>"
"tt0073629","The Rocky Horror Picture Show",1975,1412,7.4,175721,100,"Jim Sharman","Richard O'Brien, Jim Sharman","Comedy, Horror, Musical","<a href=""https://www.imdb.com/title/tt0073629"" target=""_blank"">tt0073629</a>","<a href=""https://www.imdb.com/title/tt0073629"" target=""_blank"">The Rocky Horror Picture Show</a>"
"tt1242460","We Need to Talk About Kevin",2011,1413,7.4,175372,112,"Lynne Ramsay","Lynne Ramsay, Rory Stewart Kinnear, Lionel Shriver","Drama, Mystery, Thriller","<a href=""https://www.imdb.com/title/tt1242460"" target=""_blank"">tt1242460</a>","<a href=""https://www.imdb.com/title/tt1242460"" target=""_blank"">We Need to Talk About Kevin</a>"
"tt1980929","Begin Again",2013,1414,7.4,172536,104,"John Carney","John Carney","Comedy, Drama, Music","<a href=""https://www.imdb.com/title/tt1980929"" target=""_blank"">tt1980929</a>","<a href=""https://www.imdb.com/title/tt1980929"" target=""_blank"">Begin Again</a>"
"tt1262426","Wicked",2024,1415,7.4,169496,160,"Jon M. Chu","Winnie Holzman, Dana Fox, Gregory Maguire, L. Frank Baum","Fantasy, Musical, Romance","<a href=""https://www.imdb.com/title/tt1262426"" target=""_blank"">tt1262426</a>","<a href=""https://www.imdb.com/title/tt1262426"" target=""_blank"">Wicked</a>"
"tt2042568","Inside Llewyn Davis",2013,1416,7.4,168348,104,"Ethan Coen, Joel Coen","Joel Coen, Ethan Coen","Drama, Music","<a href=""https://www.imdb.com/title/tt2042568"" target=""_blank"">tt2042568</a>","<a href=""https://www.imdb.com/title/tt2042568"" target=""_blank"">Inside Llewyn Davis</a>"
"tt0464141","The Orphanage",2007,1417,7.4,167768,105,"J.A. Bayona","Sergio G. Sánchez","Drama, Horror, Mystery","<a href=""https://www.imdb.com/title/tt0464141"" target=""_blank"">tt0464141</a>","<a href=""https://www.imdb.com/title/tt0464141"" target=""_blank"">The Orphanage</a>"
"tt2386490","How to Train Your Dragon: The Hidden World",2019,1418,7.4,167199,104,"Dean DeBlois","Dean DeBlois, Cressida Cowell","Action, Adventure, Animation","<a href=""https://www.imdb.com/title/tt2386490"" target=""_blank"">tt2386490</a>","<a href=""https://www.imdb.com/title/tt2386490"" target=""_blank"">How to Train Your Dragon: The Hidden World</a>"
"tt0385002","Green Street Hooligans",2005,1419,7.4,167145,109,"Lexi Alexander","Lexi Alexander, Dougie Brimson, Josh Shelov","Crime, Drama, Sport","<a href=""https://www.imdb.com/title/tt0385002"" target=""_blank"">tt0385002</a>","<a href=""https://www.imdb.com/title/tt0385002"" target=""_blank"">Green Street Hooligans</a>"
"tt1727388","The Way Way Back",2013,1420,7.4,161061,103,"Nat Faxon, Jim Rash","Nat Faxon, Jim Rash","Comedy, Drama","<a href=""https://www.imdb.com/title/tt1727388"" target=""_blank"">tt1727388</a>","<a href=""https://www.imdb.com/title/tt1727388"" target=""_blank"">The Way Way Back</a>"
"tt5776858","Phantom Thread",2017,1421,7.4,152340,130,"Paul Thomas Anderson","Paul Thomas Anderson","Drama, Romance","<a href=""https://www.imdb.com/title/tt5776858"" target=""_blank"">tt5776858</a>","<a href=""https://www.imdb.com/title/tt5776858"" target=""_blank"">Phantom Thread</a>"
"tt0125664","Man on the Moon",1999,1422,7.4,141196,118,"Milos Forman","Scott Alexander, Larry Karaszewski","Biography, Comedy, Drama","<a href=""https://www.imdb.com/title/tt0125664"" target=""_blank"">tt0125664</a>","<a href=""https://www.imdb.com/title/tt0125664"" target=""_blank"">Man on the Moon</a>"
"tt0077975","National Lampoon's Animal House",1978,1423,7.4,133303,109,"John Landis","Harold Ramis, Douglas Kenney, Chris Miller","Comedy","<a href=""https://www.imdb.com/title/tt0077975"" target=""_blank"">tt0077975</a>","<a href=""https://www.imdb.com/title/tt0077975"" target=""_blank"">National Lampoon's Animal House</a>"
"tt0112740","Crimson Tide",1995,1424,7.4,131267,116,"Tony Scott","Michael Schiffer, Richard P. Henrick","Action, Drama, Thriller","<a href=""https://www.imdb.com/title/tt0112740"" target=""_blank"">tt0112740</a>","<a href=""https://www.imdb.com/title/tt0112740"" target=""_blank"">Crimson Tide</a>"
"tt0104694","A League of Their Own",1992,1425,7.4,126322,128,"Penny Marshall","Kim Wilson, Kelly Candaele, Lowell Ganz, Babaloo Mandel","Comedy, Drama, Sport","<a href=""https://www.imdb.com/title/tt0104694"" target=""_blank"">tt0104694</a>","<a href=""https://www.imdb.com/title/tt0104694"" target=""_blank"">A League of Their Own</a>"
"tt0099871","Jacob's Ladder",1990,1426,7.4,124136,113,"Adrian Lyne","Bruce Joel Rubin","Drama, Horror, Mystery","<a href=""https://www.imdb.com/title/tt0099871"" target=""_blank"">tt0099871</a>","<a href=""https://www.imdb.com/title/tt0099871"" target=""_blank"">Jacob's Ladder</a>"
"tt0186151","Frequency",2000,1427,7.4,120223,118,"Gregory Hoblit","Toby Emmerich","Crime, Drama, Mystery","<a href=""https://www.imdb.com/title/tt0186151"" target=""_blank"">tt0186151</a>","<a href=""https://www.imdb.com/title/tt0186151"" target=""_blank"">Frequency</a>"
"tt0213847","Malena",2000,1428,7.4,120214,108,"Giuseppe Tornatore","Giuseppe Tornatore, Luciano Vincenzoni","Drama, Romance, War","<a href=""https://www.imdb.com/title/tt0213847"" target=""_blank"">tt0213847</a>","<a href=""https://www.imdb.com/title/tt0213847"" target=""_blank"">Malena</a>"
"tt0084805","Tootsie",1982,1429,7.4,119193,116,"Sydney Pollack","Don McGuire, Larry Gelbart, Murray Schisgal, Barry Levinson, Robert Garland, Robert Kaufman, Elaine May","Comedy, Drama, Romance","<a href=""https://www.imdb.com/title/tt0084805"" target=""_blank"">tt0084805</a>","<a href=""https://www.imdb.com/title/tt0084805"" target=""_blank"">Tootsie</a>"
"tt0385004","House of Flying Daggers",2004,1430,7.5,118253,119,"Yimou Zhang","Feng Li, Bin Wang, Yimou Zhang","Action, Adventure, Drama","<a href=""https://www.imdb.com/title/tt0385004"" target=""_blank"">tt0385004</a>","<a href=""https://www.imdb.com/title/tt0385004"" target=""_blank"">House of Flying Daggers</a>"
"tt0243133","The Man Who Wasn't There",2001,1431,7.5,118229,116,"Joel Coen","Joel Coen, Ethan Coen","Crime, Drama","<a href=""https://www.imdb.com/title/tt0243133"" target=""_blank"">tt0243133</a>","<a href=""https://www.imdb.com/title/tt0243133"" target=""_blank"">The Man Who Wasn't There</a>"
"tt1226837","Beautiful Boy",2018,1432,7.4,116286,120,"Felix van Groeningen","Luke Davies, Felix van Groeningen, David Sheff, Nic Sheff","Biography, Drama","<a href=""https://www.imdb.com/title/tt1226837"" target=""_blank"">tt1226837</a>","<a href=""https://www.imdb.com/title/tt1226837"" target=""_blank"">Beautiful Boy</a>"
"tt0080120","The Warriors",1979,1433,7.5,116036,93,"Walter Hill","Sol Yurick, David Shaber, Walter Hill","Action, Crime, Thriller","<a href=""https://www.imdb.com/title/tt0080120"" target=""_blank"">tt0080120</a>","<a href=""https://www.imdb.com/title/tt0080120"" target=""_blank"">The Warriors</a>"
"tt20969586","Thunderbolts*",2025,1434,7.5,114619,127,"Jake Schreier","Eric Pearson, Joanna Calo, Kurt Busiek, Mark Bagley, Stan Lee, Jack Kirby, Joe Simon, Paul Jenkins, Jae Lee","Action, Adventure, Crime","<a href=""https://www.imdb.com/title/tt20969586"" target=""_blank"">tt20969586</a>","<a href=""https://www.imdb.com/title/tt20969586"" target=""_blank"">Thunderbolts*</a>"
"tt1386932","Ip Man 2",2010,1435,7.5,114281,108,"Wilson Yip","Tai-Lee Chan, Hiu-Yan Choi, David Tadman, Edmond Wong","Action, Biography, Drama","<a href=""https://www.imdb.com/title/tt1386932"" target=""_blank"">tt1386932</a>","<a href=""https://www.imdb.com/title/tt1386932"" target=""_blank"">Ip Man 2</a>"
"tt0426931","August Rush",2007,1436,7.4,113152,114,"Kirsten Sheridan","Nick Castle, James V. Hart, Paul Castro","Drama, Music","<a href=""https://www.imdb.com/title/tt0426931"" target=""_blank"">tt0426931</a>","<a href=""https://www.imdb.com/title/tt0426931"" target=""_blank"">August Rush</a>"
"tt0056193","Lolita",1962,1437,7.5,112888,153,"Stanley Kubrick","Vladimir Nabokov, Stanley Kubrick, James B. Harris","Crime, Drama, Romance","<a href=""https://www.imdb.com/title/tt0056193"" target=""_blank"">tt0056193</a>","<a href=""https://www.imdb.com/title/tt0056193"" target=""_blank"">Lolita</a>"
"tt23561236","American Fiction",2023,1438,7.5,111922,117,"Cord Jefferson","Cord Jefferson, Percival Everett","Comedy, Drama","<a href=""https://www.imdb.com/title/tt23561236"" target=""_blank"">tt23561236</a>","<a href=""https://www.imdb.com/title/tt23561236"" target=""_blank"">American Fiction</a>"
"tt0086979","Blood Simple",1984,1439,7.5,110353,99,"Joel Coen, Ethan Coen","Joel Coen, Ethan Coen","Crime, Drama, Thriller","<a href=""https://www.imdb.com/title/tt0086979"" target=""_blank"">tt0086979</a>","<a href=""https://www.imdb.com/title/tt0086979"" target=""_blank"">Blood Simple</a>"
"tt1614989","Headhunters",2011,1440,7.5,109618,100,"Morten Tyldum","Ulf Ryberg, Lars Gudmestad, Jo Nesbø","Action, Crime, Thriller","<a href=""https://www.imdb.com/title/tt1614989"" target=""_blank"">tt1614989</a>","<a href=""https://www.imdb.com/title/tt1614989"" target=""_blank"">Headhunters</a>"
"tt0127536","Elizabeth",1998,1441,7.4,108356,124,"Shekhar Kapur","Michael Hirst","Biography, Drama, History","<a href=""https://www.imdb.com/title/tt0127536"" target=""_blank"">tt0127536</a>","<a href=""https://www.imdb.com/title/tt0127536"" target=""_blank"">Elizabeth</a>"
"tt0124315","The Cider House Rules",1999,1442,7.4,107606,126,"Lasse Hallström","John Irving","Drama, Romance","<a href=""https://www.imdb.com/title/tt0124315"" target=""_blank"">tt0124315</a>","<a href=""https://www.imdb.com/title/tt0124315"" target=""_blank"">The Cider House Rules</a>"
"tt0103873","Dead Alive",1992,1443,7.5,107244,104,"Peter Jackson","Stephen Sinclair, Fran Walsh, Peter Jackson","Comedy, Fantasy, Horror","<a href=""https://www.imdb.com/title/tt0103873"" target=""_blank"">tt0103873</a>","<a href=""https://www.imdb.com/title/tt0103873"" target=""_blank"">Dead Alive</a>"
"tt0112817","Dead Man",1995,1444,7.5,106505,121,"Jim Jarmusch","Jim Jarmusch","Adventure, Drama, Western","<a href=""https://www.imdb.com/title/tt0112817"" target=""_blank"">tt0112817</a>","<a href=""https://www.imdb.com/title/tt0112817"" target=""_blank"">Dead Man</a>"
"tt0154506","Following",1998,1445,7.4,106446,69,"Christopher Nolan","Christopher Nolan","Crime, Mystery, Thriller","<a href=""https://www.imdb.com/title/tt0154506"" target=""_blank"">tt0154506</a>","<a href=""https://www.imdb.com/title/tt0154506"" target=""_blank"">Following</a>"
"tt0453562","42",2013,1446,7.5,106223,128,"Brian Helgeland","Brian Helgeland","Biography, Drama, Sport","<a href=""https://www.imdb.com/title/tt0453562"" target=""_blank"">tt0453562</a>","<a href=""https://www.imdb.com/title/tt0453562"" target=""_blank"">42</a>"
"tt0171804","Boys Don't Cry",1999,1447,7.5,106191,118,"Kimberly Peirce","Kimberly Peirce, Andy Bienen","Biography, Crime, Drama","<a href=""https://www.imdb.com/title/tt0171804"" target=""_blank"">tt0171804</a>","<a href=""https://www.imdb.com/title/tt0171804"" target=""_blank"">Boys Don't Cry</a>"
"tt0112818","Dead Man Walking",1995,1448,7.5,105468,122,"Tim Robbins","Helen Prejean, Tim Robbins","Crime, Drama","<a href=""https://www.imdb.com/title/tt0112818"" target=""_blank"">tt0112818</a>","<a href=""https://www.imdb.com/title/tt0112818"" target=""_blank"">Dead Man Walking</a>"
"tt10633456","Minari",2020,1449,7.4,104735,115,"Lee Isaac Chung","Lee Isaac Chung","Drama","<a href=""https://www.imdb.com/title/tt10633456"" target=""_blank"">tt10633456</a>","<a href=""https://www.imdb.com/title/tt10633456"" target=""_blank"">Minari</a>"
"tt14444726","Tár",2022,1450,7.4,104617,158,"Todd Field","Todd Field","Drama, Music","<a href=""https://www.imdb.com/title/tt14444726"" target=""_blank"">tt14444726</a>","<a href=""https://www.imdb.com/title/tt14444726"" target=""_blank"">Tár</a>"
"tt0095489","The Land Before Time",1988,1451,7.4,103673,69,"Don Bluth","Stu Krieger, Judy Freudberg, Tony Geiss","Adventure, Animation, Drama","<a href=""https://www.imdb.com/title/tt0095489"" target=""_blank"">tt0095489</a>","<a href=""https://www.imdb.com/title/tt0095489"" target=""_blank"">The Land Before Time</a>"
"tt0433383","Good Night, and Good Luck.",2005,1452,7.4,103609,93,"George Clooney","George Clooney, Grant Heslov","Biography, Drama, History","<a href=""https://www.imdb.com/title/tt0433383"" target=""_blank"">tt0433383</a>","<a href=""https://www.imdb.com/title/tt0433383"" target=""_blank"">Good Night, and Good Luck.</a>"
"tt3513548","Richard Jewell",2019,1453,7.5,103348,131,"Clint Eastwood","Billy Ray, Marie Brenner, Kent Alexander, Kevin Salwen","Biography, Crime, Drama","<a href=""https://www.imdb.com/title/tt3513548"" target=""_blank"">tt3513548</a>","<a href=""https://www.imdb.com/title/tt3513548"" target=""_blank"">Richard Jewell</a>"
"tt0069704","American Graffiti",1973,1454,7.4,102864,110,"George Lucas","George Lucas, Gloria Katz, Willard Huyck","Comedy, Drama","<a href=""https://www.imdb.com/title/tt0069704"" target=""_blank"">tt0069704</a>","<a href=""https://www.imdb.com/title/tt0069704"" target=""_blank"">American Graffiti</a>"
"tt9603208","Mission: Impossible - The Final Reckoning",2025,1455,7.4,102777,169,"Christopher McQuarrie","Bruce Geller, Erik Jendresen, Christopher McQuarrie","Action, Adventure, Thriller","<a href=""https://www.imdb.com/title/tt9603208"" target=""_blank"">tt9603208</a>","<a href=""https://www.imdb.com/title/tt9603208"" target=""_blank"">Mission: Impossible - The Final Reckoning</a>"
"tt0383028","Synecdoche, New York",2008,1456,7.5,101943,124,"Charlie Kaufman","Charlie Kaufman","Drama","<a href=""https://www.imdb.com/title/tt0383028"" target=""_blank"">tt0383028</a>","<a href=""https://www.imdb.com/title/tt0383028"" target=""_blank"">Synecdoche, New York</a>"
"tt0490204","Reign Over Me",2007,1457,7.4,101367,124,"Mike Binder","Mike Binder","Drama","<a href=""https://www.imdb.com/title/tt0490204"" target=""_blank"">tt0490204</a>","<a href=""https://www.imdb.com/title/tt0490204"" target=""_blank"">Reign Over Me</a>"
"tt0165798","Ghost Dog: The Way of the Samurai",1999,1458,7.5,101177,116,"Jim Jarmusch","Jim Jarmusch","Crime, Drama","<a href=""https://www.imdb.com/title/tt0165798"" target=""_blank"">tt0165798</a>","<a href=""https://www.imdb.com/title/tt0165798"" target=""_blank"">Ghost Dog: The Way of the Samurai</a>"
"tt0070917","The Wicker Man",1973,1459,7.5,100438,88,"Robin Hardy","Anthony Shaffer, David Pinner","Horror, Mystery, Thriller","<a href=""https://www.imdb.com/title/tt0070917"" target=""_blank"">tt0070917</a>","<a href=""https://www.imdb.com/title/tt0070917"" target=""_blank"">The Wicker Man</a>"
"tt0095631","Midnight Run",1988,1460,7.5,99778,126,"Martin Brest","George Gallo","Action, Comedy, Crime","<a href=""https://www.imdb.com/title/tt0095631"" target=""_blank"">tt0095631</a>","<a href=""https://www.imdb.com/title/tt0095631"" target=""_blank"">Midnight Run</a>"
"tt2347569","Frances Ha",2012,1461,7.4,98983,86,"Noah Baumbach","Noah Baumbach, Greta Gerwig","Comedy, Drama, Romance","<a href=""https://www.imdb.com/title/tt2347569"" target=""_blank"">tt2347569</a>","<a href=""https://www.imdb.com/title/tt2347569"" target=""_blank"">Frances Ha</a>"
"tt0107822","The Piano",1993,1462,7.5,98761,121,"Jane Campion","Jane Campion","Drama, Music, Romance","<a href=""https://www.imdb.com/title/tt0107822"" target=""_blank"">tt0107822</a>","<a href=""https://www.imdb.com/title/tt0107822"" target=""_blank"">The Piano</a>"
"tt12758060","Tetris",2023,1463,7.4,98411,118,"Jon S. Baird","Noah Pink","Biography, Drama, History","<a href=""https://www.imdb.com/title/tt12758060"" target=""_blank"">tt12758060</a>","<a href=""https://www.imdb.com/title/tt12758060"" target=""_blank"">Tetris</a>"
"tt0446755","The Painted Veil",2006,1464,7.4,98387,125,"John Curran","Ron Nyswaner, W. Somerset Maugham","Drama, Romance","<a href=""https://www.imdb.com/title/tt0446755"" target=""_blank"">tt0446755</a>","<a href=""https://www.imdb.com/title/tt0446755"" target=""_blank"">The Painted Veil</a>"
"tt6587046","The Boy and the Heron",2023,1465,7.4,97980,124,"Hayao Miyazaki","Hayao Miyazaki","Adventure, Animation, Drama","<a href=""https://www.imdb.com/title/tt6587046"" target=""_blank"">tt6587046</a>","<a href=""https://www.imdb.com/title/tt6587046"" target=""_blank"">The Boy and the Heron</a>"
"tt1020072","Selma",2014,1466,7.5,97796,128,"Ava DuVernay","Paul Webb","Biography, Drama, History","<a href=""https://www.imdb.com/title/tt1020072"" target=""_blank"">tt1020072</a>","<a href=""https://www.imdb.com/title/tt1020072"" target=""_blank"">Selma</a>"
"tt3416532","A Monster Calls",2016,1467,7.4,96818,108,"J.A. Bayona","Patrick Ness, Siobhan Dowd","Adventure, Drama, Family","<a href=""https://www.imdb.com/title/tt3416532"" target=""_blank"">tt3416532</a>","<a href=""https://www.imdb.com/title/tt3416532"" target=""_blank"">A Monster Calls</a>"
"tt1164999","Biutiful",2010,1468,7.4,96610,148,"Alejandro G. Iñárritu","Alejandro G. Iñárritu, Armando Bo, Nicolás Giacobone","Drama, Romance","<a href=""https://www.imdb.com/title/tt1164999"" target=""_blank"">tt1164999</a>","<a href=""https://www.imdb.com/title/tt1164999"" target=""_blank"">Biutiful</a>"
"tt9784798","Judas and the Black Messiah",2021,1469,7.4,95331,126,"Shaka King","Will Berson, Shaka King, Kenneth Lucas, Keith Lucas","Biography, Drama, History","<a href=""https://www.imdb.com/title/tt9784798"" target=""_blank"">tt9784798</a>","<a href=""https://www.imdb.com/title/tt9784798"" target=""_blank"">Judas and the Black Messiah</a>"
"tt0101889","The Fisher King",1991,1470,7.5,94239,137,"Terry Gilliam","Richard LaGravenese","Comedy, Drama, Fantasy","<a href=""https://www.imdb.com/title/tt0101889"" target=""_blank"">tt0101889</a>","<a href=""https://www.imdb.com/title/tt0101889"" target=""_blank"">The Fisher King</a>"
"tt0450188","La Vie En Rose",2007,1471,7.5,92593,140,"Olivier Dahan","Isabelle Sobelman, Olivier Dahan","Biography, Drama, Music","<a href=""https://www.imdb.com/title/tt0450188"" target=""_blank"">tt0450188</a>","<a href=""https://www.imdb.com/title/tt0450188"" target=""_blank"">La Vie En Rose</a>"
"tt0101700","Delicatessen",1991,1472,7.5,92545,99,"Marc Caro, Jean-Pierre Jeunet","Jean-Pierre Jeunet, Marc Caro, Gilles Adrien","Comedy, Crime","<a href=""https://www.imdb.com/title/tt0101700"" target=""_blank"">tt0101700</a>","<a href=""https://www.imdb.com/title/tt0101700"" target=""_blank"">Delicatessen</a>"
"tt5215952","The Wailing",2016,1473,7.4,91845,156,"Na Hong-jin","Na Hong-jin","Drama, Horror","<a href=""https://www.imdb.com/title/tt5215952"" target=""_blank"">tt5215952</a>","<a href=""https://www.imdb.com/title/tt5215952"" target=""_blank"">The Wailing</a>"
"tt0077928","Midnight Express",1978,1474,7.5,91605,121,"Alan Parker","Oliver Stone, Billy Hayes, William Hoffer","Biography, Crime, Drama","<a href=""https://www.imdb.com/title/tt0077928"" target=""_blank"">tt0077928</a>","<a href=""https://www.imdb.com/title/tt0077928"" target=""_blank"">Midnight Express</a>"
"tt0107808","A Perfect World",1993,1475,7.5,91123,138,"Clint Eastwood","John Lee Hancock","Crime, Drama, Thriller","<a href=""https://www.imdb.com/title/tt0107808"" target=""_blank"">tt0107808</a>","<a href=""https://www.imdb.com/title/tt0107808"" target=""_blank"">A Perfect World</a>"
"tt0119167","Funny Games",1997,1476,7.5,91117,108,"Michael Haneke","Michael Haneke","Crime, Drama, Thriller","<a href=""https://www.imdb.com/title/tt0119167"" target=""_blank"">tt0119167</a>","<a href=""https://www.imdb.com/title/tt0119167"" target=""_blank"">Funny Games</a>"
"tt0451094","Lady Vengeance",2005,1477,7.5,89713,115,"Park Chan-wook","Chung Seo-kyung, Park Chan-wook, Park Myeong-chan","Crime, Drama, Thriller","<a href=""https://www.imdb.com/title/tt0451094"" target=""_blank"">tt0451094</a>","<a href=""https://www.imdb.com/title/tt0451094"" target=""_blank"">Lady Vengeance</a>"
"tt2334649","Fruitvale Station",2013,1478,7.5,89266,85,"Ryan Coogler","Ryan Coogler","Biography, Crime, Drama","<a href=""https://www.imdb.com/title/tt2334649"" target=""_blank"">tt2334649</a>","<a href=""https://www.imdb.com/title/tt2334649"" target=""_blank"">Fruitvale Station</a>"
"tt0465551","Notes on a Scandal",2006,1479,7.4,87495,92,"Richard Eyre","Patrick Marber, Zoë Heller","Crime, Drama, Romance","<a href=""https://www.imdb.com/title/tt0465551"" target=""_blank"">tt0465551</a>","<a href=""https://www.imdb.com/title/tt0465551"" target=""_blank"">Notes on a Scandal</a>"
"tt10579952","Master",2021,1480,7.4,86841,179,"Lokesh Kanagaraj","Lokesh Kanagaraj, Pon Parthiban, Rathna Kumar, Shivgopal Krishna","Action, Crime, Drama","<a href=""https://www.imdb.com/title/tt10579952"" target=""_blank"">tt10579952</a>","<a href=""https://www.imdb.com/title/tt10579952"" target=""_blank"">Master</a>"
"tt1117385","Felon",2008,1481,7.4,86437,104,"Ric Roman Waugh","Ric Roman Waugh","Action, Drama, Thriller","<a href=""https://www.imdb.com/title/tt1117385"" target=""_blank"">tt1117385</a>","<a href=""https://www.imdb.com/title/tt1117385"" target=""_blank"">Felon</a>"
"tt3203606","Trumbo",2015,1482,7.4,86383,124,"Jay Roach","John McNamara, Bruce Cook","Biography, Drama","<a href=""https://www.imdb.com/title/tt3203606"" target=""_blank"">tt3203606</a>","<a href=""https://www.imdb.com/title/tt3203606"" target=""_blank"">Trumbo</a>"
"tt4540710","Miss Sloane",2016,1483,7.5,86341,132,"John Madden","Jonathan Perera","Drama","<a href=""https://www.imdb.com/title/tt4540710"" target=""_blank"">tt4540710</a>","<a href=""https://www.imdb.com/title/tt4540710"" target=""_blank"">Miss Sloane</a>"
"tt0497116","An Inconvenient Truth",2006,1484,7.4,86265,96,"Davis Guggenheim","Al Gore","Documentary","<a href=""https://www.imdb.com/title/tt0497116"" target=""_blank"">tt0497116</a>","<a href=""https://www.imdb.com/title/tt0497116"" target=""_blank"">An Inconvenient Truth</a>"
"tt5613484","Mid90s",2018,1485,7.4,84042,85,"Jonah Hill","Jonah Hill","Comedy, Drama","<a href=""https://www.imdb.com/title/tt5613484"" target=""_blank"">tt5613484</a>","<a href=""https://www.imdb.com/title/tt5613484"" target=""_blank"">Mid90s</a>"
"tt0048728","To Catch a Thief",1955,1486,7.4,84006,106,"Alfred Hitchcock","John Michael Hayes, David Dodge, Alec Coppel","Drama, Mystery, Romance","<a href=""https://www.imdb.com/title/tt0048728"" target=""_blank"">tt0048728</a>","<a href=""https://www.imdb.com/title/tt0048728"" target=""_blank"">To Catch a Thief</a>"
"tt0095031","Dirty Rotten Scoundrels",1988,1487,7.4,83113,110,"Frank Oz","Dale Launer, Stanley Shapiro, Paul Henning","Comedy, Crime","<a href=""https://www.imdb.com/title/tt0095031"" target=""_blank"">tt0095031</a>","<a href=""https://www.imdb.com/title/tt0095031"" target=""_blank"">Dirty Rotten Scoundrels</a>"
"tt7282468","Burning",2018,1488,7.4,82077,148,"Lee Chang-dong","Jungmi Oh, Lee Chang-dong, Haruki Murakami, William Faulkner","Drama, Mystery","<a href=""https://www.imdb.com/title/tt7282468"" target=""_blank"">tt7282468</a>","<a href=""https://www.imdb.com/title/tt7282468"" target=""_blank"">Burning</a>"
"tt0316356","Open Range",2003,1489,7.4,81668,139,"Kevin Costner","Lauran Paine, Craig Storper","Action, Drama, Romance","<a href=""https://www.imdb.com/title/tt0316356"" target=""_blank"">tt0316356</a>","<a href=""https://www.imdb.com/title/tt0316356"" target=""_blank"">Open Range</a>"
"tt0120324","A Simple Plan",1998,1490,7.5,80153,121,"Sam Raimi","Scott B. Smith","Crime, Drama, Thriller","<a href=""https://www.imdb.com/title/tt0120324"" target=""_blank"">tt0120324</a>","<a href=""https://www.imdb.com/title/tt0120324"" target=""_blank"">A Simple Plan</a>"
"tt1433811","Disconnect",2012,1491,7.5,79282,115,"Henry Alex Rubin","Andrew Stern","Crime, Drama, Mystery","<a href=""https://www.imdb.com/title/tt1433811"" target=""_blank"">tt1433811</a>","<a href=""https://www.imdb.com/title/tt1433811"" target=""_blank"">Disconnect</a>"
"tt0062765","Bullitt",1968,1492,7.4,79216,114,"Peter Yates","Alan Trustman, Harry Kleiner, Robert L. Fish","Action, Crime, Thriller","<a href=""https://www.imdb.com/title/tt0062765"" target=""_blank"">tt0062765</a>","<a href=""https://www.imdb.com/title/tt0062765"" target=""_blank"">Bullitt</a>"
"tt0310775","Sympathy for Mr. Vengeance",2002,1493,7.5,78443,129,"Park Chan-wook","Jong-yong Lee, Jae-sun Lee, Mu-yeong Lee, Park Chan-wook, Park Myeong-chan","Crime, Drama, Thriller","<a href=""https://www.imdb.com/title/tt0310775"" target=""_blank"">tt0310775</a>","<a href=""https://www.imdb.com/title/tt0310775"" target=""_blank"">Sympathy for Mr. Vengeance</a>"
"tt0094947","Dangerous Liaisons",1988,1494,7.5,77872,119,"Stephen Frears","Christopher Hampton, Choderlos de Laclos","Drama, Romance","<a href=""https://www.imdb.com/title/tt0094947"" target=""_blank"">tt0094947</a>","<a href=""https://www.imdb.com/title/tt0094947"" target=""_blank"">Dangerous Liaisons</a>"
"tt0077745","Invasion of the Body Snatchers",1978,1495,7.4,76639,115,"Philip Kaufman","W.D. Richter, Jack Finney","Horror, Sci-Fi","<a href=""https://www.imdb.com/title/tt0077745"" target=""_blank"">tt0077745</a>","<a href=""https://www.imdb.com/title/tt0077745"" target=""_blank"">Invasion of the Body Snatchers</a>"
"tt0254686","The Piano Teacher",2001,1496,7.5,76617,131,"Michael Haneke","Michael Haneke, Elfriede Jelinek","Drama, Music","<a href=""https://www.imdb.com/title/tt0254686"" target=""_blank"">tt0254686</a>","<a href=""https://www.imdb.com/title/tt0254686"" target=""_blank"">The Piano Teacher</a>"
"tt0110932","Quiz Show",1994,1497,7.5,75645,133,"Robert Redford","Paul Attanasio, Richard N. Goodwin","Biography, Drama, History","<a href=""https://www.imdb.com/title/tt0110932"" target=""_blank"">tt0110932</a>","<a href=""https://www.imdb.com/title/tt0110932"" target=""_blank"">Quiz Show</a>"
"tt0986233","Hunger",2008,1498,7.5,75393,96,"Steve McQueen","Enda Walsh, Steve McQueen","Biography, Crime, Drama","<a href=""https://www.imdb.com/title/tt0986233"" target=""_blank"">tt0986233</a>","<a href=""https://www.imdb.com/title/tt0986233"" target=""_blank"">Hunger</a>"
"tt0315983","House of Sand and Fog",2003,1499,7.5,74589,126,"Vadim Perelman","Andre Dubus III, Vadim Perelman, Shawn Lawrence Otto","Crime, Drama","<a href=""https://www.imdb.com/title/tt0315983"" target=""_blank"">tt0315983</a>","<a href=""https://www.imdb.com/title/tt0315983"" target=""_blank"">House of Sand and Fog</a>"
"tt8637428","The Farewell",2019,1500,7.5,74196,100,"Lulu Wang","Lulu Wang","Comedy, Drama","<a href=""https://www.imdb.com/title/tt8637428"" target=""_blank"">tt8637428</a>","<a href=""https://www.imdb.com/title/tt8637428"" target=""_blank"">The Farewell</a>"
"tt0112682","The City of Lost Children",1995,1501,7.4,73625,112,"Marc Caro, Jean-Pierre Jeunet","Gilles Adrien, Jean-Pierre Jeunet, Marc Caro, Guillaume Laurant","Adventure, Drama, Fantasy","<a href=""https://www.imdb.com/title/tt0112682"" target=""_blank"">tt0112682</a>","<a href=""https://www.imdb.com/title/tt0112682"" target=""_blank"">The City of Lost Children</a>"
"tt0364517","Love Me If You Dare",2003,1502,7.5,73568,93,"Yann Samuell","Yann Samuell","Comedy, Drama, Romance","<a href=""https://www.imdb.com/title/tt0364517"" target=""_blank"">tt0364517</a>","<a href=""https://www.imdb.com/title/tt0364517"" target=""_blank"">Love Me If You Dare</a>"
"tt0256009","The Devil's Backbone",2001,1503,7.4,73357,106,"Guillermo del Toro","Guillermo del Toro, Antonio Trashorras, David Muñoz","Drama, Horror, Thriller","<a href=""https://www.imdb.com/title/tt0256009"" target=""_blank"">tt0256009</a>","<a href=""https://www.imdb.com/title/tt0256009"" target=""_blank"">The Devil's Backbone</a>"
"tt0049470","The Man Who Knew Too Much",1956,1504,7.4,73330,120,"Alfred Hitchcock","John Michael Hayes, Charles Bennett, D.B. Wyndham-Lewis, Angus MacPhail","Crime, Drama, Mystery","<a href=""https://www.imdb.com/title/tt0049470"" target=""_blank"">tt0049470</a>","<a href=""https://www.imdb.com/title/tt0049470"" target=""_blank"">The Man Who Knew Too Much</a>"
"tt0074860","Marathon Man",1976,1505,7.4,73151,125,"John Schlesinger","William Goldman","Crime, Drama, Thriller","<a href=""https://www.imdb.com/title/tt0074860"" target=""_blank"">tt0074860</a>","<a href=""https://www.imdb.com/title/tt0074860"" target=""_blank"">Marathon Man</a>"
"tt14039582","Drive My Car",2021,1506,7.5,73047,179,"Ryûsuke Hamaguchi","Haruki Murakami, Ryûsuke Hamaguchi, Takamasa Ôe","Drama","<a href=""https://www.imdb.com/title/tt14039582"" target=""_blank"">tt14039582</a>","<a href=""https://www.imdb.com/title/tt14039582"" target=""_blank"">Drive My Car</a>"
"tt2053425","Rust and Bone",2012,1507,7.4,72036,120,"Jacques Audiard","Jacques Audiard, Thomas Bidegain, Craig Davidson","Drama, Romance","<a href=""https://www.imdb.com/title/tt2053425"" target=""_blank"">tt2053425</a>","<a href=""https://www.imdb.com/title/tt2053425"" target=""_blank"">Rust and Bone</a>"
"tt0108002","Rudy",1993,1508,7.5,71998,114,"David Anspaugh","Angelo Pizzo","Biography, Drama, Sport","<a href=""https://www.imdb.com/title/tt0108002"" target=""_blank"">tt0108002</a>","<a href=""https://www.imdb.com/title/tt0108002"" target=""_blank"">Rudy</a>"
"tt0060176","Blow-Up",1966,1509,7.4,70803,111,"Michelangelo Antonioni","Michelangelo Antonioni, Julio Cortázar, Tonino Guerra, Edward Bond","Drama, Mystery, Thriller","<a href=""https://www.imdb.com/title/tt0060176"" target=""_blank"">tt0060176</a>","<a href=""https://www.imdb.com/title/tt0060176"" target=""_blank"">Blow-Up</a>"
"tt11655202","Riders of Justice",2020,1510,7.5,70736,116,"Anders Thomas Jensen","Anders Thomas Jensen, Nikolaj Arcel","Action, Comedy, Drama","<a href=""https://www.imdb.com/title/tt11655202"" target=""_blank"">tt11655202</a>","<a href=""https://www.imdb.com/title/tt11655202"" target=""_blank"">Riders of Justice</a>"
"tt1436045","13 Assassins",2010,1511,7.5,70441,141,"Takashi Miike","Kaneo Ikegami, Shoichirou Ikemiya, Daisuke Tengan","Action, Adventure, Drama","<a href=""https://www.imdb.com/title/tt1436045"" target=""_blank"">tt1436045</a>","<a href=""https://www.imdb.com/title/tt1436045"" target=""_blank"">13 Assassins</a>"
"tt0082085","Blow Out",1981,1512,7.4,70244,108,"Brian De Palma","Brian De Palma, Bill Mesce Jr.","Crime, Drama, Mystery","<a href=""https://www.imdb.com/title/tt0082085"" target=""_blank"">tt0082085</a>","<a href=""https://www.imdb.com/title/tt0082085"" target=""_blank"">Blow Out</a>"
"tt0218839","Best in Show",2000,1513,7.5,69991,90,"Christopher Guest","Christopher Guest, Eugene Levy","Comedy","<a href=""https://www.imdb.com/title/tt0218839"" target=""_blank"">tt0218839</a>","<a href=""https://www.imdb.com/title/tt0218839"" target=""_blank"">Best in Show</a>"
"tt1166100","Ghajini",2008,1514,7.4,69724,186,"A.R. Murugadoss","Piyush Mishra, A.R. Murugadoss, Athar Nawaaz","Action, Mystery, Thriller","<a href=""https://www.imdb.com/title/tt1166100"" target=""_blank"">tt1166100</a>","<a href=""https://www.imdb.com/title/tt1166100"" target=""_blank"">Ghajini</a>"
"tt0105151","The Player",1992,1515,7.5,69556,124,"Robert Altman","Michael Tolkin","Comedy, Crime, Drama","<a href=""https://www.imdb.com/title/tt0105151"" target=""_blank"">tt0105151</a>","<a href=""https://www.imdb.com/title/tt0105151"" target=""_blank"">The Player</a>"
"tt4761112","The Mauritanian",2021,1516,7.5,68706,129,"Kevin Macdonald","Michael Bronner, Rory Haines, Sohrab Noshirvani, Mohamedou Ould Slahi, Larry Siems","Biography, Drama, Thriller","<a href=""https://www.imdb.com/title/tt4761112"" target=""_blank"">tt4761112</a>","<a href=""https://www.imdb.com/title/tt4761112"" target=""_blank"">The Mauritanian</a>"
"tt0107554","Menace II Society",1993,1517,7.5,67649,97,"Albert Hughes, Allen Hughes","Allen Hughes, Albert Hughes, Tyger Williams","Crime, Drama, Thriller","<a href=""https://www.imdb.com/title/tt0107554"" target=""_blank"">tt0107554</a>","<a href=""https://www.imdb.com/title/tt0107554"" target=""_blank"">Menace II Society</a>"
"tt6742252","The Guilty",2018,1518,7.5,67413,85,"Gustav Möller","Gustav Möller, Emil Nygaard Albertsen","Crime, Drama, Thriller","<a href=""https://www.imdb.com/title/tt6742252"" target=""_blank"">tt6742252</a>","<a href=""https://www.imdb.com/title/tt6742252"" target=""_blank"">The Guilty</a>"
"tt0095497","The Last Temptation of Christ",1988,1519,7.5,66078,164,"Martin Scorsese","Nikos Kazantzakis, Paul Schrader","Drama","<a href=""https://www.imdb.com/title/tt0095497"" target=""_blank"">tt0095497</a>","<a href=""https://www.imdb.com/title/tt0095497"" target=""_blank"">The Last Temptation of Christ</a>"
"tt8291806","Pain and Glory",2019,1520,7.5,65772,113,"Pedro Almodóvar","Pedro Almodóvar","Drama","<a href=""https://www.imdb.com/title/tt8291806"" target=""_blank"">tt8291806</a>","<a href=""https://www.imdb.com/title/tt8291806"" target=""_blank"">Pain and Glory</a>"
"tt0427309","The Great Debaters",2007,1521,7.5,65197,126,"Denzel Washington","Robert Eisele, Jeffrey Porro, Tony Scherman","Biography, Drama, Romance","<a href=""https://www.imdb.com/title/tt0427309"" target=""_blank"">tt0427309</a>","<a href=""https://www.imdb.com/title/tt0427309"" target=""_blank"">The Great Debaters</a>"
"tt0327137","Secondhand Lions",2003,1522,7.5,64680,109,"Tim McCanlies","Tim McCanlies","Comedy, Drama, Family","<a href=""https://www.imdb.com/title/tt0327137"" target=""_blank"">tt0327137</a>","<a href=""https://www.imdb.com/title/tt0327137"" target=""_blank"">Secondhand Lions</a>"
"tt0103939","Chaplin",1992,1523,7.5,64326,143,"Richard Attenborough","David Robinson, Charles Chaplin, Diana Hawkins, William Boyd, Bryan Forbes, William Goldman","Biography, Comedy, Drama","<a href=""https://www.imdb.com/title/tt0103939"" target=""_blank"">tt0103939</a>","<a href=""https://www.imdb.com/title/tt0103939"" target=""_blank"">Chaplin</a>"
"tt9426210","Weathering with You",2019,1524,7.5,64210,112,"Makoto Shinkai","Makoto Shinkai","Animation, Drama, Fantasy","<a href=""https://www.imdb.com/title/tt9426210"" target=""_blank"">tt9426210</a>","<a href=""https://www.imdb.com/title/tt9426210"" target=""_blank"">Weathering with You</a>"
"tt6543652","Cold War",2018,1525,7.5,64041,89,"Pawel Pawlikowski","Pawel Pawlikowski, Janusz Glowacki, Piotr Borkowski","Drama, Music, Romance","<a href=""https://www.imdb.com/title/tt6543652"" target=""_blank"">tt6543652</a>","<a href=""https://www.imdb.com/title/tt6543652"" target=""_blank"">Cold War</a>"
"tt0063462","The Producers",1967,1526,7.5,63022,88,"Mel Brooks","Mel Brooks","Comedy, Music","<a href=""https://www.imdb.com/title/tt0063462"" target=""_blank"">tt0063462</a>","<a href=""https://www.imdb.com/title/tt0063462"" target=""_blank"">The Producers</a>"
"tt0349825","Miracle",2004,1527,7.5,61578,135,"Gavin O'Connor","Eric Guggenheim","Biography, Drama, History","<a href=""https://www.imdb.com/title/tt0349825"" target=""_blank"">tt0349825</a>","<a href=""https://www.imdb.com/title/tt0349825"" target=""_blank"">Miracle</a>"
"tt0419677","Dead Man's Shoes",2004,1528,7.5,61299,90,"Shane Meadows","Paddy Considine, Shane Meadows, Paul Fraser","Crime, Drama, Thriller","<a href=""https://www.imdb.com/title/tt0419677"" target=""_blank"">tt0419677</a>","<a href=""https://www.imdb.com/title/tt0419677"" target=""_blank"">Dead Man's Shoes</a>"
"tt0428803","March of the Penguins",2005,1529,7.5,61298,80,"Luc Jacquet","Luc Jacquet, Michel Fessler, Jordan Roberts","Documentary, Family","<a href=""https://www.imdb.com/title/tt0428803"" target=""_blank"">tt0428803</a>","<a href=""https://www.imdb.com/title/tt0428803"" target=""_blank"">March of the Penguins</a>"
"tt0172684","Kuch Kuch Hota Hai",1998,1530,7.5,59933,185,"Karan Johar","Karan Johar","Comedy, Drama, Musical","<a href=""https://www.imdb.com/title/tt0172684"" target=""_blank"">tt0172684</a>","<a href=""https://www.imdb.com/title/tt0172684"" target=""_blank"">Kuch Kuch Hota Hai</a>"
"tt0362225","Tell No One",2006,1531,7.5,59809,131,"Guillaume Canet","Guillaume Canet, Harlan Coben, Philippe Lefebvre","Crime, Drama, Mystery","<a href=""https://www.imdb.com/title/tt0362225"" target=""_blank"">tt0362225</a>","<a href=""https://www.imdb.com/title/tt0362225"" target=""_blank"">Tell No One</a>"
"tt0109045","The Adventures of Priscilla, Queen of the Desert",1994,1532,7.5,58598,104,"Stephan Elliott","Stephan Elliott","Comedy, Music","<a href=""https://www.imdb.com/title/tt0109045"" target=""_blank"">tt0109045</a>","<a href=""https://www.imdb.com/title/tt0109045"" target=""_blank"">The Adventures of Priscilla, Queen of the Desert</a>"
"tt0054953","The Guns of Navarone",1961,1533,7.5,58012,158,"J. Lee Thompson","Alistair MacLean, Carl Foreman","Action, Adventure, Drama","<a href=""https://www.imdb.com/title/tt0054953"" target=""_blank"">tt0054953</a>","<a href=""https://www.imdb.com/title/tt0054953"" target=""_blank"">The Guns of Navarone</a>"
"tt19500164","Nimona",2023,1534,7.5,57538,101,"Nick Bruno, Troy Quane","Robert L. Baird, Lloyd Taylor, Pamela Ribon, Marc Haimes, Nick Bruno, Troy Quane, Keith Bunin, Nate Stevenson","Action, Adventure, Animation","<a href=""https://www.imdb.com/title/tt19500164"" target=""_blank"">tt19500164</a>","<a href=""https://www.imdb.com/title/tt19500164"" target=""_blank"">Nimona</a>"
"tt1410063","The Flowers of War",2011,1535,7.5,57279,146,"Yimou Zhang","Heng Liu, Geling Yan","Drama, History, Romance","<a href=""https://www.imdb.com/title/tt1410063"" target=""_blank"">tt1410063</a>","<a href=""https://www.imdb.com/title/tt1410063"" target=""_blank"">The Flowers of War</a>"
"tt0460989","The Wind that Shakes the Barley",2006,1536,7.5,57144,127,"Ken Loach","Paul Laverty","Drama, War","<a href=""https://www.imdb.com/title/tt0460989"" target=""_blank"">tt0460989</a>","<a href=""https://www.imdb.com/title/tt0460989"" target=""_blank"">The Wind that Shakes the Barley</a>"
"tt0095250","The Big Blue",1988,1537,7.5,57093,168,"Luc Besson","Luc Besson, Robert Garland, Marilyn Goldin, Jacques Mayol, Marc Perrier","Adventure, Drama, Sport","<a href=""https://www.imdb.com/title/tt0095250"" target=""_blank"">tt0095250</a>","<a href=""https://www.imdb.com/title/tt0095250"" target=""_blank"">The Big Blue</a>"
"tt0150662","Show Me Love",1998,1538,7.5,56987,89,"Lukas Moodysson","Lukas Moodysson","Comedy, Drama, Romance","<a href=""https://www.imdb.com/title/tt0150662"" target=""_blank"">tt0150662</a>","<a href=""https://www.imdb.com/title/tt0150662"" target=""_blank"">Show Me Love</a>"
"tt0112913","Fallen Angels",1995,1539,7.5,56654,99,"Wong Kar-Wai","Wong Kar-Wai","Comedy, Crime, Drama","<a href=""https://www.imdb.com/title/tt0112913"" target=""_blank"">tt0112913</a>","<a href=""https://www.imdb.com/title/tt0112913"" target=""_blank"">Fallen Angels</a>"
"tt0049223","Forbidden Planet",1956,1540,7.5,55684,98,"Fred M. Wilcox","Cyril Hume, Irving Block, Allen Adler, William Shakespeare","Adventure, Sci-Fi","<a href=""https://www.imdb.com/title/tt0049223"" target=""_blank"">tt0049223</a>","<a href=""https://www.imdb.com/title/tt0049223"" target=""_blank"">Forbidden Planet</a>"
"tt22297828","Chor Nikal Ke Bhaga",2023,1541,7.5,55358,110,"Ajay Singh","Siraj Ahmed, Raj Kumar Gupta, Amar Kaushik, Trishant Srivastava","Crime, Drama, Thriller","<a href=""https://www.imdb.com/title/tt22297828"" target=""_blank"">tt22297828</a>","<a href=""https://www.imdb.com/title/tt22297828"" target=""_blank"">Chor Nikal Ke Bhaga</a>"
"tt0084707","Sophie's Choice",1982,1542,7.5,55301,150,"Alan J. Pakula","William Styron, Alan J. Pakula","Drama, Romance","<a href=""https://www.imdb.com/title/tt0084707"" target=""_blank"">tt0084707</a>","<a href=""https://www.imdb.com/title/tt0084707"" target=""_blank"">Sophie's Choice</a>"
"tt0047673","White Christmas",1954,1543,7.5,55244,120,"Michael Curtiz","Norman Krasna, Norman Panama, Melvin Frank","Comedy, Musical, Romance","<a href=""https://www.imdb.com/title/tt0047673"" target=""_blank"">tt0047673</a>","<a href=""https://www.imdb.com/title/tt0047673"" target=""_blank"">White Christmas</a>"
"tt0038109","Spellbound",1945,1544,7.5,54744,111,"Alfred Hitchcock","Ben Hecht, John Palmer, Hilary St George Saunders, Angus MacPhail, May E. Romm","Drama, Film-Noir, Mystery","<a href=""https://www.imdb.com/title/tt0038109"" target=""_blank"">tt0038109</a>","<a href=""https://www.imdb.com/title/tt0038109"" target=""_blank"">Spellbound</a>"
"tt1276419","A Royal Affair",2012,1545,7.5,52902,137,"Nikolaj Arcel","Bodil Steensen-Leth, Rasmus Heisterberg, Nikolaj Arcel","Biography, Drama, History","<a href=""https://www.imdb.com/title/tt1276419"" target=""_blank"">tt1276419</a>","<a href=""https://www.imdb.com/title/tt1276419"" target=""_blank"">A Royal Affair</a>"
"tt11127680","Boiling Point",2021,1546,7.5,50691,92,"Philip Barantini","Philip Barantini, James Cummings","Drama, Thriller","<a href=""https://www.imdb.com/title/tt11127680"" target=""_blank"">tt11127680</a>","<a href=""https://www.imdb.com/title/tt11127680"" target=""_blank"">Boiling Point</a>"
"tt0111512","Drunken Master II",1994,1547,7.5,50540,102,"Chia-Liang Liu, Jackie Chan","Edward Tang, Man-Ming Tong, Kai-Chi Yuen, Rod Dean","Action, Comedy","<a href=""https://www.imdb.com/title/tt0111512"" target=""_blank"">tt0111512</a>","<a href=""https://www.imdb.com/title/tt0111512"" target=""_blank"">Drunken Master II</a>"
"tt0094336","Withnail and I",1987,1548,7.5,50312,107,"Bruce Robinson","Bruce Robinson","Comedy, Drama","<a href=""https://www.imdb.com/title/tt0094336"" target=""_blank"">tt0094336</a>","<a href=""https://www.imdb.com/title/tt0094336"" target=""_blank"">Withnail and I</a>"
"tt0058182","A Hard Day's Night",1964,1549,7.5,49861,87,"Richard Lester","Alun Owen","Comedy, Musical","<a href=""https://www.imdb.com/title/tt0058182"" target=""_blank"">tt0058182</a>","<a href=""https://www.imdb.com/title/tt0058182"" target=""_blank"">A Hard Day's Night</a>"
"tt0074811","The Tenant",1976,1550,7.5,49859,126,"Roman Polanski","Roland Topor, Gérard Brach, Roman Polanski","Drama, Thriller","<a href=""https://www.imdb.com/title/tt0074811"" target=""_blank"">tt0074811</a>","<a href=""https://www.imdb.com/title/tt0074811"" target=""_blank"">The Tenant</a>"
"tt0238936","Devdas",2002,1551,7.5,49448,185,"Sanjay Leela Bhansali","Sarat Chandra Chattopadhyay, Prakash Kapadia, Sanjay Leela Bhansali","Drama, Musical, Romance","<a href=""https://www.imdb.com/title/tt0238936"" target=""_blank"">tt0238936</a>","<a href=""https://www.imdb.com/title/tt0238936"" target=""_blank"">Devdas</a>"
"tt0057193","It's a Mad Mad Mad Mad World",1963,1552,7.5,49191,210,"Stanley Kramer","William Rose, Tania Rose","Action, Adventure, Comedy","<a href=""https://www.imdb.com/title/tt0057193"" target=""_blank"">tt0057193</a>","<a href=""https://www.imdb.com/title/tt0057193"" target=""_blank"">It's a Mad Mad Mad Mad World</a>"
"tt0095675","Women on the Verge of a Nervous Breakdown",1988,1553,7.5,49010,88,"Pedro Almodóvar","Pedro Almodóvar, Jean Cocteau","Comedy, Drama","<a href=""https://www.imdb.com/title/tt0095675"" target=""_blank"">tt0095675</a>","<a href=""https://www.imdb.com/title/tt0095675"" target=""_blank"">Women on the Verge of a Nervous Breakdown</a>"
"tt0813547","The Counterfeiters",2007,1554,7.5,48023,99,"Stefan Ruzowitzky","Adolf Burger, Stefan Ruzowitzky","Crime, Drama, History","<a href=""https://www.imdb.com/title/tt0813547"" target=""_blank"">tt0813547</a>","<a href=""https://www.imdb.com/title/tt0813547"" target=""_blank"">The Counterfeiters</a>"
"tt0084649","The Secret of NIMH",1982,1555,7.5,47824,82,"Don Bluth","Robert C. O'Brien, Don Bluth, John Pomeroy, Gary Goldman, Will Finn, Ken Anderson","Adventure, Animation, Drama","<a href=""https://www.imdb.com/title/tt0084649"" target=""_blank"">tt0084649</a>","<a href=""https://www.imdb.com/title/tt0084649"" target=""_blank"">The Secret of NIMH</a>"
"tt1226271","The Damned United",2009,1556,7.5,47332,98,"Tom Hooper","Peter Morgan, David Peace","Biography, Drama, Sport","<a href=""https://www.imdb.com/title/tt1226271"" target=""_blank"">tt1226271</a>","<a href=""https://www.imdb.com/title/tt1226271"" target=""_blank"">The Damned United</a>"
"tt0808357","Lust, Caution",2007,1557,7.5,47167,157,"Ang Lee","Eileen Chang, James Schamus, Hui-Ling Wang","Drama, History, Romance","<a href=""https://www.imdb.com/title/tt0808357"" target=""_blank"">tt0808357</a>","<a href=""https://www.imdb.com/title/tt0808357"" target=""_blank"">Lust, Caution</a>"
"tt0054387","The Time Machine",1960,1558,7.5,46935,103,"George Pal","David Duncan, H.G. Wells","Adventure, Romance, Sci-Fi","<a href=""https://www.imdb.com/title/tt0054387"" target=""_blank"">tt0054387</a>","<a href=""https://www.imdb.com/title/tt0054387"" target=""_blank"">The Time Machine</a>"
"tt8108202","Stree",2018,1559,7.5,45590,128,"Amar Kaushik","Raj Nidimoru, Krishna D.K., Sumit Arora, Pawan Sony","Comedy, Horror","<a href=""https://www.imdb.com/title/tt8108202"" target=""_blank"">tt8108202</a>","<a href=""https://www.imdb.com/title/tt8108202"" target=""_blank"">Stree</a>"
"tt0073582","Deep Red",1975,1560,7.5,45531,127,"Dario Argento","Dario Argento, Bernardino Zapponi","Horror, Mystery, Thriller","<a href=""https://www.imdb.com/title/tt0073582"" target=""_blank"">tt0073582</a>","<a href=""https://www.imdb.com/title/tt0073582"" target=""_blank"">Deep Red</a>"
"tt0456912","A Bittersweet Life",2005,1561,7.5,45235,119,"Kim Jee-woon","Kim Jee-woon, Dong-Cheol Kim","Action, Crime, Drama","<a href=""https://www.imdb.com/title/tt0456912"" target=""_blank"">tt0456912</a>","<a href=""https://www.imdb.com/title/tt0456912"" target=""_blank"">A Bittersweet Life</a>"
"tt0089374","Police Story",1985,1562,7.5,45137,100,"Jackie Chan","Jackie Chan, Edward Tang","Action, Comedy, Crime","<a href=""https://www.imdb.com/title/tt0089374"" target=""_blank"">tt0089374</a>","<a href=""https://www.imdb.com/title/tt0089374"" target=""_blank"">Police Story</a>"
"tt0298228","Whale Rider",2002,1563,7.5,44916,101,"Niki Caro","Niki Caro, Witi Ihimaera","Drama, Family","<a href=""https://www.imdb.com/title/tt0298228"" target=""_blank"">tt0298228</a>","<a href=""https://www.imdb.com/title/tt0298228"" target=""_blank"">Whale Rider</a>"
"tt0097108","The Cook, the Thief, His Wife & Her Lover",1989,1564,7.5,43720,124,"Peter Greenaway","Peter Greenaway","Crime, Drama","<a href=""https://www.imdb.com/title/tt0097108"" target=""_blank"">tt0097108</a>","<a href=""https://www.imdb.com/title/tt0097108"" target=""_blank"">The Cook, the Thief, His Wife & Her Lover</a>"
"tt0079261","Hair",1979,1565,7.5,42847,121,"Milos Forman","Gerome Ragni, James Rado, Michael Weller","Comedy, Drama, Musical","<a href=""https://www.imdb.com/title/tt0079261"" target=""_blank"">tt0079261</a>","<a href=""https://www.imdb.com/title/tt0079261"" target=""_blank"">Hair</a>"
"tt5580266","The Hate U Give",2018,1566,7.5,42387,133,"George Tillman Jr.","Audrey Wells, Angie Thomas","Crime, Drama","<a href=""https://www.imdb.com/title/tt5580266"" target=""_blank"">tt5580266</a>","<a href=""https://www.imdb.com/title/tt5580266"" target=""_blank"">The Hate U Give</a>"
"tt7518786","'83",2021,1567,7.5,41998,162,"Kabir Khan","Sumit Arora, Sumit Aroraa, Vasan Bala, Sanjay Puran Singh Chauhan, Kabir Khan, Amit Mishra, Manoj Sandip Prabhu Tendolkar","Biography, Drama, History","<a href=""https://www.imdb.com/title/tt7518786"" target=""_blank"">tt7518786</a>","<a href=""https://www.imdb.com/title/tt7518786"" target=""_blank"">'83</a>"
"tt0078480","Watership Down",1978,1568,7.5,41739,92,"Martin Rosen, John Hubley","Richard Adams, Martin Rosen, John Hubley","Adventure, Animation, Drama","<a href=""https://www.imdb.com/title/tt0078480"" target=""_blank"">tt0078480</a>","<a href=""https://www.imdb.com/title/tt0078480"" target=""_blank"">Watership Down</a>"
"tt28259207","Kill",2023,1569,7.5,41595,105,"Nikhil Nagesh Bhat","Nikhil Nagesh Bhat, Ayesha Syed","Action, Crime, Drama","<a href=""https://www.imdb.com/title/tt28259207"" target=""_blank"">tt28259207</a>","<a href=""https://www.imdb.com/title/tt28259207"" target=""_blank"">Kill</a>"
"tt0076363","The Many Adventures of Winnie the Pooh",1977,1570,7.5,41485,74,"John Lounsbery, Wolfgang Reitherman, Ben Sharpsteen","A.A. Milne, Larry Clemmons, Ralph Wright, Vance Gerry, Xavier Atencio, Ken Anderson, Julius Svendsen, Ted Berman, Eric Cleworth, Winston Hibler","Animation, Comedy, Family","<a href=""https://www.imdb.com/title/tt0076363"" target=""_blank"">tt0076363</a>","<a href=""https://www.imdb.com/title/tt0076363"" target=""_blank"">The Many Adventures of Winnie the Pooh</a>"
"tt0070334","The Long Goodbye",1973,1571,7.5,41132,112,"Robert Altman","Leigh Brackett, Raymond Chandler","Comedy, Crime, Drama","<a href=""https://www.imdb.com/title/tt0070334"" target=""_blank"">tt0070334</a>","<a href=""https://www.imdb.com/title/tt0070334"" target=""_blank"">The Long Goodbye</a>"
"tt3666024","The Red Turtle",2016,1572,7.5,40619,80,"Michael Dudok de Wit","Michael Dudok de Wit, Pascale Ferran","Animation, Drama, Family","<a href=""https://www.imdb.com/title/tt3666024"" target=""_blank"">tt3666024</a>","<a href=""https://www.imdb.com/title/tt3666024"" target=""_blank"">The Red Turtle</a>"
"tt6485666","Mersal",2017,1573,7.5,40387,172,"Atlee","Atlee, Vijayendra Prasad, Ramanagirivasan, Rajendra Sapre","Action, Crime, Thriller","<a href=""https://www.imdb.com/title/tt6485666"" target=""_blank"">tt6485666</a>","<a href=""https://www.imdb.com/title/tt6485666"" target=""_blank"">Mersal</a>"
"tt0485601","The Secret of Kells",2009,1574,7.5,39763,75,"Tomm Moore, Nora Twomey","Tomm Moore, Fabrice Ziolkowski","Adventure, Animation, Family","<a href=""https://www.imdb.com/title/tt0485601"" target=""_blank"">tt0485601</a>","<a href=""https://www.imdb.com/title/tt0485601"" target=""_blank"">The Secret of Kells</a>"
"tt0067140","Duck, You Sucker!",1971,1575,7.5,39723,138,"Sergio Leone","Sergio Leone, Sergio Donati, Luciano Vincenzoni, Roberto De Leonardis, Carlo Tritto","Drama, War, Western","<a href=""https://www.imdb.com/title/tt0067140"" target=""_blank"">tt0067140</a>","<a href=""https://www.imdb.com/title/tt0067140"" target=""_blank"">Duck, You Sucker!</a>"
"tt1078188","Boy A",2007,1576,7.5,39701,106,"John Crowley","Mark O'Rowe, Jonathan Trigell","Drama","<a href=""https://www.imdb.com/title/tt1078188"" target=""_blank"">tt1078188</a>","<a href=""https://www.imdb.com/title/tt1078188"" target=""_blank"">Boy A</a>"
"tt0065988","Little Big Man",1970,1577,7.5,39322,139,"Arthur Penn","Thomas Berger, Calder Willingham","Adventure, Drama, Western","<a href=""https://www.imdb.com/title/tt0065988"" target=""_blank"">tt0065988</a>","<a href=""https://www.imdb.com/title/tt0065988"" target=""_blank"">Little Big Man</a>"
"tt0108211","Stalingrad",1993,1578,7.5,39228,134,"Joseph Vilsmaier","Jürgen Büscher, Christoph Fromm, Johannes Heide, Joseph Vilsmaier","Drama, War","<a href=""https://www.imdb.com/title/tt0108211"" target=""_blank"">tt0108211</a>","<a href=""https://www.imdb.com/title/tt0108211"" target=""_blank"">Stalingrad</a>"
"tt0165832","Interstate 60",2002,1579,7.5,39160,116,"Bob Gale","Bob Gale","Adventure, Comedy, Drama","<a href=""https://www.imdb.com/title/tt0165832"" target=""_blank"">tt0165832</a>","<a href=""https://www.imdb.com/title/tt0165832"" target=""_blank"">Interstate 60</a>"
"tt0072251","The Taking of Pelham One Two Three",1974,1580,7.6,39044,104,"Joseph Sargent","John Godey, Peter Stone","Action, Crime, Thriller","<a href=""https://www.imdb.com/title/tt0072251"" target=""_blank"">tt0072251</a>","<a href=""https://www.imdb.com/title/tt0072251"" target=""_blank"">The Taking of Pelham One Two Three</a>"
"tt0063374","The Odd Couple",1968,1581,7.6,38956,105,"Gene Saks","Neil Simon","Comedy","<a href=""https://www.imdb.com/title/tt0063374"" target=""_blank"">tt0063374</a>","<a href=""https://www.imdb.com/title/tt0063374"" target=""_blank"">The Odd Couple</a>"
"tt0066473","Tora! Tora! Tora!",1970,1582,7.5,38741,144,"Richard Fleischer, Kinji Fukasaku, Toshio Masuda, Akira Kurosawa","Larry Forrester, Hideo Oguni, Ryûzô Kikushima, Gordon W. Prange, Ladislas Farago, Akira Kurosawa","Action, Drama, History","<a href=""https://www.imdb.com/title/tt0066473"" target=""_blank"">tt0066473</a>","<a href=""https://www.imdb.com/title/tt0066473"" target=""_blank"">Tora! Tora! Tora!</a>"
"tt5635086","God's Own Country",2017,1583,7.6,38574,104,"Francis Lee","Francis Lee","Drama, Romance","<a href=""https://www.imdb.com/title/tt5635086"" target=""_blank"">tt5635086</a>","<a href=""https://www.imdb.com/title/tt5635086"" target=""_blank"">God's Own Country</a>"
"tt0457655","After the Wedding",2006,1584,7.6,38497,120,"Susanne Bier","Susanne Bier, Anders Thomas Jensen","Drama","<a href=""https://www.imdb.com/title/tt0457655"" target=""_blank"">tt0457655</a>","<a href=""https://www.imdb.com/title/tt0457655"" target=""_blank"">After the Wedding</a>"
"tt0113670","A Little Princess",1995,1585,7.6,38152,97,"Alfonso Cuarón","Frances Hodgson Burnett, Richard LaGravenese, Elizabeth Chandler","Drama, Family, Fantasy","<a href=""https://www.imdb.com/title/tt0113670"" target=""_blank"">tt0113670</a>","<a href=""https://www.imdb.com/title/tt0113670"" target=""_blank"">A Little Princess</a>"
"tt9806192","I Lost My Body",2019,1586,7.5,37944,81,"Jérémy Clapin","Jérémy Clapin, Guillaume Laurant","Animation, Drama, Fantasy","<a href=""https://www.imdb.com/title/tt9806192"" target=""_blank"">tt9806192</a>","<a href=""https://www.imdb.com/title/tt9806192"" target=""_blank"">I Lost My Body</a>"
"tt10701074","Ponniyin Selvan: Part I",2022,1587,7.6,37782,167,"Mani Ratnam, Sruti Harihara Subramanian","Mani Ratnam, Jayamohan, Elango Kumaravel, Kalki Krishnamoorthy, Tanikella Bharani, Varadaraj Chikkaballapura, Shankar Ramakrishnan, Divya Prakash Dubey","Action, Drama","<a href=""https://www.imdb.com/title/tt10701074"" target=""_blank"">tt10701074</a>","<a href=""https://www.imdb.com/title/tt10701074"" target=""_blank"">Ponniyin Selvan: Part I</a>"
"tt26446278","The Count of Monte-Cristo",2024,1588,7.6,37620,178,"Alexandre de La Patellière, Matthieu Delaporte","Alexandre Dumas, Alexandre de La Patellière, Matthieu Delaporte","Action, Adventure, Drama","<a href=""https://www.imdb.com/title/tt26446278"" target=""_blank"">tt26446278</a>","<a href=""https://www.imdb.com/title/tt26446278"" target=""_blank"">The Count of Monte-Cristo</a>"
"tt8108274","Tanhaji: The Unsung Warrior",2020,1589,7.5,37498,135,"Om Raut","Prakash Kapadia, Om Raut, Kirti Deghatak","Action, Biography, Drama","<a href=""https://www.imdb.com/title/tt8108274"" target=""_blank"">tt8108274</a>","<a href=""https://www.imdb.com/title/tt8108274"" target=""_blank"">Tanhaji: The Unsung Warrior</a>"
"tt0038559","Gilda",1946,1590,7.6,37459,110,"Charles Vidor","E.A. Ellington, Jo Eisinger, Marion Parsonnet, Ben Hecht","Drama, Film-Noir, Romance","<a href=""https://www.imdb.com/title/tt0038559"" target=""_blank"">tt0038559</a>","<a href=""https://www.imdb.com/title/tt0038559"" target=""_blank"">Gilda</a>"
"tt0053459","Eyes Without a Face",1960,1591,7.6,37424,90,"Georges Franju","Jean Redon, Pierre Boileau, Thomas Narcejac, Claude Sautet, Pierre Gascar","Drama, Horror","<a href=""https://www.imdb.com/title/tt0053459"" target=""_blank"">tt0053459</a>","<a href=""https://www.imdb.com/title/tt0053459"" target=""_blank"">Eyes Without a Face</a>"
"tt1068646","The Class",2008,1592,7.5,37089,128,"Laurent Cantet","Laurent Cantet, Robin Campillo, François Bégaudeau","Drama","<a href=""https://www.imdb.com/title/tt1068646"" target=""_blank"">tt1068646</a>","<a href=""https://www.imdb.com/title/tt1068646"" target=""_blank"">The Class</a>"
"tt0068762","Jeremiah Johnson",1972,1593,7.6,36903,108,"Sydney Pollack","Vardis Fisher, Raymond W. Thorp, Robert Bunker, John Milius, Edward Anhalt","Adventure, Drama, Western","<a href=""https://www.imdb.com/title/tt0068762"" target=""_blank"">tt0068762</a>","<a href=""https://www.imdb.com/title/tt0068762"" target=""_blank"">Jeremiah Johnson</a>"
"tt6304162","Loveless",2017,1594,7.6,36769,127,"Andrey Zvyagintsev","Oleg Negin, Andrey Zvyagintsev","Drama","<a href=""https://www.imdb.com/title/tt6304162"" target=""_blank"">tt6304162</a>","<a href=""https://www.imdb.com/title/tt6304162"" target=""_blank"">Loveless</a>"
"tt0082846","On Golden Pond",1981,1595,7.6,36618,109,"Mark Rydell","Ernest Thompson","Drama","<a href=""https://www.imdb.com/title/tt0082846"" target=""_blank"">tt0082846</a>","<a href=""https://www.imdb.com/title/tt0082846"" target=""_blank"">On Golden Pond</a>"
"tt0063518","Romeo and Juliet",1968,1596,7.6,36446,138,"Franco Zeffirelli","William Shakespeare, Franco Brusati, Masolino D'Amico, Franco Zeffirelli","Drama, Romance","<a href=""https://www.imdb.com/title/tt0063518"" target=""_blank"">tt0063518</a>","<a href=""https://www.imdb.com/title/tt0063518"" target=""_blank"">Romeo and Juliet</a>"
"tt0995031","Bhool Bhulaiyaa",2007,1597,7.5,36376,159,"Priyadarshan","Neeraj Vora, Manisha Korde, Madhu Muttam, Ravindra Ram Patil, Ram Patil","Comedy, Horror, Mystery","<a href=""https://www.imdb.com/title/tt0995031"" target=""_blank"">tt0995031</a>","<a href=""https://www.imdb.com/title/tt0995031"" target=""_blank"">Bhool Bhulaiyaa</a>"
"tt2359810","Raanjhanaa",2013,1598,7.6,36317,140,"Aanand L. Rai","John Mahendran, Himanshu Sharma","Drama, Romance","<a href=""https://www.imdb.com/title/tt2359810"" target=""_blank"">tt2359810</a>","<a href=""https://www.imdb.com/title/tt2359810"" target=""_blank"">Raanjhanaa</a>"
"tt17163970","Wallace & Gromit: Vengeance Most Fowl",2024,1599,7.5,36223,82,"Merlin Crossingham, Nick Park","Mark Burton, Nick Park, Holly Walsh","Adventure, Animation, Comedy","<a href=""https://www.imdb.com/title/tt17163970"" target=""_blank"">tt17163970</a>","<a href=""https://www.imdb.com/title/tt17163970"" target=""_blank"">Wallace & Gromit: Vengeance Most Fowl</a>"
"tt1259014","Mesrine: Killer Instinct",2008,1600,7.5,36077,113,"Jean-François Richet","Jacques Mesrine, Abdel Raouf Dafri, Jean-François Richet","Action, Biography, Crime","<a href=""https://www.imdb.com/title/tt1259014"" target=""_blank"">tt1259014</a>","<a href=""https://www.imdb.com/title/tt1259014"" target=""_blank"">Mesrine: Killer Instinct</a>"
"tt1324059","Wake Up Sid",2009,1601,7.6,36031,138,"Ayan Mukerji","Ayan Mukerji, Niranjan Iyengar","Comedy, Drama, Romance","<a href=""https://www.imdb.com/title/tt1324059"" target=""_blank"">tt1324059</a>","<a href=""https://www.imdb.com/title/tt1324059"" target=""_blank"">Wake Up Sid</a>"
"tt0449994","Jodhaa Akbar",2008,1602,7.5,35773,213,"Ashutosh Gowariker","Haidar Ali, Ashutosh Gowariker, K.P. Saxena, Rajshri Sudhakar","Action, Drama, History","<a href=""https://www.imdb.com/title/tt0449994"" target=""_blank"">tt0449994</a>","<a href=""https://www.imdb.com/title/tt0449994"" target=""_blank"">Jodhaa Akbar</a>"
"tt3767372","Piku",2015,1603,7.6,35725,123,"Shoojit Sircar","Juhi Chaturvedi","Comedy, Drama","<a href=""https://www.imdb.com/title/tt3767372"" target=""_blank"">tt3767372</a>","<a href=""https://www.imdb.com/title/tt3767372"" target=""_blank"">Piku</a>"
"tt0040525","The Lady from Shanghai",1947,1604,7.5,35499,87,"Orson Welles","Sherwood King, Orson Welles, William Castle, Charles Lederer, Fletcher Markle","Crime, Drama, Film-Noir","<a href=""https://www.imdb.com/title/tt0040525"" target=""_blank"">tt0040525</a>","<a href=""https://www.imdb.com/title/tt0040525"" target=""_blank"">The Lady from Shanghai</a>"
"tt13097932","One Life",2023,1605,7.5,35282,109,"James Hawes","Lucinda Coxon, Nick Drake, Barbara Winton","Biography, Drama, History","<a href=""https://www.imdb.com/title/tt13097932"" target=""_blank"">tt13097932</a>","<a href=""https://www.imdb.com/title/tt13097932"" target=""_blank"">One Life</a>"
"tt0120802","The Red Violin",1998,1606,7.6,35210,130,"François Girard","Don McKellar, François Girard","Drama, Music, Mystery","<a href=""https://www.imdb.com/title/tt0120802"" target=""_blank"">tt0120802</a>","<a href=""https://www.imdb.com/title/tt0120802"" target=""_blank"">The Red Violin</a>"
"tt8652728","Waves",2019,1607,7.5,35138,135,"Trey Edward Shults","Trey Edward Shults","Drama, Romance, Sport","<a href=""https://www.imdb.com/title/tt8652728"" target=""_blank"">tt8652728</a>","<a href=""https://www.imdb.com/title/tt8652728"" target=""_blank"">Waves</a>"
"tt0079833","Lupin III: The Castle of Cagliostro",1979,1608,7.6,35001,102,"Hayao Miyazaki","Monkey Punch, Maurice Leblanc, Hayao Miyazaki, Haruya Yamazaki","Adventure, Animation, Comedy","<a href=""https://www.imdb.com/title/tt0079833"" target=""_blank"">tt0079833</a>","<a href=""https://www.imdb.com/title/tt0079833"" target=""_blank"">Lupin III: The Castle of Cagliostro</a>"
"tt1204340","Tyrannosaur",2011,1609,7.5,34666,92,"Paddy Considine","Paddy Considine","Drama","<a href=""https://www.imdb.com/title/tt1204340"" target=""_blank"">tt1204340</a>","<a href=""https://www.imdb.com/title/tt1204340"" target=""_blank"">Tyrannosaur</a>"
"tt1127715","Sin Nombre",2009,1610,7.5,34654,96,"Cary Joji Fukunaga","Cary Joji Fukunaga","Adventure, Crime, Drama","<a href=""https://www.imdb.com/title/tt1127715"" target=""_blank"">tt1127715</a>","<a href=""https://www.imdb.com/title/tt1127715"" target=""_blank"">Sin Nombre</a>"
"tt15301048","Argentina, 1985",2022,1611,7.6,34405,140,"Santiago Mitre","Santiago Mitre, Mariano Llinás, Martín Mauregui","Biography, Crime, Drama","<a href=""https://www.imdb.com/title/tt15301048"" target=""_blank"">tt15301048</a>","<a href=""https://www.imdb.com/title/tt15301048"" target=""_blank"">Argentina, 1985</a>"
"tt1714210","Weekend",2011,1612,7.6,33883,97,"Andrew Haigh","Andrew Haigh","Drama, Romance","<a href=""https://www.imdb.com/title/tt1714210"" target=""_blank"">tt1714210</a>","<a href=""https://www.imdb.com/title/tt1714210"" target=""_blank"">Weekend</a>"
"tt1934231","Delhi Belly",2011,1613,7.6,33641,103,"Abhinay Deo, Akshat Verma","Mr. Moris, Akshat Verma","Action, Comedy, Crime","<a href=""https://www.imdb.com/title/tt1934231"" target=""_blank"">tt1934231</a>","<a href=""https://www.imdb.com/title/tt1934231"" target=""_blank"">Delhi Belly</a>"
"tt7748244","Mortal World",2018,1614,7.6,33520,107,"Ali Atay","Ali Atay, Ali Demirel, Aziz Kedi, Volkan Sümbül, Feyyaz Yigit","Action, Comedy, Crime","<a href=""https://www.imdb.com/title/tt7748244"" target=""_blank"">tt7748244</a>","<a href=""https://www.imdb.com/title/tt7748244"" target=""_blank"">Mortal World</a>"
"tt0424205","Joyeux Noel",2005,1615,7.6,33219,116,"Christian Carion","Christian Carion","Drama, History, Music","<a href=""https://www.imdb.com/title/tt0424205"" target=""_blank"">tt0424205</a>","<a href=""https://www.imdb.com/title/tt0424205"" target=""_blank"">Joyeux Noel</a>"
"tt7914416","One Cut of the Dead",2017,1616,7.6,33169,96,"Shin'ichirô Ueda","Shin'ichirô Ueda, Ryoichi Wada","Comedy, Drama, Horror","<a href=""https://www.imdb.com/title/tt7914416"" target=""_blank"">tt7914416</a>","<a href=""https://www.imdb.com/title/tt7914416"" target=""_blank"">One Cut of the Dead</a>"
"tt0048281","The Ladykillers",1955,1617,7.6,33047,91,"Alexander Mackendrick","William Rose, Jimmy O'Connor","Comedy, Crime","<a href=""https://www.imdb.com/title/tt0048281"" target=""_blank"">tt0048281</a>","<a href=""https://www.imdb.com/title/tt0048281"" target=""_blank"">The Ladykillers</a>"
"tt4229236","Cobain: Montage of Heck",2015,1618,7.5,32858,132,"Brett Morgen","Brett Morgen","Animation, Biography, Documentary","<a href=""https://www.imdb.com/title/tt4229236"" target=""_blank"">tt4229236</a>","<a href=""https://www.imdb.com/title/tt4229236"" target=""_blank"">Cobain: Montage of Heck</a>"
"tt0758742","Death Note",2006,1619,7.5,32751,126,"Shûsuke Kaneko","Tsugumi Ôba, Takeshi Obata, Tetsuya Oishi","Crime, Drama, Fantasy","<a href=""https://www.imdb.com/title/tt0758742"" target=""_blank"">tt0758742</a>","<a href=""https://www.imdb.com/title/tt0758742"" target=""_blank"">Death Note</a>"
"tt36463894","Predator: Killer of Killers",2025,1620,7.5,32732,85,"Dan Trachtenberg, Joshua Wassung","Micho Robert Rutare, Dan Trachtenberg, Jim Thomas, John Thomas","Action, Adventure, Animation","<a href=""https://www.imdb.com/title/tt36463894"" target=""_blank"">tt36463894</a>","<a href=""https://www.imdb.com/title/tt36463894"" target=""_blank"">Predator: Killer of Killers</a>"
"tt0097499","Henry V",1989,1621,7.5,32712,137,"Kenneth Branagh","William Shakespeare, Kenneth Branagh","Biography, Drama, History","<a href=""https://www.imdb.com/title/tt0097499"" target=""_blank"">tt0097499</a>","<a href=""https://www.imdb.com/title/tt0097499"" target=""_blank"">Henry V</a>"
"tt0037017","Lifeboat",1944,1622,7.6,32711,97,"Alfred Hitchcock","John Steinbeck, Jo Swerling, Alfred Hitchcock, Ben Hecht","Drama, War","<a href=""https://www.imdb.com/title/tt0037017"" target=""_blank"">tt0037017</a>","<a href=""https://www.imdb.com/title/tt0037017"" target=""_blank"">Lifeboat</a>"
"tt0082176","Christiane F.",1981,1623,7.5,32688,138,"Uli Edel","Herman Weigel, Kai Hermann, Horst Rieck, Uli Edel","Biography, Drama","<a href=""https://www.imdb.com/title/tt0082176"" target=""_blank"">tt0082176</a>","<a href=""https://www.imdb.com/title/tt0082176"" target=""_blank"">Christiane F.</a>"
"tt4196848","Mr. Church",2016,1624,7.6,32653,104,"Bruce Beresford","Susan McMartin","Comedy, Drama","<a href=""https://www.imdb.com/title/tt4196848"" target=""_blank"">tt4196848</a>","<a href=""https://www.imdb.com/title/tt4196848"" target=""_blank"">Mr. Church</a>"
"tt0164538","Dil Se..",1998,1625,7.5,32597,163,"Mani Ratnam","Mani Ratnam, Sujatha, Tigmanshu Dhulia","Drama, Romance","<a href=""https://www.imdb.com/title/tt0164538"" target=""_blank"">tt0164538</a>","<a href=""https://www.imdb.com/title/tt0164538"" target=""_blank"">Dil Se..</a>"
"tt0107007","Gettysburg",1993,1626,7.6,32545,254,"Ron Maxwell","Michael Shaara, Ron Maxwell","Drama, History, War","<a href=""https://www.imdb.com/title/tt0107007"" target=""_blank"">tt0107007</a>","<a href=""https://www.imdb.com/title/tt0107007"" target=""_blank"">Gettysburg</a>"
"tt0203230","You Can Count on Me",2000,1627,7.5,32328,111,"Kenneth Lonergan","Kenneth Lonergan","Drama","<a href=""https://www.imdb.com/title/tt0203230"" target=""_blank"">tt0203230</a>","<a href=""https://www.imdb.com/title/tt0203230"" target=""_blank"">You Can Count on Me</a>"
"tt0104466","Husbands and Wives",1992,1628,7.5,32285,108,"Woody Allen","Woody Allen","Comedy, Drama, Romance","<a href=""https://www.imdb.com/title/tt0104466"" target=""_blank"">tt0104466</a>","<a href=""https://www.imdb.com/title/tt0104466"" target=""_blank"">Husbands and Wives</a>"
"tt14260836","Better Man",2024,1629,7.6,32269,135,"Michael Gracey","Robbie Williams, Simon Gleeson, Oliver Cole, Michael Gracey","Biography, Fantasy, Music","<a href=""https://www.imdb.com/title/tt14260836"" target=""_blank"">tt14260836</a>","<a href=""https://www.imdb.com/title/tt14260836"" target=""_blank"">Better Man</a>"
"tt0061619","El Dorado",1966,1630,7.5,32232,126,"Howard Hawks","Leigh Brackett, Harry Brown","Drama, Romance, Western","<a href=""https://www.imdb.com/title/tt0061619"" target=""_blank"">tt0061619</a>","<a href=""https://www.imdb.com/title/tt0061619"" target=""_blank"">El Dorado</a>"
"tt0066765","Monty Python's and Now for Something Completely Different",1971,1631,7.5,32203,88,"Ian MacNaughton","Graham Chapman, John Cleese, Terry Gilliam, Eric Idle, Terry Jones, Michael Palin","Comedy","<a href=""https://www.imdb.com/title/tt0066765"" target=""_blank"">tt0066765</a>","<a href=""https://www.imdb.com/title/tt0066765"" target=""_blank"">Monty Python's and Now for Something Completely Different</a>"
"tt0097940","Mystery Train",1989,1632,7.5,32098,110,"Jim Jarmusch","Jim Jarmusch","Comedy, Crime, Drama","<a href=""https://www.imdb.com/title/tt0097940"" target=""_blank"">tt0097940</a>","<a href=""https://www.imdb.com/title/tt0097940"" target=""_blank"">Mystery Train</a>"
"tt15339456","Marcel the Shell with Shoes On",2021,1633,7.6,31924,90,"Dean Fleischer Camp","Dean Fleischer Camp, Jenny Slate, Nick Paley, Elisabeth Holm","Animation, Comedy, Drama","<a href=""https://www.imdb.com/title/tt15339456"" target=""_blank"">tt15339456</a>","<a href=""https://www.imdb.com/title/tt15339456"" target=""_blank"">Marcel the Shell with Shoes On</a>"
"tt2980794","Highway",2014,1634,7.6,31897,133,"Imtiaz Ali","Imtiaz Ali","Crime, Drama, Romance","<a href=""https://www.imdb.com/title/tt2980794"" target=""_blank"">tt2980794</a>","<a href=""https://www.imdb.com/title/tt2980794"" target=""_blank"">Highway</a>"
"tt11777738","A Hero",2021,1635,7.5,31688,127,"Asghar Farhadi","Asghar Farhadi","Drama","<a href=""https://www.imdb.com/title/tt11777738"" target=""_blank"">tt11777738</a>","<a href=""https://www.imdb.com/title/tt11777738"" target=""_blank"">A Hero</a>"
"tt1736633","Oslo, August 31st",2011,1636,7.6,31406,95,"Joachim Trier","Joachim Trier, Pierre Drieu La Rochelle, Eskil Vogt","Drama","<a href=""https://www.imdb.com/title/tt1736633"" target=""_blank"">tt1736633</a>","<a href=""https://www.imdb.com/title/tt1736633"" target=""_blank"">Oslo, August 31st</a>"
"tt0123948","Cure",1997,1637,7.5,31329,111,"Kiyoshi Kurosawa","Kiyoshi Kurosawa","Crime, Horror, Mystery","<a href=""https://www.imdb.com/title/tt0123948"" target=""_blank"">tt0123948</a>","<a href=""https://www.imdb.com/title/tt0123948"" target=""_blank"">Cure</a>"
"tt1132623","You Don't Know Jack",2010,1638,7.5,31284,134,"Barry Levinson","Adam Mazer","Biography, Drama","<a href=""https://www.imdb.com/title/tt1132623"" target=""_blank"">tt1132623</a>","<a href=""https://www.imdb.com/title/tt1132623"" target=""_blank"">You Don't Know Jack</a>"
"tt15434074","Kho Gaye Hum Kahan",2023,1639,7.5,31257,135,"Arjun Varain Singh","Zoya Akhtar, Arjun Varain Singh, Reema Kagti, Yash Sahai, Rahul Nair","Comedy, Drama, Romance","<a href=""https://www.imdb.com/title/tt15434074"" target=""_blank"">tt15434074</a>","<a href=""https://www.imdb.com/title/tt15434074"" target=""_blank"">Kho Gaye Hum Kahan</a>"
"tt0106333","Baazigar",1993,1640,7.6,31197,175,"Abbas Alibhai Burmawalla, Mastan Alibhai Burmawalla","Robin Bhatt, Akash Khurana, Javed Siddiqui","Crime, Drama, Musical","<a href=""https://www.imdb.com/title/tt0106333"" target=""_blank"">tt0106333</a>","<a href=""https://www.imdb.com/title/tt0106333"" target=""_blank"">Baazigar</a>"
"tt0060522","How to Steal a Million",1966,1641,7.5,31111,123,"William Wyler","George Bradshaw, Harry Kurnitz","Comedy, Crime, Romance","<a href=""https://www.imdb.com/title/tt0060522"" target=""_blank"">tt0060522</a>","<a href=""https://www.imdb.com/title/tt0060522"" target=""_blank"">How to Steal a Million</a>"
"tt5607714","On Body and Soul",2017,1642,7.5,30881,116,"Ildikó Enyedi","Ildikó Enyedi","Drama, Fantasy, Mystery","<a href=""https://www.imdb.com/title/tt5607714"" target=""_blank"">tt5607714</a>","<a href=""https://www.imdb.com/title/tt5607714"" target=""_blank"">On Body and Soul</a>"
"tt1560139","Boy",2010,1643,7.5,30803,87,"Taika Waititi","Taika Waititi","Comedy, Drama","<a href=""https://www.imdb.com/title/tt1560139"" target=""_blank"">tt1560139</a>","<a href=""https://www.imdb.com/title/tt1560139"" target=""_blank"">Boy</a>"
"tt0338135","The Barbarian Invasions",2003,1644,7.5,30622,99,"Denys Arcand","Denys Arcand","Comedy, Crime, Drama","<a href=""https://www.imdb.com/title/tt0338135"" target=""_blank"">tt0338135</a>","<a href=""https://www.imdb.com/title/tt0338135"" target=""_blank"">The Barbarian Invasions</a>"
"tt2140465","Tanu Weds Manu Returns",2015,1645,7.6,30291,128,"Aanand L. Rai","Himanshu Sharma","Comedy, Drama, Romance","<a href=""https://www.imdb.com/title/tt2140465"" target=""_blank"">tt2140465</a>","<a href=""https://www.imdb.com/title/tt2140465"" target=""_blank"">Tanu Weds Manu Returns</a>"
"tt0070290","The Last Detail",1973,1646,7.5,30090,104,"Hal Ashby","Robert Towne, Darryl Ponicsan","Comedy, Drama","<a href=""https://www.imdb.com/title/tt0070290"" target=""_blank"">tt0070290</a>","<a href=""https://www.imdb.com/title/tt0070290"" target=""_blank"">The Last Detail</a>"
"tt0073440","Nashville",1975,1647,7.6,30057,160,"Robert Altman","Joan Tewkesbury","Comedy, Drama, Music","<a href=""https://www.imdb.com/title/tt0073440"" target=""_blank"">tt0073440</a>","<a href=""https://www.imdb.com/title/tt0073440"" target=""_blank"">Nashville</a>"
"tt0923811","Evangelion: 1.0 You Are (Not) Alone",2007,1648,7.5,29831,98,"Hiroshi Haraguchi, Masayuki, Kazuya Tsurumaki, Hideaki Anno, Kôbun Shizuno","Hideaki Anno","Action, Animation, Drama","<a href=""https://www.imdb.com/title/tt0923811"" target=""_blank"">tt0923811</a>","<a href=""https://www.imdb.com/title/tt0923811"" target=""_blank"">Evangelion: 1.0 You Are (Not) Alone</a>"
"tt10199590","Les Misérables",2019,1649,7.6,29736,104,"Ladj Ly","Ladj Ly, Giordano Gederlini, Alexis Manenti","Crime, Drama, Thriller","<a href=""https://www.imdb.com/title/tt10199590"" target=""_blank"">tt10199590</a>","<a href=""https://www.imdb.com/title/tt10199590"" target=""_blank"">Les Misérables</a>"
"tt0037059","Meet Me in St. Louis",1944,1650,7.5,29724,113,"Vincente Minnelli","Irving Brecher, Fred F. Finklehoffe, Sally Benson, Victor Heerman, William Ludwig, Sarah Y. Mason, Doris Gilbert","Comedy, Drama, Family","<a href=""https://www.imdb.com/title/tt0037059"" target=""_blank"">tt0037059</a>","<a href=""https://www.imdb.com/title/tt0037059"" target=""_blank"">Meet Me in St. Louis</a>"
"tt0426578","Sophie Scholl: The Final Days",2005,1651,7.6,29359,120,"Marc Rothemund","Fred Breinersdorfer","Biography, Crime, Drama","<a href=""https://www.imdb.com/title/tt0426578"" target=""_blank"">tt0426578</a>","<a href=""https://www.imdb.com/title/tt0426578"" target=""_blank"">Sophie Scholl: The Final Days</a>"
"tt0067411","McCabe & Mrs. Miller",1971,1652,7.6,29242,120,"Robert Altman","Edmund Naughton, Robert Altman, Brian McKay, Robert Towne, Joseph Calvelli","Drama, Western","<a href=""https://www.imdb.com/title/tt0067411"" target=""_blank"">tt0067411</a>","<a href=""https://www.imdb.com/title/tt0067411"" target=""_blank"">McCabe & Mrs. Miller</a>"
"tt3704050","Remember",2015,1653,7.5,29060,94,"Atom Egoyan","Benjamin August","Drama, Mystery, Thriller","<a href=""https://www.imdb.com/title/tt3704050"" target=""_blank"">tt3704050</a>","<a href=""https://www.imdb.com/title/tt3704050"" target=""_blank"">Remember</a>"
"tt0069097","Play It Again, Sam",1972,1654,7.6,28845,85,"Herbert Ross","Woody Allen","Comedy, Romance","<a href=""https://www.imdb.com/title/tt0069097"" target=""_blank"">tt0069097</a>","<a href=""https://www.imdb.com/title/tt0069097"" target=""_blank"">Play It Again, Sam</a>"
"tt0067959","Walkabout",1971,1655,7.6,28740,100,"Nicolas Roeg","Edward Bond, Donald G. Payne, Nicolas Roeg","Adventure, Drama","<a href=""https://www.imdb.com/title/tt0067959"" target=""_blank"">tt0067959</a>","<a href=""https://www.imdb.com/title/tt0067959"" target=""_blank"">Walkabout</a>"
"tt7214762","Jim & Andy: The Great Beyond",2017,1656,7.6,28630,94,"Chris Smith",NA,"Documentary","<a href=""https://www.imdb.com/title/tt7214762"" target=""_blank"">tt7214762</a>","<a href=""https://www.imdb.com/title/tt7214762"" target=""_blank"">Jim & Andy: The Great Beyond</a>"
"tt4272866","The Boy and the Beast",2015,1657,7.6,28615,119,"Mamoru Hosoda","Mamoru Hosoda","Action, Adventure, Animation","<a href=""https://www.imdb.com/title/tt4272866"" target=""_blank"">tt4272866</a>","<a href=""https://www.imdb.com/title/tt4272866"" target=""_blank"">The Boy and the Beast</a>"
"tt0074084","1900",1976,1658,7.6,28361,317,"Bernardo Bertolucci","Franco Arcalli, Giuseppe Bertolucci, Bernardo Bertolucci","Drama, History","<a href=""https://www.imdb.com/title/tt0074084"" target=""_blank"">tt0074084</a>","<a href=""https://www.imdb.com/title/tt0074084"" target=""_blank"">1900</a>"
"tt0075213","The Shootist",1976,1659,7.6,28333,100,"Don Siegel","Glendon Swarthout, Miles Hood Swarthout, Scott Hale","Drama, Romance, Western","<a href=""https://www.imdb.com/title/tt0075213"" target=""_blank"">tt0075213</a>","<a href=""https://www.imdb.com/title/tt0075213"" target=""_blank"">The Shootist</a>"
"tt0057869","Band of Outsiders",1964,1660,7.6,28148,95,"Jean-Luc Godard","Dolores Hitchens, Jean-Luc Godard","Comedy, Crime, Drama","<a href=""https://www.imdb.com/title/tt0057869"" target=""_blank"">tt0057869</a>","<a href=""https://www.imdb.com/title/tt0057869"" target=""_blank"">Band of Outsiders</a>"
"tt0342172","Capturing the Friedmans",2003,1661,7.6,28034,107,"Andrew Jarecki",NA,"Biography, Crime, Documentary","<a href=""https://www.imdb.com/title/tt0342172"" target=""_blank"">tt0342172</a>","<a href=""https://www.imdb.com/title/tt0342172"" target=""_blank"">Capturing the Friedmans</a>"
"tt0081070","The Long Good Friday",1980,1662,7.5,28021,114,"John Mackenzie","Barrie Keeffe","Crime, Drama, Mystery","<a href=""https://www.imdb.com/title/tt0081070"" target=""_blank"">tt0081070</a>","<a href=""https://www.imdb.com/title/tt0081070"" target=""_blank"">The Long Good Friday</a>"
"tt0098213","Roger & Me",1989,1663,7.5,27969,91,"Michael Moore","Michael Moore","Documentary","<a href=""https://www.imdb.com/title/tt0098213"" target=""_blank"">tt0098213</a>","<a href=""https://www.imdb.com/title/tt0098213"" target=""_blank"">Roger & Me</a>"
"tt0035015","The Magnificent Ambersons",1942,1664,7.6,27965,88,"Orson Welles, Fred Fleck, Robert Wise","Booth Tarkington, Orson Welles, Joseph Cotten, Jack Moss","Drama, Romance","<a href=""https://www.imdb.com/title/tt0035015"" target=""_blank"">tt0035015</a>","<a href=""https://www.imdb.com/title/tt0035015"" target=""_blank"">The Magnificent Ambersons</a>"
"tt0383694","Vera Drake",2004,1665,7.6,27952,125,"Mike Leigh","Mike Leigh","Crime, Drama","<a href=""https://www.imdb.com/title/tt0383694"" target=""_blank"">tt0383694</a>","<a href=""https://www.imdb.com/title/tt0383694"" target=""_blank"">Vera Drake</a>"
"tt0311519","The Man Without a Past",2002,1666,7.6,27940,97,"Aki Kaurismäki","Aki Kaurismäki","Comedy, Drama, Romance","<a href=""https://www.imdb.com/title/tt0311519"" target=""_blank"">tt0311519</a>","<a href=""https://www.imdb.com/title/tt0311519"" target=""_blank"">The Man Without a Past</a>"
"tt2625030","New World",2013,1667,7.5,27880,135,"Park Hoon-jung","Park Hoon-jung","Action, Crime, Drama","<a href=""https://www.imdb.com/title/tt2625030"" target=""_blank"">tt2625030</a>","<a href=""https://www.imdb.com/title/tt2625030"" target=""_blank"">New World</a>"
"tt0373981","Control",2003,1668,7.6,27786,111,"Nimród Antal","Nimród Antal, Jim Adler","Comedy, Crime, Drama","<a href=""https://www.imdb.com/title/tt0373981"" target=""_blank"">tt0373981</a>","<a href=""https://www.imdb.com/title/tt0373981"" target=""_blank"">Control</a>"
"tt7642818","Between Family",2017,1669,7.6,27696,124,"Ozan Açiktan","Gülse Birsel","Comedy","<a href=""https://www.imdb.com/title/tt7642818"" target=""_blank"">tt7642818</a>","<a href=""https://www.imdb.com/title/tt7642818"" target=""_blank"">Between Family</a>"
"tt0266425","Conspiracy",2001,1670,7.6,27625,96,"Frank Pierson","Loring Mandel","Biography, Drama, History","<a href=""https://www.imdb.com/title/tt0266425"" target=""_blank"">tt0266425</a>","<a href=""https://www.imdb.com/title/tt0266425"" target=""_blank"">Conspiracy</a>"
"tt8359816","Sorry We Missed You",2019,1671,7.6,27368,101,"Ken Loach","Paul Laverty","Drama","<a href=""https://www.imdb.com/title/tt8359816"" target=""_blank"">tt8359816</a>","<a href=""https://www.imdb.com/title/tt8359816"" target=""_blank"">Sorry We Missed You</a>"
"tt6967980","Seeking True Love",2017,1672,7.5,27045,116,"Ashwiny Iyer Tiwari","Nicolas Barreau, Shreyas Jain, Nitesh Tiwari","Comedy, Romance","<a href=""https://www.imdb.com/title/tt6967980"" target=""_blank"">tt6967980</a>","<a href=""https://www.imdb.com/title/tt6967980"" target=""_blank"">Seeking True Love</a>"
"tt0099334","Cyrano de Bergerac",1990,1673,7.5,26880,137,"Jean-Paul Rappeneau","Edmond Rostand, Jean-Paul Rappeneau, Jean-Claude Carrière","Comedy, Drama, History","<a href=""https://www.imdb.com/title/tt0099334"" target=""_blank"">tt0099334</a>","<a href=""https://www.imdb.com/title/tt0099334"" target=""_blank"">Cyrano de Bergerac</a>"
"tt0115640","Beautiful Thing",1996,1674,7.6,26703,90,"Hettie Macdonald","Jonathan Harvey","Comedy, Drama, Romance","<a href=""https://www.imdb.com/title/tt0115640"" target=""_blank"">tt0115640</a>","<a href=""https://www.imdb.com/title/tt0115640"" target=""_blank"">Beautiful Thing</a>"
"tt0053168","Pickpocket",1959,1675,7.6,26691,76,"Robert Bresson","Robert Bresson","Crime, Drama","<a href=""https://www.imdb.com/title/tt0053168"" target=""_blank"">tt0053168</a>","<a href=""https://www.imdb.com/title/tt0053168"" target=""_blank"">Pickpocket</a>"
"tt15654262","Chup",2022,1676,7.5,26601,135,"R Balki","R Balki, Raja Sen, Rishi Virmani","Drama, Horror, Mystery","<a href=""https://www.imdb.com/title/tt15654262"" target=""_blank"">tt15654262</a>","<a href=""https://www.imdb.com/title/tt15654262"" target=""_blank"">Chup</a>"
"tt13028258","A Thursday",2022,1677,7.6,26598,128,"Behzad Khambata","Behzad Khambata, Ashley Lobo, Vijay Maurya","Drama, Thriller","<a href=""https://www.imdb.com/title/tt13028258"" target=""_blank"">tt13028258</a>","<a href=""https://www.imdb.com/title/tt13028258"" target=""_blank"">A Thursday</a>"
"tt28089700","Raid 2",2025,1678,7.5,26460,145,"Raj Kumar Gupta","Raj Kumar Gupta, Ritesh Shah, Karan Vyas, Jaideep Yadav","Crime, Drama, Thriller","<a href=""https://www.imdb.com/title/tt28089700"" target=""_blank"">tt28089700</a>","<a href=""https://www.imdb.com/title/tt28089700"" target=""_blank"">Raid 2</a>"
"tt0109555","Darr",1993,1679,7.6,26408,178,"Yash Chopra","Honey Irani, Javed Siddiqui","Action, Drama, Romance","<a href=""https://www.imdb.com/title/tt0109555"" target=""_blank"">tt0109555</a>","<a href=""https://www.imdb.com/title/tt0109555"" target=""_blank"">Darr</a>"
"tt0280491","Bloody Sunday",2002,1680,7.6,26311,111,"Paul Greengrass","Paul Greengrass","Drama, History, War","<a href=""https://www.imdb.com/title/tt0280491"" target=""_blank"">tt0280491</a>","<a href=""https://www.imdb.com/title/tt0280491"" target=""_blank"">Bloody Sunday</a>"
"tt4897822","Where to Invade Next",2015,1681,7.5,26195,120,"Michael Moore","Michael Moore","Comedy, Documentary","<a href=""https://www.imdb.com/title/tt4897822"" target=""_blank"">tt4897822</a>","<a href=""https://www.imdb.com/title/tt4897822"" target=""_blank"">Where to Invade Next</a>"
"tt0054632","Last Year at Marienbad",1961,1682,7.6,26183,94,"Alain Resnais","Alain Robbe-Grillet","Drama, Mystery, Romance","<a href=""https://www.imdb.com/title/tt0054632"" target=""_blank"">tt0054632</a>","<a href=""https://www.imdb.com/title/tt0054632"" target=""_blank"">Last Year at Marienbad</a>"
"tt1326972","Red Cliff II",2009,1683,7.5,26036,142,"John Woo","John Woo, Khan Chan, Cheng Kuo, Heyu Sheng, Guanzhong Luo","Action, Adventure, Drama","<a href=""https://www.imdb.com/title/tt1326972"" target=""_blank"">tt1326972</a>","<a href=""https://www.imdb.com/title/tt1326972"" target=""_blank"">Red Cliff II</a>"
"tt2855648","Madras Cafe",2013,1684,7.6,25996,130,"Shoojit Sircar","Shubhendu Bhattacharya, Juhi Chaturvedi, Somnath Dey, Dusan Tolmac","Action, Drama, Thriller","<a href=""https://www.imdb.com/title/tt2855648"" target=""_blank"">tt2855648</a>","<a href=""https://www.imdb.com/title/tt2855648"" target=""_blank"">Madras Cafe</a>"
"tt6826438","Parmanu: The Story of Pokhran",2018,1685,7.6,25976,129,"Abhishek Sharma","Saiwyn Quadras, Sanyuktha Chawla Shaikh, Abhishek Sharma","Action, Drama, History","<a href=""https://www.imdb.com/title/tt6826438"" target=""_blank"">tt6826438</a>","<a href=""https://www.imdb.com/title/tt6826438"" target=""_blank"">Parmanu: The Story of Pokhran</a>"
"tt0110200","Fist of Legend",1994,1686,7.5,25938,103,"Gordon Chan","Gordon Chan, Kwong-Kim Yip, Lam Kay Toa","Action, Drama","<a href=""https://www.imdb.com/title/tt0110200"" target=""_blank"">tt0110200</a>","<a href=""https://www.imdb.com/title/tt0110200"" target=""_blank"">Fist of Legend</a>"
"tt0026752","Mutiny on the Bounty",1935,1687,7.6,25894,132,"Frank Lloyd","Talbot Jennings, Jules Furthman, Carey Wilson, Charles Nordhoff, James Norman Hall, Margaret Booth, John Farrow","Adventure, Biography, Drama","<a href=""https://www.imdb.com/title/tt0026752"" target=""_blank"">tt0026752</a>","<a href=""https://www.imdb.com/title/tt0026752"" target=""_blank"">Mutiny on the Bounty</a>"
"tt0057427","The Trial",1962,1688,7.6,25823,119,"Orson Welles","Pierre Cholot, Franz Kafka, Orson Welles","Drama, Mystery, Thriller","<a href=""https://www.imdb.com/title/tt0057427"" target=""_blank"">tt0057427</a>","<a href=""https://www.imdb.com/title/tt0057427"" target=""_blank"">The Trial</a>"
"tt0093512","Maurice",1987,1689,7.6,25689,140,"James Ivory","E.M. Forster, Kit Hesketh-Harvey, James Ivory","Drama, Romance","<a href=""https://www.imdb.com/title/tt0093512"" target=""_blank"">tt0093512</a>","<a href=""https://www.imdb.com/title/tt0093512"" target=""_blank"">Maurice</a>"
"tt0236027","Flickering Lights",2000,1690,7.5,25619,109,"Anders Thomas Jensen","Anders Thomas Jensen","Action, Comedy, Crime","<a href=""https://www.imdb.com/title/tt0236027"" target=""_blank"">tt0236027</a>","<a href=""https://www.imdb.com/title/tt0236027"" target=""_blank"">Flickering Lights</a>"
"tt11314148","Shiddat",2021,1691,7.6,25581,146,"Kunal Deshmukh","Shridhar Raghavan, Dheeraj Rattan, Pooja Ladha Surti, Sara Bodinar","Romance","<a href=""https://www.imdb.com/title/tt11314148"" target=""_blank"">tt11314148</a>","<a href=""https://www.imdb.com/title/tt11314148"" target=""_blank"">Shiddat</a>"
"tt2608224","The Butterfly's Dream",2013,1692,7.6,25547,138,"Yilmaz Erdogan","Yilmaz Erdogan","Biography, Drama, History","<a href=""https://www.imdb.com/title/tt2608224"" target=""_blank"">tt2608224</a>","<a href=""https://www.imdb.com/title/tt2608224"" target=""_blank"">The Butterfly's Dream</a>"
"tt0050706","My Uncle",1958,1693,7.6,25344,116,"Jacques Tati","Jacques Lagrange, Jean L'Hôte, Jacques Tati","Comedy","<a href=""https://www.imdb.com/title/tt0050706"" target=""_blank"">tt0050706</a>","<a href=""https://www.imdb.com/title/tt0050706"" target=""_blank"">My Uncle</a>"
"tt2395427","Avengers: Age of Ultron",2015,1694,7.3,964649,141,"Joss Whedon","Joss Whedon, Stan Lee, Jack Kirby, Joe Simon, Jim Starlin","Action, Adventure, Sci-Fi","<a href=""https://www.imdb.com/title/tt2395427"" target=""_blank"">tt2395427</a>","<a href=""https://www.imdb.com/title/tt2395427"" target=""_blank"">Avengers: Age of Ultron</a>"
"tt1825683","Black Panther",2018,1695,7.3,879021,134,"Ryan Coogler","Ryan Coogler, Joe Robert Cole, Stan Lee, Jack Kirby","Action, Adventure, Sci-Fi","<a href=""https://www.imdb.com/title/tt1825683"" target=""_blank"">tt1825683</a>","<a href=""https://www.imdb.com/title/tt1825683"" target=""_blank"">Black Panther</a>"
"tt0451279","Wonder Woman",2017,1696,7.3,721766,141,"Patty Jenkins","Allan Heinberg, Zack Snyder, Jason Fuchs, William Moulton Marston, Harry G. Peter","Action, Adventure, Fantasy","<a href=""https://www.imdb.com/title/tt0451279"" target=""_blank"">tt0451279</a>","<a href=""https://www.imdb.com/title/tt0451279"" target=""_blank"">Wonder Woman</a>"
"tt0120903","X-Men",2000,1697,7.3,675705,104,"Bryan Singer","Tom DeSanto, Bryan Singer, David Hayter","Action, Adventure, Sci-Fi","<a href=""https://www.imdb.com/title/tt0120903"" target=""_blank"">tt0120903</a>","<a href=""https://www.imdb.com/title/tt0120903"" target=""_blank"">X-Men</a>"
"tt1396484","It",2017,1698,7.3,647943,135,"Andy Muschietti","Chase Palmer, Cary Joji Fukunaga, Gary Dauberman, Stephen King","Horror","<a href=""https://www.imdb.com/title/tt1396484"" target=""_blank"">tt1396484</a>","<a href=""https://www.imdb.com/title/tt1396484"" target=""_blank"">It</a>"
"tt0119654","Men in Black",1997,1699,7.3,642679,98,"Barry Sonnenfeld","Lowell Cunningham, Ed Solomon","Action, Adventure, Comedy","<a href=""https://www.imdb.com/title/tt0119654"" target=""_blank"">tt0119654</a>","<a href=""https://www.imdb.com/title/tt0119654"" target=""_blank"">Men in Black</a>"
"tt6723592","Tenet",2020,1700,7.3,634228,150,"Christopher Nolan","Christopher Nolan","Action, Sci-Fi, Thriller","<a href=""https://www.imdb.com/title/tt6723592"" target=""_blank"">tt6723592</a>","<a href=""https://www.imdb.com/title/tt6723592"" target=""_blank"">Tenet</a>"
"tt0332452","Troy",2004,1701,7.3,596015,163,"Wolfgang Petersen","Homer, David Benioff","Action, Adventure, Drama","<a href=""https://www.imdb.com/title/tt0332452"" target=""_blank"">tt0332452</a>","<a href=""https://www.imdb.com/title/tt0332452"" target=""_blank"">Troy</a>"
"tt4972582","Split",2016,1702,7.3,594738,117,"M. Night Shyamalan","M. Night Shyamalan","Horror, Thriller","<a href=""https://www.imdb.com/title/tt4972582"" target=""_blank"">tt4972582</a>","<a href=""https://www.imdb.com/title/tt4972582"" target=""_blank"">Split</a>"
"tt2179136","American Sniper",2014,1703,7.3,553264,133,"Clint Eastwood","Jason Hall, Chris Kyle, Scott McEwen, Jim DeFelice","Action, Biography, Drama","<a href=""https://www.imdb.com/title/tt2179136"" target=""_blank"">tt2179136</a>","<a href=""https://www.imdb.com/title/tt2179136"" target=""_blank"">American Sniper</a>"
"tt0317219","Cars",2006,1704,7.3,506910,116,"John Lasseter, Joe Ranft","John Lasseter, Joe Ranft, Jorgen Klubien, Dan Fogelman, Kiel Murray, Phil Lorin","Adventure, Animation, Comedy","<a href=""https://www.imdb.com/title/tt0317219"" target=""_blank"">tt0317219</a>","<a href=""https://www.imdb.com/title/tt0317219"" target=""_blank"">Cars</a>"
"tt12593682","Bullet Train",2022,1705,7.3,497384,127,"David Leitch","Zak Olkewicz, Kôtarô Isaka","Action, Comedy, Thriller","<a href=""https://www.imdb.com/title/tt12593682"" target=""_blank"">tt12593682</a>","<a href=""https://www.imdb.com/title/tt12593682"" target=""_blank"">Bullet Train</a>"
"tt2382320","No Time to Die",2021,1706,7.3,467662,163,"Cary Joji Fukunaga","Neal Purvis, Robert Wade, Cary Joji Fukunaga, Phoebe Waller-Bridge","Action, Adventure, Thriller","<a href=""https://www.imdb.com/title/tt2382320"" target=""_blank"">tt2382320</a>","<a href=""https://www.imdb.com/title/tt2382320"" target=""_blank"">No Time to Die</a>"
"tt9376612","Shang-Chi and the Legend of the Ten Rings",2021,1707,7.3,466692,132,"Destin Daniel Cretton","Dave Callaham, Destin Daniel Cretton, Andrew Lanham, Steve Englehart, Jim Starlin","Action, Adventure, Fantasy","<a href=""https://www.imdb.com/title/tt9376612"" target=""_blank"">tt9376612</a>","<a href=""https://www.imdb.com/title/tt9376612"" target=""_blank"">Shang-Chi and the Legend of the Ten Rings</a>"
"tt5580390","The Shape of Water",2017,1708,7.3,462186,123,"Guillermo del Toro","Guillermo del Toro, Vanessa Taylor","Drama, Fantasy, Romance","<a href=""https://www.imdb.com/title/tt5580390"" target=""_blank"">tt5580390</a>","<a href=""https://www.imdb.com/title/tt5580390"" target=""_blank"">The Shape of Water</a>"
"tt0217869","Unbreakable",2000,1709,7.3,457902,106,"M. Night Shyamalan","M. Night Shyamalan","Drama, Mystery, Sci-Fi","<a href=""https://www.imdb.com/title/tt0217869"" target=""_blank"">tt0217869</a>","<a href=""https://www.imdb.com/title/tt0217869"" target=""_blank"">Unbreakable</a>"
"tt0455944","The Equalizer",2014,1710,7.3,448361,132,"Antoine Fuqua","Richard Wenk, Michael Sloan, Richard Lindheim","Action, Crime, Thriller","<a href=""https://www.imdb.com/title/tt0455944"" target=""_blank"">tt0455944</a>","<a href=""https://www.imdb.com/title/tt0455944"" target=""_blank"">The Equalizer</a>"
"tt1690953","Despicable Me 2",2013,1711,7.3,445876,98,"Pierre Coffin, Chris Renaud","Cinco Paul, Ken Daurio","Adventure, Animation, Comedy","<a href=""https://www.imdb.com/title/tt1690953"" target=""_blank"">tt1690953</a>","<a href=""https://www.imdb.com/title/tt1690953"" target=""_blank"">Despicable Me 2</a>"
"tt0109686","Dumb and Dumber",1994,1712,7.3,430561,107,"Peter Farrelly, Bobby Farrelly","Peter Farrelly, Bennett Yellin, Bobby Farrelly","Comedy","<a href=""https://www.imdb.com/title/tt0109686"" target=""_blank"">tt0109686</a>","<a href=""https://www.imdb.com/title/tt0109686"" target=""_blank"">Dumb and Dumber</a>"
"tt7784604","Hereditary",2018,1713,7.3,423975,127,"Ari Aster","Ari Aster","Drama, Horror, Mystery","<a href=""https://www.imdb.com/title/tt7784604"" target=""_blank"">tt7784604</a>","<a href=""https://www.imdb.com/title/tt7784604"" target=""_blank"">Hereditary</a>"
"tt1596343","Fast Five",2011,1714,7.3,422085,130,"Justin Lin","Chris Morgan, Gary Scott Thompson","Action, Crime, Thriller","<a href=""https://www.imdb.com/title/tt1596343"" target=""_blank"">tt1596343</a>","<a href=""https://www.imdb.com/title/tt1596343"" target=""_blank"">Fast Five</a>"
"tt0119094","Face/Off",1997,1715,7.3,416002,138,"John Woo","Mike Werb, Michael Colleary","Action, Crime, Sci-Fi","<a href=""https://www.imdb.com/title/tt0119094"" target=""_blank"">tt0119094</a>","<a href=""https://www.imdb.com/title/tt0119094"" target=""_blank"">Face/Off</a>"
"tt0111257","Speed",1994,1716,7.3,410479,116,"Jan de Bont","Graham Yost","Action, Adventure, Thriller","<a href=""https://www.imdb.com/title/tt0111257"" target=""_blank"">tt0111257</a>","<a href=""https://www.imdb.com/title/tt0111257"" target=""_blank"">Speed</a>"
"tt0162661","Sleepy Hollow",1999,1717,7.3,400826,105,"Tim Burton","Washington Irving, Kevin Yagher, Andrew Kevin Walker","Fantasy, Horror, Mystery","<a href=""https://www.imdb.com/title/tt0162661"" target=""_blank"">tt0162661</a>","<a href=""https://www.imdb.com/title/tt0162661"" target=""_blank"">Sleepy Hollow</a>"
"tt0408236","Sweeney Todd: The Demon Barber of Fleet Street",2007,1718,7.3,398708,116,"Tim Burton","John Logan, Hugh Wheeler, Christopher Bond","Drama, Horror, Musical","<a href=""https://www.imdb.com/title/tt0408236"" target=""_blank"">tt0408236</a>","<a href=""https://www.imdb.com/title/tt0408236"" target=""_blank"">Sweeney Todd: The Demon Barber of Fleet Street</a>"
"tt1907668","Flight",2012,1719,7.3,388415,138,"Robert Zemeckis","John Gatins","Drama, Thriller","<a href=""https://www.imdb.com/title/tt1907668"" target=""_blank"">tt1907668</a>","<a href=""https://www.imdb.com/title/tt1907668"" target=""_blank"">Flight</a>"
"tt2140479","The Accountant",2016,1720,7.3,373576,128,"Gavin O'Connor","Bill Dubuque","Action, Crime, Drama","<a href=""https://www.imdb.com/title/tt2140479"" target=""_blank"">tt2140479</a>","<a href=""https://www.imdb.com/title/tt2140479"" target=""_blank"">The Accountant</a>"
"tt0462538","The Simpsons Movie",2007,1721,7.3,358192,87,"David Silverman","James L. Brooks, Matt Groening, Al Jean, Ian Maxtone-Graham, George Meyer, David Mirkin, Mike Reiss, Mike Scully, Matt Selman, John Swartzwelder, Jon Vitti","Adventure, Animation, Comedy","<a href=""https://www.imdb.com/title/tt0462538"" target=""_blank"">tt0462538</a>","<a href=""https://www.imdb.com/title/tt0462538"" target=""_blank"">The Simpsons Movie</a>"
"tt0359950","The Secret Life of Walter Mitty",2013,1722,7.3,357648,114,"Ben Stiller","Steve Conrad, James Thurber","Adventure, Comedy, Drama","<a href=""https://www.imdb.com/title/tt0359950"" target=""_blank"">tt0359950</a>","<a href=""https://www.imdb.com/title/tt0359950"" target=""_blank"">The Secret Life of Walter Mitty</a>"
"tt0238380","Equilibrium",2002,1723,7.3,355971,107,"Kurt Wimmer","Kurt Wimmer","Action, Drama, Sci-Fi","<a href=""https://www.imdb.com/title/tt0238380"" target=""_blank"">tt0238380</a>","<a href=""https://www.imdb.com/title/tt0238380"" target=""_blank"">Equilibrium</a>"
"tt1302011","Kung Fu Panda 2",2011,1724,7.3,341297,90,"Jennifer Yuh Nelson","Jonathan Aibel, Glenn Berger, Ethan Reiff, Cyrus Voris","Action, Adventure, Animation","<a href=""https://www.imdb.com/title/tt1302011"" target=""_blank"">tt1302011</a>","<a href=""https://www.imdb.com/title/tt1302011"" target=""_blank"">Kung Fu Panda 2</a>"
"tt0120201","Starship Troopers",1997,1725,7.3,336521,129,"Paul Verhoeven","Edward Neumeier, Robert A. Heinlein","Action, Adventure, Sci-Fi","<a href=""https://www.imdb.com/title/tt0120201"" target=""_blank"">tt0120201</a>","<a href=""https://www.imdb.com/title/tt0120201"" target=""_blank"">Starship Troopers</a>"
"tt0320661","Kingdom of Heaven",2005,1726,7.3,336017,144,"Ridley Scott","William Monahan","Action, Adventure, Drama","<a href=""https://www.imdb.com/title/tt0320661"" target=""_blank"">tt0320661</a>","<a href=""https://www.imdb.com/title/tt0320661"" target=""_blank"">Kingdom of Heaven</a>"
"tt3065204","The Conjuring 2",2016,1727,7.3,320845,134,"James Wan","Chad Hayes, Carey W. Hayes, James Wan, David Leslie Johnson-McGoldrick","Horror, Mystery, Thriller","<a href=""https://www.imdb.com/title/tt3065204"" target=""_blank"">tt3065204</a>","<a href=""https://www.imdb.com/title/tt3065204"" target=""_blank"">The Conjuring 2</a>"
"tt9243946","El Camino",2019,1728,7.3,319256,122,"Vince Gilligan","Vince Gilligan","Crime, Drama, Thriller","<a href=""https://www.imdb.com/title/tt9243946"" target=""_blank"">tt9243946</a>","<a href=""https://www.imdb.com/title/tt9243946"" target=""_blank"">El Camino</a>"
"tt0437086","Alita: Battle Angel",2019,1729,7.3,313794,122,"Robert Rodriguez","James Cameron, Laeta Kalogridis, Yukito Kishiro","Action, Adventure, Sci-Fi","<a href=""https://www.imdb.com/title/tt0437086"" target=""_blank"">tt0437086</a>","<a href=""https://www.imdb.com/title/tt0437086"" target=""_blank"">Alita: Battle Angel</a>"
"tt1001526","Megamind",2010,1730,7.3,311597,95,"Tom McGrath","Alan Schoolcraft, Brent Simons","Action, Adventure, Animation","<a href=""https://www.imdb.com/title/tt1001526"" target=""_blank"">tt1001526</a>","<a href=""https://www.imdb.com/title/tt1001526"" target=""_blank"">Megamind</a>"
"tt1192628","Rango",2011,1731,7.3,306916,107,"Gore Verbinski","John Logan, Gore Verbinski, James Ward Byrkit","Action, Adventure, Animation","<a href=""https://www.imdb.com/title/tt1192628"" target=""_blank"">tt1192628</a>","<a href=""https://www.imdb.com/title/tt1192628"" target=""_blank"">Rango</a>"
"tt1817273","The Place Beyond the Pines",2012,1732,7.3,301099,140,"Derek Cianfrance","Derek Cianfrance, Ben Coccio, Darius Marder","Crime, Drama, Thriller","<a href=""https://www.imdb.com/title/tt1817273"" target=""_blank"">tt1817273</a>","<a href=""https://www.imdb.com/title/tt1817273"" target=""_blank"">The Place Beyond the Pines</a>"
"tt0116695","Jerry Maguire",1996,1733,7.3,300378,139,"Cameron Crowe","Cameron Crowe","Comedy, Drama, Romance","<a href=""https://www.imdb.com/title/tt0116695"" target=""_blank"">tt0116695</a>","<a href=""https://www.imdb.com/title/tt0116695"" target=""_blank"">Jerry Maguire</a>"
"tt3040964","The Jungle Book",2016,1734,7.3,300111,106,"Jon Favreau","Justin Marks, Rudyard Kipling","Action, Adventure, Animation","<a href=""https://www.imdb.com/title/tt3040964"" target=""_blank"">tt3040964</a>","<a href=""https://www.imdb.com/title/tt3040964"" target=""_blank"">The Jungle Book</a>"
"tt0111503","True Lies",1994,1735,7.3,292932,141,"James Cameron","James Cameron, Claude Zidi, Simon Michaël, Didier Kaminka","Action, Comedy, Thriller","<a href=""https://www.imdb.com/title/tt0111503"" target=""_blank"">tt0111503</a>","<a href=""https://www.imdb.com/title/tt0111503"" target=""_blank"">True Lies</a>"
"tt3228774","Cruella",2021,1736,7.3,283267,134,"Craig Gillespie","Dana Fox, Tony McNamara, Aline Brosh McKenna, Kelly Marcel, Steve Zissis, Dodie Smith","Adventure, Comedy, Crime","<a href=""https://www.imdb.com/title/tt3228774"" target=""_blank"">tt3228774</a>","<a href=""https://www.imdb.com/title/tt3228774"" target=""_blank"">Cruella</a>"
"tt0309698","Identity",2003,1737,7.3,281452,90,"James Mangold","Michael Cooney","Mystery, Thriller","<a href=""https://www.imdb.com/title/tt0309698"" target=""_blank"">tt0309698</a>","<a href=""https://www.imdb.com/title/tt0309698"" target=""_blank"">Identity</a>"
"tt0443272","Lincoln",2012,1738,7.3,279576,150,"Steven Spielberg","Tony Kushner, Doris Kearns Goodwin","Biography, Drama, History","<a href=""https://www.imdb.com/title/tt0443272"" target=""_blank"">tt0443272</a>","<a href=""https://www.imdb.com/title/tt0443272"" target=""_blank"">Lincoln</a>"
"tt1798684","Southpaw",2015,1739,7.3,269814,124,"Antoine Fuqua","Kurt Sutter","Action, Drama, Sport","<a href=""https://www.imdb.com/title/tt1798684"" target=""_blank"">tt1798684</a>","<a href=""https://www.imdb.com/title/tt1798684"" target=""_blank"">Southpaw</a>"
"tt0119282","Hercules",1997,1740,7.3,269440,93,"Ron Clements, John Musker","Ron Clements, John Musker, Don McEnery, Bob Shaw, Irene Mecchi, Kaan Kalyon, Kelly Wightman, Randy Cartwright, John Ramirez, Jeff Snow, Vance Gerry, Kirk Hanson, Tamara Lusher, Francis Glebas, Mark Kennedy, Bruce Morris, Don Dougherty, Thom Enriquez","Action, Adventure, Animation","<a href=""https://www.imdb.com/title/tt0119282"" target=""_blank"">tt0119282</a>","<a href=""https://www.imdb.com/title/tt0119282"" target=""_blank"">Hercules</a>"
"tt0120660","Enemy of the State",1998,1741,7.3,268813,132,"Tony Scott","David Marconi","Action, Thriller","<a href=""https://www.imdb.com/title/tt0120660"" target=""_blank"">tt0120660</a>","<a href=""https://www.imdb.com/title/tt0120660"" target=""_blank"">Enemy of the State</a>"
"tt0825232","The Bucket List",2007,1742,7.3,266780,97,"Rob Reiner","Justin Zackham","Adventure, Comedy, Drama","<a href=""https://www.imdb.com/title/tt0825232"" target=""_blank"">tt0825232</a>","<a href=""https://www.imdb.com/title/tt0825232"" target=""_blank"">The Bucket List</a>"
"tt0335345","The Passion of the Christ",2004,1743,7.3,264155,127,"Mel Gibson","Benedict Fitzgerald, Mel Gibson","Drama","<a href=""https://www.imdb.com/title/tt0335345"" target=""_blank"">tt0335345</a>","<a href=""https://www.imdb.com/title/tt0335345"" target=""_blank"">The Passion of the Christ</a>"
"tt1189340","The Lincoln Lawyer",2011,1744,7.3,263074,118,"Brad Furman","John Romano, Michael Connelly","Crime, Drama, Mystery","<a href=""https://www.imdb.com/title/tt1189340"" target=""_blank"">tt1189340</a>","<a href=""https://www.imdb.com/title/tt1189340"" target=""_blank"">The Lincoln Lawyer</a>"
"tt0087363","Gremlins",1984,1745,7.3,262995,106,"Joe Dante","Chris Columbus","Comedy, Fantasy, Horror","<a href=""https://www.imdb.com/title/tt0087363"" target=""_blank"">tt0087363</a>","<a href=""https://www.imdb.com/title/tt0087363"" target=""_blank"">Gremlins</a>"
"tt0087538","The Karate Kid",1984,1746,7.3,261365,126,"John G. Avildsen","Robert Mark Kamen","Action, Drama, Family","<a href=""https://www.imdb.com/title/tt0087538"" target=""_blank"">tt0087538</a>","<a href=""https://www.imdb.com/title/tt0087538"" target=""_blank"">The Karate Kid</a>"
"tt0120855","Tarzan",1999,1747,7.3,260513,88,"Chris Buck, Kevin Lima","Edgar Rice Burroughs, Tab Murphy, Bob Tzudiker, Noni White, Stephen J. Anderson, Mark Kennedy, Carole Holliday, Gaëtan Brizzi, Paul Brizzi, Don Dougherty, Ed Gombert, Randy Haycock, Don Hall, Kevin Harkey, Glen Keane, Burny Mattinson, Frank Nissen, John Norton, Jeff Snow, Michael Surrey, Chris Ure, Mark Walton, Stevie Wermers, Kelly Wightman, John Ramirez","Adventure, Animation, Comedy","<a href=""https://www.imdb.com/title/tt0120855"" target=""_blank"">tt0120855</a>","<a href=""https://www.imdb.com/title/tt0120855"" target=""_blank"">Tarzan</a>"
"tt1033575","The Descendants",2011,1748,7.3,256700,115,"Alexander Payne","Alexander Payne, Nat Faxon, Jim Rash, Kaui Hart Hemmings","Comedy, Drama","<a href=""https://www.imdb.com/title/tt1033575"" target=""_blank"">tt1033575</a>","<a href=""https://www.imdb.com/title/tt1033575"" target=""_blank"">The Descendants</a>"
"tt3704428","Elvis",2022,1749,7.3,251974,159,"Baz Luhrmann","Baz Luhrmann, Sam Bromell, Craig Pearce, Jeremy Doner","Biography, Drama, Music","<a href=""https://www.imdb.com/title/tt3704428"" target=""_blank"">tt3704428</a>","<a href=""https://www.imdb.com/title/tt3704428"" target=""_blank"">Elvis</a>"
"tt0094737","Big",1988,1750,7.3,251207,104,"Penny Marshall","Gary Ross, Anne Spielberg","Comedy, Drama, Fantasy","<a href=""https://www.imdb.com/title/tt0094737"" target=""_blank"">tt0094737</a>","<a href=""https://www.imdb.com/title/tt0094737"" target=""_blank"">Big</a>"
"tt0983193","The Adventures of Tintin",2011,1751,7.3,249875,107,"Steven Spielberg","Hergé, Steven Moffat, Edgar Wright, Joe Cornish","Action, Adventure, Animation","<a href=""https://www.imdb.com/title/tt0983193"" target=""_blank"">tt0983193</a>","<a href=""https://www.imdb.com/title/tt0983193"" target=""_blank"">The Adventures of Tintin</a>"
"tt2883512","Chef",2014,1752,7.3,243311,114,"Jon Favreau","Jon Favreau","Adventure, Comedy, Drama","<a href=""https://www.imdb.com/title/tt2883512"" target=""_blank"">tt2883512</a>","<a href=""https://www.imdb.com/title/tt2883512"" target=""_blank"">Chef</a>"
"tt0079817","Rocky II",1979,1753,7.3,241279,119,"Sylvester Stallone","Sylvester Stallone","Drama, Sport","<a href=""https://www.imdb.com/title/tt0079817"" target=""_blank"">tt0079817</a>","<a href=""https://www.imdb.com/title/tt0079817"" target=""_blank"">Rocky II</a>"
"tt0120655","Dogma",1999,1754,7.3,235569,130,"Kevin Smith","Kevin Smith","Adventure, Comedy, Drama","<a href=""https://www.imdb.com/title/tt0120655"" target=""_blank"">tt0120655</a>","<a href=""https://www.imdb.com/title/tt0120655"" target=""_blank"">Dogma</a>"
"tt5606664","Doctor Sleep",2019,1755,7.3,232682,152,"Mike Flanagan","Mike Flanagan, Stephen King","Drama, Fantasy, Horror","<a href=""https://www.imdb.com/title/tt5606664"" target=""_blank"">tt5606664</a>","<a href=""https://www.imdb.com/title/tt5606664"" target=""_blank"">Doctor Sleep</a>"
"tt0959337","Revolutionary Road",2008,1756,7.3,230892,119,"Sam Mendes","Justin Haythe, Richard Yates","Drama, Romance","<a href=""https://www.imdb.com/title/tt0959337"" target=""_blank"">tt0959337</a>","<a href=""https://www.imdb.com/title/tt0959337"" target=""_blank"">Revolutionary Road</a>"
"tt0101540","Cape Fear",1991,1757,7.3,227925,128,"Martin Scorsese","John D. MacDonald, James R. Webb, Wesley Strick","Crime, Drama, Thriller","<a href=""https://www.imdb.com/title/tt0101540"" target=""_blank"">tt0101540</a>","<a href=""https://www.imdb.com/title/tt0101540"" target=""_blank"">Cape Fear</a>"
"tt0281358","A Walk to Remember",2002,1758,7.3,227421,101,"Adam Shankman","Nicholas Sparks, Karen Janszen","Drama, Romance","<a href=""https://www.imdb.com/title/tt0281358"" target=""_blank"">tt0281358</a>","<a href=""https://www.imdb.com/title/tt0281358"" target=""_blank"">A Walk to Remember</a>"
"tt0172493","Girl, Interrupted",1999,1759,7.3,225552,127,"James Mangold","James Mangold, Lisa Loomer, Anna Hamilton Phelan, Susanna Kaysen","Biography, Drama","<a href=""https://www.imdb.com/title/tt0172493"" target=""_blank"">tt0172493</a>","<a href=""https://www.imdb.com/title/tt0172493"" target=""_blank"">Girl, Interrupted</a>"
"tt1120985","Blue Valentine",2010,1760,7.3,219374,112,"Derek Cianfrance","Derek Cianfrance, Joey Curtis, Cami Delavigne","Drama, Romance","<a href=""https://www.imdb.com/title/tt1120985"" target=""_blank"">tt1120985</a>","<a href=""https://www.imdb.com/title/tt1120985"" target=""_blank"">Blue Valentine</a>"
"tt2334873","Blue Jasmine",2013,1761,7.3,216956,98,"Woody Allen","Woody Allen","Comedy, Drama, Romance","<a href=""https://www.imdb.com/title/tt2334873"" target=""_blank"">tt2334873</a>","<a href=""https://www.imdb.com/title/tt2334873"" target=""_blank"">Blue Jasmine</a>"
"tt0102685","Point Break",1991,1762,7.3,215214,122,"Kathryn Bigelow","Rick King, W. Peter Iliff","Action, Crime, Thriller","<a href=""https://www.imdb.com/title/tt0102685"" target=""_blank"">tt0102685</a>","<a href=""https://www.imdb.com/title/tt0102685"" target=""_blank"">Point Break</a>"
"tt1458175","The Next Three Days",2010,1763,7.3,212123,133,"Paul Haggis","Paul Haggis, Fred Cavayé, Guillaume Lemans","Action, Crime, Drama","<a href=""https://www.imdb.com/title/tt1458175"" target=""_blank"">tt1458175</a>","<a href=""https://www.imdb.com/title/tt1458175"" target=""_blank"">The Next Three Days</a>"
"tt1213641","First Man",2018,1764,7.3,210931,141,"Damien Chazelle","Josh Singer, James R. Hansen","Biography, Drama, History","<a href=""https://www.imdb.com/title/tt1213641"" target=""_blank"">tt1213641</a>","<a href=""https://www.imdb.com/title/tt1213641"" target=""_blank"">First Man</a>"
"tt7322224","Triangle of Sadness",2022,1765,7.3,204594,147,"Ruben Östlund","Ruben Östlund","Comedy, Drama","<a href=""https://www.imdb.com/title/tt7322224"" target=""_blank"">tt7322224</a>","<a href=""https://www.imdb.com/title/tt7322224"" target=""_blank"">Triangle of Sadness</a>"
"tt2066051","Rocketman",2019,1766,7.3,204254,121,"Dexter Fletcher","Lee Hall","Biography, Drama, Music","<a href=""https://www.imdb.com/title/tt2066051"" target=""_blank"">tt2066051</a>","<a href=""https://www.imdb.com/title/tt2066051"" target=""_blank"">Rocketman</a>"
"tt4244994","The Last Duel",2021,1767,7.3,196967,152,"Ridley Scott","Nicole Holofcener, Ben Affleck, Matt Damon, Eric Jager","Drama, History, Thriller","<a href=""https://www.imdb.com/title/tt4244994"" target=""_blank"">tt4244994</a>","<a href=""https://www.imdb.com/title/tt4244994"" target=""_blank"">The Last Duel</a>"
"tt0097733","Lethal Weapon 2",1989,1768,7.3,196225,114,"Richard Donner","Jeffrey Boam, Shane Black, Warren Murphy","Action, Crime, Thriller","<a href=""https://www.imdb.com/title/tt0097733"" target=""_blank"">tt0097733</a>","<a href=""https://www.imdb.com/title/tt0097733"" target=""_blank"">Lethal Weapon 2</a>"
"tt9770150","Nomadland",2020,1769,7.3,194069,107,"Chloé Zhao","Chloé Zhao, Jessica Bruder","Drama","<a href=""https://www.imdb.com/title/tt9770150"" target=""_blank"">tt9770150</a>","<a href=""https://www.imdb.com/title/tt9770150"" target=""_blank"">Nomadland</a>"
"tt0055254","One Hundred and One Dalmatians",1961,1770,7.3,190599,79,"Clyde Geronimi, Hamilton Luske, Wolfgang Reitherman","Bill Peet, Dodie Smith","Adventure, Animation, Comedy","<a href=""https://www.imdb.com/title/tt0055254"" target=""_blank"">tt0055254</a>","<a href=""https://www.imdb.com/title/tt0055254"" target=""_blank"">One Hundred and One Dalmatians</a>"
"tt0138704","Pi",1998,1771,7.3,189929,84,"Darren Aronofsky","Darren Aronofsky, Sean Gullette, Eric Watson","Drama, Horror, Mystery","<a href=""https://www.imdb.com/title/tt0138704"" target=""_blank"">tt0138704</a>","<a href=""https://www.imdb.com/title/tt0138704"" target=""_blank"">Pi</a>"
"tt0084516","Poltergeist",1982,1772,7.3,188735,114,"Tobe Hooper","Steven Spielberg, Michael Grais, Mark Victor","Horror, Thriller","<a href=""https://www.imdb.com/title/tt0084516"" target=""_blank"">tt0084516</a>","<a href=""https://www.imdb.com/title/tt0084516"" target=""_blank"">Poltergeist</a>"
"tt0272338","Punch-Drunk Love",2002,1773,7.3,186615,95,"Paul Thomas Anderson","Paul Thomas Anderson","Comedy, Drama, Romance","<a href=""https://www.imdb.com/title/tt0272338"" target=""_blank"">tt0272338</a>","<a href=""https://www.imdb.com/title/tt0272338"" target=""_blank"">Punch-Drunk Love</a>"
"tt4116284","The Lego Batman Movie",2017,1774,7.3,183472,104,"Chris McKay","Seth Grahame-Smith, Chris McKenna, Erik Sommers, Jared Stern, John Whittington, Bob Kane, Bill Finger, Jerry Siegel, Joe Shuster, William Moulton Marston, Harry G. Peter","Action, Adventure, Animation","<a href=""https://www.imdb.com/title/tt4116284"" target=""_blank"">tt4116284</a>","<a href=""https://www.imdb.com/title/tt4116284"" target=""_blank"">The Lego Batman Movie</a>"
"tt0042332","Cinderella",1950,1775,7.3,181855,74,"Clyde Geronimi, Wilfred Jackson, Hamilton Luske","Charles Perrault, Bill Peet, Erdman Penner, Ted Sears, Winston Hibler, Homer Brightman, Harry Reeves, Ken Anderson, Joe Rinaldi, Maurice Rapf, Frank Tashlin","Animation, Family, Fantasy","<a href=""https://www.imdb.com/title/tt0042332"" target=""_blank"">tt0042332</a>","<a href=""https://www.imdb.com/title/tt0042332"" target=""_blank"">Cinderella</a>"
"tt5109280","Raya and the Last Dragon",2021,1776,7.3,181637,107,"Don Hall, Carlos López Estrada, Paul Briggs, John Ripa","Qui Nguyen, Adele Lim, Paul Briggs, Don Hall, Carlos López Estrada, Kiel Murray, John Ripa, Dean Wellins","Action, Adventure, Animation","<a href=""https://www.imdb.com/title/tt5109280"" target=""_blank"">tt5109280</a>","<a href=""https://www.imdb.com/title/tt5109280"" target=""_blank"">Raya and the Last Dragon</a>"
"tt0393162","Coach Carter",2005,1777,7.3,181323,136,"Thomas Carter","Mark Schwahn, John Gatins","Biography, Drama, Sport","<a href=""https://www.imdb.com/title/tt0393162"" target=""_blank"">tt0393162</a>","<a href=""https://www.imdb.com/title/tt0393162"" target=""_blank"">Coach Carter</a>"
"tt4172430","13 Hours: The Secret Soldiers of Benghazi",2016,1778,7.3,172986,144,"Michael Bay","Chuck Hogan, Mitchell Zuckoff","Action, Drama, History","<a href=""https://www.imdb.com/title/tt4172430"" target=""_blank"">tt4172430</a>","<a href=""https://www.imdb.com/title/tt4172430"" target=""_blank"">13 Hours: The Secret Soldiers of Benghazi</a>"
"tt1057500","Invictus",2009,1779,7.3,171639,134,"Clint Eastwood","Anthony Peckham, John Carlin","Biography, Drama, History","<a href=""https://www.imdb.com/title/tt1057500"" target=""_blank"">tt1057500</a>","<a href=""https://www.imdb.com/title/tt1057500"" target=""_blank"">Invictus</a>"
"tt0094291","Wall Street",1987,1780,7.3,170441,126,"Oliver Stone","Stanley Weiser, Oliver Stone","Crime, Drama","<a href=""https://www.imdb.com/title/tt0094291"" target=""_blank"">tt0094291</a>","<a href=""https://www.imdb.com/title/tt0094291"" target=""_blank"">Wall Street</a>"
"tt3774114","Snowden",2016,1781,7.3,168917,134,"Oliver Stone","Kieran Fitzgerald, Oliver Stone, Luke Harding, Anatoly Kucherena","Biography, Crime, Drama","<a href=""https://www.imdb.com/title/tt3774114"" target=""_blank"">tt3774114</a>","<a href=""https://www.imdb.com/title/tt3774114"" target=""_blank"">Snowden</a>"
"tt3521126","The Disaster Artist",2017,1782,7.3,168853,104,"James Franco","Scott Neustadter, Michael H. Weber, Greg Sestero, Tom Bissell","Biography, Comedy, Drama","<a href=""https://www.imdb.com/title/tt3521126"" target=""_blank"">tt3521126</a>","<a href=""https://www.imdb.com/title/tt3521126"" target=""_blank"">The Disaster Artist</a>"
"tt0340855","Monster",2003,1783,7.3,168425,109,"Patty Jenkins","Patty Jenkins","Biography, Crime, Drama","<a href=""https://www.imdb.com/title/tt0340855"" target=""_blank"">tt0340855</a>","<a href=""https://www.imdb.com/title/tt0340855"" target=""_blank"">Monster</a>"
"tt0397535","Memoirs of a Geisha",2005,1784,7.3,167721,145,"Rob Marshall","Robin Swicord, Arthur Golden","Drama, Romance","<a href=""https://www.imdb.com/title/tt0397535"" target=""_blank"">tt0397535</a>","<a href=""https://www.imdb.com/title/tt0397535"" target=""_blank"">Memoirs of a Geisha</a>"
"tt7984766","The King",2019,1785,7.3,166729,140,"David Michôd","David Michôd, Joel Edgerton","Biography, Drama, History","<a href=""https://www.imdb.com/title/tt7984766"" target=""_blank"">tt7984766</a>","<a href=""https://www.imdb.com/title/tt7984766"" target=""_blank"">The King</a>"
"tt0128442","Rounders",1998,1786,7.3,165009,121,"John Dahl","David Levien, Brian Koppelman","Crime, Drama","<a href=""https://www.imdb.com/title/tt0128442"" target=""_blank"">tt0128442</a>","<a href=""https://www.imdb.com/title/tt0128442"" target=""_blank"">Rounders</a>"
"tt0088323","The NeverEnding Story",1984,1787,7.3,164835,102,"Wolfgang Petersen","Wolfgang Petersen, Herman Weigel, Michael Ende, Robert Easton","Adventure, Drama, Family","<a href=""https://www.imdb.com/title/tt0088323"" target=""_blank"">tt0088323</a>","<a href=""https://www.imdb.com/title/tt0088323"" target=""_blank"">The NeverEnding Story</a>"
"tt0805564","Lars and the Real Girl",2007,1788,7.3,162784,106,"Craig Gillespie","Nancy Oliver","Comedy, Drama, Romance","<a href=""https://www.imdb.com/title/tt0805564"" target=""_blank"">tt0805564</a>","<a href=""https://www.imdb.com/title/tt0805564"" target=""_blank"">Lars and the Real Girl</a>"
"tt0043274","Alice in Wonderland",1951,1789,7.3,161397,75,"Clyde Geronimi, Wilfred Jackson, Hamilton Luske, Jack Kinney","Lewis Carroll, Winston Hibler, Ted Sears, Bill Peet, Erdman Penner, Joe Rinaldi, Milt Banta, William Cottrell, Dick Kelsey, Joe Grant, Dick Huemer, Del Connell, Tom Oreb, John Walbridge, Aldous Huxley","Adventure, Animation, Comedy","<a href=""https://www.imdb.com/title/tt0043274"" target=""_blank"">tt0043274</a>","<a href=""https://www.imdb.com/title/tt0043274"" target=""_blank"">Alice in Wonderland</a>"
"tt0120768","The Negotiator",1998,1790,7.3,160694,140,"F. Gary Gray","James DeMonaco, Kevin Fox","Action, Crime, Drama","<a href=""https://www.imdb.com/title/tt0120768"" target=""_blank"">tt0120768</a>","<a href=""https://www.imdb.com/title/tt0120768"" target=""_blank"">The Negotiator</a>"
"tt0093105","Good Morning, Vietnam",1987,1791,7.3,160622,121,"Barry Levinson","Mitch Markowitz, Adrian Cronauer","Biography, Comedy, Drama","<a href=""https://www.imdb.com/title/tt0093105"" target=""_blank"">tt0093105</a>","<a href=""https://www.imdb.com/title/tt0093105"" target=""_blank"">Good Morning, Vietnam</a>"
"tt0034492","Bambi",1942,1792,7.3,160565,69,"James Algar, Samuel Armstrong, David Hand, Graham Heid, Bill Roberts, Paul Satterfield, Norman Wright, Arthur Davis, Clyde Geronimi","Felix Salten, Perce Pearce, Larry Morey, Vernon Stallings, Mel Shaw, Carl Fallberg, Chuck Couch, Ralph Wright, Carl Barks, Bernard Garbutt, Ken Hultgren, John McLeish, Dan Noonan, Louie Schmitt, Joe Stahley, Clair Weeks, Roy Williams","Adventure, Animation, Drama","<a href=""https://www.imdb.com/title/tt0034492"" target=""_blank"">tt0034492</a>","<a href=""https://www.imdb.com/title/tt0034492"" target=""_blank"">Bambi</a>"
"tt0046183","Peter Pan",1953,1793,7.3,160443,77,"Clyde Geronimi, Wilfred Jackson, Hamilton Luske, Jack Kinney","J.M. Barrie, Ted Sears, Erdman Penner, Bill Peet, Winston Hibler, Joe Rinaldi, Milt Banta, Ralph Wright, William Cottrell, Don Christensen","Adventure, Animation, Family","<a href=""https://www.imdb.com/title/tt0046183"" target=""_blank"">tt0046183</a>","<a href=""https://www.imdb.com/title/tt0046183"" target=""_blank"">Peter Pan</a>"
"tt0091369","Labyrinth",1986,1794,7.3,158347,101,"Jim Henson","Dennis Lee, Jim Henson, Terry Jones","Adventure, Family, Fantasy","<a href=""https://www.imdb.com/title/tt0091369"" target=""_blank"">tt0091369</a>","<a href=""https://www.imdb.com/title/tt0091369"" target=""_blank"">Labyrinth</a>"
"tt0290673","Irreversible",2002,1795,7.3,156462,97,"Gaspar Noé","Gaspar Noé","Crime, Drama, Mystery","<a href=""https://www.imdb.com/title/tt0290673"" target=""_blank"">tt0290673</a>","<a href=""https://www.imdb.com/title/tt0290673"" target=""_blank"">Irreversible</a>"
"tt0093822","Raising Arizona",1987,1796,7.3,156449,94,"Joel Coen, Ethan Coen","Ethan Coen, Joel Coen","Comedy, Crime","<a href=""https://www.imdb.com/title/tt0093822"" target=""_blank"">tt0093822</a>","<a href=""https://www.imdb.com/title/tt0093822"" target=""_blank"">Raising Arizona</a>"
"tt0048280","Lady and the Tramp",1955,1797,7.3,156235,76,"Clyde Geronimi, Wilfred Jackson, Hamilton Luske, Jack Cutting","Ward Greene, Erdman Penner, Joe Rinaldi, Ralph Wright, Don DaGradi, Don Christensen, Joe Grant, Dick Huemer, Bill Peet, Louis Pollock, Frank Tashlin, Sam Cobean","Adventure, Animation, Comedy","<a href=""https://www.imdb.com/title/tt0048280"" target=""_blank"">tt0048280</a>","<a href=""https://www.imdb.com/title/tt0048280"" target=""_blank"">Lady and the Tramp</a>"
"tt8009428","Hustle",2022,1798,7.3,155857,117,"Jeremiah Zagar","Taylor Materne, Will Fetters","Comedy, Drama, Sport","<a href=""https://www.imdb.com/title/tt8009428"" target=""_blank"">tt8009428</a>","<a href=""https://www.imdb.com/title/tt8009428"" target=""_blank"">Hustle</a>"
"tt0387131","The Constant Gardener",2005,1799,7.3,153028,129,"Fernando Meirelles","Jeffrey Caine, John le Carré","Drama, Mystery, Romance","<a href=""https://www.imdb.com/title/tt0387131"" target=""_blank"">tt0387131</a>","<a href=""https://www.imdb.com/title/tt0387131"" target=""_blank"">The Constant Gardener</a>"
"tt0057076","From Russia with Love",1963,1800,7.3,151734,115,"Terence Young","Richard Maibaum, Johanna Harwood, Ian Fleming, Berkely Mather","Action, Adventure, Thriller","<a href=""https://www.imdb.com/title/tt0057076"" target=""_blank"">tt0057076</a>","<a href=""https://www.imdb.com/title/tt0057076"" target=""_blank"">From Russia with Love</a>"
"tt1109624","Paddington",2014,1801,7.3,148560,95,"Paul King","Paul King, Hamish McColl, Michael Bond","Adventure, Comedy, Family","<a href=""https://www.imdb.com/title/tt1109624"" target=""_blank"">tt1109624</a>","<a href=""https://www.imdb.com/title/tt1109624"" target=""_blank"">Paddington</a>"
"tt4846232","Good Time",2017,1802,7.3,148084,102,"Benny Safdie, Josh Safdie","Ronald Bronstein, Josh Safdie","Crime, Drama, Thriller","<a href=""https://www.imdb.com/title/tt4846232"" target=""_blank"">tt4846232</a>","<a href=""https://www.imdb.com/title/tt4846232"" target=""_blank"">Good Time</a>"
"tt1878870","The Edge of Seventeen",2016,1803,7.3,146787,104,"Kelly Fremon Craig","Kelly Fremon Craig","Comedy, Drama, Romance","<a href=""https://www.imdb.com/title/tt1878870"" target=""_blank"">tt1878870</a>","<a href=""https://www.imdb.com/title/tt1878870"" target=""_blank"">The Edge of Seventeen</a>"
"tt0379725","Capote",2005,1804,7.3,145940,114,"Bennett Miller","Dan Futterman, Gerald Clarke","Biography, Crime, Drama","<a href=""https://www.imdb.com/title/tt0379725"" target=""_blank"">tt0379725</a>","<a href=""https://www.imdb.com/title/tt0379725"" target=""_blank"">Capote</a>"
"tt0424345","Clerks II",2006,1805,7.3,142978,97,"Kevin Smith","Kevin Smith","Comedy","<a href=""https://www.imdb.com/title/tt0424345"" target=""_blank"">tt0424345</a>","<a href=""https://www.imdb.com/title/tt0424345"" target=""_blank"">Clerks II</a>"
"tt0325805","Matchstick Men",2003,1806,7.3,142544,116,"Ridley Scott","Eric Garcia, Nicholas Griffin, Ted Griffin","Comedy, Crime, Drama","<a href=""https://www.imdb.com/title/tt0325805"" target=""_blank"">tt0325805</a>","<a href=""https://www.imdb.com/title/tt0325805"" target=""_blank"">Matchstick Men</a>"
"tt3488710","The Walk",2015,1807,7.3,139149,123,"Robert Zemeckis","Robert Zemeckis, Christopher Browne, Philippe Petit","Adventure, Biography, Drama","<a href=""https://www.imdb.com/title/tt3488710"" target=""_blank"">tt3488710</a>","<a href=""https://www.imdb.com/title/tt3488710"" target=""_blank"">The Walk</a>"
"tt3967856","Okja",2017,1808,7.3,138288,120,"Bong Joon Ho","Bong Joon Ho, Jon Ronson","Action, Adventure, Drama","<a href=""https://www.imdb.com/title/tt3967856"" target=""_blank"">tt3967856</a>","<a href=""https://www.imdb.com/title/tt3967856"" target=""_blank"">Okja</a>"
"tt0074486","Eraserhead",1977,1809,7.3,138019,89,"David Lynch","David Lynch","Fantasy, Horror","<a href=""https://www.imdb.com/title/tt0074486"" target=""_blank"">tt0074486</a>","<a href=""https://www.imdb.com/title/tt0074486"" target=""_blank"">Eraserhead</a>"
"tt2884206","I Origins",2014,1810,7.3,137661,106,"Mike Cahill","Mike Cahill","Drama, Mystery, Romance","<a href=""https://www.imdb.com/title/tt2884206"" target=""_blank"">tt2884206</a>","<a href=""https://www.imdb.com/title/tt2884206"" target=""_blank"">I Origins</a>"
"tt7160372","The Zone of Interest",2023,1811,7.3,136081,105,"Jonathan Glazer","Jonathan Glazer, Martin Amis","Drama, History, War","<a href=""https://www.imdb.com/title/tt7160372"" target=""_blank"">tt7160372</a>","<a href=""https://www.imdb.com/title/tt7160372"" target=""_blank"">The Zone of Interest</a>"
"tt0162346","Ghost World",2001,1812,7.3,130105,111,"Terry Zwigoff","Daniel Clowes, Terry Zwigoff","Comedy, Drama","<a href=""https://www.imdb.com/title/tt0162346"" target=""_blank"">tt0162346</a>","<a href=""https://www.imdb.com/title/tt0162346"" target=""_blank"">Ghost World</a>"
"tt7401588","Instant Family",2018,1813,7.3,129927,118,"Sean Anders","Sean Anders, John Morris","Comedy, Drama","<a href=""https://www.imdb.com/title/tt7401588"" target=""_blank"">tt7401588</a>","<a href=""https://www.imdb.com/title/tt7401588"" target=""_blank"">Instant Family</a>"
"tt0112461","The Basketball Diaries",1995,1814,7.3,127533,102,"Scott Kalvert","Jim Carroll, Bryan Goluboff","Biography, Crime, Drama","<a href=""https://www.imdb.com/title/tt0112461"" target=""_blank"">tt0112461</a>","<a href=""https://www.imdb.com/title/tt0112461"" target=""_blank"">The Basketball Diaries</a>"
"tt0795368","Death at a Funeral",2007,1815,7.3,125181,90,"Frank Oz","Dean Craig","Comedy","<a href=""https://www.imdb.com/title/tt0795368"" target=""_blank"">tt0795368</a>","<a href=""https://www.imdb.com/title/tt0795368"" target=""_blank"">Death at a Funeral</a>"
"tt1023114","The Way Back",2010,1816,7.3,125042,133,"Peter Weir","Peter Weir, Keith R. Clarke, Slavomir Rawicz","Adventure, Drama, History","<a href=""https://www.imdb.com/title/tt1023114"" target=""_blank"">tt1023114</a>","<a href=""https://www.imdb.com/title/tt1023114"" target=""_blank"">The Way Back</a>"
"tt0085995","National Lampoon's Vacation",1983,1817,7.3,124887,98,"Harold Ramis","John Hughes","Adventure, Comedy","<a href=""https://www.imdb.com/title/tt0085995"" target=""_blank"">tt0085995</a>","<a href=""https://www.imdb.com/title/tt0085995"" target=""_blank"">National Lampoon's Vacation</a>"
"tt0097239","Driving Miss Daisy",1989,1818,7.3,121515,99,"Bruce Beresford","Alfred Uhry","Comedy, Drama","<a href=""https://www.imdb.com/title/tt0097239"" target=""_blank"">tt0097239</a>","<a href=""https://www.imdb.com/title/tt0097239"" target=""_blank"">Driving Miss Daisy</a>"
"tt4686844","The Death of Stalin",2017,1819,7.3,121212,107,"Armando Iannucci","Fabien Nury, Thierry Robin, Armando Iannucci, David Schneider, Ian Martin, Peter Fellows","Comedy, Drama, History","<a href=""https://www.imdb.com/title/tt4686844"" target=""_blank"">tt4686844</a>","<a href=""https://www.imdb.com/title/tt4686844"" target=""_blank"">The Death of Stalin</a>"
"tt0929632","Precious",2009,1820,7.3,118996,110,"Lee Daniels","Geoffrey Fletcher, Sapphire","Drama","<a href=""https://www.imdb.com/title/tt0929632"" target=""_blank"">tt0929632</a>","<a href=""https://www.imdb.com/title/tt0929632"" target=""_blank"">Precious</a>"
"tt4572514","Patriots Day",2016,1821,7.3,118986,133,"Peter Berg","Peter Berg, Matt Cook, Joshua Zetumer, Paul Tamasy, Eric Johnson","Action, Crime, Drama","<a href=""https://www.imdb.com/title/tt4572514"" target=""_blank"">tt4572514</a>","<a href=""https://www.imdb.com/title/tt4572514"" target=""_blank"">Patriots Day</a>"
"tt1131729","The Boat That Rocked",2009,1822,7.3,118600,117,"Richard Curtis","Richard Curtis","Comedy, Drama, Music","<a href=""https://www.imdb.com/title/tt1131729"" target=""_blank"">tt1131729</a>","<a href=""https://www.imdb.com/title/tt1131729"" target=""_blank"">The Boat That Rocked</a>"
"tt0436697","The Queen",2006,1823,7.3,118024,103,"Stephen Frears","Peter Morgan","Biography, Drama","<a href=""https://www.imdb.com/title/tt0436697"" target=""_blank"">tt0436697</a>","<a href=""https://www.imdb.com/title/tt0436697"" target=""_blank"">The Queen</a>"
"tt0292963","Before the Devil Knows You're Dead",2007,1824,7.3,117566,117,"Sidney Lumet","Kelly Masterson","Crime, Drama, Thriller","<a href=""https://www.imdb.com/title/tt0292963"" target=""_blank"">tt0292963</a>","<a href=""https://www.imdb.com/title/tt0292963"" target=""_blank"">Before the Devil Knows You're Dead</a>"
"tt0088930","Clue",1985,1825,7.3,117202,94,"Jonathan Lynn","John Landis, Jonathan Lynn, Anthony E. Pratt","Comedy, Crime, Mystery","<a href=""https://www.imdb.com/title/tt0088930"" target=""_blank"">tt0088930</a>","<a href=""https://www.imdb.com/title/tt0088930"" target=""_blank"">Clue</a>"
"tt0445922","Across the Universe",2007,1826,7.3,116340,133,"Julie Taymor","Dick Clement, Ian La Frenais, Julie Taymor","Drama, Fantasy, History","<a href=""https://www.imdb.com/title/tt0445922"" target=""_blank"">tt0445922</a>","<a href=""https://www.imdb.com/title/tt0445922"" target=""_blank"">Across the Universe</a>"
"tt0105665","Twin Peaks: Fire Walk with Me",1992,1827,7.3,113487,134,"David Lynch","David Lynch, Robert Engels, Mark Frost","Drama, Horror, Mystery","<a href=""https://www.imdb.com/title/tt0105665"" target=""_blank"">tt0105665</a>","<a href=""https://www.imdb.com/title/tt0105665"" target=""_blank"">Twin Peaks: Fire Walk with Me</a>"
"tt1675192","Take Shelter",2011,1828,7.3,112818,120,"Jeff Nichols","Jeff Nichols","Drama, Thriller","<a href=""https://www.imdb.com/title/tt1675192"" target=""_blank"">tt1675192</a>","<a href=""https://www.imdb.com/title/tt1675192"" target=""_blank"">Take Shelter</a>"
"tt0076786","Suspiria",1977,1829,7.3,112300,92,"Dario Argento","Dario Argento, Daria Nicolodi, Thomas De Quincey","Horror","<a href=""https://www.imdb.com/title/tt0076786"" target=""_blank"">tt0076786</a>","<a href=""https://www.imdb.com/title/tt0076786"" target=""_blank"">Suspiria</a>"
"tt0090329","Witness",1985,1830,7.3,109716,112,"Peter Weir","William Kelley, Pamela Wallace, Earl W. Wallace","Drama, Romance, Thriller","<a href=""https://www.imdb.com/title/tt0090329"" target=""_blank"">tt0090329</a>","<a href=""https://www.imdb.com/title/tt0090329"" target=""_blank"">Witness</a>"
"tt4633690","Shot Caller",2017,1831,7.3,108444,121,"Ric Roman Waugh","Ric Roman Waugh","Crime, Drama, Thriller","<a href=""https://www.imdb.com/title/tt4633690"" target=""_blank"">tt4633690</a>","<a href=""https://www.imdb.com/title/tt4633690"" target=""_blank"">Shot Caller</a>"
"tt0404390","Running Scared",2006,1832,7.3,105400,122,"Wayne Kramer","Wayne Kramer","Action, Crime, Drama","<a href=""https://www.imdb.com/title/tt0404390"" target=""_blank"">tt0404390</a>","<a href=""https://www.imdb.com/title/tt0404390"" target=""_blank"">Running Scared</a>"
"tt1083452","Eddie the Eagle",2015,1833,7.3,104505,106,"Dexter Fletcher","Simon Kelton, Sean Macaulay","Adventure, Biography, Comedy","<a href=""https://www.imdb.com/title/tt1083452"" target=""_blank"">tt1083452</a>","<a href=""https://www.imdb.com/title/tt1083452"" target=""_blank"">Eddie the Eagle</a>"
"tt0117318","The People vs. Larry Flynt",1996,1834,7.3,103725,130,"Milos Forman","Scott Alexander, Larry Karaszewski","Biography, Drama","<a href=""https://www.imdb.com/title/tt0117318"" target=""_blank"">tt0117318</a>","<a href=""https://www.imdb.com/title/tt0117318"" target=""_blank"">The People vs. Larry Flynt</a>"
"tt0119229","Grosse Pointe Blank",1997,1835,7.3,102671,107,"George Armitage","Tom Jankiewicz, D.V. DeVincentis, Steve Pink, John Cusack","Action, Comedy, Crime","<a href=""https://www.imdb.com/title/tt0119229"" target=""_blank"">tt0119229</a>","<a href=""https://www.imdb.com/title/tt0119229"" target=""_blank"">Grosse Pointe Blank</a>"
"tt1078588","My Sister's Keeper",2009,1836,7.3,101200,109,"Nick Cassavetes","Jeremy Leven, Nick Cassavetes, Jodi Picoult","Drama, Family","<a href=""https://www.imdb.com/title/tt1078588"" target=""_blank"">tt1078588</a>","<a href=""https://www.imdb.com/title/tt1078588"" target=""_blank"">My Sister's Keeper</a>"
"tt0098258","Say Anything",1989,1837,7.3,99735,100,"Cameron Crowe","Cameron Crowe","Comedy, Drama, Romance","<a href=""https://www.imdb.com/title/tt0098258"" target=""_blank"">tt0098258</a>","<a href=""https://www.imdb.com/title/tt0098258"" target=""_blank"">Say Anything</a>"
"tt1540133","The Guard",2011,1838,7.3,99314,96,"John Michael McDonagh","John Michael McDonagh","Comedy, Crime, Thriller","<a href=""https://www.imdb.com/title/tt1540133"" target=""_blank"">tt1540133</a>","<a href=""https://www.imdb.com/title/tt1540133"" target=""_blank"">The Guard</a>"
"tt0120679","Frida",2002,1839,7.3,99168,123,"Julie Taymor","Hayden Herrera, Clancy Sigal, Diane Lake, Gregory Nava, Anna Thomas","Biography, Drama, Romance","<a href=""https://www.imdb.com/title/tt0120679"" target=""_blank"">tt0120679</a>","<a href=""https://www.imdb.com/title/tt0120679"" target=""_blank"">Frida</a>"
"tt1440292","Submarine",2010,1840,7.3,99125,97,"Richard Ayoade","Richard Ayoade, Joe Dunthorne","Comedy, Drama, Romance","<a href=""https://www.imdb.com/title/tt1440292"" target=""_blank"">tt1440292</a>","<a href=""https://www.imdb.com/title/tt1440292"" target=""_blank"">Submarine</a>"
"tt6467266","Sing 2",2021,1841,7.3,96175,110,"Garth Jennings, Christophe Lourdelet","Garth Jennings","Adventure, Animation, Comedy","<a href=""https://www.imdb.com/title/tt6467266"" target=""_blank"">tt6467266</a>","<a href=""https://www.imdb.com/title/tt6467266"" target=""_blank"">Sing 2</a>"
"tt1229822","Jane Eyre",2011,1842,7.3,95869,120,"Cary Joji Fukunaga","Moira Buffini, Charlotte Brontë","Drama, Mystery, Romance","<a href=""https://www.imdb.com/title/tt1229822"" target=""_blank"">tt1229822</a>","<a href=""https://www.imdb.com/title/tt1229822"" target=""_blank"">Jane Eyre</a>"
"tt0092007","Star Trek IV: The Voyage Home",1986,1843,7.3,94434,119,"Leonard Nimoy","Gene Roddenberry, Leonard Nimoy, Harve Bennett, Steve Meerson, Peter Krikes, Nicholas Meyer","Adventure, Comedy, Sci-Fi","<a href=""https://www.imdb.com/title/tt0092007"" target=""_blank"">tt0092007</a>","<a href=""https://www.imdb.com/title/tt0092007"" target=""_blank"">Star Trek IV: The Voyage Home</a>"
"tt2057392","Eye in the Sky",2015,1844,7.3,94315,102,"Gavin Hood","Guy Hibbert","Action, Drama, Thriller","<a href=""https://www.imdb.com/title/tt2057392"" target=""_blank"">tt2057392</a>","<a href=""https://www.imdb.com/title/tt2057392"" target=""_blank"">Eye in the Sky</a>"
"tt0286112","Shaolin Soccer",2001,1845,7.3,93688,87,"Stephen Chow","Stephen Chow, Kan-Cheung Tsang, Min-Hun Fung, Chi-Keung Fung, Marc Handler, Wei Lu","Action, Comedy, Fantasy","<a href=""https://www.imdb.com/title/tt0286112"" target=""_blank"">tt0286112</a>","<a href=""https://www.imdb.com/title/tt0286112"" target=""_blank"">Shaolin Soccer</a>"
"tt8999762","The Brutalist",2024,1846,7.3,93608,216,"Brady Corbet","Brady Corbet, Mona Fastvold","Drama","<a href=""https://www.imdb.com/title/tt8999762"" target=""_blank"">tt8999762</a>","<a href=""https://www.imdb.com/title/tt8999762"" target=""_blank"">The Brutalist</a>"
"tt0367089","The Squid and the Whale",2005,1847,7.3,93481,81,"Noah Baumbach","Noah Baumbach","Comedy, Drama","<a href=""https://www.imdb.com/title/tt0367089"" target=""_blank"">tt0367089</a>","<a href=""https://www.imdb.com/title/tt0367089"" target=""_blank"">The Squid and the Whale</a>"
"tt11563598","A Complete Unknown",2024,1848,7.3,93102,141,"James Mangold","James Mangold, Jay Cocks, Elijah Wald","Biography, Drama, Music","<a href=""https://www.imdb.com/title/tt11563598"" target=""_blank"">tt11563598</a>","<a href=""https://www.imdb.com/title/tt11563598"" target=""_blank"">A Complete Unknown</a>"
"tt5247022","Paterson",2016,1849,7.3,92594,118,"Jim Jarmusch","Jim Jarmusch, William Carlos Williams, Ron Padgett","Comedy, Drama, Romance","<a href=""https://www.imdb.com/title/tt5247022"" target=""_blank"">tt5247022</a>","<a href=""https://www.imdb.com/title/tt5247022"" target=""_blank"">Paterson</a>"
"tt0181536","Finding Forrester",2000,1850,7.3,91822,136,"Gus Van Sant","Mike Rich","Drama, Sport","<a href=""https://www.imdb.com/title/tt0181536"" target=""_blank"">tt0181536</a>","<a href=""https://www.imdb.com/title/tt0181536"" target=""_blank"">Finding Forrester</a>"
"tt2980648","The Hundred-Foot Journey",2014,1851,7.3,89801,122,"Lasse Hallström","Steven Knight, Richard C. Morais","Comedy, Drama","<a href=""https://www.imdb.com/title/tt2980648"" target=""_blank"">tt2980648</a>","<a href=""https://www.imdb.com/title/tt2980648"" target=""_blank"">The Hundred-Foot Journey</a>"
"tt1341167","Four Lions",2010,1852,7.3,88621,97,"Christopher Morris","Christopher Morris, Sam Bain, Jesse Armstrong, Simon Blackwell","Comedy, Crime, Drama","<a href=""https://www.imdb.com/title/tt1341167"" target=""_blank"">tt1341167</a>","<a href=""https://www.imdb.com/title/tt1341167"" target=""_blank"">Four Lions</a>"
"tt0387898","Caché",2005,1853,7.3,88240,117,"Michael Haneke","Michael Haneke","Drama, Mystery, Thriller","<a href=""https://www.imdb.com/title/tt0387898"" target=""_blank"">tt0387898</a>","<a href=""https://www.imdb.com/title/tt0387898"" target=""_blank"">Caché</a>"
"tt3312830","Youth",2015,1854,7.3,86424,124,"Paolo Sorrentino","Paolo Sorrentino","Comedy, Drama, Music","<a href=""https://www.imdb.com/title/tt3312830"" target=""_blank"">tt3312830</a>","<a href=""https://www.imdb.com/title/tt3312830"" target=""_blank"">Youth</a>"
"tt0118607","Amistad",1997,1855,7.3,85546,155,"Steven Spielberg","David Franzoni","Biography, Drama, History","<a href=""https://www.imdb.com/title/tt0118607"" target=""_blank"">tt0118607</a>","<a href=""https://www.imdb.com/title/tt0118607"" target=""_blank"">Amistad</a>"
"tt7014006","Eighth Grade",2018,1856,7.3,85140,93,"Bo Burnham","Bo Burnham","Comedy, Drama","<a href=""https://www.imdb.com/title/tt7014006"" target=""_blank"">tt7014006</a>","<a href=""https://www.imdb.com/title/tt7014006"" target=""_blank"">Eighth Grade</a>"
"tt1753383","A Dog's Purpose",2017,1857,7.3,83627,100,"Lasse Hallström","W. Bruce Cameron, Cathryn Michon, Audrey Wells, Maya Forbes, Wallace Wolodarsky","Adventure, Comedy, Drama","<a href=""https://www.imdb.com/title/tt1753383"" target=""_blank"">tt1753383</a>","<a href=""https://www.imdb.com/title/tt1753383"" target=""_blank"">A Dog's Purpose</a>"
"tt2452386","The Fundamentals of Caring",2016,1858,7.3,83520,97,"Rob Burnett","Rob Burnett, Jonathan Evison","Comedy, Drama","<a href=""https://www.imdb.com/title/tt2452386"" target=""_blank"">tt2452386</a>","<a href=""https://www.imdb.com/title/tt2452386"" target=""_blank"">The Fundamentals of Caring</a>"
"tt0066026","M*A*S*H",1970,1859,7.3,80597,116,"Robert Altman","Richard Hooker, Ring Lardner Jr.","Comedy, Drama, War","<a href=""https://www.imdb.com/title/tt0066026"" target=""_blank"">tt0066026</a>","<a href=""https://www.imdb.com/title/tt0066026"" target=""_blank"">M*A*S*H</a>"
"tt0329575","Seabiscuit",2003,1860,7.3,78689,140,"Gary Ross","Laura Hillenbrand, Gary Ross","Drama, History, Sport","<a href=""https://www.imdb.com/title/tt0329575"" target=""_blank"">tt0329575</a>","<a href=""https://www.imdb.com/title/tt0329575"" target=""_blank"">Seabiscuit</a>"
"tt1343097","The Girl Who Kicked the Hornet's Nest",2009,1861,7.3,76195,147,"Daniel Alfredson","Jonas Frykberg, Stieg Larsson, Ulf Ryberg","Crime, Drama, Mystery","<a href=""https://www.imdb.com/title/tt1343097"" target=""_blank"">tt1343097</a>","<a href=""https://www.imdb.com/title/tt1343097"" target=""_blank"">The Girl Who Kicked the Hornet's Nest</a>"
"tt0089907","The Return of the Living Dead",1985,1862,7.3,73847,91,"Dan O'Bannon","Rudy Ricci, John A. Russo, Russell Streiner, Dan O'Bannon","Comedy, Horror, Sci-Fi","<a href=""https://www.imdb.com/title/tt0089907"" target=""_blank"">tt0089907</a>","<a href=""https://www.imdb.com/title/tt0089907"" target=""_blank"">The Return of the Living Dead</a>"
"tt0203119","Sexy Beast",2000,1863,7.3,73200,89,"Jonathan Glazer","Louis Mellis, David Scinto","Crime, Drama, Thriller","<a href=""https://www.imdb.com/title/tt0203119"" target=""_blank"">tt0203119</a>","<a href=""https://www.imdb.com/title/tt0203119"" target=""_blank"">Sexy Beast</a>"
"tt0082348","Excalibur",1981,1864,7.3,70553,140,"John Boorman","Thomas Malory, Rospo Pallenberg, John Boorman","Adventure, Drama, Fantasy","<a href=""https://www.imdb.com/title/tt0082348"" target=""_blank"">tt0082348</a>","<a href=""https://www.imdb.com/title/tt0082348"" target=""_blank"">Excalibur</a>"
"tt0397313","Eight Below",2006,1865,7.3,70344,120,"Frank Marshall","David DiGilio, Toshirô Ishidô, Koreyoshi Kurahara, Tatsuo Nogami, Susumu Saji","Adventure, Drama, Family","<a href=""https://www.imdb.com/title/tt0397313"" target=""_blank"">tt0397313</a>","<a href=""https://www.imdb.com/title/tt0397313"" target=""_blank"">Eight Below</a>"
"tt0068699","High Plains Drifter",1973,1866,7.4,69082,105,"Clint Eastwood","Ernest Tidyman","Drama, Mystery, Western","<a href=""https://www.imdb.com/title/tt0068699"" target=""_blank"">tt0068699</a>","<a href=""https://www.imdb.com/title/tt0068699"" target=""_blank"">High Plains Drifter</a>"
"tt0091530","The Mission",1986,1867,7.4,68919,125,"Roland Joffé","Robert Bolt","Adventure, Drama, History","<a href=""https://www.imdb.com/title/tt0091530"" target=""_blank"">tt0091530</a>","<a href=""https://www.imdb.com/title/tt0091530"" target=""_blank"">The Mission</a>"
"tt6908274","Mirage",2018,1868,7.4,68548,128,"Oriol Paulo","Oriol Paulo, Lara Sendim","Drama, Fantasy, Mystery","<a href=""https://www.imdb.com/title/tt6908274"" target=""_blank"">tt6908274</a>","<a href=""https://www.imdb.com/title/tt6908274"" target=""_blank"">Mirage</a>"
"tt0086425","Terms of Endearment",1983,1869,7.4,68510,132,"James L. Brooks","Larry McMurtry, James L. Brooks","Comedy, Drama","<a href=""https://www.imdb.com/title/tt0086425"" target=""_blank"">tt0086425</a>","<a href=""https://www.imdb.com/title/tt0086425"" target=""_blank"">Terms of Endearment</a>"
"tt0089767","Pale Rider",1985,1870,7.3,68305,115,"Clint Eastwood","Michael Butler, Dennis Shryack","Drama, Western","<a href=""https://www.imdb.com/title/tt0089767"" target=""_blank"">tt0089767</a>","<a href=""https://www.imdb.com/title/tt0089767"" target=""_blank"">Pale Rider</a>"
"tt0983213","5 Centimeters per Second",2007,1871,7.4,67968,63,"Makoto Shinkai","Makoto Shinkai","Animation, Drama, Family","<a href=""https://www.imdb.com/title/tt0983213"" target=""_blank"">tt0983213</a>","<a href=""https://www.imdb.com/title/tt0983213"" target=""_blank"">5 Centimeters per Second</a>"
"tt6398184","Downton Abbey",2019,1872,7.4,67254,122,"Michael Engler","Julian Fellowes","Drama, Romance","<a href=""https://www.imdb.com/title/tt6398184"" target=""_blank"">tt6398184</a>","<a href=""https://www.imdb.com/title/tt6398184"" target=""_blank"">Downton Abbey</a>"
"tt1232776","Fish Tank",2009,1873,7.3,66847,123,"Andrea Arnold","Andrea Arnold","Drama","<a href=""https://www.imdb.com/title/tt1232776"" target=""_blank"">tt1232776</a>","<a href=""https://www.imdb.com/title/tt1232776"" target=""_blank"">Fish Tank</a>"
"tt0067800","Straw Dogs",1971,1874,7.4,66699,113,"Sam Peckinpah","David Zelag Goodman, Sam Peckinpah, Gordon Williams","Crime, Drama, Thriller","<a href=""https://www.imdb.com/title/tt0067800"" target=""_blank"">tt0067800</a>","<a href=""https://www.imdb.com/title/tt0067800"" target=""_blank"">Straw Dogs</a>"
"tt0098384","Steel Magnolias",1989,1875,7.3,66606,117,"Herbert Ross","Robert Harling","Comedy, Drama, Romance","<a href=""https://www.imdb.com/title/tt0098384"" target=""_blank"">tt0098384</a>","<a href=""https://www.imdb.com/title/tt0098384"" target=""_blank"">Steel Magnolias</a>"
"tt0110367","Little Women",1994,1876,7.3,66545,115,"Gillian Armstrong","Louisa May Alcott, Robin Swicord","Drama, Family, Romance","<a href=""https://www.imdb.com/title/tt0110367"" target=""_blank"">tt0110367</a>","<a href=""https://www.imdb.com/title/tt0110367"" target=""_blank"">Little Women</a>"
"tt2234003","Calvary",2014,1877,7.4,66524,102,"John Michael McDonagh","John Michael McDonagh","Crime, Drama, Mystery","<a href=""https://www.imdb.com/title/tt2234003"" target=""_blank"">tt2234003</a>","<a href=""https://www.imdb.com/title/tt2234003"" target=""_blank"">Calvary</a>"
"tt0073802","Three Days of the Condor",1975,1878,7.4,66264,117,"Sydney Pollack","James Grady, Lorenzo Semple Jr., David Rayfiel","Crime, Mystery, Thriller","<a href=""https://www.imdb.com/title/tt0073802"" target=""_blank"">tt0073802</a>","<a href=""https://www.imdb.com/title/tt0073802"" target=""_blank"">Three Days of the Condor</a>"
"tt3042408","Who Am I",2014,1879,7.4,65167,102,"Baran bo Odar","Jantje Friese, Baran bo Odar","Crime, Drama, Mystery","<a href=""https://www.imdb.com/title/tt3042408"" target=""_blank"">tt3042408</a>","<a href=""https://www.imdb.com/title/tt3042408"" target=""_blank"">Who Am I</a>"
"tt2404425","Woman in Gold",2015,1880,7.3,65085,109,"Simon Curtis","Alexi Kaye Campbell, E. Randol Schoenberg, Maria Altmann","Biography, Drama, History","<a href=""https://www.imdb.com/title/tt2404425"" target=""_blank"">tt2404425</a>","<a href=""https://www.imdb.com/title/tt2404425"" target=""_blank"">Woman in Gold</a>"
"tt0275491","Bad Education",2004,1881,7.4,65062,106,"Pedro Almodóvar","Pedro Almodóvar","Crime, Drama","<a href=""https://www.imdb.com/title/tt0275491"" target=""_blank"">tt0275491</a>","<a href=""https://www.imdb.com/title/tt0275491"" target=""_blank"">Bad Education</a>"
"tt0146309","Thirteen Days",2000,1882,7.3,65025,145,"Roger Donaldson","David Self, Ernest R. May, Philip D. Zelikow","Drama, History, Thriller","<a href=""https://www.imdb.com/title/tt0146309"" target=""_blank"">tt0146309</a>","<a href=""https://www.imdb.com/title/tt0146309"" target=""_blank"">Thirteen Days</a>"
"tt0075784","A Bridge Too Far",1977,1883,7.4,64959,175,"Richard Attenborough","Cornelius Ryan, William Goldman","Drama, History, War","<a href=""https://www.imdb.com/title/tt0075784"" target=""_blank"">tt0075784</a>","<a href=""https://www.imdb.com/title/tt0075784"" target=""_blank"">A Bridge Too Far</a>"
"tt0118789","Buffalo '66",1998,1884,7.4,64692,110,"Vincent Gallo","Vincent Gallo, Alison Bagnall","Comedy, Drama, Romance","<a href=""https://www.imdb.com/title/tt0118789"" target=""_blank"">tt0118789</a>","<a href=""https://www.imdb.com/title/tt0118789"" target=""_blank"">Buffalo '66</a>"
"tt0115736","Bound",1996,1885,7.3,64623,109,"Lana Wachowski, Lilly Wachowski","Lilly Wachowski, Lana Wachowski","Crime, Thriller","<a href=""https://www.imdb.com/title/tt0115736"" target=""_blank"">tt0115736</a>","<a href=""https://www.imdb.com/title/tt0115736"" target=""_blank"">Bound</a>"
"tt0212712","2046",2004,1886,7.4,64115,129,"Wong Kar-Wai","Wong Kar-Wai","Drama, Romance, Sci-Fi","<a href=""https://www.imdb.com/title/tt0212712"" target=""_blank"">tt0212712</a>","<a href=""https://www.imdb.com/title/tt0212712"" target=""_blank"">2046</a>"
"tt1226774","In the Loop",2009,1887,7.4,63186,106,"Armando Iannucci","Jesse Armstrong, Simon Blackwell, Armando Iannucci, Tony Roche, Ian Martin","Comedy","<a href=""https://www.imdb.com/title/tt1226774"" target=""_blank"">tt1226774</a>","<a href=""https://www.imdb.com/title/tt1226774"" target=""_blank"">In the Loop</a>"
"tt12477480","Decision to Leave",2022,1888,7.3,62678,139,"Park Chan-wook","Park Chan-wook, Chung Seo-kyung","Crime, Drama, Mystery","<a href=""https://www.imdb.com/title/tt12477480"" target=""_blank"">tt12477480</a>","<a href=""https://www.imdb.com/title/tt12477480"" target=""_blank"">Decision to Leave</a>"
"tt0021814","Dracula",1931,1889,7.3,62351,75,"Tod Browning, Karl Freund","Bram Stoker, Hamilton Deane, John L. Balderston, Garrett Fort, Louis Bromfield, Tod Browning, Max Cohen, Dudley Murphy, Frederick Stephani, Louis Stevens","Drama, Fantasy, Horror","<a href=""https://www.imdb.com/title/tt0021814"" target=""_blank"">tt0021814</a>","<a href=""https://www.imdb.com/title/tt0021814"" target=""_blank"">Dracula</a>"
"tt0119349","The Ice Storm",1997,1890,7.3,62269,112,"Ang Lee","Rick Moody, James Schamus","Drama","<a href=""https://www.imdb.com/title/tt0119349"" target=""_blank"">tt0119349</a>","<a href=""https://www.imdb.com/title/tt0119349"" target=""_blank"">The Ice Storm</a>"
"tt2718492","Ida",2013,1891,7.4,62153,82,"Pawel Pawlikowski","Pawel Pawlikowski, Rebecca Lenkiewicz","Drama","<a href=""https://www.imdb.com/title/tt2718492"" target=""_blank"">tt2718492</a>","<a href=""https://www.imdb.com/title/tt2718492"" target=""_blank"">Ida</a>"
"tt0080801","The Gods Must Be Crazy",1980,1892,7.3,61680,109,"Jamie Uys","Jamie Uys","Adventure, Comedy","<a href=""https://www.imdb.com/title/tt0080801"" target=""_blank"">tt0080801</a>","<a href=""https://www.imdb.com/title/tt0080801"" target=""_blank"">The Gods Must Be Crazy</a>"
"tt0404030","Everything Is Illuminated",2005,1893,7.4,60857,106,"Liev Schreiber","Jonathan Safran Foer, Liev Schreiber","Comedy, Drama","<a href=""https://www.imdb.com/title/tt0404030"" target=""_blank"">tt0404030</a>","<a href=""https://www.imdb.com/title/tt0404030"" target=""_blank"">Everything Is Illuminated</a>"
"tt0108330","This Boy's Life",1993,1894,7.3,60561,115,"Michael Caton-Jones","Tobias Wolff, Robert Getchell","Biography, Drama","<a href=""https://www.imdb.com/title/tt0108330"" target=""_blank"">tt0108330</a>","<a href=""https://www.imdb.com/title/tt0108330"" target=""_blank"">This Boy's Life</a>"
"tt0248126","Kabhi Khushi Kabhie Gham...",2001,1895,7.4,60066,210,"Karan Johar","Karan Johar, Sheena Parikh","Drama, Musical, Romance","<a href=""https://www.imdb.com/title/tt0248126"" target=""_blank"">tt0248126</a>","<a href=""https://www.imdb.com/title/tt0248126"" target=""_blank"">Kabhi Khushi Kabhie Gham...</a>"
"tt0074156","Assault on Precinct 13",1976,1896,7.3,58859,91,"John Carpenter","John Carpenter","Action, Crime, Thriller","<a href=""https://www.imdb.com/title/tt0074156"" target=""_blank"">tt0074156</a>","<a href=""https://www.imdb.com/title/tt0074156"" target=""_blank"">Assault on Precinct 13</a>"
"tt21867434","BlackBerry",2023,1897,7.3,58457,120,"Matt Johnson","Jacquie McNish, Sean Silcoff, Matt Johnson, Matthew Miller","Biography, History","<a href=""https://www.imdb.com/title/tt21867434"" target=""_blank"">tt21867434</a>","<a href=""https://www.imdb.com/title/tt21867434"" target=""_blank"">BlackBerry</a>"
"tt5431890","Official Secrets",2019,1898,7.3,58247,112,"Gavin Hood","Sara Bernstein, Gregory Bernstein, Gavin Hood, Marcia Mitchell, Thomas Mitchell","Biography, Crime, Drama","<a href=""https://www.imdb.com/title/tt5431890"" target=""_blank"">tt5431890</a>","<a href=""https://www.imdb.com/title/tt5431890"" target=""_blank"">Official Secrets</a>"
"tt5390504","Detroit",2017,1899,7.3,57599,143,"Kathryn Bigelow","Mark Boal","Crime, Drama, History","<a href=""https://www.imdb.com/title/tt5390504"" target=""_blank"">tt5390504</a>","<a href=""https://www.imdb.com/title/tt5390504"" target=""_blank"">Detroit</a>"
"tt2591814","The Garden of Words",2013,1900,7.4,57335,46,"Makoto Shinkai","Makoto Shinkai","Animation, Drama, Romance","<a href=""https://www.imdb.com/title/tt2591814"" target=""_blank"">tt2591814</a>","<a href=""https://www.imdb.com/title/tt2591814"" target=""_blank"">The Garden of Words</a>"
"tt31434639","Warfare",2025,1901,7.3,57153,95,"Ray Mendoza, Alex Garland","Ray Mendoza, Alex Garland","Action, Drama, War","<a href=""https://www.imdb.com/title/tt31434639"" target=""_blank"">tt31434639</a>","<a href=""https://www.imdb.com/title/tt31434639"" target=""_blank"">Warfare</a>"
"tt0421238","The Proposition",2005,1902,7.3,56701,104,"John Hillcoat","Nick Cave","Crime, Drama, Western","<a href=""https://www.imdb.com/title/tt0421238"" target=""_blank"">tt0421238</a>","<a href=""https://www.imdb.com/title/tt0421238"" target=""_blank"">The Proposition</a>"
"tt1798188","From Up on Poppy Hill",2011,1903,7.4,56528,91,"Gorô Miyazaki","Tetsurô Sayama, Chizuru Takahashi, Keiko Niwa, Hayao Miyazaki","Animation, Comedy, Drama","<a href=""https://www.imdb.com/title/tt1798188"" target=""_blank"">tt1798188</a>","<a href=""https://www.imdb.com/title/tt1798188"" target=""_blank"">From Up on Poppy Hill</a>"
"tt2396589","Mudbound",2017,1904,7.4,56255,134,"Dee Rees","Virgil Williams, Dee Rees, Hillary Jordan","Drama, War","<a href=""https://www.imdb.com/title/tt2396589"" target=""_blank"">tt2396589</a>","<a href=""https://www.imdb.com/title/tt2396589"" target=""_blank"">Mudbound</a>"
"tt1289403","The Guernsey Literary and Potato Peel Pie Society",2018,1905,7.3,55945,124,"Mike Newell","Don Roos, Kevin Hood, Thomas Bezucha, Mary Ann Shaffer, Annie Barrows","Drama, Romance, War","<a href=""https://www.imdb.com/title/tt1289403"" target=""_blank"">tt1289403</a>","<a href=""https://www.imdb.com/title/tt1289403"" target=""_blank"">The Guernsey Literary and Potato Peel Pie Society</a>"
"tt2178470","Yeh Jawaani Hai Deewani",2013,1906,7.3,55464,160,"Ayan Mukerji","Hussain Dalal, Ayan Mukerji","Comedy, Drama, Musical","<a href=""https://www.imdb.com/title/tt2178470"" target=""_blank"">tt2178470</a>","<a href=""https://www.imdb.com/title/tt2178470"" target=""_blank"">Yeh Jawaani Hai Deewani</a>"
"tt0091217","Hoosiers",1986,1907,7.4,55129,114,"David Anspaugh","Angelo Pizzo","Drama, Sport","<a href=""https://www.imdb.com/title/tt0091217"" target=""_blank"">tt0091217</a>","<a href=""https://www.imdb.com/title/tt0091217"" target=""_blank"">Hoosiers</a>"
"tt7057496","Forgotten",2017,1908,7.4,54996,108,"Jang Hang-jun","Jang Hang-jun","Crime, Mystery, Thriller","<a href=""https://www.imdb.com/title/tt7057496"" target=""_blank"">tt7057496</a>","<a href=""https://www.imdb.com/title/tt7057496"" target=""_blank"">Forgotten</a>"
"tt0087781","The Natural",1984,1909,7.4,54465,138,"Barry Levinson","Bernard Malamud, Roger Towne, Phil Dusenberry","Drama, Sport","<a href=""https://www.imdb.com/title/tt0087781"" target=""_blank"">tt0087781</a>","<a href=""https://www.imdb.com/title/tt0087781"" target=""_blank"">The Natural</a>"
"tt0107616","Much Ado About Nothing",1993,1910,7.3,54217,111,"Kenneth Branagh","William Shakespeare, Kenneth Branagh","Comedy, Drama, Romance","<a href=""https://www.imdb.com/title/tt0107616"" target=""_blank"">tt0107616</a>","<a href=""https://www.imdb.com/title/tt0107616"" target=""_blank"">Much Ado About Nothing</a>"
"tt0305206","American Splendor",2003,1911,7.4,53771,101,"Shari Springer Berman, Robert Pulcini","Harvey Pekar, Joyce Brabner, Shari Springer Berman, Robert Pulcini","Biography, Comedy, Drama","<a href=""https://www.imdb.com/title/tt0305206"" target=""_blank"">tt0305206</a>","<a href=""https://www.imdb.com/title/tt0305206"" target=""_blank"">American Splendor</a>"
"tt4048272","Toni Erdmann",2016,1912,7.3,53621,162,"Maren Ade","Maren Ade","Comedy, Drama","<a href=""https://www.imdb.com/title/tt4048272"" target=""_blank"">tt4048272</a>","<a href=""https://www.imdb.com/title/tt4048272"" target=""_blank"">Toni Erdmann</a>"
"tt0065126","True Grit",1969,1913,7.4,53600,128,"Henry Hathaway","Charles Portis, Marguerite Roberts","Adventure, Drama, Western","<a href=""https://www.imdb.com/title/tt0065126"" target=""_blank"">tt0065126</a>","<a href=""https://www.imdb.com/title/tt0065126"" target=""_blank"">True Grit</a>"
"tt3808342","Son of Saul",2015,1914,7.4,53470,107,"László Nemes","László Nemes, Clara Royer","Drama, War","<a href=""https://www.imdb.com/title/tt3808342"" target=""_blank"">tt3808342</a>","<a href=""https://www.imdb.com/title/tt3808342"" target=""_blank"">Son of Saul</a>"
"tt1190536","Black Dynamite",2009,1915,7.4,53447,84,"Scott Sanders","Michael Jai White, Byron Minns, Scott Sanders","Action, Comedy","<a href=""https://www.imdb.com/title/tt1190536"" target=""_blank"">tt1190536</a>","<a href=""https://www.imdb.com/title/tt1190536"" target=""_blank"">Black Dynamite</a>"
"tt0363226","The Blind Swordsman: Zatoichi",2003,1916,7.4,52603,116,"Takeshi Kitano","Takeshi Kitano, Kan Shimozawa","Action, Comedy, Crime","<a href=""https://www.imdb.com/title/tt0363226"" target=""_blank"">tt0363226</a>","<a href=""https://www.imdb.com/title/tt0363226"" target=""_blank"">The Blind Swordsman: Zatoichi</a>"
"tt12680684","The Hand of God",2021,1917,7.3,52374,130,"Paolo Sorrentino","Paolo Sorrentino","Drama","<a href=""https://www.imdb.com/title/tt12680684"" target=""_blank"">tt12680684</a>","<a href=""https://www.imdb.com/title/tt12680684"" target=""_blank"">The Hand of God</a>"
"tt1966604","The Imposter",2012,1918,7.4,51929,99,"Bart Layton",NA,"Biography, Crime, Documentary","<a href=""https://www.imdb.com/title/tt1966604"" target=""_blank"">tt1966604</a>","<a href=""https://www.imdb.com/title/tt1966604"" target=""_blank"">The Imposter</a>"
"tt0068611","Frenzy",1972,1919,7.4,51727,116,"Alfred Hitchcock","Arthur La Bern, Anthony Shaffer","Drama, Thriller","<a href=""https://www.imdb.com/title/tt0068611"" target=""_blank"">tt0068611</a>","<a href=""https://www.imdb.com/title/tt0068611"" target=""_blank"">Frenzy</a>"
"tt2737050","Two Days, One Night",2014,1920,7.3,51546,95,"Jean-Pierre Dardenne, Luc Dardenne","Jean-Pierre Dardenne, Luc Dardenne","Drama","<a href=""https://www.imdb.com/title/tt2737050"" target=""_blank"">tt2737050</a>","<a href=""https://www.imdb.com/title/tt2737050"" target=""_blank"">Two Days, One Night</a>"
"tt4385888","20th Century Women",2016,1921,7.3,51295,119,"Mike Mills","Mike Mills","Comedy, Drama","<a href=""https://www.imdb.com/title/tt4385888"" target=""_blank"">tt4385888</a>","<a href=""https://www.imdb.com/title/tt4385888"" target=""_blank"">20th Century Women</a>"
"tt0109642","Dolores Claiborne",1995,1922,7.4,51054,132,"Taylor Hackford","Stephen King, Tony Gilroy","Crime, Drama, Mystery","<a href=""https://www.imdb.com/title/tt0109642"" target=""_blank"">tt0109642</a>","<a href=""https://www.imdb.com/title/tt0109642"" target=""_blank"">Dolores Claiborne</a>"
"tt0082933","Possession",1981,1923,7.3,51006,124,"Andrzej Zulawski","Andrzej Zulawski, Frederic Tuten","Drama, Horror","<a href=""https://www.imdb.com/title/tt0082933"" target=""_blank"">tt0082933</a>","<a href=""https://www.imdb.com/title/tt0082933"" target=""_blank"">Possession</a>"
"tt0297884","Far from Heaven",2002,1924,7.3,50622,107,"Todd Haynes","Todd Haynes","Drama, Romance","<a href=""https://www.imdb.com/title/tt0297884"" target=""_blank"">tt0297884</a>","<a href=""https://www.imdb.com/title/tt0297884"" target=""_blank"">Far from Heaven</a>"
"tt2567712","Starred Up",2013,1925,7.3,50277,106,"David Mackenzie","Jonathan Asser","Crime, Drama, Thriller","<a href=""https://www.imdb.com/title/tt2567712"" target=""_blank"">tt2567712</a>","<a href=""https://www.imdb.com/title/tt2567712"" target=""_blank"">Starred Up</a>"
"tt0425637","Red Cliff",2008,1926,7.3,49610,148,"John Woo","John Woo, Khan Chan, Cheng Kuo, Heyu Sheng, Guanzhong Luo","Action, Adventure, Drama","<a href=""https://www.imdb.com/title/tt0425637"" target=""_blank"">tt0425637</a>","<a href=""https://www.imdb.com/title/tt0425637"" target=""_blank"">Red Cliff</a>"
"tt0105046","Of Mice and Men",1992,1927,7.4,49604,115,"Gary Sinise","John Steinbeck, Horton Foote","Drama, Western","<a href=""https://www.imdb.com/title/tt0105046"" target=""_blank"">tt0105046</a>","<a href=""https://www.imdb.com/title/tt0105046"" target=""_blank"">Of Mice and Men</a>"
"tt0118954","Deconstructing Harry",1997,1928,7.3,49355,96,"Woody Allen","Woody Allen","Comedy","<a href=""https://www.imdb.com/title/tt0118954"" target=""_blank"">tt0118954</a>","<a href=""https://www.imdb.com/title/tt0118954"" target=""_blank"">Deconstructing Harry</a>"
"tt0107507","Manhattan Murder Mystery",1993,1929,7.3,48310,104,"Woody Allen","Woody Allen, Marshall Brickman","Comedy, Mystery","<a href=""https://www.imdb.com/title/tt0107507"" target=""_blank"">tt0107507</a>","<a href=""https://www.imdb.com/title/tt0107507"" target=""_blank"">Manhattan Murder Mystery</a>"
"tt1772250","The Hidden Face",2011,1930,7.3,48267,97,"Andrés Baiz","Hatem Khraiche, Andrés Baiz, Arturo Infante","Drama, Mystery, Thriller","<a href=""https://www.imdb.com/title/tt1772250"" target=""_blank"">tt1772250</a>","<a href=""https://www.imdb.com/title/tt1772250"" target=""_blank"">The Hidden Face</a>"
"tt0117407","Pusher",1996,1931,7.3,48089,110,"Nicolas Winding Refn","Jens Dahl, Nicolas Winding Refn","Crime, Thriller","<a href=""https://www.imdb.com/title/tt0117407"" target=""_blank"">tt0117407</a>","<a href=""https://www.imdb.com/title/tt0117407"" target=""_blank"">Pusher</a>"
"tt11198810","She Said",2022,1932,7.3,47361,129,"Maria Schrader","Rebecca Lenkiewicz, Jodi Kantor, Megan Twohey, Rebecca Corbett","Crime, Drama, History","<a href=""https://www.imdb.com/title/tt11198810"" target=""_blank"">tt11198810</a>","<a href=""https://www.imdb.com/title/tt11198810"" target=""_blank"">She Said</a>"
"tt1286126","A.R.O.G",2008,1933,7.4,47350,127,"Ali Taner Baltaci, Cem Yilmaz","Cem Yilmaz","Comedy, Sci-Fi","<a href=""https://www.imdb.com/title/tt1286126"" target=""_blank"">tt1286126</a>","<a href=""https://www.imdb.com/title/tt1286126"" target=""_blank"">A.R.O.G</a>"
"tt0079641","Nosferatu the Vampyre",1979,1934,7.4,47331,107,"Werner Herzog","Werner Herzog, Tom Shachtman, Martje Grohmann, Bram Stoker","Drama, Horror","<a href=""https://www.imdb.com/title/tt0079641"" target=""_blank"">tt0079641</a>","<a href=""https://www.imdb.com/title/tt0079641"" target=""_blank"">Nosferatu the Vampyre</a>"
"tt1787988","Talaash: The Answer Lies Within",2012,1935,7.3,47166,140,"Reema Kagti","Farhan Akhtar, Anurag Kashyap, Zoya Akhtar, Reema Kagti, Arun Shekhar","Crime, Drama, Mystery","<a href=""https://www.imdb.com/title/tt1787988"" target=""_blank"">tt1787988</a>","<a href=""https://www.imdb.com/title/tt1787988"" target=""_blank"">Talaash: The Answer Lies Within</a>"
"tt0108071","The Secret Garden",1993,1936,7.3,46957,101,"Agnieszka Holland","Frances Hodgson Burnett, Caroline Thompson","Drama, Family, Fantasy","<a href=""https://www.imdb.com/title/tt0108071"" target=""_blank"">tt0108071</a>","<a href=""https://www.imdb.com/title/tt0108071"" target=""_blank"">The Secret Garden</a>"
"tt0264796","Life as a House",2001,1937,7.4,46546,125,"Irwin Winkler","Mark Andrus","Drama","<a href=""https://www.imdb.com/title/tt0264796"" target=""_blank"">tt0264796</a>","<a href=""https://www.imdb.com/title/tt0264796"" target=""_blank"">Life as a House</a>"
"tt0395972","North Country",2005,1938,7.3,46316,126,"Niki Caro","Michael Seitzman, Clara Bingham, Laura Leedy","Drama","<a href=""https://www.imdb.com/title/tt0395972"" target=""_blank"">tt0395972</a>","<a href=""https://www.imdb.com/title/tt0395972"" target=""_blank"">North Country</a>"
"tt0080179","Drunken Master",1978,1939,7.4,46137,111,"Yuen Woo-Ping","Lung Hsiao, See-Yuen Ng","Action, Comedy","<a href=""https://www.imdb.com/title/tt0080179"" target=""_blank"">tt0080179</a>","<a href=""https://www.imdb.com/title/tt0080179"" target=""_blank"">Drunken Master</a>"
"tt0063415","The Party",1968,1940,7.4,45701,99,"Blake Edwards","Blake Edwards, Tom Waldman, Frank Waldman","Comedy, Romance","<a href=""https://www.imdb.com/title/tt0063415"" target=""_blank"">tt0063415</a>","<a href=""https://www.imdb.com/title/tt0063415"" target=""_blank"">The Party</a>"
"tt5946128","Dear Zindagi",2016,1941,7.4,45616,151,"Gauri Shinde","Krishnan Hariharan, Kausar Munir, Gauri Shinde","Drama, Romance","<a href=""https://www.imdb.com/title/tt5946128"" target=""_blank"">tt5946128</a>","<a href=""https://www.imdb.com/title/tt5946128"" target=""_blank"">Dear Zindagi</a>"
"tt2872750","Shaun the Sheep Movie",2015,1942,7.3,45428,85,"Mark Burton, Richard Starzak","Mark Burton, Richard Starzak, Nick Park","Adventure, Animation, Comedy","<a href=""https://www.imdb.com/title/tt2872750"" target=""_blank"">tt2872750</a>","<a href=""https://www.imdb.com/title/tt2872750"" target=""_blank"">Shaun the Sheep Movie</a>"
"tt0103905","Man Bites Dog",1992,1943,7.4,45167,95,"Rémy Belvaux, André Bonzel, Benoît Poelvoorde","Rémy Belvaux, André Bonzel, Benoît Poelvoorde, Vincent Tavier","Comedy, Crime, Drama","<a href=""https://www.imdb.com/title/tt0103905"" target=""_blank"">tt0103905</a>","<a href=""https://www.imdb.com/title/tt0103905"" target=""_blank"">Man Bites Dog</a>"
"tt0034248","Suspicion",1941,1944,7.3,45098,99,"Alfred Hitchcock","Samson Raphaelson, Joan Harrison, Alma Reville, Anthony Berkeley","Drama, Film-Noir, Mystery","<a href=""https://www.imdb.com/title/tt0034248"" target=""_blank"">tt0034248</a>","<a href=""https://www.imdb.com/title/tt0034248"" target=""_blank"">Suspicion</a>"
"tt2097298","McFarland, USA",2015,1945,7.4,44761,129,"Niki Caro","Christopher Cleveland, Bettina Gilois, Grant Thompson","Biography, Drama, Sport","<a href=""https://www.imdb.com/title/tt2097298"" target=""_blank"">tt2097298</a>","<a href=""https://www.imdb.com/title/tt2097298"" target=""_blank"">McFarland, USA</a>"
"tt0117883","Thesis",1996,1946,7.4,44707,125,"Alejandro Amenábar","Alejandro Amenábar, Mateo Gil","Crime, Horror, Mystery","<a href=""https://www.imdb.com/title/tt0117883"" target=""_blank"">tt0117883</a>","<a href=""https://www.imdb.com/title/tt0117883"" target=""_blank"">Thesis</a>"
"tt0119683","Les Misérables",1998,1947,7.4,44667,134,"Bille August","Victor Hugo, Rafael Yglesias","Crime, Drama, Romance","<a href=""https://www.imdb.com/title/tt0119683"" target=""_blank"">tt0119683</a>","<a href=""https://www.imdb.com/title/tt0119683"" target=""_blank"">Les Misérables</a>"
"tt0410097","Hustle & Flow",2005,1948,7.3,44615,116,"Craig Brewer","Craig Brewer","Crime, Drama, Music","<a href=""https://www.imdb.com/title/tt0410097"" target=""_blank"">tt0410097</a>","<a href=""https://www.imdb.com/title/tt0410097"" target=""_blank"">Hustle & Flow</a>"
"tt0903657","Love & Mercy",2014,1949,7.4,44457,121,"Bill Pohlad","Oren Moverman, Michael A. Lerner, Brian Wilson","Biography, Drama, Music","<a href=""https://www.imdb.com/title/tt0903657"" target=""_blank"">tt0903657</a>","<a href=""https://www.imdb.com/title/tt0903657"" target=""_blank"">Love & Mercy</a>"
"tt0057129","The Haunting",1963,1950,7.4,44362,112,"Robert Wise","Nelson Gidding, Shirley Jackson","Horror","<a href=""https://www.imdb.com/title/tt0057129"" target=""_blank"">tt0057129</a>","<a href=""https://www.imdb.com/title/tt0057129"" target=""_blank"">The Haunting</a>"
"tt1232207","Capitalism: A Love Story",2009,1951,7.4,44320,127,"Michael Moore","Michael Moore","Crime, Documentary, History","<a href=""https://www.imdb.com/title/tt1232207"" target=""_blank"">tt1232207</a>","<a href=""https://www.imdb.com/title/tt1232207"" target=""_blank"">Capitalism: A Love Story</a>"
"tt0083190","Thief",1981,1952,7.4,44210,123,"Michael Mann","Michael Mann, Frank Hohimer","Action, Crime, Drama","<a href=""https://www.imdb.com/title/tt0083190"" target=""_blank"">tt0083190</a>","<a href=""https://www.imdb.com/title/tt0083190"" target=""_blank"">Thief</a>"
"tt0090180","To Live and Die in L.A.",1985,1953,7.3,44185,116,"William Friedkin","Gerald Petievich, William Friedkin","Action, Crime, Drama","<a href=""https://www.imdb.com/title/tt0090180"" target=""_blank"">tt0090180</a>","<a href=""https://www.imdb.com/title/tt0090180"" target=""_blank"">To Live and Die in L.A.</a>"
"tt0073540","Picnic at Hanging Rock",1975,1954,7.4,43756,115,"Peter Weir","Cliff Green, Joan Lindsay","Drama, Mystery","<a href=""https://www.imdb.com/title/tt0073540"" target=""_blank"">tt0073540</a>","<a href=""https://www.imdb.com/title/tt0073540"" target=""_blank"">Picnic at Hanging Rock</a>"
"tt0108065","Searching for Bobby Fischer",1993,1955,7.4,43706,109,"Steven Zaillian","Fred Waitzkin, Steven Zaillian","Biography, Drama, Sport","<a href=""https://www.imdb.com/title/tt0108065"" target=""_blank"">tt0108065</a>","<a href=""https://www.imdb.com/title/tt0108065"" target=""_blank"">Searching for Bobby Fischer</a>"
"tt0247425","In the Bedroom",2001,1956,7.4,43548,131,"Todd Field","Andre Dubus, Robert Festinger, Todd Field","Crime, Drama","<a href=""https://www.imdb.com/title/tt0247425"" target=""_blank"">tt0247425</a>","<a href=""https://www.imdb.com/title/tt0247425"" target=""_blank"">In the Bedroom</a>"
"tt0283900","The Spanish Apartment",2002,1957,7.3,43526,122,"Cédric Klapisch","Cédric Klapisch","Comedy, Drama, Romance","<a href=""https://www.imdb.com/title/tt0283900"" target=""_blank"">tt0283900</a>","<a href=""https://www.imdb.com/title/tt0283900"" target=""_blank"">The Spanish Apartment</a>"
"tt0082432","Gallipoli",1981,1958,7.4,43450,110,"Peter Weir","David Williamson, Peter Weir, Ernest Raymond","Adventure, Drama, History","<a href=""https://www.imdb.com/title/tt0082432"" target=""_blank"">tt0082432</a>","<a href=""https://www.imdb.com/title/tt0082432"" target=""_blank"">Gallipoli</a>"
"tt0109348","Bullets Over Broadway",1994,1959,7.4,43338,98,"Woody Allen","Woody Allen, Douglas McGrath","Comedy, Crime","<a href=""https://www.imdb.com/title/tt0109348"" target=""_blank"">tt0109348</a>","<a href=""https://www.imdb.com/title/tt0109348"" target=""_blank"">Bullets Over Broadway</a>"
"tt0063385","Oliver!",1968,1960,7.4,43211,153,"Carol Reed","Lionel Bart, Vernon Harris, Charles Dickens","Drama, Family, Musical","<a href=""https://www.imdb.com/title/tt0063385"" target=""_blank"">tt0063385</a>","<a href=""https://www.imdb.com/title/tt0063385"" target=""_blank"">Oliver!</a>"
"tt0113862","Mr. Holland's Opus",1995,1961,7.3,43208,144,"Stephen Herek","Patrick Sheane Duncan","Drama, Music","<a href=""https://www.imdb.com/title/tt0113862"" target=""_blank"">tt0113862</a>","<a href=""https://www.imdb.com/title/tt0113862"" target=""_blank"">Mr. Holland's Opus</a>"
"tt0407265","Transamerica",2005,1962,7.3,42950,103,"Duncan Tucker","Duncan Tucker","Adventure, Comedy, Drama","<a href=""https://www.imdb.com/title/tt0407265"" target=""_blank"">tt0407265</a>","<a href=""https://www.imdb.com/title/tt0407265"" target=""_blank"">Transamerica</a>"
"tt0078718","And Justice for All",1979,1963,7.4,42942,119,"Norman Jewison","Valerie Curtin, Barry Levinson","Crime, Drama, Thriller","<a href=""https://www.imdb.com/title/tt0078718"" target=""_blank"">tt0078718</a>","<a href=""https://www.imdb.com/title/tt0078718"" target=""_blank"">And Justice for All</a>"
"tt0065724","Five Easy Pieces",1970,1964,7.4,42802,98,"Bob Rafelson","Carole Eastman, Bob Rafelson","Drama","<a href=""https://www.imdb.com/title/tt0065724"" target=""_blank"">tt0065724</a>","<a href=""https://www.imdb.com/title/tt0065724"" target=""_blank"">Five Easy Pieces</a>"
"tt0419294","The Three Burials of Melquiades Estrada",2005,1965,7.3,42676,121,"Tommy Lee Jones","Guillermo Arriaga","Adventure, Crime, Drama","<a href=""https://www.imdb.com/title/tt0419294"" target=""_blank"">tt0419294</a>","<a href=""https://www.imdb.com/title/tt0419294"" target=""_blank"">The Three Burials of Melquiades Estrada</a>"
"tt0077413","Death on the Nile",1978,1966,7.3,42560,140,"John Guillermin","Anthony Shaffer, Agatha Christie","Crime, Drama, Mystery","<a href=""https://www.imdb.com/title/tt0077413"" target=""_blank"">tt0077413</a>","<a href=""https://www.imdb.com/title/tt0077413"" target=""_blank"">Death on the Nile</a>"
"tt0082089","Body Heat",1981,1967,7.4,42297,113,"Lawrence Kasdan","Lawrence Kasdan","Crime, Drama, Romance","<a href=""https://www.imdb.com/title/tt0082089"" target=""_blank"">tt0082089</a>","<a href=""https://www.imdb.com/title/tt0082089"" target=""_blank"">Body Heat</a>"
"tt0088184","Stranger Than Paradise",1984,1968,7.4,42193,89,"Jim Jarmusch","Jim Jarmusch, John Lurie","Comedy, Drama","<a href=""https://www.imdb.com/title/tt0088184"" target=""_blank"">tt0088184</a>","<a href=""https://www.imdb.com/title/tt0088184"" target=""_blank"">Stranger Than Paradise</a>"
"tt0347246","Ghost in the Shell 2: Innocence",2004,1969,7.4,41739,100,"Mamoru Oshii, Naoko Kusumi, Mizuho Nishikubo","Shirow Masamune, Mamoru Oshii","Animation, Drama, Mystery","<a href=""https://www.imdb.com/title/tt0347246"" target=""_blank"">tt0347246</a>","<a href=""https://www.imdb.com/title/tt0347246"" target=""_blank"">Ghost in the Shell 2: Innocence</a>"
"tt10986222","C'mon C'mon",2021,1970,7.3,41459,109,"Mike Mills","Mike Mills","Drama","<a href=""https://www.imdb.com/title/tt10986222"" target=""_blank"">tt10986222</a>","<a href=""https://www.imdb.com/title/tt10986222"" target=""_blank"">C'mon C'mon</a>"
"tt12731980","Old Henry",2021,1971,7.3,41159,99,"Potsy Ponciroli","Potsy Ponciroli","Action, Drama, Western","<a href=""https://www.imdb.com/title/tt12731980"" target=""_blank"">tt12731980</a>","<a href=""https://www.imdb.com/title/tt12731980"" target=""_blank"">Old Henry</a>"
"tt0765432","The Baader Meinhof Complex",2008,1972,7.3,41047,150,"Uli Edel","Bernd Eichinger, Uli Edel, Stefan Aust","Action, Biography, Crime","<a href=""https://www.imdb.com/title/tt0765432"" target=""_blank"">tt0765432</a>","<a href=""https://www.imdb.com/title/tt0765432"" target=""_blank"">The Baader Meinhof Complex</a>"
"tt0274309","24 Hour Party People",2002,1973,7.3,40928,117,"Michael Winterbottom","Frank Cottrell Boyce","Biography, Comedy, Drama","<a href=""https://www.imdb.com/title/tt0274309"" target=""_blank"">tt0274309</a>","<a href=""https://www.imdb.com/title/tt0274309"" target=""_blank"">24 Hour Party People</a>"
"tt26659814","Auron Mein Kahan Dum Tha",2024,1974,7.3,40733,150,"Neeraj Pandey","Neeraj Pandey","Action, Crime, Drama","<a href=""https://www.imdb.com/title/tt26659814"" target=""_blank"">tt26659814</a>","<a href=""https://www.imdb.com/title/tt26659814"" target=""_blank"">Auron Mein Kahan Dum Tha</a>"
"tt3735246","Bajirao Mastani",2015,1975,7.3,40448,158,"Sanjay Leela Bhansali","Nagnath S. Inamdar, Sanjay Leela Bhansali, Mallika Dutt, Prakash Kapadia","Action, Drama, History","<a href=""https://www.imdb.com/title/tt3735246"" target=""_blank"">tt3735246</a>","<a href=""https://www.imdb.com/title/tt3735246"" target=""_blank"">Bajirao Mastani</a>"
"tt6285944","The Banker",2020,1976,7.3,40300,120,"George Nolfi","Niceole R. Levy, George Nolfi, David Lewis Smith, Stan Younger, Brad Kane","Biography, Drama","<a href=""https://www.imdb.com/title/tt6285944"" target=""_blank"">tt6285944</a>","<a href=""https://www.imdb.com/title/tt6285944"" target=""_blank"">The Banker</a>"
"tt1567448","Yahsi Bati - The Ottoman Cowboys",2009,1977,7.4,39986,112,"Ömer Faruk Sorak","Cem Yilmaz","Adventure, Comedy, History","<a href=""https://www.imdb.com/title/tt1567448"" target=""_blank"">tt1567448</a>","<a href=""https://www.imdb.com/title/tt1567448"" target=""_blank"">Yahsi Bati - The Ottoman Cowboys</a>"
"tt26936666","Vettaiyan",2024,1978,7.4,39963,163,"T.J. Gnanavel","T.J. Gnanavel","Action, Crime, Drama","<a href=""https://www.imdb.com/title/tt26936666"" target=""_blank"">tt26936666</a>","<a href=""https://www.imdb.com/title/tt26936666"" target=""_blank"">Vettaiyan</a>"
"tt0168786","Antwone Fisher",2002,1979,7.3,39825,120,"Denzel Washington","Antwone Fisher","Biography, Drama","<a href=""https://www.imdb.com/title/tt0168786"" target=""_blank"">tt0168786</a>","<a href=""https://www.imdb.com/title/tt0168786"" target=""_blank"">Antwone Fisher</a>"
"tt0114478","Smoke",1995,1980,7.4,39257,112,"Wayne Wang","Paul Auster","Comedy, Drama","<a href=""https://www.imdb.com/title/tt0114478"" target=""_blank"">tt0114478</a>","<a href=""https://www.imdb.com/title/tt0114478"" target=""_blank"">Smoke</a>"
"tt0114906","Welcome to the Dollhouse",1995,1981,7.3,39111,88,"Todd Solondz","Todd Solondz","Comedy, Drama","<a href=""https://www.imdb.com/title/tt0114906"" target=""_blank"">tt0114906</a>","<a href=""https://www.imdb.com/title/tt0114906"" target=""_blank"">Welcome to the Dollhouse</a>"
"tt4068576","The Nightingale",2018,1982,7.3,39021,136,"Jennifer Kent","Jennifer Kent","Adventure, Drama, Thriller","<a href=""https://www.imdb.com/title/tt4068576"" target=""_blank"">tt4068576</a>","<a href=""https://www.imdb.com/title/tt4068576"" target=""_blank"">The Nightingale</a>"
"tt0059592","Pierrot le Fou",1965,1983,7.4,38976,110,"Jean-Luc Godard","Rémo Forlani, Jean-Luc Godard, Lionel White","Crime, Drama, Romance","<a href=""https://www.imdb.com/title/tt0059592"" target=""_blank"">tt0059592</a>","<a href=""https://www.imdb.com/title/tt0059592"" target=""_blank"">Pierrot le Fou</a>"
"tt8745676","The Swimmers",2022,1984,7.4,38889,134,"Sally El Hosaini","Sally El Hosaini, Jack Thorne","Biography, Drama, Sport","<a href=""https://www.imdb.com/title/tt8745676"" target=""_blank"">tt8745676</a>","<a href=""https://www.imdb.com/title/tt8745676"" target=""_blank"">The Swimmers</a>"
"tt0067128","Get Carter",1971,1985,7.3,38627,112,"Mike Hodges","Mike Hodges, Ted Lewis","Crime, Thriller","<a href=""https://www.imdb.com/title/tt0067128"" target=""_blank"">tt0067128</a>","<a href=""https://www.imdb.com/title/tt0067128"" target=""_blank"">Get Carter</a>"
"tt1668191","Hunting Season",2010,1986,7.4,38199,140,"Yavuz Turgul","Yavuz Turgul","Crime, Drama, Mystery","<a href=""https://www.imdb.com/title/tt1668191"" target=""_blank"">tt1668191</a>","<a href=""https://www.imdb.com/title/tt1668191"" target=""_blank"">Hunting Season</a>"
"tt0435679","Keith",2008,1987,7.3,38021,95,"Todd Kessler","David Zabel, Todd Kessler, Ron Carlson","Drama, Romance","<a href=""https://www.imdb.com/title/tt0435679"" target=""_blank"">tt0435679</a>","<a href=""https://www.imdb.com/title/tt0435679"" target=""_blank"">Keith</a>"
"tt0093818","Radio Days",1987,1988,7.4,37804,88,"Woody Allen","Woody Allen","Comedy","<a href=""https://www.imdb.com/title/tt0093818"" target=""_blank"">tt0093818</a>","<a href=""https://www.imdb.com/title/tt0093818"" target=""_blank"">Radio Days</a>"
"tt0057345","Contempt",1963,1989,7.4,37610,102,"Jean-Luc Godard","Alberto Moravia, Jean-Luc Godard","Drama, Romance","<a href=""https://www.imdb.com/title/tt0057345"" target=""_blank"">tt0057345</a>","<a href=""https://www.imdb.com/title/tt0057345"" target=""_blank"">Contempt</a>"
"tt0104454","Howards End",1992,1990,7.4,37564,142,"James Ivory","E.M. Forster, Ruth Prawer Jhabvala","Drama, Romance","<a href=""https://www.imdb.com/title/tt0104454"" target=""_blank"">tt0104454</a>","<a href=""https://www.imdb.com/title/tt0104454"" target=""_blank"">Howards End</a>"
"tt0120255","The Sweet Hereafter",1997,1991,7.4,37561,112,"Atom Egoyan","Russell Banks, Atom Egoyan","Drama","<a href=""https://www.imdb.com/title/tt0120255"" target=""_blank"">tt0120255</a>","<a href=""https://www.imdb.com/title/tt0120255"" target=""_blank"">The Sweet Hereafter</a>"
"tt0068638","The Getaway",1972,1992,7.3,37385,123,"Sam Peckinpah","Walter Hill, Jim Thompson","Action, Crime, Thriller","<a href=""https://www.imdb.com/title/tt0068638"" target=""_blank"">tt0068638</a>","<a href=""https://www.imdb.com/title/tt0068638"" target=""_blank"">The Getaway</a>"
"tt0775489","The Illusionist",2010,1993,7.4,37160,80,"Sylvain Chomet","Sylvain Chomet, Jacques Tati","Animation, Drama","<a href=""https://www.imdb.com/title/tt0775489"" target=""_blank"">tt0775489</a>","<a href=""https://www.imdb.com/title/tt0775489"" target=""_blank"">The Illusionist</a>"
"tt0110008","Pom Poko",1994,1994,7.3,37118,119,"Isao Takahata","Isao Takahata","Animation, Comedy, Drama","<a href=""https://www.imdb.com/title/tt0110008"" target=""_blank"">tt0110008</a>","<a href=""https://www.imdb.com/title/tt0110008"" target=""_blank"">Pom Poko</a>"
"tt0390221","Maria Full of Grace",2004,1995,7.4,36998,101,"Joshua Marston","Joshua Marston","Crime, Drama","<a href=""https://www.imdb.com/title/tt0390221"" target=""_blank"">tt0390221</a>","<a href=""https://www.imdb.com/title/tt0390221"" target=""_blank"">Maria Full of Grace</a>"
"tt1441912","The Way",2010,1996,7.3,36862,123,"Emilio Estevez","Emilio Estevez, Jack Hitt","Comedy, Drama","<a href=""https://www.imdb.com/title/tt1441912"" target=""_blank"">tt1441912</a>","<a href=""https://www.imdb.com/title/tt1441912"" target=""_blank"">The Way</a>"
"tt3698408","Coming Soon",2014,1997,7.3,36662,134,"Cem Yilmaz","Cem Yilmaz","Comedy, Drama, Romance","<a href=""https://www.imdb.com/title/tt3698408"" target=""_blank"">tt3698408</a>","<a href=""https://www.imdb.com/title/tt3698408"" target=""_blank"">Coming Soon</a>"
"tt0470883","Magic Carpet Ride",2005,1998,7.4,36611,106,"Yilmaz Erdogan","Yilmaz Erdogan","Comedy, Crime","<a href=""https://www.imdb.com/title/tt0470883"" target=""_blank"">tt0470883</a>","<a href=""https://www.imdb.com/title/tt0470883"" target=""_blank"">Magic Carpet Ride</a>"
"tt0827503","The Magician",2006,1999,7.4,35767,122,"Ali Taner Baltaci, Cem Yilmaz","Cem Yilmaz","Comedy, Drama","<a href=""https://www.imdb.com/title/tt0827503"" target=""_blank"">tt0827503</a>","<a href=""https://www.imdb.com/title/tt0827503"" target=""_blank"">The Magician</a>"
"tt3606888","A Street Cat Named Bob",2016,2000,7.3,35745,103,"Roger Spottiswoode","James Bowen, Garry Jenkins, Tim John, Maria Nation","Biography, Drama, Family","<a href=""https://www.imdb.com/title/tt3606888"" target=""_blank"">tt3606888</a>","<a href=""https://www.imdb.com/title/tt3606888"" target=""_blank"">A Street Cat Named Bob</a>"
"tt0092699","Broadcast News",1987,2001,7.3,35604,133,"James L. Brooks","James L. Brooks","Comedy, Drama, Romance","<a href=""https://www.imdb.com/title/tt0092699"" target=""_blank"">tt0092699</a>","<a href=""https://www.imdb.com/title/tt0092699"" target=""_blank"">Broadcast News</a>"
"tt15145764","Freddy",2022,2002,7.4,35408,124,"Shashanka Ghosh","Parveez Shaikh, Aseem Arrora","Drama, Mystery, Romance","<a href=""https://www.imdb.com/title/tt15145764"" target=""_blank"">tt15145764</a>","<a href=""https://www.imdb.com/title/tt15145764"" target=""_blank"">Freddy</a>"
"tt1964624","In the House",2012,2003,7.3,35341,105,"François Ozon","Juan Mayorga, François Ozon","Drama, Mystery, Thriller","<a href=""https://www.imdb.com/title/tt1964624"" target=""_blank"">tt1964624</a>","<a href=""https://www.imdb.com/title/tt1964624"" target=""_blank"">In the House</a>"
"tt0388980","The Greatest Game Ever Played",2005,2004,7.4,34999,120,"Bill Paxton","Mark Frost","Biography, Drama, Sport","<a href=""https://www.imdb.com/title/tt0388980"" target=""_blank"">tt0388980</a>","<a href=""https://www.imdb.com/title/tt0388980"" target=""_blank"">The Greatest Game Ever Played</a>"
"tt11703710","Downton Abbey: A New Era",2022,2005,7.4,34919,124,"Simon Curtis","Julian Fellowes","Drama, Romance","<a href=""https://www.imdb.com/title/tt11703710"" target=""_blank"">tt11703710</a>","<a href=""https://www.imdb.com/title/tt11703710"" target=""_blank"">Downton Abbey: A New Era</a>"
"tt0118819","Live Flesh",1997,2006,7.3,34874,103,"Pedro Almodóvar","Pedro Almodóvar, Ruth Rendell, Ray Loriga, Jorge Guerricaechevarría","Drama","<a href=""https://www.imdb.com/title/tt0118819"" target=""_blank"">tt0118819</a>","<a href=""https://www.imdb.com/title/tt0118819"" target=""_blank"">Live Flesh</a>"
"tt0050105","An Affair to Remember",1957,2007,7.4,34804,115,"Leo McCarey","Delmer Daves, Leo McCarey, Mildred Cram, Donald Ogden Stewart","Drama, Romance","<a href=""https://www.imdb.com/title/tt0050105"" target=""_blank"">tt0050105</a>","<a href=""https://www.imdb.com/title/tt0050105"" target=""_blank"">An Affair to Remember</a>"
"tt0133189","SLC Punk!",1998,2008,7.3,34800,97,"James Merendino","James Merendino","Comedy, Drama, Music","<a href=""https://www.imdb.com/title/tt0133189"" target=""_blank"">tt0133189</a>","<a href=""https://www.imdb.com/title/tt0133189"" target=""_blank"">SLC Punk!</a>"
"tt3148502","Tamasha",2015,2009,7.4,34712,139,"Imtiaz Ali","Imtiaz Ali","Comedy, Drama, Romance","<a href=""https://www.imdb.com/title/tt3148502"" target=""_blank"">tt3148502</a>","<a href=""https://www.imdb.com/title/tt3148502"" target=""_blank"">Tamasha</a>"
"tt0078966","The China Syndrome",1979,2010,7.4,34703,122,"James Bridges","Mike Gray, T.S. Cook, James Bridges","Drama, Thriller","<a href=""https://www.imdb.com/title/tt0078966"" target=""_blank"">tt0078966</a>","<a href=""https://www.imdb.com/title/tt0078966"" target=""_blank"">The China Syndrome</a>"
"tt2652092","The Good Lie",2014,2011,7.4,34651,110,"Philippe Falardeau","Margaret Nagle","Biography, Drama","<a href=""https://www.imdb.com/title/tt2652092"" target=""_blank"">tt2652092</a>","<a href=""https://www.imdb.com/title/tt2652092"" target=""_blank"">The Good Lie</a>"
"tt9185206","Are You There God? It's Me, Margaret.",2023,2012,7.3,34476,106,"Kelly Fremon Craig","Kelly Fremon Craig, Judy Blume","Comedy, Drama, Family","<a href=""https://www.imdb.com/title/tt9185206"" target=""_blank"">tt9185206</a>","<a href=""https://www.imdb.com/title/tt9185206"" target=""_blank"">Are You There God? It's Me, Margaret.</a>"
"tt0116905","Lone Star",1996,2013,7.4,34402,135,"John Sayles","John Sayles","Drama, Mystery, Western","<a href=""https://www.imdb.com/title/tt0116905"" target=""_blank"">tt0116905</a>","<a href=""https://www.imdb.com/title/tt0116905"" target=""_blank"">Lone Star</a>"
"tt2404181","Belle",2013,2014,7.3,34216,100,"Amma Asante","Misan Sagay","Biography, Drama, Romance","<a href=""https://www.imdb.com/title/tt2404181"" target=""_blank"">tt2404181</a>","<a href=""https://www.imdb.com/title/tt2404181"" target=""_blank"">Belle</a>"
"tt7242142","Blindspotting",2018,2015,7.4,33748,95,"Carlos López Estrada","Rafael Casal, Daveed Diggs","Comedy, Crime, Drama","<a href=""https://www.imdb.com/title/tt7242142"" target=""_blank"">tt7242142</a>","<a href=""https://www.imdb.com/title/tt7242142"" target=""_blank"">Blindspotting</a>"
"tt2378281","Instructions Not Included",2013,2016,7.4,33726,122,"Eugenio Derbez","Guillermo Ríos, Leticia López Margalli, Eugenio Derbez, Oscar Orlando Torres, Gustavo Rodríguez, David Hernández Miranda, Eduardo Cisneros","Comedy, Drama","<a href=""https://www.imdb.com/title/tt2378281"" target=""_blank"">tt2378281</a>","<a href=""https://www.imdb.com/title/tt2378281"" target=""_blank"">Instructions Not Included</a>"
"tt0120684","Gods and Monsters",1998,2017,7.3,33652,105,"Bill Condon","Christopher Bram, Bill Condon","Biography, Drama","<a href=""https://www.imdb.com/title/tt0120684"" target=""_blank"">tt0120684</a>","<a href=""https://www.imdb.com/title/tt0120684"" target=""_blank"">Gods and Monsters</a>"
"tt27922706","Chhaava",2025,2018,7.3,33619,161,"Laxman Utekar","Laxman Utekar, Rishi Virmani, Kaustubh Savarkar, Unman Bankar, Omkar Mahajan, Shivaji Sawant","Action, Drama, History","<a href=""https://www.imdb.com/title/tt27922706"" target=""_blank"">tt27922706</a>","<a href=""https://www.imdb.com/title/tt27922706"" target=""_blank"">Chhaava</a>"
"tt0051207","The Wrong Man",1956,2019,7.4,33594,105,"Alfred Hitchcock","Maxwell Anderson, Angus MacPhail","Drama, Film-Noir","<a href=""https://www.imdb.com/title/tt0051207"" target=""_blank"">tt0051207</a>","<a href=""https://www.imdb.com/title/tt0051207"" target=""_blank"">The Wrong Man</a>"
"tt21027780","Fallen Leaves",2023,2020,7.3,33527,81,"Aki Kaurismäki","Aki Kaurismäki","Comedy, Drama, Romance","<a href=""https://www.imdb.com/title/tt21027780"" target=""_blank"">tt21027780</a>","<a href=""https://www.imdb.com/title/tt21027780"" target=""_blank"">Fallen Leaves</a>"
"tt1174730","City Island",2009,2021,7.3,33030,104,"Raymond De Felitta","Raymond De Felitta","Comedy, Drama","<a href=""https://www.imdb.com/title/tt1174730"" target=""_blank"">tt1174730</a>","<a href=""https://www.imdb.com/title/tt1174730"" target=""_blank"">City Island</a>"
"tt1474276","Summer Wars",2009,2022,7.4,33003,114,"Mamoru Hosoda","Mamoru Hosoda, Satoko Okudera","Action, Adventure, Animation","<a href=""https://www.imdb.com/title/tt1474276"" target=""_blank"">tt1474276</a>","<a href=""https://www.imdb.com/title/tt1474276"" target=""_blank"">Summer Wars</a>"
"tt1510938","The Sunset Limited",2011,2023,7.3,32963,91,"Tommy Lee Jones","Cormac McCarthy","Drama","<a href=""https://www.imdb.com/title/tt1510938"" target=""_blank"">tt1510938</a>","<a href=""https://www.imdb.com/title/tt1510938"" target=""_blank"">The Sunset Limited</a>"
"tt0057197","Jason and the Argonauts",1963,2024,7.3,32923,104,"Don Chaffey","Jan Read, Beverley Cross, Apollonios Rhodios","Action, Adventure, Family","<a href=""https://www.imdb.com/title/tt0057197"" target=""_blank"">tt0057197</a>","<a href=""https://www.imdb.com/title/tt0057197"" target=""_blank"">Jason and the Argonauts</a>"
"tt0408777","The Edukators",2004,2025,7.4,32745,127,"Hans Weingartner","Katharina Held, Hans Weingartner","Drama, Romance","<a href=""https://www.imdb.com/title/tt0408777"" target=""_blank"">tt0408777</a>","<a href=""https://www.imdb.com/title/tt0408777"" target=""_blank"">The Edukators</a>"
"tt2762506","Bacurau",2019,2026,7.3,32645,131,"Juliano Dornelles, Kleber Mendonça Filho","Kleber Mendonça Filho, Juliano Dornelles","Action, Adventure, Drama","<a href=""https://www.imdb.com/title/tt2762506"" target=""_blank"">tt2762506</a>","<a href=""https://www.imdb.com/title/tt2762506"" target=""_blank"">Bacurau</a>"
"tt0058586","A Shot in the Dark",1964,2027,7.3,32609,102,"Blake Edwards","Blake Edwards, William Peter Blatty, Harry Kurnitz, Marcel Achard, Peter Sellers","Comedy, Crime, Mystery","<a href=""https://www.imdb.com/title/tt0058586"" target=""_blank"">tt0058586</a>","<a href=""https://www.imdb.com/title/tt0058586"" target=""_blank"">A Shot in the Dark</a>"
"tt7772582","Never Rarely Sometimes Always",2020,2028,7.4,32187,101,"Eliza Hittman","Eliza Hittman","Drama","<a href=""https://www.imdb.com/title/tt7772582"" target=""_blank"">tt7772582</a>","<a href=""https://www.imdb.com/title/tt7772582"" target=""_blank"">Never Rarely Sometimes Always</a>"
"tt1424797","I Killed My Mother",2009,2029,7.4,32148,96,"Xavier Dolan","Xavier Dolan","Drama, Romance","<a href=""https://www.imdb.com/title/tt1424797"" target=""_blank"">tt1424797</a>","<a href=""https://www.imdb.com/title/tt1424797"" target=""_blank"">I Killed My Mother</a>"
"tt0113870","Murder in the First",1995,2030,7.3,32023,122,"Marc Rocco","Dan Gordon","Drama, Thriller","<a href=""https://www.imdb.com/title/tt0113870"" target=""_blank"">tt0113870</a>","<a href=""https://www.imdb.com/title/tt0113870"" target=""_blank"">Murder in the First</a>"
"tt0411272","Mesrine: Public Enemy No. 1",2008,2031,7.4,31899,133,"Jean-François Richet","Abdel Raouf Dafri, Jean-François Richet","Action, Biography, Crime","<a href=""https://www.imdb.com/title/tt0411272"" target=""_blank"">tt0411272</a>","<a href=""https://www.imdb.com/title/tt0411272"" target=""_blank"">Mesrine: Public Enemy No. 1</a>"
"tt0118111","Waiting for Guffman",1996,2032,7.4,31779,84,"Christopher Guest","Christopher Guest, Eugene Levy","Comedy","<a href=""https://www.imdb.com/title/tt0118111"" target=""_blank"">tt0118111</a>","<a href=""https://www.imdb.com/title/tt0118111"" target=""_blank"">Waiting for Guffman</a>"
"tt1431181","Another Year",2010,2033,7.4,31749,129,"Mike Leigh","Mike Leigh","Comedy, Drama","<a href=""https://www.imdb.com/title/tt1431181"" target=""_blank"">tt1431181</a>","<a href=""https://www.imdb.com/title/tt1431181"" target=""_blank"">Another Year</a>"
"tt0084237","The Last Unicorn",1982,2034,7.3,31648,92,"Jules Bass, Arthur Rankin Jr.","Peter S. Beagle","Adventure, Animation, Drama","<a href=""https://www.imdb.com/title/tt0084237"" target=""_blank"">tt0084237</a>","<a href=""https://www.imdb.com/title/tt0084237"" target=""_blank"">The Last Unicorn</a>"
"tt0070239","Jesus Christ Superstar",1973,2035,7.3,31586,106,"Norman Jewison","Melvyn Bragg, Norman Jewison, Tim Rice","Drama, History, Musical","<a href=""https://www.imdb.com/title/tt0070239"" target=""_blank"">tt0070239</a>","<a href=""https://www.imdb.com/title/tt0070239"" target=""_blank"">Jesus Christ Superstar</a>"
"tt8385474","A Dog's Journey",2019,2036,7.4,31291,109,"Gail Mancuso","W. Bruce Cameron, Cathryn Michon, Maya Forbes, Wallace Wolodarsky","Adventure, Comedy, Drama","<a href=""https://www.imdb.com/title/tt8385474"" target=""_blank"">tt8385474</a>","<a href=""https://www.imdb.com/title/tt8385474"" target=""_blank"">A Dog's Journey</a>"
"tt0252444","Rabbit-Proof Fence",2002,2037,7.4,31160,94,"Phillip Noyce","Doris Pilkington, Christine Olsen","Adventure, Biography, Drama","<a href=""https://www.imdb.com/title/tt0252444"" target=""_blank"">tt0252444</a>","<a href=""https://www.imdb.com/title/tt0252444"" target=""_blank"">Rabbit-Proof Fence</a>"
"tt3300980","The 12th Man",2017,2038,7.3,31065,135,"Harald Zwart","Petter Skavlan","Drama, History, Thriller","<a href=""https://www.imdb.com/title/tt3300980"" target=""_blank"">tt3300980</a>","<a href=""https://www.imdb.com/title/tt3300980"" target=""_blank"">The 12th Man</a>"
"tt0070215","My Name Is Nobody",1973,2039,7.3,31031,116,"Tonino Valerii","Sergio Leone, Fulvio Morsella, Ernesto Gastaldi","Comedy, Western","<a href=""https://www.imdb.com/title/tt0070215"" target=""_blank"">tt0070215</a>","<a href=""https://www.imdb.com/title/tt0070215"" target=""_blank"">My Name Is Nobody</a>"
"tt1029235","Max Manus: Man of War",2008,2040,7.3,30939,118,"Joachim Rønning, Espen Sandberg","Thomas Nordseth-Tiller","Action, Biography, Crime","<a href=""https://www.imdb.com/title/tt1029235"" target=""_blank"">tt1029235</a>","<a href=""https://www.imdb.com/title/tt1029235"" target=""_blank"">Max Manus: Man of War</a>"
"tt3547740","The Bélier Family",2014,2041,7.3,30714,106,"Éric Lartigau","Victoria Bedos, Stanislas Carré de Malberg, Éric Lartigau, Thomas Bidegain","Comedy, Drama, Music","<a href=""https://www.imdb.com/title/tt3547740"" target=""_blank"">tt3547740</a>","<a href=""https://www.imdb.com/title/tt3547740"" target=""_blank"">The Bélier Family</a>"
"tt0074695","Cross of Iron",1977,2042,7.4,30586,119,"Sam Peckinpah","Julius J. Epstein, Walter Kelley, James Hamilton, Willi Heinrich","Drama, War","<a href=""https://www.imdb.com/title/tt0074695"" target=""_blank"">tt0074695</a>","<a href=""https://www.imdb.com/title/tt0074695"" target=""_blank"">Cross of Iron</a>"
"tt5827916","A Hidden Life",2019,2043,7.4,30579,174,"Terrence Malick","Terrence Malick","Biography, Drama, Romance","<a href=""https://www.imdb.com/title/tt5827916"" target=""_blank"">tt5827916</a>","<a href=""https://www.imdb.com/title/tt5827916"" target=""_blank"">A Hidden Life</a>"
"tt0419058","Phir Hera Pheri",2006,2044,7.4,30474,153,"Neeraj Vora","Neeraj Vora","Comedy, Crime","<a href=""https://www.imdb.com/title/tt0419058"" target=""_blank"">tt0419058</a>","<a href=""https://www.imdb.com/title/tt0419058"" target=""_blank"">Phir Hera Pheri</a>"
"tt1979319","Rurouni Kenshin Part I: Origins",2012,2045,7.4,30276,134,"Keishi Otomo","Nobuhiro Watsuki, Kiyomi Fujii, Keishi Otomo","Action, Adventure, Drama","<a href=""https://www.imdb.com/title/tt1979319"" target=""_blank"">tt1979319</a>","<a href=""https://www.imdb.com/title/tt1979319"" target=""_blank"">Rurouni Kenshin Part I: Origins</a>"
"tt1821700","To Strike",2013,2046,7.4,30061,130,"Bilal Lashari","Hassan Rana","Action, Crime, Drama","<a href=""https://www.imdb.com/title/tt1821700"" target=""_blank"">tt1821700</a>","<a href=""https://www.imdb.com/title/tt1821700"" target=""_blank"">To Strike</a>"
"tt18550140","Holy Spider",2022,2047,7.3,30021,118,"Ali Abbasi","Ali Abbasi, Afshin Kamran Bahrami, Jonas Wagner","Crime, Drama, Thriller","<a href=""https://www.imdb.com/title/tt18550140"" target=""_blank"">tt18550140</a>","<a href=""https://www.imdb.com/title/tt18550140"" target=""_blank"">Holy Spider</a>"
"tt0038991","The Stranger",1946,2048,7.3,29978,95,"Orson Welles","Anthony Veiller, Victor Trivas, Decla Dunning, Orson Welles, John Huston","Crime, Drama, Film-Noir","<a href=""https://www.imdb.com/title/tt0038991"" target=""_blank"">tt0038991</a>","<a href=""https://www.imdb.com/title/tt0038991"" target=""_blank"">The Stranger</a>"
"tt5078204","Two Is a Family",2016,2049,7.3,29571,118,"Hugo Gélin","Eugenio Derbez, Hugo Gélin, Igor Gotesman, Guillermo Ríos, Jean-André Yerlès, Mathieu Oullion, Leticia López Margalli","Comedy, Drama","<a href=""https://www.imdb.com/title/tt5078204"" target=""_blank"">tt5078204</a>","<a href=""https://www.imdb.com/title/tt5078204"" target=""_blank"">Two Is a Family</a>"
"tt0813980","24: Redemption",2008,2050,7.4,29466,84,"Jon Cassar","Joel Surnow, Robert Cochran, Howard Gordon","Action, Adventure, Crime","<a href=""https://www.imdb.com/title/tt0813980"" target=""_blank"">tt0813980</a>","<a href=""https://www.imdb.com/title/tt0813980"" target=""_blank"">24: Redemption</a>"
"tt14376344","Cha Cha Real Smooth",2022,2051,7.3,29413,107,"Cooper Raiff","Cooper Raiff","Comedy, Drama","<a href=""https://www.imdb.com/title/tt14376344"" target=""_blank"">tt14376344</a>","<a href=""https://www.imdb.com/title/tt14376344"" target=""_blank"">Cha Cha Real Smooth</a>"
"tt0486358","Jesus Camp",2006,2052,7.4,29191,87,"Heidi Ewing, Rachel Grady",NA,"Documentary","<a href=""https://www.imdb.com/title/tt0486358"" target=""_blank"">tt0486358</a>","<a href=""https://www.imdb.com/title/tt0486358"" target=""_blank"">Jesus Camp</a>"
"tt1827512","The Kid with a Bike",2011,2053,7.4,29146,87,"Jean-Pierre Dardenne, Luc Dardenne","Jean-Pierre Dardenne, Luc Dardenne","Drama","<a href=""https://www.imdb.com/title/tt1827512"" target=""_blank"">tt1827512</a>","<a href=""https://www.imdb.com/title/tt1827512"" target=""_blank"">The Kid with a Bike</a>"
"tt0166396","Waking Ned Devine",1998,2054,7.3,29112,91,"Kirk Jones","Kirk Jones","Comedy","<a href=""https://www.imdb.com/title/tt0166396"" target=""_blank"">tt0166396</a>","<a href=""https://www.imdb.com/title/tt0166396"" target=""_blank"">Waking Ned Devine</a>"
"tt0063823","Yellow Submarine",1968,2055,7.4,29068,85,"George Dunning","Lee Minoff, John Lennon, Paul McCartney, Al Brodax, Jack Mendelsohn, Erich Segal, Roger McGough","Adventure, Animation, Comedy","<a href=""https://www.imdb.com/title/tt0063823"" target=""_blank"">tt0063823</a>","<a href=""https://www.imdb.com/title/tt0063823"" target=""_blank"">Yellow Submarine</a>"
"tt1932767","What Maisie Knew",2012,2056,7.4,28996,99,"Scott McGehee, David Siegel","Nancy Doyne, Carroll Cartwright, Henry James","Drama","<a href=""https://www.imdb.com/title/tt1932767"" target=""_blank"">tt1932767</a>","<a href=""https://www.imdb.com/title/tt1932767"" target=""_blank"">What Maisie Knew</a>"
"tt0473367","Jaane Tu... Ya Jaane Na",2008,2057,7.4,28989,155,"Abbas Tyrewala","Abbas Tyrewala","Comedy, Drama, Romance","<a href=""https://www.imdb.com/title/tt0473367"" target=""_blank"">tt0473367</a>","<a href=""https://www.imdb.com/title/tt0473367"" target=""_blank"">Jaane Tu... Ya Jaane Na</a>"
"tt0493459","This Film Is Not Yet Rated",2006,2058,7.4,28859,98,"Kirby Dick","Kirby Dick, Eddie Schmidt, Matt Patterson","Documentary","<a href=""https://www.imdb.com/title/tt0493459"" target=""_blank"">tt0493459</a>","<a href=""https://www.imdb.com/title/tt0493459"" target=""_blank"">This Film Is Not Yet Rated</a>"
"tt0049408","The King and I",1956,2059,7.4,28847,133,"Walter Lang","Ernest Lehman, Oscar Hammerstein II, Margaret Landon","Biography, Drama, Musical","<a href=""https://www.imdb.com/title/tt0049408"" target=""_blank"">tt0049408</a>","<a href=""https://www.imdb.com/title/tt0049408"" target=""_blank"">The King and I</a>"
"tt0071115","Alice Doesn't Live Here Anymore",1974,2060,7.3,28781,112,"Martin Scorsese","Robert Getchell","Drama, Romance","<a href=""https://www.imdb.com/title/tt0071115"" target=""_blank"">tt0071115</a>","<a href=""https://www.imdb.com/title/tt0071115"" target=""_blank"">Alice Doesn't Live Here Anymore</a>"
"tt0075968","The Duellists",1977,2061,7.4,28519,100,"Ridley Scott","Gerald Vaughan-Hughes, Joseph Conrad","Drama, War","<a href=""https://www.imdb.com/title/tt0075968"" target=""_blank"">tt0075968</a>","<a href=""https://www.imdb.com/title/tt0075968"" target=""_blank"">The Duellists</a>"
"tt0047472","Seven Brides for Seven Brothers",1954,2062,7.3,28476,102,"Stanley Donen","Albert Hackett, Frances Goodrich, Dorothy Kingsley, Stephen Vincent Benet","Musical, Romance, Western","<a href=""https://www.imdb.com/title/tt0047472"" target=""_blank"">tt0047472</a>","<a href=""https://www.imdb.com/title/tt0047472"" target=""_blank"">Seven Brides for Seven Brothers</a>"
"tt0085859","Local Hero",1983,2063,7.3,28256,111,"Bill Forsyth","Bill Forsyth","Comedy, Drama","<a href=""https://www.imdb.com/title/tt0085859"" target=""_blank"">tt0085859</a>","<a href=""https://www.imdb.com/title/tt0085859"" target=""_blank"">Local Hero</a>"
"tt5301662","Marshall",2017,2064,7.3,27915,118,"Reginald Hudlin","Michael Koskoff, Jacob Koskoff","Biography, Crime, Drama","<a href=""https://www.imdb.com/title/tt5301662"" target=""_blank"">tt5301662</a>","<a href=""https://www.imdb.com/title/tt5301662"" target=""_blank"">Marshall</a>"
"tt4943998","Deadwood: The Movie",2019,2065,7.3,27891,110,"Daniel Minahan","David Milch, Bryan Law","Drama, Western","<a href=""https://www.imdb.com/title/tt4943998"" target=""_blank"">tt4943998</a>","<a href=""https://www.imdb.com/title/tt4943998"" target=""_blank"">Deadwood: The Movie</a>"
"tt0073580","The Passenger",1975,2066,7.4,27818,126,"Michelangelo Antonioni","Mark Peploe, Enrico Sannia, Michelangelo Antonioni, Miguel de Echarri, Peter Wollen","Drama, Thriller","<a href=""https://www.imdb.com/title/tt0073580"" target=""_blank"">tt0073580</a>","<a href=""https://www.imdb.com/title/tt0073580"" target=""_blank"">The Passenger</a>"
"tt0087003","Broadway Danny Rose",1984,2067,7.4,27662,84,"Woody Allen","Woody Allen","Comedy","<a href=""https://www.imdb.com/title/tt0087003"" target=""_blank"">tt0087003</a>","<a href=""https://www.imdb.com/title/tt0087003"" target=""_blank"">Broadway Danny Rose</a>"
"tt1198156","You're Not You",2014,2068,7.3,27582,102,"George C. Wolfe","Shana Feste, Jordan Roberts, Michelle Wildgen","Drama","<a href=""https://www.imdb.com/title/tt1198156"" target=""_blank"">tt1198156</a>","<a href=""https://www.imdb.com/title/tt1198156"" target=""_blank"">You're Not You</a>"
"tt5859238","Lucky",2017,2069,7.3,27489,88,"John Carroll Lynch","Logan Sparks, Drago Sumonja","Comedy, Drama, Western","<a href=""https://www.imdb.com/title/tt5859238"" target=""_blank"">tt5859238</a>","<a href=""https://www.imdb.com/title/tt5859238"" target=""_blank"">Lucky</a>"
"tt0101258","Days of Being Wild",1990,2070,7.4,27290,94,"Wong Kar-Wai","Wong Kar-Wai, Jeffrey Lau","Crime, Drama, Romance","<a href=""https://www.imdb.com/title/tt0101258"" target=""_blank"">tt0101258</a>","<a href=""https://www.imdb.com/title/tt0101258"" target=""_blank"">Days of Being Wild</a>"
"tt0265343","Monsoon Wedding",2001,2071,7.3,27260,114,"Mira Nair","Sabrina Dhawan","Comedy, Drama, Romance","<a href=""https://www.imdb.com/title/tt0265343"" target=""_blank"">tt0265343</a>","<a href=""https://www.imdb.com/title/tt0265343"" target=""_blank"">Monsoon Wedding</a>"
"tt0396184","Pusher II",2004,2072,7.3,27235,100,"Nicolas Winding Refn","Nicolas Winding Refn","Action, Crime, Drama","<a href=""https://www.imdb.com/title/tt0396184"" target=""_blank"">tt0396184</a>","<a href=""https://www.imdb.com/title/tt0396184"" target=""_blank"">Pusher II</a>"
"tt3678782","Badlapur",2015,2073,7.4,27147,134,"Sriram Raghavan","Massimo Carlotto, Sriram Raghavan, Arijit Biswas, Pooja Ladha Surti","Action, Crime, Drama","<a href=""https://www.imdb.com/title/tt3678782"" target=""_blank"">tt3678782</a>","<a href=""https://www.imdb.com/title/tt3678782"" target=""_blank"">Badlapur</a>"
"tt26612950","The Teachers' Lounge",2023,2074,7.4,27106,98,"Ilker Çatak","Johannes Duncker, Ilker Çatak","Drama","<a href=""https://www.imdb.com/title/tt26612950"" target=""_blank"">tt26612950</a>","<a href=""https://www.imdb.com/title/tt26612950"" target=""_blank"">The Teachers' Lounge</a>"
"tt1423894","Barney's Version",2010,2075,7.3,27090,134,"Richard J. Lewis","Mordecai Richler, Michael Konyves","Comedy, Drama","<a href=""https://www.imdb.com/title/tt1423894"" target=""_blank"">tt1423894</a>","<a href=""https://www.imdb.com/title/tt1423894"" target=""_blank"">Barney's Version</a>"
"tt0078875","The Tin Drum",1979,2076,7.4,27068,142,"Volker Schlöndorff","Günter Grass, Jean-Claude Carrière, Volker Schlöndorff, Franz Seitz","Drama, War","<a href=""https://www.imdb.com/title/tt0078875"" target=""_blank"">tt0078875</a>","<a href=""https://www.imdb.com/title/tt0078875"" target=""_blank"">The Tin Drum</a>"
"tt0110116","Immortal Beloved",1994,2077,7.4,27040,121,"Bernard Rose","Bernard Rose","Biography, Drama, Music","<a href=""https://www.imdb.com/title/tt0110116"" target=""_blank"">tt0110116</a>","<a href=""https://www.imdb.com/title/tt0110116"" target=""_blank"">Immortal Beloved</a>"
"tt0157016","I Stand Alone",1998,2078,7.3,26914,93,"Gaspar Noé","Gaspar Noé","Crime, Drama, Thriller","<a href=""https://www.imdb.com/title/tt0157016"" target=""_blank"">tt0157016</a>","<a href=""https://www.imdb.com/title/tt0157016"" target=""_blank"">I Stand Alone</a>"
"tt0092263","A Better Tomorrow",1986,2079,7.4,26889,95,"John Woo","Hing-Ka Chan, Suk-Wah Leung, John Woo","Action, Crime, Drama","<a href=""https://www.imdb.com/title/tt0092263"" target=""_blank"">tt0092263</a>","<a href=""https://www.imdb.com/title/tt0092263"" target=""_blank"">A Better Tomorrow</a>"
"tt0067355","They Call Me Trinity",1970,2080,7.4,26778,115,"Enzo Barboni","Enzo Barboni, Gene Luotto","Comedy, Western","<a href=""https://www.imdb.com/title/tt0067355"" target=""_blank"">tt0067355</a>","<a href=""https://www.imdb.com/title/tt0067355"" target=""_blank"">They Call Me Trinity</a>"
"tt2059255","No",2012,2081,7.4,26769,118,"Pablo Larraín","Pedro Peirano, Antonio Skármeta","Drama, History","<a href=""https://www.imdb.com/title/tt2059255"" target=""_blank"">tt2059255</a>","<a href=""https://www.imdb.com/title/tt2059255"" target=""_blank"">No</a>"
"tt10322274","Schumacher",2021,2082,7.4,26750,112,"Hanns-Bruno Kammertöns, Vanessa Nöcker, Michael Wech","Hanns-Bruno Kammertöns, Vanessa Nöcker, Michael Wech","Biography, Documentary, Sport","<a href=""https://www.imdb.com/title/tt10322274"" target=""_blank"">tt10322274</a>","<a href=""https://www.imdb.com/title/tt10322274"" target=""_blank"">Schumacher</a>"
"tt0074174","The Bad News Bears",1976,2083,7.3,26476,102,"Michael Ritchie","Bill Lancaster","Comedy, Drama, Family","<a href=""https://www.imdb.com/title/tt0074174"" target=""_blank"">tt0074174</a>","<a href=""https://www.imdb.com/title/tt0074174"" target=""_blank"">The Bad News Bears</a>"
"tt0062994","Funny Girl",1968,2084,7.4,26456,151,"William Wyler","Isobel Lennart","Biography, Comedy, Drama","<a href=""https://www.imdb.com/title/tt0062994"" target=""_blank"">tt0062994</a>","<a href=""https://www.imdb.com/title/tt0062994"" target=""_blank"">Funny Girl</a>"
"tt1808223","Losers' Club",2011,2085,7.4,26351,105,"Tolga Örnek","Tolga Örnek, Mehmet Ada Öztekin","Drama, Romance","<a href=""https://www.imdb.com/title/tt1808223"" target=""_blank"">tt1808223</a>","<a href=""https://www.imdb.com/title/tt1808223"" target=""_blank"">Losers' Club</a>"
"tt0314412","My Life Without Me",2003,2086,7.4,26288,106,"Isabel Coixet","Isabel Coixet, Nanci Kincaid","Drama, Romance","<a href=""https://www.imdb.com/title/tt0314412"" target=""_blank"">tt0314412</a>","<a href=""https://www.imdb.com/title/tt0314412"" target=""_blank"">My Life Without Me</a>"
"tt0454776","Amazing Grace",2006,2087,7.4,26170,118,"Michael Apted","Steven Knight","Biography, Drama, History","<a href=""https://www.imdb.com/title/tt0454776"" target=""_blank"">tt0454776</a>","<a href=""https://www.imdb.com/title/tt0454776"" target=""_blank"">Amazing Grace</a>"
"tt0076578","Pumping Iron",1977,2088,7.3,26098,86,"George Butler, Robert Fiore","Charles Gaines, George Butler","Documentary, Sport","<a href=""https://www.imdb.com/title/tt0076578"" target=""_blank"">tt0076578</a>","<a href=""https://www.imdb.com/title/tt0076578"" target=""_blank"">Pumping Iron</a>"
"tt8983228","Jhund",2022,2089,7.4,26059,176,"Nagraj Manjule","Nagraj Manjule","Biography, Drama, Sport","<a href=""https://www.imdb.com/title/tt8983228"" target=""_blank"">tt8983228</a>","<a href=""https://www.imdb.com/title/tt8983228"" target=""_blank"">Jhund</a>"
"tt0108551","What's Love Got to Do with It",1993,2090,7.3,26042,118,"Brian Gibson","Tina Turner, Kurt Loder, Kate Lanier","Biography, Drama, Music","<a href=""https://www.imdb.com/title/tt0108551"" target=""_blank"">tt0108551</a>","<a href=""https://www.imdb.com/title/tt0108551"" target=""_blank"">What's Love Got to Do with It</a>"
"tt11388580","Miss Americana",2020,2091,7.4,26037,85,"Lana Wilson",NA,"Biography, Documentary, Drama","<a href=""https://www.imdb.com/title/tt11388580"" target=""_blank"">tt11388580</a>","<a href=""https://www.imdb.com/title/tt11388580"" target=""_blank"">Miss Americana</a>"
"tt0063850","If....",1968,2092,7.4,25969,111,"Lindsay Anderson","David Sherwin, John Howlett","Crime, Drama","<a href=""https://www.imdb.com/title/tt0063850"" target=""_blank"">tt0063850</a>","<a href=""https://www.imdb.com/title/tt0063850"" target=""_blank"">If....</a>"
"tt0082979","Reds",1981,2093,7.3,25777,195,"Warren Beatty","Warren Beatty, Trevor Griffiths","Biography, Drama, History","<a href=""https://www.imdb.com/title/tt0082979"" target=""_blank"">tt0082979</a>","<a href=""https://www.imdb.com/title/tt0082979"" target=""_blank"">Reds</a>"
"tt9537292","Ala Vaikunthapurramuloo",2020,2094,7.3,25565,163,"Trivikram Srinivas","Shanoor Mirza, Trivikram Srinivas","Action, Comedy, Drama","<a href=""https://www.imdb.com/title/tt9537292"" target=""_blank"">tt9537292</a>","<a href=""https://www.imdb.com/title/tt9537292"" target=""_blank"">Ala Vaikunthapurramuloo</a>"
"tt0082484","Quest for Fire",1981,2095,7.3,25492,100,"Jean-Jacques Annaud","Gérard Brach, J.H. Rosny Sr.","Adventure, Drama","<a href=""https://www.imdb.com/title/tt0082484"" target=""_blank"">tt0082484</a>","<a href=""https://www.imdb.com/title/tt0082484"" target=""_blank"">Quest for Fire</a>"
"tt0412922","Little Manhattan",2005,2096,7.4,25376,90,"Mark Levin","Jennifer Flackett","Comedy, Family, Romance","<a href=""https://www.imdb.com/title/tt0412922"" target=""_blank"">tt0412922</a>","<a href=""https://www.imdb.com/title/tt0412922"" target=""_blank"">Little Manhattan</a>"
"tt5440700","Theri",2016,2097,7.3,25299,157,"Atlee","Atlee, Ramanagirivasan, Rishabh Purohit","Action, Crime, Drama","<a href=""https://www.imdb.com/title/tt5440700"" target=""_blank"">tt5440700</a>","<a href=""https://www.imdb.com/title/tt5440700"" target=""_blank"">Theri</a>"
"tt0032484","Foreign Correspondent",1940,2098,7.4,25152,120,"Alfred Hitchcock","Charles Bennett, Joan Harrison, James Hilton, Robert Benchley, Ben Hecht, Richard Maibaum","Action, Drama, Romance","<a href=""https://www.imdb.com/title/tt0032484"" target=""_blank"">tt0032484</a>","<a href=""https://www.imdb.com/title/tt0032484"" target=""_blank"">Foreign Correspondent</a>"
"tt0112922","The Day of the Beast",1995,2099,7.3,25146,99,"Álex de la Iglesia","Jorge Guerricaechevarría, Álex de la Iglesia","Action, Comedy, Crime","<a href=""https://www.imdb.com/title/tt0112922"" target=""_blank"">tt0112922</a>","<a href=""https://www.imdb.com/title/tt0112922"" target=""_blank"">The Day of the Beast</a>"
"tt0203166","Together",2000,2100,7.4,25135,106,"Lukas Moodysson","Lukas Moodysson","Comedy, Drama, Romance","<a href=""https://www.imdb.com/title/tt0203166"" target=""_blank"">tt0203166</a>","<a href=""https://www.imdb.com/title/tt0203166"" target=""_blank"">Together</a>"
"tt1392170","The Hunger Games",2012,2101,7.2,1047879,142,"Gary Ross","Gary Ross, Suzanne Collins, Billy Ray","Action, Adventure, Sci-Fi","<a href=""https://www.imdb.com/title/tt1392170"" target=""_blank"">tt1392170</a>","<a href=""https://www.imdb.com/title/tt1392170"" target=""_blank"">The Hunger Games</a>"
"tt0480249","I Am Legend",2007,2102,7.2,853070,101,"Francis Lawrence","Mark Protosevich, Akiva Goldsman, Richard Matheson, John William Corrington, Joyce Hooper Corrington","Drama, Horror, Sci-Fi","<a href=""https://www.imdb.com/title/tt0480249"" target=""_blank"">tt0480249</a>","<a href=""https://www.imdb.com/title/tt0480249"" target=""_blank"">I Am Legend</a>"
"tt0478970","Ant-Man",2015,2103,7.2,754831,117,"Peyton Reed","Edgar Wright, Joe Cornish, Adam McKay, Paul Rudd, Stan Lee, Larry Lieber, Jack Kirby","Action, Comedy, Sci-Fi","<a href=""https://www.imdb.com/title/tt0478970"" target=""_blank"">tt0478970</a>","<a href=""https://www.imdb.com/title/tt0478970"" target=""_blank"">Ant-Man</a>"
"tt1670345","Now You See Me",2013,2104,7.2,742689,115,"Louis Leterrier","Ed Solomon, Boaz Yakin, Edward Ricourt","Crime, Mystery, Thriller","<a href=""https://www.imdb.com/title/tt1670345"" target=""_blank"">tt1670345</a>","<a href=""https://www.imdb.com/title/tt1670345"" target=""_blank"">Now You See Me</a>"
"tt0234215","The Matrix Reloaded",2003,2105,7.2,654134,138,"Lana Wachowski, Lilly Wachowski","Lilly Wachowski, Lana Wachowski","Action, Sci-Fi","<a href=""https://www.imdb.com/title/tt0234215"" target=""_blank"">tt0234215</a>","<a href=""https://www.imdb.com/title/tt0234215"" target=""_blank"">The Matrix Reloaded</a>"
"tt11286314","Don't Look Up",2021,2106,7.2,643199,138,"Adam McKay","Adam McKay, David Sirota","Comedy, Drama, Sci-Fi","<a href=""https://www.imdb.com/title/tt11286314"" target=""_blank"">tt11286314</a>","<a href=""https://www.imdb.com/title/tt11286314"" target=""_blank"">Don't Look Up</a>"
"tt1232829","21 Jump Street",2012,2107,7.2,625641,109,"Phil Lord, Christopher Miller","Michael Bacall, Jonah Hill, Patrick Hasburgh, Stephen J. Cannell","Action, Comedy, Crime","<a href=""https://www.imdb.com/title/tt1232829"" target=""_blank"">tt1232829</a>","<a href=""https://www.imdb.com/title/tt1232829"" target=""_blank"">21 Jump Street</a>"
"tt1343092","The Great Gatsby",2013,2108,7.2,623120,143,"Baz Luhrmann","Baz Luhrmann, Craig Pearce, F. Scott Fitzgerald","Drama, Romance","<a href=""https://www.imdb.com/title/tt1343092"" target=""_blank"">tt1343092</a>","<a href=""https://www.imdb.com/title/tt1343092"" target=""_blank"">The Great Gatsby</a>"
"tt3183660","Fantastic Beasts and Where to Find Them",2016,2109,7.2,526937,132,"David Yates","J.K. Rowling","Adventure, Family, Fantasy","<a href=""https://www.imdb.com/title/tt3183660"" target=""_blank"">tt3183660</a>","<a href=""https://www.imdb.com/title/tt3183660"" target=""_blank"">Fantastic Beasts and Where to Find Them</a>"
"tt1800241","American Hustle",2013,2110,7.2,510867,138,"David O. Russell","Eric Warren Singer, David O. Russell","Crime, Drama","<a href=""https://www.imdb.com/title/tt1800241"" target=""_blank"">tt1800241</a>","<a href=""https://www.imdb.com/title/tt1800241"" target=""_blank"">American Hustle</a>"
"tt0117060","Mission: Impossible",1996,2111,7.2,500497,110,"Brian De Palma","Bruce Geller, David Koepp, Steven Zaillian, Robert Towne","Action, Adventure, Thriller","<a href=""https://www.imdb.com/title/tt0117060"" target=""_blank"">tt0117060</a>","<a href=""https://www.imdb.com/title/tt0117060"" target=""_blank"">Mission: Impossible</a>"
"tt0360717","King Kong",2005,2112,7.2,460710,187,"Peter Jackson","Fran Walsh, Philippa Boyens, Peter Jackson, Merian C. Cooper, Edgar Wallace","Action, Adventure, Romance","<a href=""https://www.imdb.com/title/tt0360717"" target=""_blank"">tt0360717</a>","<a href=""https://www.imdb.com/title/tt0360717"" target=""_blank"">King Kong</a>"
"tt9764362","The Menu",2022,2113,7.2,459911,107,"Mark Mylod","Seth Reiss, Will Tracy","Comedy, Horror, Thriller","<a href=""https://www.imdb.com/title/tt9764362"" target=""_blank"">tt9764362</a>","<a href=""https://www.imdb.com/title/tt9764362"" target=""_blank"">The Menu</a>"
"tt6334354","The Suicide Squad",2021,2114,7.2,435081,132,"James Gunn","James Gunn","Action, Adventure, Comedy","<a href=""https://www.imdb.com/title/tt6334354"" target=""_blank"">tt6334354</a>","<a href=""https://www.imdb.com/title/tt6334354"" target=""_blank"">The Suicide Squad</a>"
"tt1453405","Monsters University",2013,2115,7.2,410724,104,"Dan Scanlon","Dan Scanlon, Daniel Gerson, Robert L. Baird","Adventure, Animation, Comedy","<a href=""https://www.imdb.com/title/tt1453405"" target=""_blank"">tt1453405</a>","<a href=""https://www.imdb.com/title/tt1453405"" target=""_blank"">Monsters University</a>"
"tt0099423","Die Hard 2",1990,2116,7.2,397622,124,"Renny Harlin","Steven E. de Souza, Doug Richardson, Walter Wager, Roderick Thorp","Action, Thriller","<a href=""https://www.imdb.com/title/tt0099423"" target=""_blank"">tt0099423</a>","<a href=""https://www.imdb.com/title/tt0099423"" target=""_blank"">Die Hard 2</a>"
"tt1179933","10 Cloverfield Lane",2016,2117,7.2,373107,103,"Dan Trachtenberg","Josh Campbell, Matt Stuecken, Damien Chazelle","Drama, Horror, Sci-Fi","<a href=""https://www.imdb.com/title/tt1179933"" target=""_blank"">tt1179933</a>","<a href=""https://www.imdb.com/title/tt1179933"" target=""_blank"">10 Cloverfield Lane</a>"
"tt0125439","Notting Hill",1999,2118,7.2,367663,124,"Roger Michell","Richard Curtis","Comedy, Drama, Romance","<a href=""https://www.imdb.com/title/tt0125439"" target=""_blank"">tt0125439</a>","<a href=""https://www.imdb.com/title/tt0125439"" target=""_blank"">Notting Hill</a>"
"tt0116367","From Dusk Till Dawn",1996,2119,7.2,357481,108,"Robert Rodriguez","Robert Kurtzman, Quentin Tarantino","Action, Crime, Horror","<a href=""https://www.imdb.com/title/tt0116367"" target=""_blank"">tt0116367</a>","<a href=""https://www.imdb.com/title/tt0116367"" target=""_blank"">From Dusk Till Dawn</a>"
"tt1638355","The Man from U.N.C.L.E.",2015,2120,7.2,348333,116,"Guy Ritchie","Guy Ritchie, Lionel Wigram, Jeff Kleeman, David C. Wilson, Sam Rolfe","Action, Adventure, Comedy","<a href=""https://www.imdb.com/title/tt1638355"" target=""_blank"">tt1638355</a>","<a href=""https://www.imdb.com/title/tt1638355"" target=""_blank"">The Man from U.N.C.L.E.</a>"
"tt0332379","School of Rock",2003,2121,7.2,346658,109,"Richard Linklater","Mike White","Comedy, Music","<a href=""https://www.imdb.com/title/tt0332379"" target=""_blank"">tt0332379</a>","<a href=""https://www.imdb.com/title/tt0332379"" target=""_blank"">School of Rock</a>"
"tt0298203","8 Mile",2002,2122,7.2,339878,110,"Curtis Hanson","Scott Silver","Drama, Music","<a href=""https://www.imdb.com/title/tt0298203"" target=""_blank"">tt0298203</a>","<a href=""https://www.imdb.com/title/tt0298203"" target=""_blank"">8 Mile</a>"
"tt0212720","A.I. Artificial Intelligence",2001,2123,7.2,332176,146,"Steven Spielberg","Brian Aldiss, Ian Watson, Steven Spielberg","Adventure, Drama, Sci-Fi","<a href=""https://www.imdb.com/title/tt0212720"" target=""_blank"">tt0212720</a>","<a href=""https://www.imdb.com/title/tt0212720"" target=""_blank"">A.I. Artificial Intelligence</a>"
"tt0278504","Insomnia",2002,2124,7.2,331168,118,"Christopher Nolan","Hillary Seitz, Nikolaj Frobenius, Erik Skjoldbjærg","Drama, Mystery, Thriller","<a href=""https://www.imdb.com/title/tt0278504"" target=""_blank"">tt0278504</a>","<a href=""https://www.imdb.com/title/tt0278504"" target=""_blank"">Insomnia</a>"
"tt0120623","A Bug's Life",1998,2125,7.2,328412,95,"John Lasseter, Andrew Stanton","John Lasseter, Andrew Stanton, Joe Ranft, Don McEnery, Bob Shaw","Adventure, Animation, Comedy","<a href=""https://www.imdb.com/title/tt0120623"" target=""_blank"">tt0120623</a>","<a href=""https://www.imdb.com/title/tt0120623"" target=""_blank"">A Bug's Life</a>"
"tt2277860","Finding Dory",2016,2126,7.2,321373,97,"Andrew Stanton, Angus MacLane","Andrew Stanton, Victoria Strouse","Adventure, Animation, Comedy","<a href=""https://www.imdb.com/title/tt2277860"" target=""_blank"">tt2277860</a>","<a href=""https://www.imdb.com/title/tt2277860"" target=""_blank"">Finding Dory</a>"
"tt17526714","The Substance",2024,2127,7.2,319725,141,"Coralie Fargeat","Coralie Fargeat","Drama, Horror, Sci-Fi","<a href=""https://www.imdb.com/title/tt17526714"" target=""_blank"">tt17526714</a>","<a href=""https://www.imdb.com/title/tt17526714"" target=""_blank"">The Substance</a>"
"tt0077631","Grease",1978,2128,7.2,316191,110,"Randal Kleiser","Jim Jacobs, Warren Casey, Bronte Woodard, Allan Carr","Comedy, Musical, Romance","<a href=""https://www.imdb.com/title/tt0077631"" target=""_blank"">tt0077631</a>","<a href=""https://www.imdb.com/title/tt0077631"" target=""_blank"">Grease</a>"
"tt8332922","A Quiet Place Part II",2020,2129,7.2,306504,97,"John Krasinski","John Krasinski, Bryan Woods, Scott Beck","Drama, Horror, Sci-Fi","<a href=""https://www.imdb.com/title/tt8332922"" target=""_blank"">tt8332922</a>","<a href=""https://www.imdb.com/title/tt8332922"" target=""_blank"">A Quiet Place Part II</a>"
"tt0187393","The Patriot",2000,2130,7.2,304891,165,"Roland Emmerich","Robert Rodat","Action, Drama, History","<a href=""https://www.imdb.com/title/tt0187393"" target=""_blank"">tt0187393</a>","<a href=""https://www.imdb.com/title/tt0187393"" target=""_blank"">The Patriot</a>"
"tt0289765","Red Dragon",2002,2131,7.2,303911,124,"Brett Ratner","Thomas Harris, Ted Tally","Crime, Drama, Thriller","<a href=""https://www.imdb.com/title/tt0289765"" target=""_blank"">tt0289765</a>","<a href=""https://www.imdb.com/title/tt0289765"" target=""_blank"">Red Dragon</a>"
"tt0119643","Meet Joe Black",1998,2132,7.2,285495,178,"Martin Brest","Ron Osborn, Jeff Reno, Kevin Wade, Bo Goldman, Alberto Casella, Walter Ferris, Maxwell Anderson, Gladys Lehman","Drama, Fantasy, Romance","<a href=""https://www.imdb.com/title/tt0119643"" target=""_blank"">tt0119643</a>","<a href=""https://www.imdb.com/title/tt0119643"" target=""_blank"">Meet Joe Black</a>"
"tt2953050","Encanto",2021,2133,7.2,283649,102,"Jared Bush, Byron Howard, Charise Castro Smith","Charise Castro Smith, Jared Bush, Byron Howard, Jason Hand, Nancy Kruse, Lin-Manuel Miranda","Animation, Comedy, Family","<a href=""https://www.imdb.com/title/tt2953050"" target=""_blank"">tt2953050</a>","<a href=""https://www.imdb.com/title/tt2953050"" target=""_blank"">Encanto</a>"
"tt0363547","Dawn of the Dead",2004,2134,7.2,282229,101,"Zack Snyder","George A. Romero, James Gunn","Action, Horror","<a href=""https://www.imdb.com/title/tt0363547"" target=""_blank"">tt0363547</a>","<a href=""https://www.imdb.com/title/tt0363547"" target=""_blank"">Dawn of the Dead</a>"
"tt0113189","GoldenEye",1995,2135,7.2,278263,130,"Martin Campbell","Ian Fleming, Michael France, Jeffrey Caine, Bruce Feirstein","Action, Adventure, Thriller","<a href=""https://www.imdb.com/title/tt0113189"" target=""_blank"">tt0113189</a>","<a href=""https://www.imdb.com/title/tt0113189"" target=""_blank"">GoldenEye</a>"
"tt0448134","Sunshine",2007,2136,7.2,277752,107,"Danny Boyle","Alex Garland","Sci-Fi, Thriller","<a href=""https://www.imdb.com/title/tt0448134"" target=""_blank"">tt0448134</a>","<a href=""https://www.imdb.com/title/tt0448134"" target=""_blank"">Sunshine</a>"
"tt1032755","RocknRolla",2008,2137,7.2,271318,114,"Guy Ritchie","Guy Ritchie","Action, Crime, Thriller","<a href=""https://www.imdb.com/title/tt1032755"" target=""_blank"">tt1032755</a>","<a href=""https://www.imdb.com/title/tt1032755"" target=""_blank"">RocknRolla</a>"
"tt0898367","The Road",2009,2138,7.2,264191,111,"John Hillcoat","Joe Penhall, Cormac McCarthy","Drama, Thriller","<a href=""https://www.imdb.com/title/tt0898367"" target=""_blank"">tt0898367</a>","<a href=""https://www.imdb.com/title/tt0898367"" target=""_blank"">The Road</a>"
"tt2906216","Dungeons & Dragons: Honor Among Thieves",2023,2139,7.2,262251,134,"John Francis Daley, Jonathan Goldstein","Jonathan Goldstein, John Francis Daley, Michael Gilio, Chris McKay","Action, Adventure, Comedy","<a href=""https://www.imdb.com/title/tt2906216"" target=""_blank"">tt2906216</a>","<a href=""https://www.imdb.com/title/tt2906216"" target=""_blank"">Dungeons & Dragons: Honor Among Thieves</a>"
"tt0435625","The Descent",2005,2140,7.2,261601,99,"Neil Marshall","Neil Marshall","Adventure, Horror, Thriller","<a href=""https://www.imdb.com/title/tt0435625"" target=""_blank"">tt0435625</a>","<a href=""https://www.imdb.com/title/tt0435625"" target=""_blank"">The Descent</a>"
"tt0110632","Natural Born Killers",1994,2141,7.2,261180,119,"Oliver Stone","Quentin Tarantino, David Veloz, Richard Rutowski, Oliver Stone","Crime, Romance","<a href=""https://www.imdb.com/title/tt0110632"" target=""_blank"">tt0110632</a>","<a href=""https://www.imdb.com/title/tt0110632"" target=""_blank"">Natural Born Killers</a>"
"tt1212450","Lawless",2012,2142,7.2,259259,116,"John Hillcoat","Nick Cave, Matt Bondurant","Biography, Crime, Drama","<a href=""https://www.imdb.com/title/tt1212450"" target=""_blank"">tt1212450</a>","<a href=""https://www.imdb.com/title/tt1212450"" target=""_blank"">Lawless</a>"
"tt0299658","Chicago",2002,2143,7.2,250985,113,"Rob Marshall","Bill Condon, Bob Fosse, Fred Ebb, Maurine Dallas Watkins","Comedy, Crime, Musical","<a href=""https://www.imdb.com/title/tt0299658"" target=""_blank"">tt0299658</a>","<a href=""https://www.imdb.com/title/tt0299658"" target=""_blank"">Chicago</a>"
"tt0488120","Fracture",2007,2144,7.2,228055,113,"Gregory Hoblit","Daniel Pyne, Glenn Gers","Crime, Drama, Thriller","<a href=""https://www.imdb.com/title/tt0488120"" target=""_blank"">tt0488120</a>","<a href=""https://www.imdb.com/title/tt0488120"" target=""_blank"">Fracture</a>"
"tt0838221","The Darjeeling Limited",2007,2145,7.2,225200,91,"Wes Anderson","Wes Anderson, Roman Coppola, Jason Schwartzman","Adventure, Comedy, Drama","<a href=""https://www.imdb.com/title/tt0838221"" target=""_blank"">tt0838221</a>","<a href=""https://www.imdb.com/title/tt0838221"" target=""_blank"">The Darjeeling Limited</a>"
"tt1655441","The Age of Adaline",2015,2146,7.2,221641,112,"Lee Toland Krieger","J. Mills Goodloe, Salvador Paskowitz","Drama, Fantasy, Romance","<a href=""https://www.imdb.com/title/tt1655441"" target=""_blank"">tt1655441</a>","<a href=""https://www.imdb.com/title/tt1655441"" target=""_blank"">The Age of Adaline</a>"
"tt0362270","The Life Aquatic with Steve Zissou",2004,2147,7.2,216977,119,"Wes Anderson","Wes Anderson, Noah Baumbach","Action, Adventure, Comedy","<a href=""https://www.imdb.com/title/tt0362270"" target=""_blank"">tt0362270</a>","<a href=""https://www.imdb.com/title/tt0362270"" target=""_blank"">The Life Aquatic with Steve Zissou</a>"
"tt1723811","Shame",2011,2148,7.2,212064,101,"Steve McQueen","Steve McQueen, Abi Morgan","Drama","<a href=""https://www.imdb.com/title/tt1723811"" target=""_blank"">tt1723811</a>","<a href=""https://www.imdb.com/title/tt1723811"" target=""_blank"">Shame</a>"
"tt5040012","Nosferatu",2024,2149,7.2,211446,132,"Robert Eggers","Robert Eggers, Henrik Galeen, Bram Stoker","Fantasy, Horror, Mystery","<a href=""https://www.imdb.com/title/tt5040012"" target=""_blank"">tt5040012</a>","<a href=""https://www.imdb.com/title/tt5040012"" target=""_blank"">Nosferatu</a>"
"tt0241303","Chocolat",2000,2150,7.2,207133,121,"Lasse Hallström","Joanne Harris, Robert Nelson Jacobs","Drama, Romance","<a href=""https://www.imdb.com/title/tt0241303"" target=""_blank"">tt0241303</a>","<a href=""https://www.imdb.com/title/tt0241303"" target=""_blank"">Chocolat</a>"
"tt0375912","Layer Cake",2004,2151,7.2,203057,105,"Matthew Vaughn","J.J. Connolly","Crime, Drama, Thriller","<a href=""https://www.imdb.com/title/tt0375912"" target=""_blank"">tt0375912</a>","<a href=""https://www.imdb.com/title/tt0375912"" target=""_blank"">Layer Cake</a>"
"tt0122690","Ronin",1998,2152,7.2,202582,122,"John Frankenheimer","J.D. Zeik, David Mamet","Action, Crime, Thriller","<a href=""https://www.imdb.com/title/tt0122690"" target=""_blank"">tt0122690</a>","<a href=""https://www.imdb.com/title/tt0122690"" target=""_blank"">Ronin</a>"
"tt1446192","Rise of the Guardians",2012,2153,7.2,202524,97,"Peter Ramsey","David Lindsay-Abaire, William Joyce","Action, Adventure, Animation","<a href=""https://www.imdb.com/title/tt1446192"" target=""_blank"">tt1446192</a>","<a href=""https://www.imdb.com/title/tt1446192"" target=""_blank"">Rise of the Guardians</a>"
"tt4276820","The Founder",2016,2154,7.2,194214,115,"John Lee Hancock","Robert Siegel","Biography, Drama","<a href=""https://www.imdb.com/title/tt4276820"" target=""_blank"">tt4276820</a>","<a href=""https://www.imdb.com/title/tt4276820"" target=""_blank"">The Founder</a>"
"tt0200465","The Bank Job",2008,2155,7.2,194078,111,"Roger Donaldson","Dick Clement, Ian La Frenais","Crime, Thriller","<a href=""https://www.imdb.com/title/tt0200465"" target=""_blank"">tt0200465</a>","<a href=""https://www.imdb.com/title/tt0200465"" target=""_blank"">The Bank Job</a>"
"tt1809398","Unbroken",2014,2156,7.2,191433,137,"Angelina Jolie","Joel Coen, Ethan Coen, Richard LaGravenese, William Nicholson, Laura Hillenbrand","Biography, Drama, Sport","<a href=""https://www.imdb.com/title/tt1809398"" target=""_blank"">tt1809398</a>","<a href=""https://www.imdb.com/title/tt1809398"" target=""_blank"">Unbroken</a>"
"tt0055928","Dr. No",1962,2157,7.2,186945,110,"Terence Young","Richard Maibaum, Johanna Harwood, Berkely Mather, Ian Fleming, Wolf Mankowitz, Terence Young","Action, Adventure, Thriller","<a href=""https://www.imdb.com/title/tt0055928"" target=""_blank"">tt0055928</a>","<a href=""https://www.imdb.com/title/tt0055928"" target=""_blank"">Dr. No</a>"
"tt2080374","Steve Jobs",2015,2158,7.2,183851,122,"Danny Boyle","Aaron Sorkin, Walter Isaacson","Biography, Drama","<a href=""https://www.imdb.com/title/tt2080374"" target=""_blank"">tt2080374</a>","<a href=""https://www.imdb.com/title/tt2080374"" target=""_blank"">Steve Jobs</a>"
"tt0398808","Bridge to Terabithia",2007,2159,7.2,183397,96,"Gabor Csupo","Jeff Stockwell, David Paterson, Katherine Paterson","Drama, Family, Fantasy","<a href=""https://www.imdb.com/title/tt0398808"" target=""_blank"">tt0398808</a>","<a href=""https://www.imdb.com/title/tt0398808"" target=""_blank"">Bridge to Terabithia</a>"
"tt0372588","Team America: World Police",2004,2160,7.2,182685,98,"Trey Parker","Trey Parker, Matt Stone, Pam Brady","Action, Comedy","<a href=""https://www.imdb.com/title/tt0372588"" target=""_blank"">tt0372588</a>","<a href=""https://www.imdb.com/title/tt0372588"" target=""_blank"">Team America: World Police</a>"
"tt0159097","The Virgin Suicides",1999,2161,7.2,180043,97,"Sofia Coppola","Jeffrey Eugenides, Sofia Coppola","Drama, Romance","<a href=""https://www.imdb.com/title/tt0159097"" target=""_blank"">tt0159097</a>","<a href=""https://www.imdb.com/title/tt0159097"" target=""_blank"">The Virgin Suicides</a>"
"tt0465538","Michael Clayton",2007,2162,7.2,179623,119,"Tony Gilroy","Tony Gilroy","Crime, Drama, Mystery","<a href=""https://www.imdb.com/title/tt0465538"" target=""_blank"">tt0465538</a>","<a href=""https://www.imdb.com/title/tt0465538"" target=""_blank"">Michael Clayton</a>"
"tt0780521","The Princess and the Frog",2009,2163,7.2,178987,97,"Ron Clements, John Musker","Ron Clements, John Musker, Greg Erb, Jason Oremland, Rob Edwards, E.D. Baker","Adventure, Animation, Comedy","<a href=""https://www.imdb.com/title/tt0780521"" target=""_blank"">tt0780521</a>","<a href=""https://www.imdb.com/title/tt0780521"" target=""_blank"">The Princess and the Frog</a>"
"tt6412452","The Ballad of Buster Scruggs",2018,2164,7.2,177386,133,"Ethan Coen, Joel Coen","Joel Coen, Ethan Coen, Jack London, Stewart Edward White","Comedy, Drama, Musical","<a href=""https://www.imdb.com/title/tt6412452"" target=""_blank"">tt6412452</a>","<a href=""https://www.imdb.com/title/tt6412452"" target=""_blank"">The Ballad of Buster Scruggs</a>"
"tt1139328","The Ghost Writer",2010,2165,7.2,174496,128,"Roman Polanski","Robert Harris, Roman Polanski","Crime, Drama, Mystery","<a href=""https://www.imdb.com/title/tt1139328"" target=""_blank"">tt1139328</a>","<a href=""https://www.imdb.com/title/tt1139328"" target=""_blank"">The Ghost Writer</a>"
"tt5971474","The Little Mermaid",2023,2166,7.2,173255,135,"Rob Marshall","David Magee, Hans Christian Andersen, John Musker, Ron Clements","Adventure, Family, Fantasy","<a href=""https://www.imdb.com/title/tt5971474"" target=""_blank"">tt5971474</a>","<a href=""https://www.imdb.com/title/tt5971474"" target=""_blank"">The Little Mermaid</a>"
"tt0093437","The Lost Boys",1987,2167,7.2,170609,97,"Joel Schumacher","Jan Fischer, James Jeremias, Jeffrey Boam","Comedy, Horror","<a href=""https://www.imdb.com/title/tt0093437"" target=""_blank"">tt0093437</a>","<a href=""https://www.imdb.com/title/tt0093437"" target=""_blank"">The Lost Boys</a>"
"tt6266538","Vice",2018,2168,7.2,169995,132,"Adam McKay","Adam McKay","Biography, Comedy, Drama","<a href=""https://www.imdb.com/title/tt6266538"" target=""_blank"">tt6266538</a>","<a href=""https://www.imdb.com/title/tt6266538"" target=""_blank"">Vice</a>"
"tt1568911","War Horse",2011,2169,7.2,169915,146,"Steven Spielberg","Lee Hall, Richard Curtis, Michael Morpurgo, Nick Stafford","Adventure, Drama, War","<a href=""https://www.imdb.com/title/tt1568911"" target=""_blank"">tt1568911</a>","<a href=""https://www.imdb.com/title/tt1568911"" target=""_blank"">War Horse</a>"
"tt6294822","The Post",2017,2170,7.2,168218,116,"Steven Spielberg","Liz Hannah, Josh Singer","Biography, Drama, History","<a href=""https://www.imdb.com/title/tt6294822"" target=""_blank"">tt6294822</a>","<a href=""https://www.imdb.com/title/tt6294822"" target=""_blank"">The Post</a>"
"tt0053285","Sleeping Beauty",1959,2171,7.2,167628,75,"Les Clark, Clyde Geronimi, Eric Larson, Wolfgang Reitherman, Hamilton Luske","Erdman Penner, Charles Perrault, Joe Rinaldi, Winston Hibler, Bill Peet, Ted Sears, Ralph Wright, Milt Banta","Adventure, Animation, Family","<a href=""https://www.imdb.com/title/tt0053285"" target=""_blank"">tt0053285</a>","<a href=""https://www.imdb.com/title/tt0053285"" target=""_blank"">Sleeping Beauty</a>"
"tt0090728","Big Trouble in Little China",1986,2172,7.2,161797,99,"John Carpenter","Gary Goldman, David Z. Weinstein, W.D. Richter","Action, Adventure, Comedy","<a href=""https://www.imdb.com/title/tt0090728"" target=""_blank"">tt0090728</a>","<a href=""https://www.imdb.com/title/tt0090728"" target=""_blank"">Big Trouble in Little China</a>"
"tt2866360","Coherence",2013,2173,7.2,161462,89,"James Ward Byrkit","James Ward Byrkit, Alex Manugian","Mystery, Sci-Fi, Thriller","<a href=""https://www.imdb.com/title/tt2866360"" target=""_blank"">tt2866360</a>","<a href=""https://www.imdb.com/title/tt2866360"" target=""_blank"">Coherence</a>"
"tt0159365","Cold Mountain",2003,2174,7.2,161047,154,"Anthony Minghella","Charles Frazier, Anthony Minghella","Adventure, Drama, Romance","<a href=""https://www.imdb.com/title/tt0159365"" target=""_blank"">tt0159365</a>","<a href=""https://www.imdb.com/title/tt0159365"" target=""_blank"">Cold Mountain</a>"
"tt0780571","Mr. Brooks",2007,2175,7.2,160997,120,"Bruce A. Evans","Bruce A. Evans, Raynold Gideon","Crime, Drama, Mystery","<a href=""https://www.imdb.com/title/tt0780571"" target=""_blank"">tt0780571</a>","<a href=""https://www.imdb.com/title/tt0780571"" target=""_blank"">Mr. Brooks</a>"
"tt0100814","Tremors",1990,2176,7.2,159607,96,"Ron Underwood","S.S. Wilson, Brent Maddock, Ron Underwood","Comedy, Horror","<a href=""https://www.imdb.com/title/tt0100814"" target=""_blank"">tt0100814</a>","<a href=""https://www.imdb.com/title/tt0100814"" target=""_blank"">Tremors</a>"
"tt0277434","We Were Soldiers",2002,2177,7.2,156229,138,"Randall Wallace","Harold G. Moore, Joseph Lee Galloway, Randall Wallace","Action, Drama, History","<a href=""https://www.imdb.com/title/tt0277434"" target=""_blank"">tt0277434</a>","<a href=""https://www.imdb.com/title/tt0277434"" target=""_blank"">We Were Soldiers</a>"
"tt0120794","The Prince of Egypt",1998,2178,7.2,155750,99,"Brenda Chapman, Steve Hickner, Simon Wells","Philip LaZebnik, Nicholas Meyer","Adventure, Animation, Drama","<a href=""https://www.imdb.com/title/tt0120794"" target=""_blank"">tt0120794</a>","<a href=""https://www.imdb.com/title/tt0120794"" target=""_blank"">The Prince of Egypt</a>"
"tt0096256","They Live",1988,2179,7.2,155656,94,"John Carpenter","Ray Nelson, John Carpenter","Action, Horror, Sci-Fi","<a href=""https://www.imdb.com/title/tt0096256"" target=""_blank"">tt0096256</a>","<a href=""https://www.imdb.com/title/tt0096256"" target=""_blank"">They Live</a>"
"tt2402927","Carol",2015,2180,7.2,149314,118,"Todd Haynes","Patricia Highsmith, Phyllis Nagy","Drama, Romance","<a href=""https://www.imdb.com/title/tt2402927"" target=""_blank"">tt2402927</a>","<a href=""https://www.imdb.com/title/tt2402927"" target=""_blank"">Carol</a>"
"tt9411972","Where the Crawdads Sing",2022,2181,7.2,148790,125,"Olivia Newman","Delia Owens, Lucy Alibar","Drama, Mystery, Romance","<a href=""https://www.imdb.com/title/tt9411972"" target=""_blank"">tt9411972</a>","<a href=""https://www.imdb.com/title/tt9411972"" target=""_blank"">Where the Crawdads Sing</a>"
"tt0033563","Dumbo",1941,2182,7.2,147669,64,"Samuel Armstrong, Norman Ferguson, Wilfred Jackson, Jack Kinney, Bill Roberts, Ben Sharpsteen","Joe Grant, Dick Huemer, Otto Englander, Bill Peet, Aurelius Battaglia, Joe Rinaldi, Vernon Stallings, Webb Smith, Helen Aberson, Harold Pearl","Adventure, Animation, Drama","<a href=""https://www.imdb.com/title/tt0033563"" target=""_blank"">tt0033563</a>","<a href=""https://www.imdb.com/title/tt0033563"" target=""_blank"">Dumbo</a>"
"tt0118842","Chasing Amy",1997,2183,7.2,146673,113,"Kevin Smith","Kevin Smith","Comedy, Drama, Romance","<a href=""https://www.imdb.com/title/tt0118842"" target=""_blank"">tt0118842</a>","<a href=""https://www.imdb.com/title/tt0118842"" target=""_blank"">Chasing Amy</a>"
"tt0118617","Anastasia",1997,2184,7.2,142438,94,"Don Bluth, Gary Goldman","Susan Gauthier, Bruce Graham, Bob Tzudiker, Noni White, Eric Tuchman","Adventure, Animation, Drama","<a href=""https://www.imdb.com/title/tt0118617"" target=""_blank"">tt0118617</a>","<a href=""https://www.imdb.com/title/tt0118617"" target=""_blank"">Anastasia</a>"
"tt0133240","Treasure Planet",2002,2185,7.2,142009,95,"Ron Clements, John Musker","Robert Louis Stevenson, Ron Clements, John Musker, Rob Edwards, Ted Elliott, Terry Rossio","Adventure, Animation, Family","<a href=""https://www.imdb.com/title/tt0133240"" target=""_blank"">tt0133240</a>","<a href=""https://www.imdb.com/title/tt0133240"" target=""_blank"">Treasure Planet</a>"
"tt1174732","An Education",2009,2186,7.2,139898,100,"Lone Scherfig","Lynn Barber, Nick Hornby","Drama","<a href=""https://www.imdb.com/title/tt1174732"" target=""_blank"">tt1174732</a>","<a href=""https://www.imdb.com/title/tt1174732"" target=""_blank"">An Education</a>"
"tt0257360","About Schmidt",2002,2187,7.2,136190,125,"Alexander Payne","Louis Begley, Alexander Payne, Jim Taylor","Drama","<a href=""https://www.imdb.com/title/tt0257360"" target=""_blank"">tt0257360</a>","<a href=""https://www.imdb.com/title/tt0257360"" target=""_blank"">About Schmidt</a>"
"tt0096446","Willow",1988,2188,7.2,136114,126,"Ron Howard","George Lucas, Bob Dolman","Action, Adventure, Drama","<a href=""https://www.imdb.com/title/tt0096446"" target=""_blank"">tt0096446</a>","<a href=""https://www.imdb.com/title/tt0096446"" target=""_blank"">Willow</a>"
"tt0293508","The Phantom of the Opera",2004,2189,7.2,135087,143,"Joel Schumacher","Gaston Leroux, Andrew Lloyd Webber, Joel Schumacher","Drama, Musical, Romance","<a href=""https://www.imdb.com/title/tt0293508"" target=""_blank"">tt0293508</a>","<a href=""https://www.imdb.com/title/tt0293508"" target=""_blank"">The Phantom of the Opera</a>"
"tt0113118","Friday",1995,2190,7.2,132205,91,"F. Gary Gray","Ice Cube, DJ Pooh","Comedy, Drama","<a href=""https://www.imdb.com/title/tt0113118"" target=""_blank"">tt0113118</a>","<a href=""https://www.imdb.com/title/tt0113118"" target=""_blank"">Friday</a>"
"tt0080487","Caddyshack",1980,2191,7.2,131532,98,"Harold Ramis","Brian Doyle-Murray, Harold Ramis, Douglas Kenney","Comedy, Sport","<a href=""https://www.imdb.com/title/tt0080487"" target=""_blank"">tt0080487</a>","<a href=""https://www.imdb.com/title/tt0080487"" target=""_blank"">Caddyshack</a>"
"tt0203019","Men of Honor",2000,2192,7.2,128949,129,"George Tillman Jr.","Scott Marshall Smith","Biography, Drama","<a href=""https://www.imdb.com/title/tt0203019"" target=""_blank"">tt0203019</a>","<a href=""https://www.imdb.com/title/tt0203019"" target=""_blank"">Men of Honor</a>"
"tt0490215","Silence",2016,2193,7.2,128170,161,"Martin Scorsese","Jay Cocks, Martin Scorsese, Shûsaku Endô","Drama, History","<a href=""https://www.imdb.com/title/tt0490215"" target=""_blank"">tt0490215</a>","<a href=""https://www.imdb.com/title/tt0490215"" target=""_blank"">Silence</a>"
"tt0223897","Pay It Forward",2000,2194,7.2,126677,123,"Mimi Leder","Catherine Ryan Hyde, Leslie Dixon","Drama","<a href=""https://www.imdb.com/title/tt0223897"" target=""_blank"">tt0223897</a>","<a href=""https://www.imdb.com/title/tt0223897"" target=""_blank"">Pay It Forward</a>"
"tt0070379","Mean Streets",1973,2195,7.2,124505,112,"Martin Scorsese","Martin Scorsese, Mardik Martin","Crime, Drama, Thriller","<a href=""https://www.imdb.com/title/tt0070379"" target=""_blank"">tt0070379</a>","<a href=""https://www.imdb.com/title/tt0070379"" target=""_blank"">Mean Streets</a>"
"tt2671706","Fences",2016,2196,7.2,122286,139,"Denzel Washington","August Wilson","Drama","<a href=""https://www.imdb.com/title/tt2671706"" target=""_blank"">tt2671706</a>","<a href=""https://www.imdb.com/title/tt2671706"" target=""_blank"">Fences</a>"
"tt1327773","The Butler",2013,2197,7.2,122157,132,"Lee Daniels","Danny Strong, Wil Haygood","Biography, Drama","<a href=""https://www.imdb.com/title/tt1327773"" target=""_blank"">tt1327773</a>","<a href=""https://www.imdb.com/title/tt1327773"" target=""_blank"">The Butler</a>"
"tt0096969","Born on the Fourth of July",1989,2198,7.2,121091,145,"Oliver Stone","Ron Kovic, Oliver Stone","Biography, Drama, War","<a href=""https://www.imdb.com/title/tt0096969"" target=""_blank"">tt0096969</a>","<a href=""https://www.imdb.com/title/tt0096969"" target=""_blank"">Born on the Fourth of July</a>"
"tt0064276","Easy Rider",1969,2199,7.2,120920,95,"Dennis Hopper","Peter Fonda, Dennis Hopper, Terry Southern","Adventure, Drama","<a href=""https://www.imdb.com/title/tt0064276"" target=""_blank"">tt0064276</a>","<a href=""https://www.imdb.com/title/tt0064276"" target=""_blank"">Easy Rider</a>"
"tt0107206","In the Line of Fire",1993,2200,7.2,119157,128,"Wolfgang Petersen","Jeff Maguire","Action, Crime, Drama","<a href=""https://www.imdb.com/title/tt0107206"" target=""_blank"">tt0107206</a>","<a href=""https://www.imdb.com/title/tt0107206"" target=""_blank"">In the Line of Fire</a>"
"tt0119164","The Full Monty",1997,2201,7.2,117401,91,"Peter Cattaneo","Simon Beaufoy","Comedy, Drama","<a href=""https://www.imdb.com/title/tt0119164"" target=""_blank"">tt0119164</a>","<a href=""https://www.imdb.com/title/tt0119164"" target=""_blank"">The Full Monty</a>"
"tt0390521","Super Size Me",2004,2202,7.2,115667,100,"Morgan Spurlock","Morgan Spurlock","Documentary","<a href=""https://www.imdb.com/title/tt0390521"" target=""_blank"">tt0390521</a>","<a href=""https://www.imdb.com/title/tt0390521"" target=""_blank"">Super Size Me</a>"
"tt0462504","Rescue Dawn",2006,2203,7.2,113938,125,"Werner Herzog","Werner Herzog","Adventure, Biography, War","<a href=""https://www.imdb.com/title/tt0462504"" target=""_blank"">tt0462504</a>","<a href=""https://www.imdb.com/title/tt0462504"" target=""_blank"">Rescue Dawn</a>"
"tt1714915","Only Lovers Left Alive",2013,2204,7.2,112285,123,"Jim Jarmusch","Jim Jarmusch, Marion Bessay","Comedy, Drama, Fantasy","<a href=""https://www.imdb.com/title/tt1714915"" target=""_blank"">tt1714915</a>","<a href=""https://www.imdb.com/title/tt1714915"" target=""_blank"">Only Lovers Left Alive</a>"
"tt2170593","St. Vincent",2014,2205,7.2,111388,102,"Theodore Melfi","Theodore Melfi","Comedy, Drama","<a href=""https://www.imdb.com/title/tt2170593"" target=""_blank"">tt2170593</a>","<a href=""https://www.imdb.com/title/tt2170593"" target=""_blank"">St. Vincent</a>"
"tt0086541","Videodrome",1983,2206,7.2,109218,87,"David Cronenberg","David Cronenberg","Drama, Horror, Sci-Fi","<a href=""https://www.imdb.com/title/tt0086541"" target=""_blank"">tt0086541</a>","<a href=""https://www.imdb.com/title/tt0086541"" target=""_blank"">Videodrome</a>"
"tt0115685","The Birdcage",1996,2207,7.2,109136,117,"Mike Nichols","Jean Poiret, Francis Veber, Édouard Molinaro, Marcello Danon, Elaine May","Comedy","<a href=""https://www.imdb.com/title/tt0115685"" target=""_blank"">tt0115685</a>","<a href=""https://www.imdb.com/title/tt0115685"" target=""_blank"">The Birdcage</a>"
"tt0126886","Election",1999,2208,7.2,108981,103,"Alexander Payne","Tom Perrotta, Alexander Payne, Jim Taylor","Comedy, Romance","<a href=""https://www.imdb.com/title/tt0126886"" target=""_blank"">tt0126886</a>","<a href=""https://www.imdb.com/title/tt0126886"" target=""_blank"">Election</a>"
"tt0100935","Wild at Heart",1990,2209,7.2,108406,125,"David Lynch","Barry Gifford, David Lynch","Crime, Drama, Thriller","<a href=""https://www.imdb.com/title/tt0100935"" target=""_blank"">tt0100935</a>","<a href=""https://www.imdb.com/title/tt0100935"" target=""_blank"">Wild at Heart</a>"
"tt0345950","The SpongeBob SquarePants Movie",2004,2210,7.2,108379,87,"Stephen Hillenburg, Mark Osborne","Derek Drymon, Tim Hill, Stephen Hillenburg, Kent Osborne, Aaron Springer, Paul Tibbitt","Adventure, Animation, Comedy","<a href=""https://www.imdb.com/title/tt0345950"" target=""_blank"">tt0345950</a>","<a href=""https://www.imdb.com/title/tt0345950"" target=""_blank"">The SpongeBob SquarePants Movie</a>"
"tt1839492","Ruby Sparks",2012,2211,7.2,107396,104,"Jonathan Dayton, Valerie Faris","Zoe Kazan","Comedy, Drama, Fantasy","<a href=""https://www.imdb.com/title/tt1839492"" target=""_blank"">tt1839492</a>","<a href=""https://www.imdb.com/title/tt1839492"" target=""_blank"">Ruby Sparks</a>"
"tt0082406","The Fox and the Hound",1981,2212,7.2,106884,83,"Ted Berman, Richard Rich, Art Stevens, David Hand, Wolfgang Reitherman","Daniel P. Mannix, Larry Clemmons, Ted Berman, Dave Michener, Peter Young, Burny Mattinson, Steve Hulett, Earl Kress, Vance Gerry","Adventure, Animation, Drama","<a href=""https://www.imdb.com/title/tt0082406"" target=""_blank"">tt0082406</a>","<a href=""https://www.imdb.com/title/tt0082406"" target=""_blank"">The Fox and the Hound</a>"
"tt0101761","The Doors",1991,2213,7.2,104550,140,"Oliver Stone","Randall Jahnson, Oliver Stone","Biography, Drama, Music","<a href=""https://www.imdb.com/title/tt0101761"" target=""_blank"">tt0101761</a>","<a href=""https://www.imdb.com/title/tt0101761"" target=""_blank"">The Doors</a>"
"tt1412386","The Best Exotic Marigold Hotel",2011,2214,7.2,102229,124,"John Madden","Ol Parker, Deborah Moggach","Comedy, Drama, Romance","<a href=""https://www.imdb.com/title/tt1412386"" target=""_blank"">tt1412386</a>","<a href=""https://www.imdb.com/title/tt1412386"" target=""_blank"">The Best Exotic Marigold Hotel</a>"
"tt5478478","Hostiles",2017,2215,7.2,101954,134,"Scott Cooper","Scott Cooper, Donald E. Stewart","Drama, Western","<a href=""https://www.imdb.com/title/tt5478478"" target=""_blank"">tt5478478</a>","<a href=""https://www.imdb.com/title/tt5478478"" target=""_blank"">Hostiles</a>"
"tt0092563","Angel Heart",1987,2216,7.2,100295,113,"Alan Parker","William Hjortsberg, Alan Parker","Horror, Mystery, Thriller","<a href=""https://www.imdb.com/title/tt0092563"" target=""_blank"">tt0092563</a>","<a href=""https://www.imdb.com/title/tt0092563"" target=""_blank"">Angel Heart</a>"
"tt0280707","Gosford Park",2001,2217,7.2,98745,137,"Robert Altman","Julian Fellowes, Robert Altman, Bob Balaban","Comedy, Drama, Mystery","<a href=""https://www.imdb.com/title/tt0280707"" target=""_blank"">tt0280707</a>","<a href=""https://www.imdb.com/title/tt0280707"" target=""_blank"">Gosford Park</a>"
"tt12789558","Belfast",2021,2218,7.2,98297,98,"Kenneth Branagh","Kenneth Branagh","Biography, Drama","<a href=""https://www.imdb.com/title/tt12789558"" target=""_blank"">tt12789558</a>","<a href=""https://www.imdb.com/title/tt12789558"" target=""_blank"">Belfast</a>"
"tt1322269","August: Osage County",2013,2219,7.2,97831,121,"John Wells","Tracy Letts","Comedy, Drama","<a href=""https://www.imdb.com/title/tt1322269"" target=""_blank"">tt1322269</a>","<a href=""https://www.imdb.com/title/tt1322269"" target=""_blank"">August: Osage County</a>"
"tt1263670","Crazy Heart",2009,2220,7.2,97214,112,"Scott Cooper","Scott Cooper, Thomas Cobb","Drama, Music, Romance","<a href=""https://www.imdb.com/title/tt1263670"" target=""_blank"">tt1263670</a>","<a href=""https://www.imdb.com/title/tt1263670"" target=""_blank"">Crazy Heart</a>"
"tt1532503","Beginners",2010,2221,7.2,96341,105,"Mike Mills","Mike Mills","Comedy, Drama, Romance","<a href=""https://www.imdb.com/title/tt1532503"" target=""_blank"">tt1532503</a>","<a href=""https://www.imdb.com/title/tt1532503"" target=""_blank"">Beginners</a>"
"tt0264616","Frailty",2001,2222,7.2,96262,100,"Bill Paxton","Brent Hanley","Crime, Drama, Thriller","<a href=""https://www.imdb.com/title/tt0264616"" target=""_blank"">tt0264616</a>","<a href=""https://www.imdb.com/title/tt0264616"" target=""_blank"">Frailty</a>"
"tt0137363","Arlington Road",1999,2223,7.2,95062,117,"Mark Pellington","Ehren Kruger","Action, Crime, Drama","<a href=""https://www.imdb.com/title/tt0137363"" target=""_blank"">tt0137363</a>","<a href=""https://www.imdb.com/title/tt0137363"" target=""_blank"">Arlington Road</a>"
"tt2205697","Stuck in Love.",2012,2224,7.2,94081,97,"Josh Boone","Josh Boone, Rick Bitzelberger","Comedy, Drama, Romance","<a href=""https://www.imdb.com/title/tt2205697"" target=""_blank"">tt2205697</a>","<a href=""https://www.imdb.com/title/tt2205697"" target=""_blank"">Stuck in Love.</a>"
"tt1289406","Harry Brown",2009,2225,7.2,93219,103,"Daniel Barber","Gary Young","Action, Crime, Drama","<a href=""https://www.imdb.com/title/tt1289406"" target=""_blank"">tt1289406</a>","<a href=""https://www.imdb.com/title/tt1289406"" target=""_blank"">Harry Brown</a>"
"tt3224458","A Beautiful Day in the Neighborhood",2019,2226,7.2,92032,109,"Marielle Heller","Micah Fitzerman-Blue, Noah Harpster, Tom Junod, Fred Rogers","Biography, Drama, Family","<a href=""https://www.imdb.com/title/tt3224458"" target=""_blank"">tt3224458</a>","<a href=""https://www.imdb.com/title/tt3224458"" target=""_blank"">A Beautiful Day in the Neighborhood</a>"
"tt1191111","Enter the Void",2009,2227,7.2,91938,161,"Gaspar Noé","Gaspar Noé, Lucile Hadzihalilovic","Drama, Fantasy","<a href=""https://www.imdb.com/title/tt1191111"" target=""_blank"">tt1191111</a>","<a href=""https://www.imdb.com/title/tt1191111"" target=""_blank"">Enter the Void</a>"
"tt5093026","Papillon",2017,2228,7.2,91936,133,"Michael Noer","Aaron Guzikowski, Henri Charrière, Dalton Trumbo, Lorenzo Semple Jr.","Adventure, Biography, Crime","<a href=""https://www.imdb.com/title/tt5093026"" target=""_blank"">tt5093026</a>","<a href=""https://www.imdb.com/title/tt5093026"" target=""_blank"">Papillon</a>"
"tt6472976","Five Feet Apart",2019,2229,7.2,91798,116,"Justin Baldoni","Mikki Daughtry, Tobias Iaconis","Drama, Romance","<a href=""https://www.imdb.com/title/tt6472976"" target=""_blank"">tt6472976</a>","<a href=""https://www.imdb.com/title/tt6472976"" target=""_blank"">Five Feet Apart</a>"
"tt0166813","Spirit: Stallion of the Cimarron",2002,2230,7.2,91015,83,"Kelly Asbury, Lorna Cook","John Fusco","Adventure, Animation, Drama","<a href=""https://www.imdb.com/title/tt0166813"" target=""_blank"">tt0166813</a>","<a href=""https://www.imdb.com/title/tt0166813"" target=""_blank"">Spirit: Stallion of the Cimarron</a>"
"tt0117802","Swingers",1996,2231,7.2,90781,96,"Doug Liman","Jon Favreau","Comedy, Drama","<a href=""https://www.imdb.com/title/tt0117802"" target=""_blank"">tt0117802</a>","<a href=""https://www.imdb.com/title/tt0117802"" target=""_blank"">Swingers</a>"
"tt3850214","Dope",2015,2232,7.2,90748,103,"Rick Famuyiwa","Rick Famuyiwa","Adventure, Comedy, Crime","<a href=""https://www.imdb.com/title/tt3850214"" target=""_blank"">tt3850214</a>","<a href=""https://www.imdb.com/title/tt3850214"" target=""_blank"">Dope</a>"
"tt4575576","Christopher Robin",2018,2233,7.2,88411,104,"Marc Forster","A.A. Milne, Ernest Shepard, Alex Ross Perry, Tom McCarthy, Allison Schroeder, Greg Brooker, Mark Steven Johnson","Adventure, Comedy, Drama","<a href=""https://www.imdb.com/title/tt4575576"" target=""_blank"">tt4575576</a>","<a href=""https://www.imdb.com/title/tt4575576"" target=""_blank"">Christopher Robin</a>"
"tt0110074","The Hudsucker Proxy",1994,2234,7.2,88316,111,"Joel Coen, Ethan Coen","Ethan Coen, Joel Coen, Sam Raimi","Comedy, Drama, Fantasy","<a href=""https://www.imdb.com/title/tt0110074"" target=""_blank"">tt0110074</a>","<a href=""https://www.imdb.com/title/tt0110074"" target=""_blank"">The Hudsucker Proxy</a>"
"tt0091474","Manhunter",1986,2235,7.2,87580,120,"Michael Mann","Thomas Harris, Michael Mann","Crime, Mystery, Thriller","<a href=""https://www.imdb.com/title/tt0091474"" target=""_blank"">tt0091474</a>","<a href=""https://www.imdb.com/title/tt0091474"" target=""_blank"">Manhunter</a>"
"tt0119978","The Rainmaker",1997,2236,7.2,87127,135,"Francis Ford Coppola","John Grisham, Francis Ford Coppola, Michael Herr","Crime, Drama, Thriller","<a href=""https://www.imdb.com/title/tt0119978"" target=""_blank"">tt0119978</a>","<a href=""https://www.imdb.com/title/tt0119978"" target=""_blank"">The Rainmaker</a>"
"tt2125435","Beasts of the Southern Wild",2012,2237,7.2,86047,93,"Benh Zeitlin","Lucy Alibar, Benh Zeitlin","Adventure, Drama, Fantasy","<a href=""https://www.imdb.com/title/tt2125435"" target=""_blank"">tt2125435</a>","<a href=""https://www.imdb.com/title/tt2125435"" target=""_blank"">Beasts of the Southern Wild</a>"
"tt0102975","Star Trek VI: The Undiscovered Country",1991,2238,7.2,83349,110,"Nicholas Meyer","Gene Roddenberry, Leonard Nimoy, Lawrence Konner, Mark Rosenthal, Nicholas Meyer, Denny Martin Flinn","Action, Adventure, Sci-Fi","<a href=""https://www.imdb.com/title/tt0102975"" target=""_blank"">tt0102975</a>","<a href=""https://www.imdb.com/title/tt0102975"" target=""_blank"">Star Trek VI: The Undiscovered Country</a>"
"tt0178868","The Ring",1998,2239,7.2,82336,96,"Hideo Nakata","Hiroshi Takahashi, Kôji Suzuki","Horror, Mystery","<a href=""https://www.imdb.com/title/tt0178868"" target=""_blank"">tt0178868</a>","<a href=""https://www.imdb.com/title/tt0178868"" target=""_blank"">The Ring</a>"
"tt0114558","Strange Days",1995,2240,7.2,82005,145,"Kathryn Bigelow","James Cameron, Jay Cocks","Crime, Drama, Sci-Fi","<a href=""https://www.imdb.com/title/tt0114558"" target=""_blank"">tt0114558</a>","<a href=""https://www.imdb.com/title/tt0114558"" target=""_blank"">Strange Days</a>"
"tt14114802","The Outfit",2022,2241,7.2,81852,105,"Graham Moore","Graham Moore, Johnathan McClain","Crime, Drama, Mystery","<a href=""https://www.imdb.com/title/tt14114802"" target=""_blank"">tt14114802</a>","<a href=""https://www.imdb.com/title/tt14114802"" target=""_blank"">The Outfit</a>"
"tt2262227","The Book of Life",2014,2242,7.2,81529,95,"Jorge R. Gutiérrez","Jorge R. Gutiérrez, Doug Langdale","Adventure, Animation, Comedy","<a href=""https://www.imdb.com/title/tt2262227"" target=""_blank"">tt2262227</a>","<a href=""https://www.imdb.com/title/tt2262227"" target=""_blank"">The Book of Life</a>"
"tt0085407","The Dead Zone",1983,2243,7.2,81513,103,"David Cronenberg","Stephen King, Jeffrey Boam","Drama, Fantasy, Thriller","<a href=""https://www.imdb.com/title/tt0085407"" target=""_blank"">tt0085407</a>","<a href=""https://www.imdb.com/title/tt0085407"" target=""_blank"">The Dead Zone</a>"
"tt0097815","Major League",1989,2244,7.2,80158,107,"David S. Ward","David S. Ward","Comedy, Sport","<a href=""https://www.imdb.com/title/tt0097815"" target=""_blank"">tt0097815</a>","<a href=""https://www.imdb.com/title/tt0097815"" target=""_blank"">Major League</a>"
"tt0100263","La Femme Nikita",1990,2245,7.2,79413,117,"Luc Besson","Luc Besson","Action, Crime, Drama","<a href=""https://www.imdb.com/title/tt0100263"" target=""_blank"">tt0100263</a>","<a href=""https://www.imdb.com/title/tt0100263"" target=""_blank"">La Femme Nikita</a>"
"tt8368512","The Courier",2020,2246,7.2,79029,112,"Dominic Cooke","Tom O'Connor","Drama, History, Mystery","<a href=""https://www.imdb.com/title/tt8368512"" target=""_blank"">tt8368512</a>","<a href=""https://www.imdb.com/title/tt8368512"" target=""_blank"">The Courier</a>"
"tt0088286","Top Secret!",1984,2247,7.2,78804,90,"Jim Abrahams, David Zucker, Jerry Zucker","Jim Abrahams, David Zucker, Jerry Zucker, Martyn Burke","Comedy, Crime, Music","<a href=""https://www.imdb.com/title/tt0088286"" target=""_blank"">tt0088286</a>","<a href=""https://www.imdb.com/title/tt0088286"" target=""_blank"">Top Secret!</a>"
"tt0139239","Go",1999,2248,7.2,77853,102,"Doug Liman","John August","Comedy, Crime","<a href=""https://www.imdb.com/title/tt0139239"" target=""_blank"">tt0139239</a>","<a href=""https://www.imdb.com/title/tt0139239"" target=""_blank"">Go</a>"
"tt2401878","Anomalisa",2015,2249,7.2,77418,90,"Duke Johnson, Charlie Kaufman","Charlie Kaufman","Animation, Comedy, Drama","<a href=""https://www.imdb.com/title/tt2401878"" target=""_blank"">tt2401878</a>","<a href=""https://www.imdb.com/title/tt2401878"" target=""_blank"">Anomalisa</a>"
"tt0401711","Paris, Je T'aime",2006,2250,7.2,75665,120,"Olivier Assayas, Frédéric Auburtin, Gurinder Chadha, Sylvain Chomet, Ethan Coen, Joel Coen, Isabel Coixet, Wes Craven, Alfonso Cuarón, Gérard Depardieu, Christopher Doyle, Richard LaGravenese, Vincenzo Natali, Alexander Payne, Bruno Podalydès, Walter Salles, Oliver Schmitz, Nobuhiro Suwa, Daniela Thomas, Tom Tykwer, Gus Van Sant","Tristan Carné, Bruno Podalydès, Paul Mayeda Berges, Gurinder Chadha, Gus Van Sant, Joel Coen, Ethan Coen, Walter Salles, Daniela Thomas, Christopher Doyle, Rain Li, Gabrielle Keng, Isabel Coixet, Nobuhiro Suwa, Sylvain Chomet, Alfonso Cuarón, Olivier Assayas, Oliver Schmitz, Richard LaGravenese, Vincenzo Natali, Wes Craven, Tom Tykwer, Gena Rowlands, Alexander Payne, Nadine Eïd, Frédéric Auburtin, Jean-Pierre Ronssin, Jane Hawksley, Vincent Poymiro","Comedy, Drama, Romance","<a href=""https://www.imdb.com/title/tt0401711"" target=""_blank"">tt0401711</a>","<a href=""https://www.imdb.com/title/tt0401711"" target=""_blank"">Paris, Je T'aime</a>"
"tt0093565","Moonstruck",1987,2251,7.2,74793,102,"Norman Jewison","John Patrick Shanley","Comedy, Drama, Romance","<a href=""https://www.imdb.com/title/tt0093565"" target=""_blank"">tt0093565</a>","<a href=""https://www.imdb.com/title/tt0093565"" target=""_blank"">Moonstruck</a>"
"tt8589698","Teenage Mutant Ninja Turtles: Mutant Mayhem",2023,2252,7.2,74023,99,"Jeff Rowe, Kyler Spears","Seth Rogen, Evan Goldberg, Jeff Rowe, Dan Hernandez, Benji Samit, Brendan O'Brien, Peter Laird, Kevin Eastman","Action, Adventure, Animation","<a href=""https://www.imdb.com/title/tt8589698"" target=""_blank"">tt8589698</a>","<a href=""https://www.imdb.com/title/tt8589698"" target=""_blank"">Teenage Mutant Ninja Turtles: Mutant Mayhem</a>"
"tt0071877","Murder on the Orient Express",1974,2253,7.2,72378,128,"Sidney Lumet","Agatha Christie, Paul Dehn, Anthony Shaffer","Crime, Drama, Mystery","<a href=""https://www.imdb.com/title/tt0071877"" target=""_blank"">tt0071877</a>","<a href=""https://www.imdb.com/title/tt0071877"" target=""_blank"">Murder on the Orient Express</a>"
"tt0354899","The Science of Sleep",2006,2254,7.2,71621,105,"Michel Gondry","Michel Gondry","Comedy, Drama, Fantasy","<a href=""https://www.imdb.com/title/tt0354899"" target=""_blank"">tt0354899</a>","<a href=""https://www.imdb.com/title/tt0354899"" target=""_blank"">The Science of Sleep</a>"
"tt0106226","The Age of Innocence",1993,2255,7.2,71514,139,"Martin Scorsese","Edith Wharton, Jay Cocks, Martin Scorsese","Drama, Romance","<a href=""https://www.imdb.com/title/tt0106226"" target=""_blank"">tt0106226</a>","<a href=""https://www.imdb.com/title/tt0106226"" target=""_blank"">The Age of Innocence</a>"
"tt2121382","Force Majeure",2014,2256,7.2,70748,120,"Ruben Östlund","Ruben Östlund","Comedy, Drama","<a href=""https://www.imdb.com/title/tt2121382"" target=""_blank"">tt2121382</a>","<a href=""https://www.imdb.com/title/tt2121382"" target=""_blank"">Force Majeure</a>"
"tt0070355","Magnum Force",1973,2257,7.2,69760,124,"Ted Post","Harry Julian Fink, Rita M. Fink, John Milius, Michael Cimino","Action, Crime, Mystery","<a href=""https://www.imdb.com/title/tt0070355"" target=""_blank"">tt0070355</a>","<a href=""https://www.imdb.com/title/tt0070355"" target=""_blank"">Magnum Force</a>"
"tt0110005","Heavenly Creatures",1994,2258,7.2,69452,99,"Peter Jackson","Fran Walsh, Peter Jackson","Biography, Crime, Drama","<a href=""https://www.imdb.com/title/tt0110005"" target=""_blank"">tt0110005</a>","<a href=""https://www.imdb.com/title/tt0110005"" target=""_blank"">Heavenly Creatures</a>"
"tt0390022","Friday Night Lights",2004,2259,7.2,69044,118,"Peter Berg","Buzz Bissinger, David Aaron Cohen, Peter Berg","Action, Drama, Sport","<a href=""https://www.imdb.com/title/tt0390022"" target=""_blank"">tt0390022</a>","<a href=""https://www.imdb.com/title/tt0390022"" target=""_blank"">Friday Night Lights</a>"
"tt0111149","Shallow Grave",1994,2260,7.2,68932,89,"Danny Boyle","John Hodge","Crime, Drama, Thriller","<a href=""https://www.imdb.com/title/tt0111149"" target=""_blank"">tt0111149</a>","<a href=""https://www.imdb.com/title/tt0111149"" target=""_blank"">Shallow Grave</a>"
"tt0962736","The Young Victoria",2009,2261,7.2,68297,105,"Jean-Marc Vallée","Julian Fellowes","Biography, Drama, History","<a href=""https://www.imdb.com/title/tt0962736"" target=""_blank"">tt0962736</a>","<a href=""https://www.imdb.com/title/tt0962736"" target=""_blank"">The Young Victoria</a>"
"tt15654328","Leo",2023,2262,7.2,68189,164,"Lokesh Kanagaraj","Lokesh Kanagaraj, Rathna Kumar, Deeraj Vaidy","Action, Crime, Drama","<a href=""https://www.imdb.com/title/tt15654328"" target=""_blank"">tt15654328</a>","<a href=""https://www.imdb.com/title/tt15654328"" target=""_blank"">Leo</a>"
"tt0105265","A River Runs Through It",1992,2263,7.2,68113,123,"Robert Redford","Norman Maclean, Richard Friedenberg","Drama","<a href=""https://www.imdb.com/title/tt0105265"" target=""_blank"">tt0105265</a>","<a href=""https://www.imdb.com/title/tt0105265"" target=""_blank"">A River Runs Through It</a>"
"tt0185014","Wonder Boys",2000,2264,7.2,68009,107,"Curtis Hanson","Michael Chabon, Steve Kloves","Comedy, Drama","<a href=""https://www.imdb.com/title/tt0185014"" target=""_blank"">tt0185014</a>","<a href=""https://www.imdb.com/title/tt0185014"" target=""_blank"">Wonder Boys</a>"
"tt8526872","Dolemite Is My Name",2019,2265,7.2,66781,118,"Craig Brewer","Scott Alexander, Larry Karaszewski","Biography, Comedy, Drama","<a href=""https://www.imdb.com/title/tt8526872"" target=""_blank"">tt8526872</a>","<a href=""https://www.imdb.com/title/tt8526872"" target=""_blank"">Dolemite Is My Name</a>"
"tt0787524","The Man Who Knew Infinity",2015,2266,7.2,64861,108,"Matt Brown","Robert Kanigel, Matt Brown","Biography, Drama","<a href=""https://www.imdb.com/title/tt0787524"" target=""_blank"">tt0787524</a>","<a href=""https://www.imdb.com/title/tt0787524"" target=""_blank"">The Man Who Knew Infinity</a>"
"tt2614684","'71",2014,2267,7.2,63588,99,"Yann Demange","Gregory Burke","Action, Crime, Drama","<a href=""https://www.imdb.com/title/tt2614684"" target=""_blank"">tt2614684</a>","<a href=""https://www.imdb.com/title/tt2614684"" target=""_blank"">'71</a>"
"tt0098724","Sex, Lies, and Videotape",1989,2268,7.2,62438,100,"Steven Soderbergh","Steven Soderbergh","Drama","<a href=""https://www.imdb.com/title/tt0098724"" target=""_blank"">tt0098724</a>","<a href=""https://www.imdb.com/title/tt0098724"" target=""_blank"">Sex, Lies, and Videotape</a>"
"tt1313092","Animal Kingdom",2010,2269,7.2,62160,113,"David Michôd","David Michôd","Crime, Drama, Thriller","<a href=""https://www.imdb.com/title/tt1313092"" target=""_blank"">tt1313092</a>","<a href=""https://www.imdb.com/title/tt1313092"" target=""_blank"">Animal Kingdom</a>"
"tt0104036","The Crying Game",1992,2270,7.2,62066,112,"Neil Jordan","Neil Jordan","Crime, Drama, Romance","<a href=""https://www.imdb.com/title/tt0104036"" target=""_blank"">tt0104036</a>","<a href=""https://www.imdb.com/title/tt0104036"" target=""_blank"">The Crying Game</a>"
"tt2547584","The Light Between Oceans",2016,2271,7.2,61808,133,"Derek Cianfrance","Derek Cianfrance, M.L. Stedman","Drama, Romance","<a href=""https://www.imdb.com/title/tt2547584"" target=""_blank"">tt2547584</a>","<a href=""https://www.imdb.com/title/tt2547584"" target=""_blank"">The Light Between Oceans</a>"
"tt0477139","Wristcutters: A Love Story",2006,2272,7.2,58901,88,"Goran Dukic","Goran Dukic, Etgar Keret","Comedy, Drama, Fantasy","<a href=""https://www.imdb.com/title/tt0477139"" target=""_blank"">tt0477139</a>","<a href=""https://www.imdb.com/title/tt0477139"" target=""_blank"">Wristcutters: A Love Story</a>"
"tt0180073","Quills",2000,2273,7.2,58226,124,"Philip Kaufman","Doug Wright","Biography, Drama","<a href=""https://www.imdb.com/title/tt0180073"" target=""_blank"">tt0180073</a>","<a href=""https://www.imdb.com/title/tt0180073"" target=""_blank"">Quills</a>"
"tt4190530","Anthropoid",2016,2274,7.2,57273,120,"Sean Ellis","Sean Ellis, Anthony Frewin","Action, Drama, History","<a href=""https://www.imdb.com/title/tt4190530"" target=""_blank"">tt4190530</a>","<a href=""https://www.imdb.com/title/tt4190530"" target=""_blank"">Anthropoid</a>"
"tt0094964","Dead Ringers",1988,2275,7.2,56783,116,"David Cronenberg","David Cronenberg, Norman Snider, Bari Wood, Jack Geasland","Drama, Horror, Thriller","<a href=""https://www.imdb.com/title/tt0094964"" target=""_blank"">tt0094964</a>","<a href=""https://www.imdb.com/title/tt0094964"" target=""_blank"">Dead Ringers</a>"
"tt1182937","Rab Ne Bana Di Jodi",2008,2276,7.2,56570,167,"Aditya Chopra","Aditya Chopra","Comedy, Drama, Music","<a href=""https://www.imdb.com/title/tt1182937"" target=""_blank"">tt1182937</a>","<a href=""https://www.imdb.com/title/tt1182937"" target=""_blank"">Rab Ne Bana Di Jodi</a>"
"tt0091209","The Hitcher",1986,2277,7.2,56537,97,"Robert Harmon","Eric Red","Mystery, Thriller","<a href=""https://www.imdb.com/title/tt0091209"" target=""_blank"">tt0091209</a>","<a href=""https://www.imdb.com/title/tt0091209"" target=""_blank"">The Hitcher</a>"
"tt1321510","In the Heights",2021,2278,7.2,54479,143,"Jon M. Chu","Quiara Alegría Hudes, Lin-Manuel Miranda","Drama, Musical, Romance","<a href=""https://www.imdb.com/title/tt1321510"" target=""_blank"">tt1321510</a>","<a href=""https://www.imdb.com/title/tt1321510"" target=""_blank"">In the Heights</a>"
"tt8236336","The Report",2019,2279,7.2,54411,119,"Scott Z. Burns","Scott Z. Burns","Biography, Crime, Drama","<a href=""https://www.imdb.com/title/tt8236336"" target=""_blank"">tt8236336</a>","<a href=""https://www.imdb.com/title/tt8236336"" target=""_blank"">The Report</a>"
"tt9412098","Fyre",2019,2280,7.2,53733,97,"Chris Smith",NA,"Crime, Documentary, Music","<a href=""https://www.imdb.com/title/tt9412098"" target=""_blank"">tt9412098</a>","<a href=""https://www.imdb.com/title/tt9412098"" target=""_blank"">Fyre</a>"
"tt11657662","The Witcher: Nightmare of the Wolf",2021,2281,7.2,53685,83,"Kwang Il Han","Beau DeMayo, Andrzej Sapkowski","Action, Adventure, Animation","<a href=""https://www.imdb.com/title/tt11657662"" target=""_blank"">tt11657662</a>","<a href=""https://www.imdb.com/title/tt11657662"" target=""_blank"">The Witcher: Nightmare of the Wolf</a>"
"tt5932728","The Professor and the Madman",2019,2282,7.2,53420,124,"Farhad Safinia","Todd Komarnicki, Farhad Safinia, Simon Winchester","Biography, Drama, History","<a href=""https://www.imdb.com/title/tt5932728"" target=""_blank"">tt5932728</a>","<a href=""https://www.imdb.com/title/tt5932728"" target=""_blank"">The Professor and the Madman</a>"
"tt0064505","The Italian Job",1969,2283,7.2,52565,99,"Peter Collinson","Troy Kennedy Martin","Action, Comedy, Crime","<a href=""https://www.imdb.com/title/tt0064505"" target=""_blank"">tt0064505</a>","<a href=""https://www.imdb.com/title/tt0064505"" target=""_blank"">The Italian Job</a>"
"tt0090022","Silverado",1985,2284,7.2,52412,133,"Lawrence Kasdan","Lawrence Kasdan, Mark Kasdan","Action, Drama, Western","<a href=""https://www.imdb.com/title/tt0090022"" target=""_blank"">tt0090022</a>","<a href=""https://www.imdb.com/title/tt0090022"" target=""_blank"">Silverado</a>"
"tt0091867","A Room with a View",1985,2285,7.2,50597,117,"James Ivory","E.M. Forster, Ruth Prawer Jhabvala","Drama, Romance","<a href=""https://www.imdb.com/title/tt0091867"" target=""_blank"">tt0091867</a>","<a href=""https://www.imdb.com/title/tt0091867"" target=""_blank"">A Room with a View</a>"
"tt0416044","Mongol: The Rise of Genghis Khan",2007,2286,7.2,50537,126,"Sergei Bodrov","Arif Aliev, Sergei Bodrov","Action, Biography, Drama","<a href=""https://www.imdb.com/title/tt0416044"" target=""_blank"">tt0416044</a>","<a href=""https://www.imdb.com/title/tt0416044"" target=""_blank"">Mongol: The Rise of Genghis Khan</a>"
"tt0385726","Glory Road",2006,2287,7.2,50168,118,"James Gartner","Christopher Cleveland, Bettina Gilois","Biography, Drama, Sport","<a href=""https://www.imdb.com/title/tt0385726"" target=""_blank"">tt0385726</a>","<a href=""https://www.imdb.com/title/tt0385726"" target=""_blank"">Glory Road</a>"
"tt0424880","Candy",2006,2288,7.2,48978,108,"Neil Armfield","Luke Davies, Neil Armfield","Drama, Romance","<a href=""https://www.imdb.com/title/tt0424880"" target=""_blank"">tt0424880</a>","<a href=""https://www.imdb.com/title/tt0424880"" target=""_blank"">Candy</a>"
"tt1437358","Sleep Tight",2011,2289,7.2,48735,102,"Jaume Balagueró","Alberto Marini","Crime, Drama, Thriller","<a href=""https://www.imdb.com/title/tt1437358"" target=""_blank"">tt1437358</a>","<a href=""https://www.imdb.com/title/tt1437358"" target=""_blank"">Sleep Tight</a>"
"tt6857376","Palmer",2021,2290,7.2,48639,110,"Fisher Stevens","Cheryl Guerriero","Drama","<a href=""https://www.imdb.com/title/tt6857376"" target=""_blank"">tt6857376</a>","<a href=""https://www.imdb.com/title/tt6857376"" target=""_blank"">Palmer</a>"
"tt1244754","Conviction",2010,2291,7.2,47404,107,"Tony Goldwyn","Pamela Gray","Biography, Crime, Drama","<a href=""https://www.imdb.com/title/tt1244754"" target=""_blank"">tt1244754</a>","<a href=""https://www.imdb.com/title/tt1244754"" target=""_blank"">Conviction</a>"
"tt0106307","Arizona Dream",1993,2292,7.2,46980,142,"Emir Kusturica","David Atkins, Emir Kusturica","Comedy, Drama, Fantasy","<a href=""https://www.imdb.com/title/tt0106307"" target=""_blank"">tt0106307</a>","<a href=""https://www.imdb.com/title/tt0106307"" target=""_blank"">Arizona Dream</a>"
"tt0060390","Fahrenheit 451",1966,2293,7.2,46674,112,"François Truffaut","François Truffaut, Jean-Louis Richard, Ray Bradbury, David Rudkin, Helen Scott","Drama, Sci-Fi","<a href=""https://www.imdb.com/title/tt0060390"" target=""_blank"">tt0060390</a>","<a href=""https://www.imdb.com/title/tt0060390"" target=""_blank"">Fahrenheit 451</a>"
"tt3922798","The Siege of Jadotville",2016,2294,7.2,46560,108,"Richie Smyth","Kevin Brodbin, Declan Power","Action, Drama, Thriller","<a href=""https://www.imdb.com/title/tt3922798"" target=""_blank"">tt3922798</a>","<a href=""https://www.imdb.com/title/tt3922798"" target=""_blank"">The Siege of Jadotville</a>"
"tt13131232","Mission Majnu",2023,2295,7.2,45194,129,"Shantanu Bagchi","Parveez Shaikh, Aseem Arrora, Sumit Batheja","Action, Drama, History","<a href=""https://www.imdb.com/title/tt13131232"" target=""_blank"">tt13131232</a>","<a href=""https://www.imdb.com/title/tt13131232"" target=""_blank"">Mission Majnu</a>"
"tt0301199","Dirty Pretty Things",2002,2296,7.2,44927,97,"Stephen Frears","Steven Knight","Crime, Drama, Thriller","<a href=""https://www.imdb.com/title/tt0301199"" target=""_blank"">tt0301199</a>","<a href=""https://www.imdb.com/title/tt0301199"" target=""_blank"">Dirty Pretty Things</a>"
"tt0104779","Bitter Moon",1992,2297,7.2,44802,139,"Roman Polanski","Pascal Bruckner, Roman Polanski, Gérard Brach, John Brownjohn","Drama, Romance, Thriller","<a href=""https://www.imdb.com/title/tt0104779"" target=""_blank"">tt0104779</a>","<a href=""https://www.imdb.com/title/tt0104779"" target=""_blank"">Bitter Moon</a>"
"tt1866249","The Sessions",2012,2298,7.2,44573,95,"Ben Lewin","Ben Lewin, Mark O'Brien","Biography, Comedy, Drama","<a href=""https://www.imdb.com/title/tt1866249"" target=""_blank"">tt1866249</a>","<a href=""https://www.imdb.com/title/tt1866249"" target=""_blank"">The Sessions</a>"
"tt3750872","The Wife",2017,2299,7.2,44401,99,"Björn Runge","Jane Anderson, Meg Wolitzer","Drama","<a href=""https://www.imdb.com/title/tt3750872"" target=""_blank"">tt3750872</a>","<a href=""https://www.imdb.com/title/tt3750872"" target=""_blank"">The Wife</a>"
"tt0074937","Murder by Death",1976,2300,7.2,44035,95,"Robert Moore","Neil Simon","Comedy, Crime, Mystery","<a href=""https://www.imdb.com/title/tt0074937"" target=""_blank"">tt0074937</a>","<a href=""https://www.imdb.com/title/tt0074937"" target=""_blank"">Murder by Death</a>"
"tt0110598","Muriel's Wedding",1994,2301,7.2,43971,106,"P.J. Hogan","P.J. Hogan","Comedy, Drama","<a href=""https://www.imdb.com/title/tt0110598"" target=""_blank"">tt0110598</a>","<a href=""https://www.imdb.com/title/tt0110598"" target=""_blank"">Muriel's Wedding</a>"
"tt0092106","The Transformers: The Movie",1986,2302,7.2,43731,84,"Nelson Shin","Ron Friedman, Henry Orenstein","Action, Adventure, Animation","<a href=""https://www.imdb.com/title/tt0092106"" target=""_blank"">tt0092106</a>","<a href=""https://www.imdb.com/title/tt0092106"" target=""_blank"">The Transformers: The Movie</a>"
"tt0076723","Slap Shot",1977,2303,7.2,43637,123,"George Roy Hill","Nancy Dowd","Comedy, Drama, Sport","<a href=""https://www.imdb.com/title/tt0076723"" target=""_blank"">tt0076723</a>","<a href=""https://www.imdb.com/title/tt0076723"" target=""_blank"">Slap Shot</a>"
"tt0913425","Broken Embraces",2009,2304,7.2,43614,127,"Pedro Almodóvar","Pedro Almodóvar","Drama, Romance, Thriller","<a href=""https://www.imdb.com/title/tt0913425"" target=""_blank"">tt0913425</a>","<a href=""https://www.imdb.com/title/tt0913425"" target=""_blank"">Broken Embraces</a>"
"tt10548174","28 Years Later",2025,2305,7.2,43570,115,"Danny Boyle","Alex Garland","Horror, Thriller","<a href=""https://www.imdb.com/title/tt10548174"" target=""_blank"">tt10548174</a>","<a href=""https://www.imdb.com/title/tt10548174"" target=""_blank"">28 Years Later</a>"
"tt2101473","The Physician",2013,2306,7.2,43373,155,"Philipp Stölzl","Noah Gordon, Jan Berger, Philipp Stölzl, Simon Block, Christoph Müller","Adventure, Drama, History","<a href=""https://www.imdb.com/title/tt2101473"" target=""_blank"">tt2101473</a>","<a href=""https://www.imdb.com/title/tt2101473"" target=""_blank"">The Physician</a>"
"tt0068935","The Way of the Dragon",1972,2307,7.2,43219,90,"Bruce Lee","Bruce Lee","Action, Adventure, Comedy","<a href=""https://www.imdb.com/title/tt0068935"" target=""_blank"">tt0068935</a>","<a href=""https://www.imdb.com/title/tt0068935"" target=""_blank"">The Way of the Dragon</a>"
"tt0097240","Drugstore Cowboy",1989,2308,7.2,42762,101,"Gus Van Sant","James Fogle, Gus Van Sant, Daniel Yost, William S. Burroughs","Crime, Drama","<a href=""https://www.imdb.com/title/tt0097240"" target=""_blank"">tt0097240</a>","<a href=""https://www.imdb.com/title/tt0097240"" target=""_blank"">Drugstore Cowboy</a>"
"tt0461936","Don",2006,2309,7.2,42746,171,"Farhan Akhtar","Salim Khan, Javed Akhtar, Farhan Akhtar","Action, Crime, Thriller","<a href=""https://www.imdb.com/title/tt0461936"" target=""_blank"">tt0461936</a>","<a href=""https://www.imdb.com/title/tt0461936"" target=""_blank"">Don</a>"
"tt1477715","This Is It",2009,2310,7.2,42622,111,"Kenny Ortega",NA,"Documentary, Music","<a href=""https://www.imdb.com/title/tt1477715"" target=""_blank"">tt1477715</a>","<a href=""https://www.imdb.com/title/tt1477715"" target=""_blank"">This Is It</a>"
"tt0066769","The Andromeda Strain",1971,2311,7.2,42523,131,"Robert Wise","Michael Crichton, Nelson Gidding","Mystery, Sci-Fi, Thriller","<a href=""https://www.imdb.com/title/tt0066769"" target=""_blank"">tt0066769</a>","<a href=""https://www.imdb.com/title/tt0066769"" target=""_blank"">The Andromeda Strain</a>"
"tt8151874","Honey Boy",2019,2312,7.2,42149,94,"Alma Har'el","Shia LaBeouf","Drama","<a href=""https://www.imdb.com/title/tt8151874"" target=""_blank"">tt8151874</a>","<a href=""https://www.imdb.com/title/tt8151874"" target=""_blank"">Honey Boy</a>"
"tt13352968","Good Luck to You, Leo Grande",2022,2313,7.2,42012,97,"Sophie Hyde","Katy Brand","Comedy, Drama","<a href=""https://www.imdb.com/title/tt13352968"" target=""_blank"">tt13352968</a>","<a href=""https://www.imdb.com/title/tt13352968"" target=""_blank"">Good Luck to You, Leo Grande</a>"
"tt1244668","Soul Kitchen",2009,2314,7.2,41755,96,"Fatih Akin","Fatih Akin, Adam Bousdoukos","Comedy, Drama","<a href=""https://www.imdb.com/title/tt1244668"" target=""_blank"">tt1244668</a>","<a href=""https://www.imdb.com/title/tt1244668"" target=""_blank"">Soul Kitchen</a>"
"tt26745657","Madgaon Express",2024,2315,7.2,41274,143,"Kunal Kemmu","Kunal Kemmu","Comedy, Drama","<a href=""https://www.imdb.com/title/tt26745657"" target=""_blank"">tt26745657</a>","<a href=""https://www.imdb.com/title/tt26745657"" target=""_blank"">Madgaon Express</a>"
"tt3385524","Stan & Ollie",2018,2316,7.2,40933,98,"Jon S. Baird","Jeff Pope, 'A.J.' Marriot","Biography, Comedy, Drama","<a href=""https://www.imdb.com/title/tt3385524"" target=""_blank"">tt3385524</a>","<a href=""https://www.imdb.com/title/tt3385524"" target=""_blank"">Stan & Ollie</a>"
"tt0096332","The Unbearable Lightness of Being",1988,2317,7.2,39856,171,"Philip Kaufman","Milan Kundera, Jean-Claude Carrière, Philip Kaufman","Drama, Romance","<a href=""https://www.imdb.com/title/tt0096332"" target=""_blank"">tt0096332</a>","<a href=""https://www.imdb.com/title/tt0096332"" target=""_blank"">The Unbearable Lightness of Being</a>"
"tt0046672","20,000 Leagues Under the Sea",1954,2318,7.2,39126,127,"Richard Fleischer","Earl Felton, Jules Verne","Adventure, Drama, Family","<a href=""https://www.imdb.com/title/tt0046672"" target=""_blank"">tt0046672</a>","<a href=""https://www.imdb.com/title/tt0046672"" target=""_blank"">20,000 Leagues Under the Sea</a>"
"tt0802948","An American Crime",2007,2319,7.2,39097,98,"Tommy O'Haver","Tommy O'Haver, Irene Turner","Biography, Crime, Drama","<a href=""https://www.imdb.com/title/tt0802948"" target=""_blank"">tt0802948</a>","<a href=""https://www.imdb.com/title/tt0802948"" target=""_blank"">An American Crime</a>"
"tt0901487","The Good the Bad the Weird",2008,2320,7.2,38994,130,"Kim Jee-woon","Kim Jee-woon, Min-suk Kim","Action, Adventure, Comedy","<a href=""https://www.imdb.com/title/tt0901487"" target=""_blank"">tt0901487</a>","<a href=""https://www.imdb.com/title/tt0901487"" target=""_blank"">The Good the Bad the Weird</a>"
"tt0415978","Me and You and Everyone We Know",2005,2321,7.2,38160,85,"Miranda July","Miranda July","Comedy, Drama","<a href=""https://www.imdb.com/title/tt0415978"" target=""_blank"">tt0415978</a>","<a href=""https://www.imdb.com/title/tt0415978"" target=""_blank"">Me and You and Everyone We Know</a>"
"tt3253930","Marshland",2014,2322,7.2,37744,105,"Alberto Rodríguez","Rafael Cobos, Alberto Rodríguez","Crime, Mystery, Thriller","<a href=""https://www.imdb.com/title/tt3253930"" target=""_blank"">tt3253930</a>","<a href=""https://www.imdb.com/title/tt3253930"" target=""_blank"">Marshland</a>"
"tt9051908","Living",2022,2323,7.2,37615,102,"Oliver Hermanus","Kazuo Ishiguro, Akira Kurosawa, Shinobu Hashimoto, Hideo Oguni","Drama","<a href=""https://www.imdb.com/title/tt9051908"" target=""_blank"">tt9051908</a>","<a href=""https://www.imdb.com/title/tt9051908"" target=""_blank"">Living</a>"
"tt0158371","Sweet and Lowdown",1999,2324,7.2,37506,95,"Woody Allen","Woody Allen","Comedy, Drama, Music","<a href=""https://www.imdb.com/title/tt0158371"" target=""_blank"">tt0158371</a>","<a href=""https://www.imdb.com/title/tt0158371"" target=""_blank"">Sweet and Lowdown</a>"
"tt7181546","Ballerina",2025,2325,7.2,37307,124,"Len Wiseman","Shay Hatten, Derek Kolstad","Action, Thriller","<a href=""https://www.imdb.com/title/tt7181546"" target=""_blank"">tt7181546</a>","<a href=""https://www.imdb.com/title/tt7181546"" target=""_blank"">Ballerina</a>"
"tt0076162","House",1977,2326,7.2,37054,88,"Nobuhiko Ôbayashi","Chiho Katsura, Chigumi Ôbayashi","Comedy, Horror","<a href=""https://www.imdb.com/title/tt0076162"" target=""_blank"">tt0076162</a>","<a href=""https://www.imdb.com/title/tt0076162"" target=""_blank"">House</a>"
"tt5562070","Wish Dragon",2021,2327,7.2,36552,98,"Chris Appelhans","Chris Appelhans, Xiaocao Liu","Adventure, Animation, Comedy","<a href=""https://www.imdb.com/title/tt5562070"" target=""_blank"">tt5562070</a>","<a href=""https://www.imdb.com/title/tt5562070"" target=""_blank"">Wish Dragon</a>"
"tt0068767","Fist of Fury",1972,2328,7.2,35918,107,"Wei Lo","Wei Lo","Action, Drama, Romance","<a href=""https://www.imdb.com/title/tt0068767"" target=""_blank"">tt0068767</a>","<a href=""https://www.imdb.com/title/tt0068767"" target=""_blank"">Fist of Fury</a>"
"tt12987894","American Murder: The Family Next Door",2020,2329,7.2,35750,83,"Jenny Popplewell",NA,"Crime, Documentary","<a href=""https://www.imdb.com/title/tt12987894"" target=""_blank"">tt12987894</a>","<a href=""https://www.imdb.com/title/tt12987894"" target=""_blank"">American Murder: The Family Next Door</a>"
"tt0089941","Runaway Train",1985,2330,7.2,35264,111,"Andrei Konchalovsky","Akira Kurosawa, Djordje Milicevic, Paul Zindel, Edward Bunker, Ryûzô Kikushima, Hideo Oguni","Action, Adventure, Drama","<a href=""https://www.imdb.com/title/tt0089941"" target=""_blank"">tt0089941</a>","<a href=""https://www.imdb.com/title/tt0089941"" target=""_blank"">Runaway Train</a>"
"tt32308617","Savi",2024,2331,7.2,35046,126,"Abhinay Deo","Aseem Arora, Abhinay Deo","Action, Crime, Drama","<a href=""https://www.imdb.com/title/tt32308617"" target=""_blank"">tt32308617</a>","<a href=""https://www.imdb.com/title/tt32308617"" target=""_blank"">Savi</a>"
"tt2438644","Department Q: The Keeper of Lost Causes",2013,2332,7.2,34984,96,"Mikkel Nørgaard","Jussi Adler-Olsen, Nikolaj Arcel","Crime, Drama, Mystery","<a href=""https://www.imdb.com/title/tt2438644"" target=""_blank"">tt2438644</a>","<a href=""https://www.imdb.com/title/tt2438644"" target=""_blank"">Department Q: The Keeper of Lost Causes</a>"
"tt0081534","Somewhere in Time",1980,2333,7.2,34682,103,"Jeannot Szwarc","Richard Matheson","Drama, Fantasy, Romance","<a href=""https://www.imdb.com/title/tt0081534"" target=""_blank"">tt0081534</a>","<a href=""https://www.imdb.com/title/tt0081534"" target=""_blank"">Somewhere in Time</a>"
"tt0089560","Mask",1985,2334,7.2,34121,120,"Peter Bogdanovich","Anna Hamilton Phelan","Biography, Drama","<a href=""https://www.imdb.com/title/tt0089560"" target=""_blank"">tt0089560</a>","<a href=""https://www.imdb.com/title/tt0089560"" target=""_blank"">Mask</a>"
"tt3416744","The End of the Tour",2015,2335,7.2,33722,106,"James Ponsoldt","Donald Margulies, David Lipsky","Biography, Drama","<a href=""https://www.imdb.com/title/tt3416744"" target=""_blank"">tt3416744</a>","<a href=""https://www.imdb.com/title/tt3416744"" target=""_blank"">The End of the Tour</a>"
"tt0034398","The Wolf Man",1941,2336,7.2,33027,70,"George Waggner","Curt Siodmak","Horror, Mystery, Romance","<a href=""https://www.imdb.com/title/tt0034398"" target=""_blank"">tt0034398</a>","<a href=""https://www.imdb.com/title/tt0034398"" target=""_blank"">The Wolf Man</a>"
"tt0060315","Django",1966,2337,7.2,32777,91,"Sergio Corbucci","Sergio Corbucci, Bruno Corbucci, Franco Rossetti, Piero Vivarelli, Geoffrey Copleston, Fernando Di Leo, José Gutiérrez Maesso, Ryûzô Kikushima","Action, Drama, Western","<a href=""https://www.imdb.com/title/tt0060315"" target=""_blank"">tt0060315</a>","<a href=""https://www.imdb.com/title/tt0060315"" target=""_blank"">Django</a>"
"tt0067866","El Topo",1970,2338,7.2,32582,125,"Alejandro Jodorowsky","Alejandro Jodorowsky","Drama, Western","<a href=""https://www.imdb.com/title/tt0067866"" target=""_blank"">tt0067866</a>","<a href=""https://www.imdb.com/title/tt0067866"" target=""_blank"">El Topo</a>"
"tt0100436","Pump Up the Volume",1990,2339,7.2,32424,102,"Allan Moyle","Allan Moyle","Comedy, Drama, Music","<a href=""https://www.imdb.com/title/tt0100436"" target=""_blank"">tt0100436</a>","<a href=""https://www.imdb.com/title/tt0100436"" target=""_blank"">Pump Up the Volume</a>"
"tt0065063","Take the Money and Run",1969,2340,7.2,32283,85,"Woody Allen","Woody Allen, Mickey Rose","Comedy, Crime","<a href=""https://www.imdb.com/title/tt0065063"" target=""_blank"">tt0065063</a>","<a href=""https://www.imdb.com/title/tt0065063"" target=""_blank"">Take the Money and Run</a>"
"tt1305797","Enthiran",2010,2341,7.2,32117,174,"S. Shankar","S. Shankar, Sujatha, Swanand Kirkire, Madhan Karky","Action, Sci-Fi, Thriller","<a href=""https://www.imdb.com/title/tt1305797"" target=""_blank"">tt1305797</a>","<a href=""https://www.imdb.com/title/tt1305797"" target=""_blank"">Enthiran</a>"
"tt0468565","Tsotsi",2005,2342,7.2,32047,94,"Gavin Hood","Gavin Hood, Athol Fugard","Crime, Drama","<a href=""https://www.imdb.com/title/tt0468565"" target=""_blank"">tt0468565</a>","<a href=""https://www.imdb.com/title/tt0468565"" target=""_blank"">Tsotsi</a>"
"tt1028576","Secretariat",2010,2343,7.2,31856,123,"Randall Wallace","Mike Rich, William Nack","Biography, Drama, Family","<a href=""https://www.imdb.com/title/tt1028576"" target=""_blank"">tt1028576</a>","<a href=""https://www.imdb.com/title/tt1028576"" target=""_blank"">Secretariat</a>"
"tt0067927","Vanishing Point",1971,2344,7.2,31720,99,"Richard C. Sarafian","Guillermo Cabrera Infante, Malcolm Hart, Barry Hall","Action, Crime, Thriller","<a href=""https://www.imdb.com/title/tt0067927"" target=""_blank"">tt0067927</a>","<a href=""https://www.imdb.com/title/tt0067927"" target=""_blank"">Vanishing Point</a>"
"tt1441953","Testament of Youth",2014,2345,7.2,31331,129,"James Kent","Juliette Towhidi, Vera Brittain","Biography, Drama, History","<a href=""https://www.imdb.com/title/tt1441953"" target=""_blank"">tt1441953</a>","<a href=""https://www.imdb.com/title/tt1441953"" target=""_blank"">Testament of Youth</a>"
"tt2556308","Holiday",2014,2346,7.2,31293,160,"A.R. Murugadoss","A.R. Murugadoss, Arun Shekhar","Action, Crime, Thriller","<a href=""https://www.imdb.com/title/tt2556308"" target=""_blank"">tt2556308</a>","<a href=""https://www.imdb.com/title/tt2556308"" target=""_blank"">Holiday</a>"
"tt0378793","Speak",2004,2347,7.2,31103,89,"Jessica Sharzer","Laurie Halse Anderson, Jessica Sharzer, Annie Young Frisbie","Drama","<a href=""https://www.imdb.com/title/tt0378793"" target=""_blank"">tt0378793</a>","<a href=""https://www.imdb.com/title/tt0378793"" target=""_blank"">Speak</a>"
"tt6768578","Dogman",2018,2348,7.2,30990,103,"Matteo Garrone","Ugo Chiti, Matteo Garrone, Massimo Gaudioso, Marco Perfetti, Damiano D'Innocenzo, Fabio D'Innocenzo, Giulio Troli","Crime, Drama, Thriller","<a href=""https://www.imdb.com/title/tt6768578"" target=""_blank"">tt6768578</a>","<a href=""https://www.imdb.com/title/tt6768578"" target=""_blank"">Dogman</a>"
"tt5541848","What the Health",2017,2349,7.2,30902,97,"Kip Andersen, Keegan Kuhn","Kip Andersen, Keegan Kuhn","Documentary","<a href=""https://www.imdb.com/title/tt5541848"" target=""_blank"">tt5541848</a>","<a href=""https://www.imdb.com/title/tt5541848"" target=""_blank"">What the Health</a>"
"tt0438315","Peaceful Warrior",2006,2350,7.2,30846,120,"Victor Salva","Kevin Bernhardt, Dan Millman","Drama, Romance, Sport","<a href=""https://www.imdb.com/title/tt0438315"" target=""_blank"">tt0438315</a>","<a href=""https://www.imdb.com/title/tt0438315"" target=""_blank"">Peaceful Warrior</a>"
"tt5460276","Kaabil",2017,2351,7.2,30730,139,"Sanjay Gupta","Siraj Ahmed, Sanjay Masoomm, Vijay Kumar Mishra, Rajshri Sudhakar","Action, Crime, Drama","<a href=""https://www.imdb.com/title/tt5460276"" target=""_blank"">tt5460276</a>","<a href=""https://www.imdb.com/title/tt5460276"" target=""_blank"">Kaabil</a>"
"tt0310281","A Mighty Wind",2003,2352,7.2,30342,91,"Christopher Guest","Christopher Guest, Eugene Levy","Comedy, Music","<a href=""https://www.imdb.com/title/tt0310281"" target=""_blank"">tt0310281</a>","<a href=""https://www.imdb.com/title/tt0310281"" target=""_blank"">A Mighty Wind</a>"
"tt0105488","Strictly Ballroom",1992,2353,7.2,30325,94,"Baz Luhrmann","Baz Luhrmann, Andrew Bovell, Craig Pearce","Comedy, Drama, Music","<a href=""https://www.imdb.com/title/tt0105488"" target=""_blank"">tt0105488</a>","<a href=""https://www.imdb.com/title/tt0105488"" target=""_blank"">Strictly Ballroom</a>"
"tt0469623","Things We Lost in the Fire",2007,2354,7.1,30274,118,"Susanne Bier","Allan Loeb","Drama","<a href=""https://www.imdb.com/title/tt0469623"" target=""_blank"">tt0469623</a>","<a href=""https://www.imdb.com/title/tt0469623"" target=""_blank"">Things We Lost in the Fire</a>"
"tt2675914","In Order of Disappearance",2014,2355,7.1,30264,116,"Hans Petter Moland","Kim Fupz Aakeson, Finn Gjerdrum","Action, Comedy, Crime","<a href=""https://www.imdb.com/title/tt2675914"" target=""_blank"">tt2675914</a>","<a href=""https://www.imdb.com/title/tt2675914"" target=""_blank"">In Order of Disappearance</a>"
"tt4257926","Miracles from Heaven",2016,2356,7.1,30242,109,"Patricia Riggen","Christy Beam, Randy Brown","Biography, Drama, Family","<a href=""https://www.imdb.com/title/tt4257926"" target=""_blank"">tt4257926</a>","<a href=""https://www.imdb.com/title/tt4257926"" target=""_blank"">Miracles from Heaven</a>"
"tt0084917","The World According to Garp",1982,2357,7.1,30207,136,"George Roy Hill","John Irving, Steve Tesich","Comedy, Drama","<a href=""https://www.imdb.com/title/tt0084917"" target=""_blank"">tt0084917</a>","<a href=""https://www.imdb.com/title/tt0084917"" target=""_blank"">The World According to Garp</a>"
"tt15392282","Merry Christmas",2024,2358,7.1,29951,144,"Sriram Raghavan","Frédéric Dard, Sriram Raghavan, Arijit Biswas, Anukriti Pandey, Pooja Ladha Surti","Drama, Mystery, Thriller","<a href=""https://www.imdb.com/title/tt15392282"" target=""_blank"">tt15392282</a>","<a href=""https://www.imdb.com/title/tt15392282"" target=""_blank"">Merry Christmas</a>"
"tt0051554","Horror of Dracula",1958,2359,7.2,29791,82,"Terence Fisher","Jimmy Sangster, Bram Stoker","Drama, Horror","<a href=""https://www.imdb.com/title/tt0051554"" target=""_blank"">tt0051554</a>","<a href=""https://www.imdb.com/title/tt0051554"" target=""_blank"">Horror of Dracula</a>"
"tt1449283","Winnie the Pooh",2011,2360,7.1,29690,63,"Stephen J. Anderson, Don Hall","Stephen J. Anderson, Clio Chiang, Don Dougherty, Don Hall, Kendelle Hoyer, Brian Kesinger, Nicole Mitchell, Jeremy Spears, A.A. Milne, Ernest Shepard","Adventure, Animation, Comedy","<a href=""https://www.imdb.com/title/tt1449283"" target=""_blank"">tt1449283</a>","<a href=""https://www.imdb.com/title/tt1449283"" target=""_blank"">Winnie the Pooh</a>"
"tt2304771","Mandela: Long Walk to Freedom",2013,2361,7.1,29677,141,"Justin Chadwick","William Nicholson, Nelson Mandela","Biography, Drama, History","<a href=""https://www.imdb.com/title/tt2304771"" target=""_blank"">tt2304771</a>","<a href=""https://www.imdb.com/title/tt2304771"" target=""_blank"">Mandela: Long Walk to Freedom</a>"
"tt0254481","Koi... Mil Gaya",2003,2362,7.2,29603,171,"Rakesh Roshan","Rakesh Roshan, Honey Irani, Sachin Bhowmick, Robin Bhatt, Javed Siddiqui","Action, Drama, Fantasy","<a href=""https://www.imdb.com/title/tt0254481"" target=""_blank"">tt0254481</a>","<a href=""https://www.imdb.com/title/tt0254481"" target=""_blank"">Koi... Mil Gaya</a>"
"tt4899370","Megan Leavey",2017,2363,7.1,29488,116,"Gabriela Cowperthwaite","Pamela Gray, Annie Mumolo, Tim Lovestedt","Action, Biography, Drama","<a href=""https://www.imdb.com/title/tt4899370"" target=""_blank"">tt4899370</a>","<a href=""https://www.imdb.com/title/tt4899370"" target=""_blank"">Megan Leavey</a>"
"tt11497716","The Legend",2022,2364,7.1,29464,161,"Jerry, Joseph D. Sami","Pattukottai Prabhakar","Action, Drama, Romance","<a href=""https://www.imdb.com/title/tt11497716"" target=""_blank"">tt11497716</a>","<a href=""https://www.imdb.com/title/tt11497716"" target=""_blank"">The Legend</a>"
"tt0416212","The Secret Life of Bees",2008,2365,7.2,29099,114,"Gina Prince-Bythewood","Gina Prince-Bythewood, Sue Monk Kidd","Drama","<a href=""https://www.imdb.com/title/tt0416212"" target=""_blank"">tt0416212</a>","<a href=""https://www.imdb.com/title/tt0416212"" target=""_blank"">The Secret Life of Bees</a>"
"tt0035279","Saboteur",1942,2366,7.1,29034,109,"Alfred Hitchcock","Peter Viertel, Joan Harrison, Dorothy Parker, Alfred Hitchcock","Drama, Thriller, War","<a href=""https://www.imdb.com/title/tt0035279"" target=""_blank"">tt0035279</a>","<a href=""https://www.imdb.com/title/tt0035279"" target=""_blank"">Saboteur</a>"
"tt0092695","The Brave Little Toaster",1987,2367,7.2,28705,90,"Jerry Rees","Thomas M. Disch, Jerry Rees, Joe Ranft, Brian McEntee, Jim Ryan","Adventure, Animation, Family","<a href=""https://www.imdb.com/title/tt0092695"" target=""_blank"">tt0092695</a>","<a href=""https://www.imdb.com/title/tt0092695"" target=""_blank"">The Brave Little Toaster</a>"
"tt5982852","Jolly LLB 2",2017,2368,7.2,28602,137,"Subhash Kapoor","Subhash Kapoor","Comedy, Crime, Drama","<a href=""https://www.imdb.com/title/tt5982852"" target=""_blank"">tt5982852</a>","<a href=""https://www.imdb.com/title/tt5982852"" target=""_blank"">Jolly LLB 2</a>"
"tt0188674","Human Traffic",1999,2369,7.1,28464,99,"Justin Kerrigan","Justin Kerrigan","Comedy, Music","<a href=""https://www.imdb.com/title/tt0188674"" target=""_blank"">tt0188674</a>","<a href=""https://www.imdb.com/title/tt0188674"" target=""_blank"">Human Traffic</a>"
"tt1020773","Certified Copy",2010,2370,7.2,28139,106,"Abbas Kiarostami","Abbas Kiarostami, Caroline Eliacheff","Drama, Romance","<a href=""https://www.imdb.com/title/tt1020773"" target=""_blank"">tt1020773</a>","<a href=""https://www.imdb.com/title/tt1020773"" target=""_blank"">Certified Copy</a>"
"tt0109579","Death and the Maiden",1994,2371,7.2,28114,103,"Roman Polanski","Ariel Dorfman, Rafael Yglesias","Drama, Mystery, Thriller","<a href=""https://www.imdb.com/title/tt0109579"" target=""_blank"">tt0109579</a>","<a href=""https://www.imdb.com/title/tt0109579"" target=""_blank"">Death and the Maiden</a>"
"tt5639354","A Fantastic Woman",2017,2372,7.2,28102,104,"Sebastián Lelio","Sebastián Lelio, Gonzalo Maza, Eliseo Altunaga","Drama","<a href=""https://www.imdb.com/title/tt5639354"" target=""_blank"">tt5639354</a>","<a href=""https://www.imdb.com/title/tt5639354"" target=""_blank"">A Fantastic Woman</a>"
"tt0488798","Welcome",2007,2373,7.1,27843,150,"Anees Bazmee, Mayur K. Barot","Anees Bazmee, Rajeev Kaul, Praful Parekh","Comedy, Crime, Drama","<a href=""https://www.imdb.com/title/tt0488798"" target=""_blank"">tt0488798</a>","<a href=""https://www.imdb.com/title/tt0488798"" target=""_blank"">Welcome</a>"
"tt3140100","Department Q: The Absent One",2014,2374,7.1,27828,119,"Mikkel Nørgaard","Nikolaj Arcel, Rasmus Heisterberg, Jussi Adler-Olsen, Mikkel Nørgaard","Crime, Drama, Mystery","<a href=""https://www.imdb.com/title/tt3140100"" target=""_blank"">tt3140100</a>","<a href=""https://www.imdb.com/title/tt3140100"" target=""_blank"">Department Q: The Absent One</a>"
"tt0369672","A Love Song for Bobby Long",2004,2375,7.1,27818,119,"Shainee Gabel","Ronald Everett Capps, Shainee Gabel","Drama","<a href=""https://www.imdb.com/title/tt0369672"" target=""_blank"">tt0369672</a>","<a href=""https://www.imdb.com/title/tt0369672"" target=""_blank"">A Love Song for Bobby Long</a>"
"tt1440232","Little White Lies",2010,2376,7.1,27766,154,"Guillaume Canet","Guillaume Canet","Comedy, Drama","<a href=""https://www.imdb.com/title/tt1440232"" target=""_blank"">tt1440232</a>","<a href=""https://www.imdb.com/title/tt1440232"" target=""_blank"">Little White Lies</a>"
"tt0065528","Catch-22",1970,2377,7.1,27645,122,"Mike Nichols","Joseph Heller, Buck Henry","Comedy, Drama, War","<a href=""https://www.imdb.com/title/tt0065528"" target=""_blank"">tt0065528</a>","<a href=""https://www.imdb.com/title/tt0065528"" target=""_blank"">Catch-22</a>"
"tt0034587","Cat People",1942,2378,7.2,27550,73,"Jacques Tourneur","DeWitt Bodeen","Fantasy, Horror, Thriller","<a href=""https://www.imdb.com/title/tt0034587"" target=""_blank"">tt0034587</a>","<a href=""https://www.imdb.com/title/tt0034587"" target=""_blank"">Cat People</a>"
"tt0100685","State of Grace",1990,2379,7.1,27530,134,"Phil Joanou","Dennis McIntyre","Action, Crime, Drama","<a href=""https://www.imdb.com/title/tt0100685"" target=""_blank"">tt0100685</a>","<a href=""https://www.imdb.com/title/tt0100685"" target=""_blank"">State of Grace</a>"
"tt10964430","Thappad",2020,2380,7.1,27432,142,"Anubhav Sinha","Mrunmayee Lagoo, Anubhav Sinha","Drama","<a href=""https://www.imdb.com/title/tt10964430"" target=""_blank"">tt10964430</a>","<a href=""https://www.imdb.com/title/tt10964430"" target=""_blank"">Thappad</a>"
"tt14153080","A Good Person",2023,2381,7.1,27121,128,"Zach Braff","Zach Braff","Drama","<a href=""https://www.imdb.com/title/tt14153080"" target=""_blank"">tt14153080</a>","<a href=""https://www.imdb.com/title/tt14153080"" target=""_blank"">A Good Person</a>"
"tt28082769","September 5",2024,2382,7.1,26993,95,"Tim Fehlbaum","Moritz Binder, Tim Fehlbaum, Alex David","Drama, History, Thriller","<a href=""https://www.imdb.com/title/tt28082769"" target=""_blank"">tt28082769</a>","<a href=""https://www.imdb.com/title/tt28082769"" target=""_blank"">September 5</a>"
"tt0051622","The Fly",1958,2383,7.1,26941,94,"Kurt Neumann","James Clavell, George Langelaan","Drama, Horror, Sci-Fi","<a href=""https://www.imdb.com/title/tt0051622"" target=""_blank"">tt0051622</a>","<a href=""https://www.imdb.com/title/tt0051622"" target=""_blank"">The Fly</a>"
"tt0978759","Frozen River",2008,2384,7.1,26916,97,"Courtney Hunt","Courtney Hunt","Crime, Drama","<a href=""https://www.imdb.com/title/tt0978759"" target=""_blank"">tt0978759</a>","<a href=""https://www.imdb.com/title/tt0978759"" target=""_blank"">Frozen River</a>"
"tt0120176","The Spanish Prisoner",1997,2385,7.1,26889,110,"David Mamet","David Mamet","Drama, Mystery, Thriller","<a href=""https://www.imdb.com/title/tt0120176"" target=""_blank"">tt0120176</a>","<a href=""https://www.imdb.com/title/tt0120176"" target=""_blank"">The Spanish Prisoner</a>"
"tt13229894","God's Crooked Lines",2022,2386,7.1,26856,154,"Oriol Paulo","Oriol Paulo, Guillem Clua, Lara Sendim, Torcuato Luca de Tena","Drama, Mystery, Thriller","<a href=""https://www.imdb.com/title/tt13229894"" target=""_blank"">tt13229894</a>","<a href=""https://www.imdb.com/title/tt13229894"" target=""_blank"">God's Crooked Lines</a>"
"tt0247196","Before Night Falls",2000,2387,7.1,26847,133,"Julian Schnabel","Cunningham O'Keefe, Lázaro Gómez Carriles, Julian Schnabel, Reynaldo Arenas, Jana Bokova","Biography, Drama, Romance","<a href=""https://www.imdb.com/title/tt0247196"" target=""_blank"">tt0247196</a>","<a href=""https://www.imdb.com/title/tt0247196"" target=""_blank"">Before Night Falls</a>"
"tt11729298","American Underdog",2021,2388,7.1,26578,112,"Andrew Erwin, Jon Erwin","Kurt Warner, Michael Silver, Jon Erwin, David Aaron Cohen, Jon Gunn","Biography, Drama, Romance","<a href=""https://www.imdb.com/title/tt11729298"" target=""_blank"">tt11729298</a>","<a href=""https://www.imdb.com/title/tt11729298"" target=""_blank"">American Underdog</a>"
"tt0342492","The Green Butchers",2003,2389,7.2,26160,100,"Anders Thomas Jensen","Anders Thomas Jensen","Comedy, Drama","<a href=""https://www.imdb.com/title/tt0342492"" target=""_blank"">tt0342492</a>","<a href=""https://www.imdb.com/title/tt0342492"" target=""_blank"">The Green Butchers</a>"
"tt0086969","Birdy",1984,2390,7.2,26034,120,"Alan Parker","William Wharton, Sandy Kroopf, Jack Behr","Drama, War","<a href=""https://www.imdb.com/title/tt0086969"" target=""_blank"">tt0086969</a>","<a href=""https://www.imdb.com/title/tt0086969"" target=""_blank"">Birdy</a>"
"tt0342735","Manderlay",2005,2391,7.2,25943,133,"Lars von Trier","Lars von Trier","Drama","<a href=""https://www.imdb.com/title/tt0342735"" target=""_blank"">tt0342735</a>","<a href=""https://www.imdb.com/title/tt0342735"" target=""_blank"">Manderlay</a>"
"tt0065143","The Bird with the Crystal Plumage",1970,2392,7.1,25936,96,"Dario Argento","Dario Argento, Fredric Brown","Drama, Horror, Mystery","<a href=""https://www.imdb.com/title/tt0065143"" target=""_blank"">tt0065143</a>","<a href=""https://www.imdb.com/title/tt0065143"" target=""_blank"">The Bird with the Crystal Plumage</a>"
"tt5716464","Breathe",2017,2393,7.2,25913,118,"Andy Serkis","William Nicholson","Biography, Drama, Romance","<a href=""https://www.imdb.com/title/tt5716464"" target=""_blank"">tt5716464</a>","<a href=""https://www.imdb.com/title/tt5716464"" target=""_blank"">Breathe</a>"
"tt0168122","Pirates of Silicon Valley",1999,2394,7.2,25754,95,"Martyn Burke","Paul Freiberger, Michael Swaine, Martyn Burke","Biography, Drama, History","<a href=""https://www.imdb.com/title/tt0168122"" target=""_blank"">tt0168122</a>","<a href=""https://www.imdb.com/title/tt0168122"" target=""_blank"">Pirates of Silicon Valley</a>"
"tt7581902","Sonu Ke Titu Ki Sweety",2018,2395,7.1,25701,138,"Luv Ranjan","Rahul Mody, Luv Ranjan","Comedy, Romance","<a href=""https://www.imdb.com/title/tt7581902"" target=""_blank"">tt7581902</a>","<a href=""https://www.imdb.com/title/tt7581902"" target=""_blank"">Sonu Ke Titu Ki Sweety</a>"
"tt0199725","Love & Basketball",2000,2396,7.2,25692,124,"Gina Prince-Bythewood","Gina Prince-Bythewood","Drama, Romance, Sport","<a href=""https://www.imdb.com/title/tt0199725"" target=""_blank"">tt0199725</a>","<a href=""https://www.imdb.com/title/tt0199725"" target=""_blank"">Love & Basketball</a>"
"tt21626774","Sector 36",2024,2397,7.2,25690,123,"Aditya Nimbalkar","Bodhayan Roychaudhury","Crime, Drama, Thriller","<a href=""https://www.imdb.com/title/tt21626774"" target=""_blank"">tt21626774</a>","<a href=""https://www.imdb.com/title/tt21626774"" target=""_blank"">Sector 36</a>"
"tt0047573","Them!",1954,2398,7.2,25672,94,"Gordon Douglas","Ted Sherdeman, Russell S. Hughes, George Worthing Yates","Horror, Sci-Fi","<a href=""https://www.imdb.com/title/tt0047573"" target=""_blank"">tt0047573</a>","<a href=""https://www.imdb.com/title/tt0047573"" target=""_blank"">Them!</a>"
"tt0926762","Loft",2008,2399,7.2,25609,118,"Erik Van Looy","Bart De Pauw","Crime, Drama, Mystery","<a href=""https://www.imdb.com/title/tt0926762"" target=""_blank"">tt0926762</a>","<a href=""https://www.imdb.com/title/tt0926762"" target=""_blank"">Loft</a>"
"tt0411195","Breakfast on Pluto",2005,2400,7.2,25574,128,"Neil Jordan","Neil Jordan, Pat McCabe","Comedy, Drama","<a href=""https://www.imdb.com/title/tt0411195"" target=""_blank"">tt0411195</a>","<a href=""https://www.imdb.com/title/tt0411195"" target=""_blank"">Breakfast on Pluto</a>"
"tt13131350","Vikram Vedha",2022,2401,7.1,25518,160,"Gayatri, Pushkar","Benazir Ali Fida, Gayatri, Manoj Muntashir, Pushkar","Action, Crime, Drama","<a href=""https://www.imdb.com/title/tt13131350"" target=""_blank"">tt13131350</a>","<a href=""https://www.imdb.com/title/tt13131350"" target=""_blank"">Vikram Vedha</a>"
"tt0055277","The Parent Trap",1961,2402,7.2,25412,129,"David Swift","David Swift, Erich Kästner","Comedy, Family, Romance","<a href=""https://www.imdb.com/title/tt0055277"" target=""_blank"">tt0055277</a>","<a href=""https://www.imdb.com/title/tt0055277"" target=""_blank"">The Parent Trap</a>"
"tt0222851","Brother",2000,2403,7.1,25404,114,"Takeshi Kitano","Takeshi Kitano","Crime, Drama, Thriller","<a href=""https://www.imdb.com/title/tt0222851"" target=""_blank"">tt0222851</a>","<a href=""https://www.imdb.com/title/tt0222851"" target=""_blank"">Brother</a>"
"tt0093223","House of Games",1987,2404,7.2,25062,102,"David Mamet","David Mamet, Jonathan Katz","Crime, Drama, Thriller","<a href=""https://www.imdb.com/title/tt0093223"" target=""_blank"">tt0093223</a>","<a href=""https://www.imdb.com/title/tt0093223"" target=""_blank"">House of Games</a>"
"tt3819668","Dragon Ball Z: Resurrection 'F'",2015,2405,7.1,25015,94,"Tadayoshi Yamamuro","Akira Toriyama","Action, Adventure, Animation","<a href=""https://www.imdb.com/title/tt3819668"" target=""_blank"">tt3819668</a>","<a href=""https://www.imdb.com/title/tt3819668"" target=""_blank"">Dragon Ball Z: Resurrection 'F'</a>"
"tt1300854","Iron Man 3",2013,2406,7.1,936011,130,"Shane Black","Drew Pearce, Shane Black, Stan Lee, Don Heck, Larry Lieber, Jack Kirby, Warren Ellis, Adi Granov","Action, Adventure, Sci-Fi","<a href=""https://www.imdb.com/title/tt1300854"" target=""_blank"">tt1300854</a>","<a href=""https://www.imdb.com/title/tt1300854"" target=""_blank"">Iron Man 3</a>"
"tt0770828","Man of Steel",2013,2407,7.1,836960,143,"Zack Snyder","David S. Goyer, Christopher Nolan, Jerry Siegel, Joe Shuster","Action, Adventure, Sci-Fi","<a href=""https://www.imdb.com/title/tt0770828"" target=""_blank"">tt0770828</a>","<a href=""https://www.imdb.com/title/tt0770828"" target=""_blank"">Man of Steel</a>"
"tt0449088","Pirates of the Caribbean: At World's End",2007,2408,7.1,722328,169,"Gore Verbinski","Ted Elliott, Terry Rossio, Stuart Beattie, Jay Wolpert","Action, Adventure, Fantasy","<a href=""https://www.imdb.com/title/tt0449088"" target=""_blank"">tt0449088</a>","<a href=""https://www.imdb.com/title/tt0449088"" target=""_blank"">Pirates of the Caribbean: At World's End</a>"
"tt0418279","Transformers",2007,2409,7.1,699489,144,"Michael Bay","Roberto Orci, Alex Kurtzman, John Rogers","Action, Adventure, Sci-Fi","<a href=""https://www.imdb.com/title/tt0418279"" target=""_blank"">tt0418279</a>","<a href=""https://www.imdb.com/title/tt0418279"" target=""_blank"">Transformers</a>"
"tt0343818","I, Robot",2004,2410,7.1,598762,115,"Alex Proyas","Jeff Vintar, Akiva Goldsman, Isaac Asimov","Action, Mystery, Sci-Fi","<a href=""https://www.imdb.com/title/tt0343818"" target=""_blank"">tt0343818</a>","<a href=""https://www.imdb.com/title/tt0343818"" target=""_blank"">I, Robot</a>"
"tt0405422","The 40-Year-Old Virgin",2005,2411,7.1,487112,116,"Judd Apatow","Judd Apatow, Steve Carell","Comedy, Romance","<a href=""https://www.imdb.com/title/tt0405422"" target=""_blank"">tt0405422</a>","<a href=""https://www.imdb.com/title/tt0405422"" target=""_blank"">The 40-Year-Old Virgin</a>"
"tt0120616","The Mummy",1999,2412,7.1,484319,124,"Stephen Sommers","Stephen Sommers, Lloyd Fonvielle, Kevin Jarre, John L. Balderston, Nina Wilcox Putnam, Richard Schayer","Action, Adventure, Fantasy","<a href=""https://www.imdb.com/title/tt0120616"" target=""_blank"">tt0120616</a>","<a href=""https://www.imdb.com/title/tt0120616"" target=""_blank"">The Mummy</a>"
"tt11564570","Glass Onion",2022,2413,7.1,479835,139,"Rian Johnson","Rian Johnson","Comedy, Crime, Drama","<a href=""https://www.imdb.com/title/tt11564570"" target=""_blank"">tt11564570</a>","<a href=""https://www.imdb.com/title/tt11564570"" target=""_blank"">Glass Onion</a>"
"tt0942385","Tropic Thunder",2008,2414,7.1,471777,107,"Ben Stiller","Justin Theroux, Ben Stiller, Etan Cohen","Action, Comedy, War","<a href=""https://www.imdb.com/title/tt0942385"" target=""_blank"">tt0942385</a>","<a href=""https://www.imdb.com/title/tt0942385"" target=""_blank"">Tropic Thunder</a>"
"tt6264654","Free Guy",2021,2415,7.1,466439,115,"Shawn Levy","Matt Lieberman, Zak Penn","Action, Adventure, Comedy","<a href=""https://www.imdb.com/title/tt6264654"" target=""_blank"">tt6264654</a>","<a href=""https://www.imdb.com/title/tt6264654"" target=""_blank"">Free Guy</a>"
"tt0377092","Mean Girls",2004,2416,7.1,464620,97,"Mark Waters","Rosalind Wiseman, Tina Fey","Comedy","<a href=""https://www.imdb.com/title/tt0377092"" target=""_blank"">tt0377092</a>","<a href=""https://www.imdb.com/title/tt0377092"" target=""_blank"">Mean Girls</a>"
"tt1217209","Brave",2012,2417,7.1,464047,93,"Mark Andrews, Brenda Chapman, Steve Purcell","Brenda Chapman, Mark Andrews, Steve Purcell, Irene Mecchi","Action, Adventure, Animation","<a href=""https://www.imdb.com/title/tt1217209"" target=""_blank"">tt1217209</a>","<a href=""https://www.imdb.com/title/tt1217209"" target=""_blank"">Brave</a>"
"tt8772262","Midsommar",2019,2418,7.1,452832,148,"Ari Aster","Ari Aster","Drama, Horror, Mystery","<a href=""https://www.imdb.com/title/tt8772262"" target=""_blank"">tt8772262</a>","<a href=""https://www.imdb.com/title/tt8772262"" target=""_blank"">Midsommar</a>"
"tt0337978","Live Free or Die Hard",2007,2419,7.1,429751,128,"Len Wiseman","John Carlin, Roderick Thorp, Mark Bomback, David Marconi","Action, Thriller","<a href=""https://www.imdb.com/title/tt0337978"" target=""_blank"">tt0337978</a>","<a href=""https://www.imdb.com/title/tt0337978"" target=""_blank"">Live Free or Die Hard</a>"
"tt2820852","Furious 7",2015,2420,7.1,428717,137,"James Wan","Chris Morgan, Gary Scott Thompson","Action, Thriller","<a href=""https://www.imdb.com/title/tt2820852"" target=""_blank"">tt2820852</a>","<a href=""https://www.imdb.com/title/tt2820852"" target=""_blank"">Furious 7</a>"
"tt1706620","Snowpiercer",2013,2421,7.1,408549,126,"Bong Joon Ho","Jacques Lob, Benjamin Legrand, Jean-Marc Rochette, Bong Joon Ho, Kelly Masterson","Action, Sci-Fi, Thriller","<a href=""https://www.imdb.com/title/tt1706620"" target=""_blank"">tt1706620</a>","<a href=""https://www.imdb.com/title/tt1706620"" target=""_blank"">Snowpiercer</a>"
"tt0113497","Jumanji",1995,2422,7.1,398136,104,"Joe Johnston","Jonathan Hensleigh, Greg Taylor, Jim Strain, Chris Van Allsburg","Adventure, Comedy, Family","<a href=""https://www.imdb.com/title/tt0113497"" target=""_blank"">tt0113497</a>","<a href=""https://www.imdb.com/title/tt0113497"" target=""_blank"">Jumanji</a>"
"tt0357413","Anchorman: The Legend of Ron Burgundy",2004,2423,7.1,391653,94,"Adam McKay","Will Ferrell, Adam McKay","Comedy","<a href=""https://www.imdb.com/title/tt0357413"" target=""_blank"">tt0357413</a>","<a href=""https://www.imdb.com/title/tt0357413"" target=""_blank"">Anchorman: The Legend of Ron Burgundy</a>"
"tt0298130","The Ring",2002,2424,7.1,391026,115,"Gore Verbinski","Ehren Kruger, Kôji Suzuki, Hiroshi Takahashi","Horror, Mystery","<a href=""https://www.imdb.com/title/tt0298130"" target=""_blank"">tt0298130</a>","<a href=""https://www.imdb.com/title/tt0298130"" target=""_blank"">The Ring</a>"
"tt0100405","Pretty Woman",1990,2425,7.1,388459,119,"Garry Marshall","J.F. Lawton","Comedy, Romance","<a href=""https://www.imdb.com/title/tt0100405"" target=""_blank"">tt0100405</a>","<a href=""https://www.imdb.com/title/tt0100405"" target=""_blank"">Pretty Woman</a>"
"tt0433035","Real Steel",2011,2426,7.1,371524,127,"Shawn Levy","John Gatins, Dan Gilroy, Jeremy Leven, Richard Matheson","Action, Drama, Sci-Fi","<a href=""https://www.imdb.com/title/tt0433035"" target=""_blank"">tt0433035</a>","<a href=""https://www.imdb.com/title/tt0433035"" target=""_blank"">Real Steel</a>"
"tt0822854","Shooter",2007,2427,7.1,367941,124,"Antoine Fuqua","Stephen Hunter, Jonathan Lemkin","Action, Drama, Thriller","<a href=""https://www.imdb.com/title/tt0822854"" target=""_blank"">tt0822854</a>","<a href=""https://www.imdb.com/title/tt0822854"" target=""_blank"">Shooter</a>"
"tt0884328","The Mist",2007,2428,7.1,360279,126,"Frank Darabont","Frank Darabont, Stephen King","Horror, Sci-Fi, Thriller","<a href=""https://www.imdb.com/title/tt0884328"" target=""_blank"">tt0884328</a>","<a href=""https://www.imdb.com/title/tt0884328"" target=""_blank"">The Mist</a>"
"tt2771200","Beauty and the Beast",2017,2429,7.1,349248,129,"Bill Condon","Stephen Chbosky, Evan Spiliotopoulos, Linda Woolverton, Jeanne-Marie Leprince de Beaumont, Gabrielle-Suzanne Barbot de Villeneuve","Adventure, Family, Fantasy","<a href=""https://www.imdb.com/title/tt2771200"" target=""_blank"">tt2771200</a>","<a href=""https://www.imdb.com/title/tt2771200"" target=""_blank"">Beauty and the Beast</a>"
"tt1981677","Pitch Perfect",2012,2430,7.1,342224,112,"Jason Moore","Kay Cannon, Mickey Rapkin","Comedy, Music, Romance","<a href=""https://www.imdb.com/title/tt1981677"" target=""_blank"">tt1981677</a>","<a href=""https://www.imdb.com/title/tt1981677"" target=""_blank"">Pitch Perfect</a>"
"tt0103776","Batman Returns",1992,2431,7.1,341069,126,"Tim Burton","Bob Kane, Daniel Waters, Sam Hamm","Action, Crime, Fantasy","<a href=""https://www.imdb.com/title/tt0103776"" target=""_blank"">tt0103776</a>","<a href=""https://www.imdb.com/title/tt0103776"" target=""_blank"">Batman Returns</a>"
"tt0129387","There's Something About Mary",1998,2432,7.1,340326,119,"Bobby Farrelly, Peter Farrelly","Ed Decter, John J. Strauss, Peter Farrelly, Bobby Farrelly","Comedy, Romance","<a href=""https://www.imdb.com/title/tt0129387"" target=""_blank"">tt0129387</a>","<a href=""https://www.imdb.com/title/tt0129387"" target=""_blank"">There's Something About Mary</a>"
"tt0453467","Deja Vu",2006,2433,7.1,338565,126,"Tony Scott","Bill Marsilii, Terry Rossio","Action, Crime, Sci-Fi","<a href=""https://www.imdb.com/title/tt0453467"" target=""_blank"">tt0453467</a>","<a href=""https://www.imdb.com/title/tt0453467"" target=""_blank"">Deja Vu</a>"
"tt0319343","Elf",2003,2434,7.1,330589,97,"Jon Favreau","David Berenbaum","Adventure, Comedy, Family","<a href=""https://www.imdb.com/title/tt0319343"" target=""_blank"">tt0319343</a>","<a href=""https://www.imdb.com/title/tt0319343"" target=""_blank"">Elf</a>"
"tt3464902","The Lobster",2015,2435,7.1,320632,119,"Yorgos Lanthimos","Yorgos Lanthimos, Efthimis Filippou","Drama, Romance, Sci-Fi","<a href=""https://www.imdb.com/title/tt3464902"" target=""_blank"">tt3464902</a>","<a href=""https://www.imdb.com/title/tt3464902"" target=""_blank"">The Lobster</a>"
"tt4160708","Don't Breathe",2016,2436,7.1,319360,88,"Fede Alvarez","Fede Alvarez, Rodo Sayagues","Crime, Horror, Thriller","<a href=""https://www.imdb.com/title/tt4160708"" target=""_blank"">tt4160708</a>","<a href=""https://www.imdb.com/title/tt4160708"" target=""_blank"">Don't Breathe</a>"
"tt0120611","Blade",1998,2437,7.1,318945,120,"Stephen Norrington","David S. Goyer","Action, Horror, Sci-Fi","<a href=""https://www.imdb.com/title/tt0120611"" target=""_blank"">tt0120611</a>","<a href=""https://www.imdb.com/title/tt0120611"" target=""_blank"">Blade</a>"
"tt0800039","Forgetting Sarah Marshall",2008,2438,7.1,312340,111,"Nicholas Stoller","Jason Segel","Comedy, Drama, Romance","<a href=""https://www.imdb.com/title/tt0800039"" target=""_blank"">tt0800039</a>","<a href=""https://www.imdb.com/title/tt0800039"" target=""_blank"">Forgetting Sarah Marshall</a>"
"tt1343727","Dredd",2012,2439,7.1,305860,95,"Pete Travis","John Wagner, Carlos Ezquerra, Alex Garland","Action, Crime, Sci-Fi","<a href=""https://www.imdb.com/title/tt1343727"" target=""_blank"">tt1343727</a>","<a href=""https://www.imdb.com/title/tt1343727"" target=""_blank"">Dredd</a>"
"tt0107614","Mrs. Doubtfire",1993,2440,7.1,305589,125,"Chris Columbus","Anne Fine, Randi Mayem Singer, Leslie Dixon","Comedy, Drama, Family","<a href=""https://www.imdb.com/title/tt0107614"" target=""_blank"">tt0107614</a>","<a href=""https://www.imdb.com/title/tt0107614"" target=""_blank"">Mrs. Doubtfire</a>"
"tt2361509","The Intern",2015,2441,7.1,295758,121,"Nancy Meyers","Nancy Meyers","Comedy, Drama","<a href=""https://www.imdb.com/title/tt2361509"" target=""_blank"">tt2361509</a>","<a href=""https://www.imdb.com/title/tt2361509"" target=""_blank"">The Intern</a>"
"tt0183649","Phone Booth",2002,2442,7.1,295499,81,"Joel Schumacher","Larry Cohen","Crime, Thriller","<a href=""https://www.imdb.com/title/tt0183649"" target=""_blank"">tt0183649</a>","<a href=""https://www.imdb.com/title/tt0183649"" target=""_blank"">Phone Booth</a>"
"tt1931533","Seven Psychopaths",2012,2443,7.1,282275,110,"Martin McDonagh","Martin McDonagh","Comedy, Crime","<a href=""https://www.imdb.com/title/tt1931533"" target=""_blank"">tt1931533</a>","<a href=""https://www.imdb.com/title/tt1931533"" target=""_blank"">Seven Psychopaths</a>"
"tt2005151","War Dogs",2016,2444,7.1,280479,114,"Todd Phillips","Stephen Chin, Todd Phillips, Jason Smilovic, Guy Lawson","Biography, Comedy, Crime","<a href=""https://www.imdb.com/title/tt2005151"" target=""_blank"">tt2005151</a>","<a href=""https://www.imdb.com/title/tt2005151"" target=""_blank"">War Dogs</a>"
"tt0497465","Vicky Cristina Barcelona",2008,2445,7.1,275703,96,"Woody Allen","Woody Allen","Comedy, Drama, Romance","<a href=""https://www.imdb.com/title/tt0497465"" target=""_blank"">tt0497465</a>","<a href=""https://www.imdb.com/title/tt0497465"" target=""_blank"">Vicky Cristina Barcelona</a>"
"tt1051906","The Invisible Man",2020,2446,7.1,272564,124,"Leigh Whannell","Leigh Whannell, H.G. Wells","Drama, Horror, Mystery","<a href=""https://www.imdb.com/title/tt1051906"" target=""_blank"">tt1051906</a>","<a href=""https://www.imdb.com/title/tt1051906"" target=""_blank"">The Invisible Man</a>"
"tt0092890","Dirty Dancing",1987,2447,7.1,270688,100,"Emile Ardolino","Eleanor Bergstein","Drama, Music, Romance","<a href=""https://www.imdb.com/title/tt0092890"" target=""_blank"">tt0092890</a>","<a href=""https://www.imdb.com/title/tt0092890"" target=""_blank"">Dirty Dancing</a>"
"tt0985699","Valkyrie",2008,2448,7.1,267854,121,"Bryan Singer","Christopher McQuarrie, Nathan Alexander","Drama, History, Thriller","<a href=""https://www.imdb.com/title/tt0985699"" target=""_blank"">tt0985699</a>","<a href=""https://www.imdb.com/title/tt0985699"" target=""_blank"">Valkyrie</a>"
"tt0123755","Cube",1997,2449,7.1,256066,90,"Vincenzo Natali","André Bijelic, Vincenzo Natali, Graeme Manson","Horror, Mystery, Sci-Fi","<a href=""https://www.imdb.com/title/tt0123755"" target=""_blank"">tt0123755</a>","<a href=""https://www.imdb.com/title/tt0123755"" target=""_blank"">Cube</a>"
"tt18412256","Alien: Romulus",2024,2450,7.1,254326,119,"Fede Alvarez","Dan O'Bannon, Ronald Shusett, Fede Alvarez, Rodo Sayagues","Horror, Sci-Fi, Thriller","<a href=""https://www.imdb.com/title/tt18412256"" target=""_blank"">tt18412256</a>","<a href=""https://www.imdb.com/title/tt18412256"" target=""_blank"">Alien: Romulus</a>"
"tt0414993","The Fountain",2006,2451,7.1,253933,97,"Darren Aronofsky","Darren Aronofsky, Ari Handel","Drama, Mystery, Romance","<a href=""https://www.imdb.com/title/tt0414993"" target=""_blank"">tt0414993</a>","<a href=""https://www.imdb.com/title/tt0414993"" target=""_blank"">The Fountain</a>"
"tt11866324","Prey",2022,2452,7.1,252598,100,"Dan Trachtenberg","Patrick Aison, Dan Trachtenberg, Jim Thomas, John Thomas","Action, Adventure, Horror","<a href=""https://www.imdb.com/title/tt11866324"" target=""_blank"">tt11866324</a>","<a href=""https://www.imdb.com/title/tt11866324"" target=""_blank"">Prey</a>"
"tt0099653","Ghost",1990,2453,7.1,248707,126,"Jerry Zucker","Bruce Joel Rubin","Drama, Fantasy, Romance","<a href=""https://www.imdb.com/title/tt0099653"" target=""_blank"">tt0099653</a>","<a href=""https://www.imdb.com/title/tt0099653"" target=""_blank"">Ghost</a>"
"tt0376541","Closer",2004,2454,7.1,245306,104,"Mike Nichols","Patrick Marber","Drama, Romance","<a href=""https://www.imdb.com/title/tt0376541"" target=""_blank"">tt0376541</a>","<a href=""https://www.imdb.com/title/tt0376541"" target=""_blank"">Closer</a>"
"tt0481499","The Croods",2013,2455,7.1,243881,98,"Kirk DeMicco, Chris Sanders","Kirk DeMicco, Chris Sanders, John Cleese","Adventure, Animation, Comedy","<a href=""https://www.imdb.com/title/tt0481499"" target=""_blank"">tt0481499</a>","<a href=""https://www.imdb.com/title/tt0481499"" target=""_blank"">The Croods</a>"
"tt2719848","Everest",2015,2456,7.1,241166,121,"Baltasar Kormákur","William Nicholson, Simon Beaufoy","Adventure, Biography, Drama","<a href=""https://www.imdb.com/title/tt2719848"" target=""_blank"">tt2719848</a>","<a href=""https://www.imdb.com/title/tt2719848"" target=""_blank"">Everest</a>"
"tt0138097","Shakespeare in Love",1998,2457,7.1,239271,123,"John Madden","Marc Norman, Tom Stoppard","Comedy, Drama, History","<a href=""https://www.imdb.com/title/tt0138097"" target=""_blank"">tt0138097</a>","<a href=""https://www.imdb.com/title/tt0138097"" target=""_blank"">Shakespeare in Love</a>"
"tt0479143","Rocky Balboa",2006,2458,7.1,237949,102,"Sylvester Stallone","Sylvester Stallone","Drama, Sport","<a href=""https://www.imdb.com/title/tt0479143"" target=""_blank"">tt0479143</a>","<a href=""https://www.imdb.com/title/tt0479143"" target=""_blank"">Rocky Balboa</a>"
"tt1124035","The Ides of March",2011,2459,7.1,235816,101,"George Clooney","George Clooney, Grant Heslov, Beau Willimon","Drama, Thriller","<a href=""https://www.imdb.com/title/tt1124035"" target=""_blank"">tt1124035</a>","<a href=""https://www.imdb.com/title/tt1124035"" target=""_blank"">The Ides of March</a>"
"tt0103772","Basic Instinct",1992,2460,7.1,233535,127,"Paul Verhoeven","Joe Eszterhas","Drama, Mystery, Thriller","<a href=""https://www.imdb.com/title/tt0103772"" target=""_blank"">tt0103772</a>","<a href=""https://www.imdb.com/title/tt0103772"" target=""_blank"">Basic Instinct</a>"
"tt0094898","Coming to America",1988,2461,7.1,233331,117,"John Landis","Eddie Murphy, David Sheffield, Barry W. Blaustein","Comedy, Romance","<a href=""https://www.imdb.com/title/tt0094898"" target=""_blank"">tt0094898</a>","<a href=""https://www.imdb.com/title/tt0094898"" target=""_blank"">Coming to America</a>"
"tt11083552","Wrath of Man",2021,2462,7.1,226546,119,"Guy Ritchie","Nicolas Boukhrief, Éric Besnard, Guy Ritchie, Ivan Atkinson, Marn Davies","Action, Crime, Thriller","<a href=""https://www.imdb.com/title/tt11083552"" target=""_blank"">tt11083552</a>","<a href=""https://www.imdb.com/title/tt11083552"" target=""_blank"">Wrath of Man</a>"
"tt0461770","Enchanted",2007,2463,7.1,224731,107,"Kevin Lima","Bill Kelly","Adventure, Animation, Comedy","<a href=""https://www.imdb.com/title/tt0461770"" target=""_blank"">tt0461770</a>","<a href=""https://www.imdb.com/title/tt0461770"" target=""_blank"">Enchanted</a>"
"tt3532216","American Made",2017,2464,7.1,221946,115,"Doug Liman","Gary Spinelli","Action, Comedy, Crime","<a href=""https://www.imdb.com/title/tt3532216"" target=""_blank"">tt3532216</a>","<a href=""https://www.imdb.com/title/tt3532216"" target=""_blank"">American Made</a>"
"tt0120630","Chicken Run",2000,2465,7.1,219843,84,"Peter Lord, Nick Park","Peter Lord, Nick Park, Karey Kirkpatrick, Mark Burton, John O'Farrell","Adventure, Animation, Comedy","<a href=""https://www.imdb.com/title/tt0120630"" target=""_blank"">tt0120630</a>","<a href=""https://www.imdb.com/title/tt0120630"" target=""_blank"">Chicken Run</a>"
"tt0094012","Spaceballs",1987,2466,7.1,218240,96,"Mel Brooks","Mel Brooks, Thomas Meehan, Ronny Graham","Adventure, Comedy, Sci-Fi","<a href=""https://www.imdb.com/title/tt0094012"" target=""_blank"">tt0094012</a>","<a href=""https://www.imdb.com/title/tt0094012"" target=""_blank"">Spaceballs</a>"
"tt2267968","Kung Fu Panda 3",2016,2467,7.1,206123,95,"Alessandro Carloni, Jennifer Yuh Nelson","Jonathan Aibel, Glenn Berger, Ethan Reiff, Cyrus Voris","Action, Adventure, Animation","<a href=""https://www.imdb.com/title/tt2267968"" target=""_blank"">tt2267968</a>","<a href=""https://www.imdb.com/title/tt2267968"" target=""_blank"">Kung Fu Panda 3</a>"
"tt0112851","Desperado",1995,2468,7.1,204161,104,"Robert Rodriguez","Robert Rodriguez","Action, Crime, Drama","<a href=""https://www.imdb.com/title/tt0112851"" target=""_blank"">tt0112851</a>","<a href=""https://www.imdb.com/title/tt0112851"" target=""_blank"">Desperado</a>"
"tt3470600","Sing",2016,2469,7.1,203936,108,"Garth Jennings, Christophe Lourdelet","Garth Jennings","Animation, Comedy, Family","<a href=""https://www.imdb.com/title/tt3470600"" target=""_blank"">tt3470600</a>","<a href=""https://www.imdb.com/title/tt3470600"" target=""_blank"">Sing</a>"
"tt0810819","The Danish Girl",2015,2470,7.1,203867,119,"Tom Hooper","Lucinda Coxon, David Ebershoff","Biography, Drama","<a href=""https://www.imdb.com/title/tt0810819"" target=""_blank"">tt0810819</a>","<a href=""https://www.imdb.com/title/tt0810819"" target=""_blank"">The Danish Girl</a>"
"tt1527186","Melancholia",2011,2471,7.1,203007,135,"Lars von Trier","Lars von Trier","Drama, Sci-Fi","<a href=""https://www.imdb.com/title/tt1527186"" target=""_blank"">tt1527186</a>","<a href=""https://www.imdb.com/title/tt1527186"" target=""_blank"">Melancholia</a>"
"tt2053463","Side Effects",2013,2472,7.1,201749,106,"Steven Soderbergh","Scott Z. Burns","Crime, Drama, Mystery","<a href=""https://www.imdb.com/title/tt2053463"" target=""_blank"">tt2053463</a>","<a href=""https://www.imdb.com/title/tt2053463"" target=""_blank"">Side Effects</a>"
"tt0276751","About a Boy",2002,2473,7.1,196471,101,"Chris Weitz, Paul Weitz","Nick Hornby, Peter Hedges, Chris Weitz, Paul Weitz","Comedy, Drama, Romance","<a href=""https://www.imdb.com/title/tt0276751"" target=""_blank"">tt0276751</a>","<a href=""https://www.imdb.com/title/tt0276751"" target=""_blank"">About a Boy</a>"
"tt10640346","Babylon",2022,2474,7.1,195265,189,"Damien Chazelle","Damien Chazelle","Comedy, Drama","<a href=""https://www.imdb.com/title/tt10640346"" target=""_blank"">tt10640346</a>","<a href=""https://www.imdb.com/title/tt10640346"" target=""_blank"">Babylon</a>"
"tt1560747","The Master",2012,2475,7.1,193031,138,"Paul Thomas Anderson","Paul Thomas Anderson","Drama, History","<a href=""https://www.imdb.com/title/tt1560747"" target=""_blank"">tt1560747</a>","<a href=""https://www.imdb.com/title/tt1560747"" target=""_blank"">The Master</a>"
"tt1860357","Deepwater Horizon",2016,2476,7.1,192508,107,"Peter Berg","Matthew Michael Carnahan, Matthew Sand, David Barstow, David Rohde, Stephanie Saul","Action, Drama, History","<a href=""https://www.imdb.com/title/tt1860357"" target=""_blank"">tt1860357</a>","<a href=""https://www.imdb.com/title/tt1860357"" target=""_blank"">Deepwater Horizon</a>"
"tt10638522","Talk to Me",2022,2477,7.1,188497,95,"Danny Philippou, Michael Philippou","Danny Philippou, Bill Hinzman, Daley Pearson","Horror, Thriller","<a href=""https://www.imdb.com/title/tt10638522"" target=""_blank"">tt10638522</a>","<a href=""https://www.imdb.com/title/tt10638522"" target=""_blank"">Talk to Me</a>"
"tt0120188","Three Kings",1999,2478,7.1,184746,114,"David O. Russell","John Ridley, David O. Russell","Action, Adventure, Comedy","<a href=""https://www.imdb.com/title/tt0120188"" target=""_blank"">tt0120188</a>","<a href=""https://www.imdb.com/title/tt0120188"" target=""_blank"">Three Kings</a>"
"tt5052474","Sicario: Day of the Soldado",2018,2479,7.1,181542,122,"Stefano Sollima","Taylor Sheridan","Action, Crime, Drama","<a href=""https://www.imdb.com/title/tt5052474"" target=""_blank"">tt5052474</a>","<a href=""https://www.imdb.com/title/tt5052474"" target=""_blank"">Sicario: Day of the Soldado</a>"
"tt0832266","Definitely, Maybe",2008,2480,7.1,178953,112,"Adam Brooks","Adam Brooks","Comedy, Drama, Romance","<a href=""https://www.imdb.com/title/tt0832266"" target=""_blank"">tt0832266</a>","<a href=""https://www.imdb.com/title/tt0832266"" target=""_blank"">Definitely, Maybe</a>"
"tt3640424","Allied",2016,2481,7.1,175991,124,"Robert Zemeckis","Steven Knight","Action, Drama, Romance","<a href=""https://www.imdb.com/title/tt3640424"" target=""_blank"">tt3640424</a>","<a href=""https://www.imdb.com/title/tt3640424"" target=""_blank"">Allied</a>"
"tt0109831","Four Weddings and a Funeral",1994,2482,7.1,175005,117,"Mike Newell","Richard Curtis","Comedy, Drama, Romance","<a href=""https://www.imdb.com/title/tt0109831"" target=""_blank"">tt0109831</a>","<a href=""https://www.imdb.com/title/tt0109831"" target=""_blank"">Four Weddings and a Funeral</a>"
"tt6628394","Bad Times at the El Royale",2018,2483,7.1,173785,141,"Drew Goddard","Drew Goddard","Crime, Drama, Mystery","<a href=""https://www.imdb.com/title/tt6628394"" target=""_blank"">tt6628394</a>","<a href=""https://www.imdb.com/title/tt6628394"" target=""_blank"">Bad Times at the El Royale</a>"
"tt0266987","Spy Game",2001,2484,7.1,172898,126,"Tony Scott","Michael Frost Beckner, David Arata","Action, Crime, Thriller","<a href=""https://www.imdb.com/title/tt0266987"" target=""_blank"">tt0266987</a>","<a href=""https://www.imdb.com/title/tt0266987"" target=""_blank"">Spy Game</a>"
"tt0082340","Escape from New York",1981,2485,7.1,166517,99,"John Carpenter","John Carpenter, Nick Castle","Action, Adventure, Sci-Fi","<a href=""https://www.imdb.com/title/tt0082340"" target=""_blank"">tt0082340</a>","<a href=""https://www.imdb.com/title/tt0082340"" target=""_blank"">Escape from New York</a>"
"tt2692904","Locke",2013,2486,7.1,164993,85,"Steven Knight","Steven Knight","Drama","<a href=""https://www.imdb.com/title/tt2692904"" target=""_blank"">tt2692904</a>","<a href=""https://www.imdb.com/title/tt2692904"" target=""_blank"">Locke</a>"
"tt0473705","State of Play",2009,2487,7.1,164275,127,"Kevin Macdonald","Matthew Michael Carnahan, Tony Gilroy, Billy Ray, Paul Abbott","Crime, Drama, Mystery","<a href=""https://www.imdb.com/title/tt0473705"" target=""_blank"">tt0473705</a>","<a href=""https://www.imdb.com/title/tt0473705"" target=""_blank"">State of Play</a>"
"tt6343314","Creed II",2018,2488,7.1,163439,130,"Steven Caple Jr.","Juel Taylor, Sylvester Stallone, Sascha Penn, Cheo Hodari Coker, Steven Caple Jr.","Action, Drama, Sport","<a href=""https://www.imdb.com/title/tt6343314"" target=""_blank"">tt6343314</a>","<a href=""https://www.imdb.com/title/tt6343314"" target=""_blank"">Creed II</a>"
"tt1638002","Love, Rosie",2014,2489,7.1,163302,102,"Christian Ditter","Juliette Towhidi, Cecelia Ahern","Comedy, Romance","<a href=""https://www.imdb.com/title/tt1638002"" target=""_blank"">tt1638002</a>","<a href=""https://www.imdb.com/title/tt1638002"" target=""_blank"">Love, Rosie</a>"
"tt0452694","The Time Traveler's Wife",2009,2490,7.1,162643,107,"Robert Schwentke","Bruce Joel Rubin, Audrey Niffenegger","Drama, Fantasy, Romance","<a href=""https://www.imdb.com/title/tt0452694"" target=""_blank"">tt0452694</a>","<a href=""https://www.imdb.com/title/tt0452694"" target=""_blank"">The Time Traveler's Wife</a>"
"tt7395114","The Devil All the Time",2020,2491,7.1,162528,138,"Antonio Campos","Antonio Campos, Paulo Campos, Donald Ray Pollock","Crime, Drama, Thriller","<a href=""https://www.imdb.com/title/tt7395114"" target=""_blank"">tt7395114</a>","<a href=""https://www.imdb.com/title/tt7395114"" target=""_blank"">The Devil All the Time</a>"
"tt0120102","Seven Years in Tibet",1997,2492,7.1,162415,136,"Jean-Jacques Annaud","Heinrich Harrer, Becky Johnston","Adventure, Biography, Drama","<a href=""https://www.imdb.com/title/tt0120102"" target=""_blank"">tt0120102</a>","<a href=""https://www.imdb.com/title/tt0120102"" target=""_blank"">Seven Years in Tibet</a>"
"tt0765010","Brothers",2009,2493,7.1,162124,105,"Jim Sheridan","David Benioff, Susanne Bier, Anders Thomas Jensen","Drama, Thriller, War","<a href=""https://www.imdb.com/title/tt0765010"" target=""_blank"">tt0765010</a>","<a href=""https://www.imdb.com/title/tt0765010"" target=""_blank"">Brothers</a>"
"tt8847712","The French Dispatch",2021,2494,7.1,160388,107,"Wes Anderson","Wes Anderson, Roman Coppola, Hugo Guinness, Jason Schwartzman","Comedy, Drama, Romance","<a href=""https://www.imdb.com/title/tt8847712"" target=""_blank"">tt8847712</a>","<a href=""https://www.imdb.com/title/tt8847712"" target=""_blank"">The French Dispatch</a>"
"tt1403981","Remember Me",2010,2495,7.1,159905,113,"Allen Coulter","Will Fetters","Drama, Romance","<a href=""https://www.imdb.com/title/tt1403981"" target=""_blank"">tt1403981</a>","<a href=""https://www.imdb.com/title/tt1403981"" target=""_blank"">Remember Me</a>"
"tt1034303","Defiance",2008,2496,7.1,158943,137,"Edward Zwick","Clayton Frohman, Edward Zwick, Nechama Tec","Action, Drama, History","<a href=""https://www.imdb.com/title/tt1034303"" target=""_blank"">tt1034303</a>","<a href=""https://www.imdb.com/title/tt1034303"" target=""_blank"">Defiance</a>"
"tt1334260","Never Let Me Go",2010,2497,7.1,157107,103,"Mark Romanek","Alex Garland, Kazuo Ishiguro","Drama, Romance","<a href=""https://www.imdb.com/title/tt1334260"" target=""_blank"">tt1334260</a>","<a href=""https://www.imdb.com/title/tt1334260"" target=""_blank"">Never Let Me Go</a>"
"tt1399683","Winter's Bone",2010,2498,7.1,154892,100,"Debra Granik","Debra Granik, Anne Rosellini, Daniel Woodrell","Crime, Drama, Mystery","<a href=""https://www.imdb.com/title/tt1399683"" target=""_blank"">tt1399683</a>","<a href=""https://www.imdb.com/title/tt1399683"" target=""_blank"">Winter's Bone</a>"
"tt1615147","Margin Call",2011,2499,7.1,153872,107,"J.C. Chandor","J.C. Chandor","Drama, Thriller","<a href=""https://www.imdb.com/title/tt1615147"" target=""_blank"">tt1615147</a>","<a href=""https://www.imdb.com/title/tt1615147"" target=""_blank"">Margin Call</a>"