"tconst","primaryTitle","startYear","rank","averageRating","numVotes","runtimeMinutes","directors","writers","genres","IMDbLink","Title_IMDb_Link"
"tt0804497","It's Kind of a Funny Story",2010,2500,7.1,150667,101,"Anna Boden, Ryan Fleck","Anna Boden, Ryan Fleck, Ned Vizzini","Comedy, Drama, Romance","<a href=""https://www.imdb.com/title/tt0804497"" target=""_blank"">tt0804497</a>","<a href=""https://www.imdb.com/title/tt0804497"" target=""_blank"">It's Kind of a Funny Story</a>"
"tt0120784","Payback",1999,2501,7.1,150311,100,"Brian Helgeland","Donald E. Westlake, Brian Helgeland, Terry Hayes","Action, Crime, Drama","<a href=""https://www.imdb.com/title/tt0120784"" target=""_blank"">tt0120784</a>","<a href=""https://www.imdb.com/title/tt0120784"" target=""_blank"">Payback</a>"
"tt0251160","John Q",2002,2502,7.1,149654,116,"Nick Cassavetes","James Kearns","Crime, Drama, Thriller","<a href=""https://www.imdb.com/title/tt0251160"" target=""_blank"">tt0251160</a>","<a href=""https://www.imdb.com/title/tt0251160"" target=""_blank"">John Q</a>"
"tt11271038","Licorice Pizza",2021,2503,7.1,148840,133,"Paul Thomas Anderson","Paul Thomas Anderson","Comedy, Drama, Romance","<a href=""https://www.imdb.com/title/tt11271038"" target=""_blank"">tt11271038</a>","<a href=""https://www.imdb.com/title/tt11271038"" target=""_blank"">Licorice Pizza</a>"
"tt2305051","Wild",2014,2504,7.1,143528,115,"Jean-Marc Vallée","Nick Hornby, Cheryl Strayed","Adventure, Biography, Drama","<a href=""https://www.imdb.com/title/tt2305051"" target=""_blank"">tt2305051</a>","<a href=""https://www.imdb.com/title/tt2305051"" target=""_blank"">Wild</a>"
"tt9495224","Black Mirror: Bandersnatch",2018,2505,7.1,141455,90,"David Slade","Charlie Brooker","Drama, Fantasy, Mystery","<a href=""https://www.imdb.com/title/tt9495224"" target=""_blank"">tt9495224</a>","<a href=""https://www.imdb.com/title/tt9495224"" target=""_blank"">Black Mirror: Bandersnatch</a>"
"tt0468492","The Host",2006,2506,7.1,139120,120,"Bong Joon Ho","Bong Joon Ho, Won-jun Ha, Chul-hyun Baek","Drama, Horror, Sci-Fi","<a href=""https://www.imdb.com/title/tt0468492"" target=""_blank"">tt0468492</a>","<a href=""https://www.imdb.com/title/tt0468492"" target=""_blank"">The Host</a>"
"tt0309987","The Dreamers",2003,2507,7.1,138258,115,"Bernardo Bertolucci","Gilbert Adair","Drama, Romance","<a href=""https://www.imdb.com/title/tt0309987"" target=""_blank"">tt0309987</a>","<a href=""https://www.imdb.com/title/tt0309987"" target=""_blank"">The Dreamers</a>"
"tt2763304","T2 Trainspotting",2017,2508,7.1,137924,117,"Danny Boyle","John Hodge, Irvine Welsh","Comedy, Crime, Drama","<a href=""https://www.imdb.com/title/tt2763304"" target=""_blank"">tt2763304</a>","<a href=""https://www.imdb.com/title/tt2763304"" target=""_blank"">T2 Trainspotting</a>"
"tt1489887","Booksmart",2019,2509,7.1,137165,102,"Olivia Wilde","Emily Halpern, Sarah Haskins, Susanna Fogel, Katie Silberman","Comedy","<a href=""https://www.imdb.com/title/tt1489887"" target=""_blank"">tt1489887</a>","<a href=""https://www.imdb.com/title/tt1489887"" target=""_blank"">Booksmart</a>"
"tt1692486","Carnage",2011,2510,7.1,136160,80,"Roman Polanski","Yasmina Reza, Michael Katims, Roman Polanski","Comedy, Drama","<a href=""https://www.imdb.com/title/tt1692486"" target=""_blank"">tt1692486</a>","<a href=""https://www.imdb.com/title/tt1692486"" target=""_blank"">Carnage</a>"
"tt2494362","Bone Tomahawk",2015,2511,7.1,132454,132,"S. Craig Zahler","S. Craig Zahler","Drama, Horror, Western","<a href=""https://www.imdb.com/title/tt2494362"" target=""_blank"">tt2494362</a>","<a href=""https://www.imdb.com/title/tt2494362"" target=""_blank"">Bone Tomahawk</a>"
"tt0418689","Flags of Our Fathers",2006,2512,7.1,132307,135,"Clint Eastwood","William Broyles Jr., Paul Haggis, James Bradley, Ron Powers","Action, Adventure, Drama","<a href=""https://www.imdb.com/title/tt0418689"" target=""_blank"">tt0418689</a>","<a href=""https://www.imdb.com/title/tt0418689"" target=""_blank"">Flags of Our Fathers</a>"
"tt1228987","Let Me In",2010,2513,7.1,130729,116,"Matt Reeves","Matt Reeves, John Ajvide Lindqvist","Drama, Fantasy, Horror","<a href=""https://www.imdb.com/title/tt1228987"" target=""_blank"">tt1228987</a>","<a href=""https://www.imdb.com/title/tt1228987"" target=""_blank"">Let Me In</a>"
"tt11233960","The Unforgivable",2021,2514,7.1,124225,112,"Nora Fingscheidt","Peter Craig, Hillary Seitz, Courtenay Miles, Sally Wainwright","Crime, Drama, Mystery","<a href=""https://www.imdb.com/title/tt11233960"" target=""_blank"">tt11233960</a>","<a href=""https://www.imdb.com/title/tt11233960"" target=""_blank"">The Unforgivable</a>"
"tt4495098","Gran Turismo",2023,2515,7.1,123690,134,"Neill Blomkamp","Jason Hall, Zach Baylin, Alex Tse","Action, Adventure, Drama","<a href=""https://www.imdb.com/title/tt4495098"" target=""_blank"">tt4495098</a>","<a href=""https://www.imdb.com/title/tt4495098"" target=""_blank"">Gran Turismo</a>"
"tt0097493","Heathers",1989,2516,7.1,123023,103,"Michael Lehmann","Daniel Waters","Comedy, Crime","<a href=""https://www.imdb.com/title/tt0097493"" target=""_blank"">tt0097493</a>","<a href=""https://www.imdb.com/title/tt0097493"" target=""_blank"">Heathers</a>"
"tt0366627","The Jacket",2005,2517,7.1,122351,103,"John Maybury","Tom Bleecker, Marc Rocco, Massy Tadjedin","Drama, Fantasy, Mystery","<a href=""https://www.imdb.com/title/tt0366627"" target=""_blank"">tt0366627</a>","<a href=""https://www.imdb.com/title/tt0366627"" target=""_blank"">The Jacket</a>"
"tt0083929","Fast Times at Ridgemont High",1982,2518,7.1,121309,90,"Amy Heckerling","Cameron Crowe","Comedy, Drama","<a href=""https://www.imdb.com/title/tt0083929"" target=""_blank"">tt0083929</a>","<a href=""https://www.imdb.com/title/tt0083929"" target=""_blank"">Fast Times at Ridgemont High</a>"
"tt0065421","The Aristocats",1970,2519,7.1,120756,78,"Wolfgang Reitherman","Larry Clemmons, Vance Gerry, Ken Anderson, Frank Thomas, Eric Cleworth, Julius Svendsen, Ralph Wright, Tom McGowan, Tom Rowe","Adventure, Animation, Comedy","<a href=""https://www.imdb.com/title/tt0065421"" target=""_blank"">tt0065421</a>","<a href=""https://www.imdb.com/title/tt0065421"" target=""_blank"">The Aristocats</a>"
"tt1379182","Dogtooth",2009,2520,7.1,117870,97,"Yorgos Lanthimos","Efthimis Filippou, Yorgos Lanthimos","Drama, Thriller","<a href=""https://www.imdb.com/title/tt1379182"" target=""_blank"">tt1379182</a>","<a href=""https://www.imdb.com/title/tt1379182"" target=""_blank"">Dogtooth</a>"
"tt0086567","WarGames",1983,2521,7.1,117282,114,"John Badham","Lawrence Lasker, Walter F. Parkes","Action, Drama, Sci-Fi","<a href=""https://www.imdb.com/title/tt0086567"" target=""_blank"">tt0086567</a>","<a href=""https://www.imdb.com/title/tt0086567"" target=""_blank"">WarGames</a>"
"tt0313542","Runaway Jury",2003,2522,7.1,116463,127,"Gary Fleder","John Grisham, Brian Koppelman, David Levien, Rick Cleveland, Matthew Chapman","Crime, Drama, Thriller","<a href=""https://www.imdb.com/title/tt0313542"" target=""_blank"">tt0313542</a>","<a href=""https://www.imdb.com/title/tt0313542"" target=""_blank"">Runaway Jury</a>"
"tt0098554","Uncle Buck",1989,2523,7.1,115124,100,"John Hughes","John Hughes","Comedy","<a href=""https://www.imdb.com/title/tt0098554"" target=""_blank"">tt0098554</a>","<a href=""https://www.imdb.com/title/tt0098554"" target=""_blank"">Uncle Buck</a>"
"tt0393109","Brick",2005,2524,7.1,112438,110,"Rian Johnson","Rian Johnson","Crime, Drama, Mystery","<a href=""https://www.imdb.com/title/tt0393109"" target=""_blank"">tt0393109</a>","<a href=""https://www.imdb.com/title/tt0393109"" target=""_blank"">Brick</a>"
"tt0057546","The Sword in the Stone",1963,2525,7.1,111056,79,"Wolfgang Reitherman, Clyde Geronimi, David Hand","Bill Peet, T.H. White","Adventure, Animation, Comedy","<a href=""https://www.imdb.com/title/tt0057546"" target=""_blank"">tt0057546</a>","<a href=""https://www.imdb.com/title/tt0057546"" target=""_blank"">The Sword in the Stone</a>"
"tt0412019","Broken Flowers",2005,2526,7.1,108894,106,"Jim Jarmusch","Jim Jarmusch, Bill Raden, Sara Driver","Comedy, Drama, Mystery","<a href=""https://www.imdb.com/title/tt0412019"" target=""_blank"">tt0412019</a>","<a href=""https://www.imdb.com/title/tt0412019"" target=""_blank"">Broken Flowers</a>"
"tt21823606","A Real Pain",2024,2527,7.1,105258,90,"Jesse Eisenberg","Jesse Eisenberg","Comedy, Drama","<a href=""https://www.imdb.com/title/tt21823606"" target=""_blank"">tt21823606</a>","<a href=""https://www.imdb.com/title/tt21823606"" target=""_blank"">A Real Pain</a>"
"tt3322364","Concussion",2015,2528,7.1,103189,123,"Peter Landesman","Peter Landesman, Jeanne Marie Laskas","Biography, Drama, Sport","<a href=""https://www.imdb.com/title/tt3322364"" target=""_blank"">tt3322364</a>","<a href=""https://www.imdb.com/title/tt3322364"" target=""_blank"">Concussion</a>"
"tt3581652","West Side Story",2021,2529,7.1,102637,156,"Steven Spielberg","Tony Kushner, Arthur Laurents","Crime, Drama, Musical","<a href=""https://www.imdb.com/title/tt3581652"" target=""_blank"">tt3581652</a>","<a href=""https://www.imdb.com/title/tt3581652"" target=""_blank"">West Side Story</a>"
"tt0114694","Tommy Boy",1995,2530,7.1,101861,97,"Peter Segal","Bonnie Turner, Terry Turner","Adventure, Comedy","<a href=""https://www.imdb.com/title/tt0114694"" target=""_blank"">tt0114694</a>","<a href=""https://www.imdb.com/title/tt0114694"" target=""_blank"">Tommy Boy</a>"
"tt0363589","Elephant",2003,2531,7.1,101060,81,"Gus Van Sant","Gus Van Sant","Crime, Drama, Thriller","<a href=""https://www.imdb.com/title/tt0363589"" target=""_blank"">tt0363589</a>","<a href=""https://www.imdb.com/title/tt0363589"" target=""_blank"">Elephant</a>"
"tt1216487","The Girl Who Played with Fire",2009,2532,7.1,100348,129,"Daniel Alfredson","Jonas Frykberg, Stieg Larsson","Action, Crime, Drama","<a href=""https://www.imdb.com/title/tt1216487"" target=""_blank"">tt1216487</a>","<a href=""https://www.imdb.com/title/tt1216487"" target=""_blank"">The Girl Who Played with Fire</a>"
"tt0116365","The Frighteners",1996,2533,7.1,99382,110,"Peter Jackson","Fran Walsh, Peter Jackson","Comedy, Drama, Fantasy","<a href=""https://www.imdb.com/title/tt0116365"" target=""_blank"">tt0116365</a>","<a href=""https://www.imdb.com/title/tt0116365"" target=""_blank"">The Frighteners</a>"
"tt1204342","The Muppets",2011,2534,7.1,99199,103,"James Bobin","Jason Segel, Nicholas Stoller, Jim Henson","Adventure, Comedy, Family","<a href=""https://www.imdb.com/title/tt1204342"" target=""_blank"">tt1204342</a>","<a href=""https://www.imdb.com/title/tt1204342"" target=""_blank"">The Muppets</a>"
"tt0235198","Audition",1999,2535,7.1,95267,115,"Takashi Miike","Ryû Murakami, Daisuke Tengan","Drama, Horror, Mystery","<a href=""https://www.imdb.com/title/tt0235198"" target=""_blank"">tt0235198</a>","<a href=""https://www.imdb.com/title/tt0235198"" target=""_blank"">Audition</a>"
"tt0468489","Half Nelson",2006,2536,7.1,94083,106,"Ryan Fleck","Ryan Fleck, Anna Boden","Drama","<a href=""https://www.imdb.com/title/tt0468489"" target=""_blank"">tt0468489</a>","<a href=""https://www.imdb.com/title/tt0468489"" target=""_blank"">Half Nelson</a>"
"tt0460740","Cashback",2006,2537,7.1,93229,102,"Sean Ellis","Sean Ellis","Comedy, Drama, Romance","<a href=""https://www.imdb.com/title/tt0460740"" target=""_blank"">tt0460740</a>","<a href=""https://www.imdb.com/title/tt0460740"" target=""_blank"">Cashback</a>"
"tt0120885","Wag the Dog",1997,2538,7.1,91239,97,"Barry Levinson","Larry Beinhart, Hilary Henkin, David Mamet","Comedy, Drama","<a href=""https://www.imdb.com/title/tt0120885"" target=""_blank"">tt0120885</a>","<a href=""https://www.imdb.com/title/tt0120885"" target=""_blank"">Wag the Dog</a>"
"tt0091419","Little Shop of Horrors",1986,2539,7.1,91236,94,"Frank Oz","Howard Ashman, Roger Corman, Charles B. Griffith","Comedy, Horror, Musical","<a href=""https://www.imdb.com/title/tt0091419"" target=""_blank"">tt0091419</a>","<a href=""https://www.imdb.com/title/tt0091419"" target=""_blank"">Little Shop of Horrors</a>"
"tt0089755","Out of Africa",1985,2540,7.1,89894,161,"Sydney Pollack","Karen Blixen, Judith Thurman, Errol Trzebinski, Kurt Luedtke","Biography, Drama, Romance","<a href=""https://www.imdb.com/title/tt0089755"" target=""_blank"">tt0089755</a>","<a href=""https://www.imdb.com/title/tt0089755"" target=""_blank"">Out of Africa</a>"
"tt3661210","The Dig",2021,2541,7.1,86470,112,"Simon Stone","Moira Buffini, John Preston","Biography, Drama, History","<a href=""https://www.imdb.com/title/tt3661210"" target=""_blank"">tt3661210</a>","<a href=""https://www.imdb.com/title/tt3661210"" target=""_blank"">The Dig</a>"
"tt2179116","The Kings of Summer",2013,2542,7.1,86291,95,"Jordan Vogt-Roberts","Chris Galletta","Adventure, Comedy, Drama","<a href=""https://www.imdb.com/title/tt2179116"" target=""_blank"">tt2179116</a>","<a href=""https://www.imdb.com/title/tt2179116"" target=""_blank"">The Kings of Summer</a>"
"tt0113409","In the Mouth of Madness",1994,2543,7.1,84367,95,"John Carpenter","Michael De Luca","Drama, Fantasy, Horror","<a href=""https://www.imdb.com/title/tt0113409"" target=""_blank"">tt0113409</a>","<a href=""https://www.imdb.com/title/tt0113409"" target=""_blank"">In the Mouth of Madness</a>"
"tt0120631","Ever After: A Cinderella Story",1998,2544,7.1,84260,121,"Andy Tennant","Susannah Grant, Andy Tennant, Rick Parks, Charles Perrault","Drama, Romance","<a href=""https://www.imdb.com/title/tt0120631"" target=""_blank"">tt0120631</a>","<a href=""https://www.imdb.com/title/tt0120631"" target=""_blank"">Ever After: A Cinderella Story</a>"
"tt2359024","Blue Ruin",2013,2545,7.1,83680,90,"Jeremy Saulnier","Jeremy Saulnier","Crime, Drama, Thriller","<a href=""https://www.imdb.com/title/tt2359024"" target=""_blank"">tt2359024</a>","<a href=""https://www.imdb.com/title/tt2359024"" target=""_blank"">Blue Ruin</a>"
"tt0421206","Gridiron Gang",2006,2546,7.1,82663,125,"Phil Joanou","Jeff Maguire, Jac Flanders","Biography, Crime, Drama","<a href=""https://www.imdb.com/title/tt0421206"" target=""_blank"">tt0421206</a>","<a href=""https://www.imdb.com/title/tt0421206"" target=""_blank"">Gridiron Gang</a>"
"tt5657856","Brawl in Cell Block 99",2017,2547,7.1,80842,132,"S. Craig Zahler","S. Craig Zahler","Crime, Drama, Thriller","<a href=""https://www.imdb.com/title/tt5657856"" target=""_blank"">tt5657856</a>","<a href=""https://www.imdb.com/title/tt5657856"" target=""_blank"">Brawl in Cell Block 99</a>"
"tt4995790","The Square",2017,2548,7.1,80806,151,"Ruben Östlund","Ruben Östlund","Comedy, Drama","<a href=""https://www.imdb.com/title/tt4995790"" target=""_blank"">tt4995790</a>","<a href=""https://www.imdb.com/title/tt4995790"" target=""_blank"">The Square</a>"
"tt0139809","The Thirteenth Floor",1999,2549,7,80365,100,"Josef Rusnak","Daniel F. Galouye, Josef Rusnak, Ravel Centeno-Rodriguez","Mystery, Sci-Fi, Thriller","<a href=""https://www.imdb.com/title/tt0139809"" target=""_blank"">tt0139809</a>","<a href=""https://www.imdb.com/title/tt0139809"" target=""_blank"">The Thirteenth Floor</a>"
"tt0368909","Ong-Bak: The Thai Warrior",2003,2550,7.1,80121,105,"Prachya Pinkaew","Panna Rittikrai, Prachya Pinkaew, Suphachai Sittiaumponpan","Action, Crime, Thriller","<a href=""https://www.imdb.com/title/tt0368909"" target=""_blank"">tt0368909</a>","<a href=""https://www.imdb.com/title/tt0368909"" target=""_blank"">Ong-Bak: The Thai Warrior</a>"
"tt9686708","The King of Staten Island",2020,2551,7.1,79904,136,"Judd Apatow","Judd Apatow, Pete Davidson, Dave Sirus","Comedy, Drama","<a href=""https://www.imdb.com/title/tt9686708"" target=""_blank"">tt9686708</a>","<a href=""https://www.imdb.com/title/tt9686708"" target=""_blank"">The King of Staten Island</a>"
"tt3007512","The Water Diviner",2014,2552,7,79647,111,"Russell Crowe","Andrew Knight, Andrew Anastasios","Drama, History, War","<a href=""https://www.imdb.com/title/tt3007512"" target=""_blank"">tt3007512</a>","<a href=""https://www.imdb.com/title/tt3007512"" target=""_blank"">The Water Diviner</a>"
"tt8912936","DC League of Super-Pets",2022,2553,7,79149,105,"Jared Stern, Sam J. Levine","Jared Stern, John Whittington, Jerry Siegel, Joe Shuster, Bob Kane, Bill Finger, William Moulton Marston","Action, Adventure, Animation","<a href=""https://www.imdb.com/title/tt8912936"" target=""_blank"">tt8912936</a>","<a href=""https://www.imdb.com/title/tt8912936"" target=""_blank"">DC League of Super-Pets</a>"
"tt1178663","Whatever Works",2009,2554,7.1,78232,93,"Woody Allen","Woody Allen","Comedy, Romance","<a href=""https://www.imdb.com/title/tt1178663"" target=""_blank"">tt1178663</a>","<a href=""https://www.imdb.com/title/tt1178663"" target=""_blank"">Whatever Works</a>"
"tt0445990","Invincible",2006,2555,7,77707,105,"Ericson Core","Brad Gann","Biography, Drama, Sport","<a href=""https://www.imdb.com/title/tt0445990"" target=""_blank"">tt0445990</a>","<a href=""https://www.imdb.com/title/tt0445990"" target=""_blank"">Invincible</a>"
"tt0088993","Day of the Dead",1985,2556,7.1,77526,101,"George A. Romero","George A. Romero","Horror, Thriller","<a href=""https://www.imdb.com/title/tt0088993"" target=""_blank"">tt0088993</a>","<a href=""https://www.imdb.com/title/tt0088993"" target=""_blank"">Day of the Dead</a>"
"tt0103241","What About Bob?",1991,2557,7,77043,99,"Frank Oz","Alvin Sargent, Laura Ziskin, Tom Schulman","Comedy","<a href=""https://www.imdb.com/title/tt0103241"" target=""_blank"">tt0103241</a>","<a href=""https://www.imdb.com/title/tt0103241"" target=""_blank"">What About Bob?</a>"
"tt0478134","In the Valley of Elah",2007,2558,7.1,76529,121,"Paul Haggis","Paul Haggis, Mark Boal","Crime, Drama, Mystery","<a href=""https://www.imdb.com/title/tt0478134"" target=""_blank"">tt0478134</a>","<a href=""https://www.imdb.com/title/tt0478134"" target=""_blank"">In the Valley of Elah</a>"
"tt0117887","That Thing You Do!",1996,2559,7,76459,108,"Tom Hanks","Tom Hanks","Comedy, Drama, Music","<a href=""https://www.imdb.com/title/tt0117887"" target=""_blank"">tt0117887</a>","<a href=""https://www.imdb.com/title/tt0117887"" target=""_blank"">That Thing You Do!</a>"
"tt15318872","Werewolf by Night",2022,2560,7.1,75905,52,"Michael Giacchino","Heather Quinn, Peter Cameron, Roy Thomas, Jean Thomas, Gerry Conway, Michael G. Ploog","Action, Adventure, Drama","<a href=""https://www.imdb.com/title/tt15318872"" target=""_blank"">tt15318872</a>","<a href=""https://www.imdb.com/title/tt15318872"" target=""_blank"">Werewolf by Night</a>"
"tt14992922","The Tinder Swindler",2022,2561,7.1,75894,114,"Felicity Morris","Felicity Morris","Crime, Documentary","<a href=""https://www.imdb.com/title/tt14992922"" target=""_blank"">tt14992922</a>","<a href=""https://www.imdb.com/title/tt14992922"" target=""_blank"">The Tinder Swindler</a>"
"tt0414852","District B13",2004,2562,7.1,75887,84,"Pierre Morel","Luc Besson, Bibi Naceri","Action, Crime, Sci-Fi","<a href=""https://www.imdb.com/title/tt0414852"" target=""_blank"">tt0414852</a>","<a href=""https://www.imdb.com/title/tt0414852"" target=""_blank"">District B13</a>"
"tt0089885","Re-Animator",1985,2563,7.1,75349,84,"Stuart Gordon","H.P. Lovecraft, Dennis Paoli, William Norris, Stuart Gordon","Comedy, Horror, Sci-Fi","<a href=""https://www.imdb.com/title/tt0089885"" target=""_blank"">tt0089885</a>","<a href=""https://www.imdb.com/title/tt0089885"" target=""_blank"">Re-Animator</a>"
"tt1186830","Agora",2009,2564,7.1,74935,127,"Alejandro Amenábar","Alejandro Amenábar, Mateo Gil","Adventure, Biography, Drama","<a href=""https://www.imdb.com/title/tt1186830"" target=""_blank"">tt1186830</a>","<a href=""https://www.imdb.com/title/tt1186830"" target=""_blank"">Agora</a>"
"tt0083791","The Dark Crystal",1982,2565,7.1,74846,93,"Jim Henson, Frank Oz","David Odell, Jim Henson","Adventure, Family, Fantasy","<a href=""https://www.imdb.com/title/tt0083791"" target=""_blank"">tt0083791</a>","<a href=""https://www.imdb.com/title/tt0083791"" target=""_blank"">The Dark Crystal</a>"
"tt0237534","Brotherhood of the Wolf",2001,2566,7,74649,142,"Christophe Gans","Stéphane Cabel, Christophe Gans, Canal Plus Ecriture","Action, Adventure, Drama","<a href=""https://www.imdb.com/title/tt0237534"" target=""_blank"">tt0237534</a>","<a href=""https://www.imdb.com/title/tt0237534"" target=""_blank"">Brotherhood of the Wolf</a>"
"tt0070723","Soylent Green",1973,2567,7,73331,97,"Richard Fleischer","Stanley R. Greenberg, Harry Harrison","Crime, Mystery, Sci-Fi","<a href=""https://www.imdb.com/title/tt0070723"" target=""_blank"">tt0070723</a>","<a href=""https://www.imdb.com/title/tt0070723"" target=""_blank"">Soylent Green</a>"
"tt1912398","God Bless America",2011,2568,7.1,73287,105,"Bobcat Goldthwait","Bobcat Goldthwait","Comedy, Crime, Drama","<a href=""https://www.imdb.com/title/tt1912398"" target=""_blank"">tt1912398</a>","<a href=""https://www.imdb.com/title/tt1912398"" target=""_blank"">God Bless America</a>"
"tt3716530","Elle",2016,2569,7.1,73210,130,"Paul Verhoeven","Philippe Djian, David Birke","Action, Crime, Drama","<a href=""https://www.imdb.com/title/tt3716530"" target=""_blank"">tt3716530</a>","<a href=""https://www.imdb.com/title/tt3716530"" target=""_blank"">Elle</a>"
"tt0480669","Timecrimes",2007,2570,7.1,72292,92,"Nacho Vigalondo","Nacho Vigalondo","Horror, Mystery, Sci-Fi","<a href=""https://www.imdb.com/title/tt0480669"" target=""_blank"">tt0480669</a>","<a href=""https://www.imdb.com/title/tt0480669"" target=""_blank"">Timecrimes</a>"
"tt0365376","A Tale of Two Sisters",2003,2571,7.1,71684,114,"Kim Jee-woon","Kim Jee-woon","Drama, Horror, Mystery","<a href=""https://www.imdb.com/title/tt0365376"" target=""_blank"">tt0365376</a>","<a href=""https://www.imdb.com/title/tt0365376"" target=""_blank"">A Tale of Two Sisters</a>"
"tt1430607","Arthur Christmas",2011,2572,7.1,70646,97,"Sarah Smith, Barry Cook","Peter Baynham, Sarah Smith","Adventure, Animation, Comedy","<a href=""https://www.imdb.com/title/tt1430607"" target=""_blank"">tt1430607</a>","<a href=""https://www.imdb.com/title/tt1430607"" target=""_blank"">Arthur Christmas</a>"
"tt1116184","Jackass 3D",2010,2573,7,69989,94,"Jeff Tremaine","Jeff Tremaine, Johnny Knoxville, Bam Margera, Steve-O, Chris Pontius, Ryan Dunn, Jason 'Wee Man' Acuña, Preston Lacy, Ehren McGhehey, Dave England, Spike Jonze, Loomis Fall, Barry Owen Smoler, The Dudesons, Dave Carnie, Mike Kassak, Madison Clapp, Knate Lee, Derek Freda, Trip Taylor, Sean Cliver, Dimitry Elyashkevich, J.P. Blackmon, Rick Kosick","Action, Comedy, Documentary","<a href=""https://www.imdb.com/title/tt1116184"" target=""_blank"">tt1116184</a>","<a href=""https://www.imdb.com/title/tt1116184"" target=""_blank"">Jackass 3D</a>"
"tt0379217","Coffee and Cigarettes",2003,2574,7,69393,95,"Jim Jarmusch","Jim Jarmusch","Comedy, Drama, Music","<a href=""https://www.imdb.com/title/tt0379217"" target=""_blank"">tt0379217</a>","<a href=""https://www.imdb.com/title/tt0379217"" target=""_blank"">Coffee and Cigarettes</a>"
"tt0347618","The Cat Returns",2002,2575,7.1,69242,75,"Hiroyuki Morita","Aoi Hiiragi, Hayao Miyazaki, Reiko Yoshida","Adventure, Animation, Comedy","<a href=""https://www.imdb.com/title/tt0347618"" target=""_blank"">tt0347618</a>","<a href=""https://www.imdb.com/title/tt0347618"" target=""_blank"">The Cat Returns</a>"
"tt0082158","Chariots of Fire",1981,2576,7.1,69141,125,"Hugh Hudson","Colin Welland","Biography, Drama, Sport","<a href=""https://www.imdb.com/title/tt0082158"" target=""_blank"">tt0082158</a>","<a href=""https://www.imdb.com/title/tt0082158"" target=""_blank"">Chariots of Fire</a>"
"tt28075881","Do Patti",2024,2577,7,69079,126,"Shashanka Chaturvedi","Kanika Dhillon","Crime, Drama, Mystery","<a href=""https://www.imdb.com/title/tt28075881"" target=""_blank"">tt28075881</a>","<a href=""https://www.imdb.com/title/tt28075881"" target=""_blank"">Do Patti</a>"
"tt2910904","The Dressmaker",2015,2578,7,69044,119,"Jocelyn Moorhouse","Rosalie Ham, Jocelyn Moorhouse, P.J. Hogan","Comedy, Drama","<a href=""https://www.imdb.com/title/tt2910904"" target=""_blank"">tt2910904</a>","<a href=""https://www.imdb.com/title/tt2910904"" target=""_blank"">The Dressmaker</a>"
"tt3892172","Leave No Trace",2018,2579,7.1,68562,109,"Debra Granik","Debra Granik, Anne Rosellini, Peter Rock","Adventure, Drama","<a href=""https://www.imdb.com/title/tt3892172"" target=""_blank"">tt3892172</a>","<a href=""https://www.imdb.com/title/tt3892172"" target=""_blank"">Leave No Trace</a>"
"tt10855768","Missing",2023,2580,7.1,68433,111,"Nicholas D. Johnson, Will Merrick","Will Merrick, Nicholas D. Johnson, Sev Ohanian, Aneesh Chaganty","Drama, Mystery, Thriller","<a href=""https://www.imdb.com/title/tt10855768"" target=""_blank"">tt10855768</a>","<a href=""https://www.imdb.com/title/tt10855768"" target=""_blank"">Missing</a>"
"tt12735488","Kalki 2898 AD",2024,2581,7,68196,180,"Nag Ashwin","Nag Ashwin","Action, Adventure, Drama","<a href=""https://www.imdb.com/title/tt12735488"" target=""_blank"">tt12735488</a>","<a href=""https://www.imdb.com/title/tt12735488"" target=""_blank"">Kalki 2898 AD</a>"
"tt2390361","Enough Said",2013,2582,7,68149,93,"Nicole Holofcener","Nicole Holofcener","Comedy, Drama, Romance","<a href=""https://www.imdb.com/title/tt2390361"" target=""_blank"">tt2390361</a>","<a href=""https://www.imdb.com/title/tt2390361"" target=""_blank"">Enough Said</a>"
"tt6571548","The White Tiger",2021,2583,7.1,67734,125,"Ramin Bahrani","Ramin Bahrani, Aravind Adiga","Crime, Drama","<a href=""https://www.imdb.com/title/tt6571548"" target=""_blank"">tt6571548</a>","<a href=""https://www.imdb.com/title/tt6571548"" target=""_blank"">The White Tiger</a>"
"tt0106246","Alive",1993,2584,7.1,67312,128,"Frank Marshall","Piers Paul Read, John Patrick Shanley","Biography, Drama, Thriller","<a href=""https://www.imdb.com/title/tt0106246"" target=""_blank"">tt0106246</a>","<a href=""https://www.imdb.com/title/tt0106246"" target=""_blank"">Alive</a>"
"tt1987680","The Upside",2017,2585,7,67200,126,"Neil Burger","Jon Hartmere, Éric Toledano, Olivier Nakache","Comedy, Drama","<a href=""https://www.imdb.com/title/tt1987680"" target=""_blank"">tt1987680</a>","<a href=""https://www.imdb.com/title/tt1987680"" target=""_blank"">The Upside</a>"
"tt0416508","Becoming Jane",2007,2586,7,66961,120,"Julian Jarrold","Jane Austen, Kevin Hood, Sarah Williams","Biography, Drama, Romance","<a href=""https://www.imdb.com/title/tt0416508"" target=""_blank"">tt0416508</a>","<a href=""https://www.imdb.com/title/tt0416508"" target=""_blank"">Becoming Jane</a>"
"tt0079367","The Jerk",1979,2587,7.1,66747,94,"Carl Reiner","Steve Martin, Carl Gottlieb, Michael Elias","Comedy","<a href=""https://www.imdb.com/title/tt0079367"" target=""_blank"">tt0079367</a>","<a href=""https://www.imdb.com/title/tt0079367"" target=""_blank"">The Jerk</a>"
"tt1990314","Robot & Frank",2012,2588,7,66688,89,"Jake Schreier","Christopher Ford","Comedy, Crime, Drama","<a href=""https://www.imdb.com/title/tt1990314"" target=""_blank"">tt1990314</a>","<a href=""https://www.imdb.com/title/tt1990314"" target=""_blank"">Robot & Frank</a>"
"tt0758794","We Are Marshall",2006,2589,7.1,66544,131,"McG","Jamie Linden, Cory Helms","Drama, Sport","<a href=""https://www.imdb.com/title/tt0758794"" target=""_blank"">tt0758794</a>","<a href=""https://www.imdb.com/title/tt0758794"" target=""_blank"">We Are Marshall</a>"
"tt0069995","Don't Look Now",1973,2590,7.1,66476,110,"Nicolas Roeg","Daphne Du Maurier, Allan Scott, Chris Bryant","Drama, Horror, Mystery","<a href=""https://www.imdb.com/title/tt0069995"" target=""_blank"">tt0069995</a>","<a href=""https://www.imdb.com/title/tt0069995"" target=""_blank"">Don't Look Now</a>"
"tt0118771","Breakdown",1997,2591,7,66318,93,"Jonathan Mostow","Jonathan Mostow, Sam Montgomery","Action, Crime, Drama","<a href=""https://www.imdb.com/title/tt0118771"" target=""_blank"">tt0118771</a>","<a href=""https://www.imdb.com/title/tt0118771"" target=""_blank"">Breakdown</a>"
"tt1439572","Perfect Sense",2011,2592,7,65875,92,"David Mackenzie","Kim Fupz Aakeson","Drama, Romance, Sci-Fi","<a href=""https://www.imdb.com/title/tt1439572"" target=""_blank"">tt1439572</a>","<a href=""https://www.imdb.com/title/tt1439572"" target=""_blank"">Perfect Sense</a>"
"tt0084434","An Officer and a Gentleman",1982,2593,7.1,65557,124,"Taylor Hackford","Douglas Day Stewart","Drama, Romance","<a href=""https://www.imdb.com/title/tt0084434"" target=""_blank"">tt0084434</a>","<a href=""https://www.imdb.com/title/tt0084434"" target=""_blank"">An Officer and a Gentleman</a>"
"tt6053438","First Reformed",2017,2594,7.1,65555,113,"Paul Schrader","Paul Schrader","Drama, Mystery, Thriller","<a href=""https://www.imdb.com/title/tt6053438"" target=""_blank"">tt6053438</a>","<a href=""https://www.imdb.com/title/tt6053438"" target=""_blank"">First Reformed</a>"
"tt0780511","Everybody's Fine",2009,2595,7.1,65284,99,"Kirk Jones","Kirk Jones, Giuseppe Tornatore, Tonino Guerra, Massimo De Rita","Adventure, Drama","<a href=""https://www.imdb.com/title/tt0780511"" target=""_blank"">tt0780511</a>","<a href=""https://www.imdb.com/title/tt0780511"" target=""_blank"">Everybody's Fine</a>"
"tt0105435","Sneakers",1992,2596,7.1,65029,126,"Phil Alden Robinson","Phil Alden Robinson, Lawrence Lasker, Walter F. Parkes","Comedy, Crime, Drama","<a href=""https://www.imdb.com/title/tt0105435"" target=""_blank"">tt0105435</a>","<a href=""https://www.imdb.com/title/tt0105435"" target=""_blank"">Sneakers</a>"
"tt1270262","The Devil's Double",2011,2597,7,64782,109,"Lee Tamahori","Michael Thomas, Latif Yahia, Emjay Rechsteiner","Biography, Drama, Thriller","<a href=""https://www.imdb.com/title/tt1270262"" target=""_blank"">tt1270262</a>","<a href=""https://www.imdb.com/title/tt1270262"" target=""_blank"">The Devil's Double</a>"
"tt0106387","Benny & Joon",1993,2598,7.1,63926,98,"Jeremiah S. Chechik","Barry Berman, Lesley McNeil","Comedy, Drama, Romance","<a href=""https://www.imdb.com/title/tt0106387"" target=""_blank"">tt0106387</a>","<a href=""https://www.imdb.com/title/tt0106387"" target=""_blank"">Benny & Joon</a>"
"tt0401997","Breach",2007,2599,7,63194,110,"Billy Ray","Adam Mazer, Bill Rotko, Billy Ray","Biography, Crime, Drama","<a href=""https://www.imdb.com/title/tt0401997"" target=""_blank"">tt0401997</a>","<a href=""https://www.imdb.com/title/tt0401997"" target=""_blank"">Breach</a>"
"tt2888046","Ip Man 3",2015,2600,7,62715,105,"Wilson Yip","Tai-Lee Chan, Lai-Yin Leung, Edmond Wong","Action, Biography, Crime","<a href=""https://www.imdb.com/title/tt2888046"" target=""_blank"">tt2888046</a>","<a href=""https://www.imdb.com/title/tt2888046"" target=""_blank"">Ip Man 3</a>"
"tt9288046","The Sea Beast",2022,2601,7,62552,115,"Chris Williams","Chris Williams, Nell Benjamin, Sam Stratton, Mattson Tomlin","Action, Adventure, Animation","<a href=""https://www.imdb.com/title/tt9288046"" target=""_blank"">tt9288046</a>","<a href=""https://www.imdb.com/title/tt9288046"" target=""_blank"">The Sea Beast</a>"
"tt0094812","Bull Durham",1988,2602,7,62253,108,"Ron Shelton","Ron Shelton","Comedy, Romance, Sport","<a href=""https://www.imdb.com/title/tt0094812"" target=""_blank"">tt0094812</a>","<a href=""https://www.imdb.com/title/tt0094812"" target=""_blank"">Bull Durham</a>"
"tt0089791","Pee-wee's Big Adventure",1985,2603,7.1,62072,91,"Tim Burton","Phil Hartman, Paul Reubens, Michael Varhol","Adventure, Comedy, Family","<a href=""https://www.imdb.com/title/tt0089791"" target=""_blank"">tt0089791</a>","<a href=""https://www.imdb.com/title/tt0089791"" target=""_blank"">Pee-wee's Big Adventure</a>"
"tt0076729","Smokey and the Bandit",1977,2604,7,60353,96,"Hal Needham","Hal Needham, Robert L. Levy, James Lee Barrett, Charles Shyer, Alan Mandel","Action, Adventure, Comedy","<a href=""https://www.imdb.com/title/tt0076729"" target=""_blank"">tt0076729</a>","<a href=""https://www.imdb.com/title/tt0076729"" target=""_blank"">Smokey and the Bandit</a>"
"tt8368368","The Apprentice",2024,2605,7.1,60221,122,"Ali Abbasi","Gabriel Sherman","Biography, Drama, History","<a href=""https://www.imdb.com/title/tt8368368"" target=""_blank"">tt8368368</a>","<a href=""https://www.imdb.com/title/tt8368368"" target=""_blank"">The Apprentice</a>"
"tt1285241","Don 2",2011,2606,7.1,60219,148,"Farhan Akhtar","Farhan Akhtar, Javed Akhtar, Salim Khan, Ameet Mehta, Athar Nawaaz, Rajshri Sudhakar","Action, Crime, Thriller","<a href=""https://www.imdb.com/title/tt1285241"" target=""_blank"">tt1285241</a>","<a href=""https://www.imdb.com/title/tt1285241"" target=""_blank"">Don 2</a>"
"tt0355702","Lords of Dogtown",2005,2607,7.1,59755,107,"Catherine Hardwicke","Stacy Peralta","Biography, Drama, Sport","<a href=""https://www.imdb.com/title/tt0355702"" target=""_blank"">tt0355702</a>","<a href=""https://www.imdb.com/title/tt0355702"" target=""_blank"">Lords of Dogtown</a>"
"tt0057413","The Pink Panther",1963,2608,7,59493,115,"Blake Edwards","Maurice Richlin, Blake Edwards","Comedy, Crime, Romance","<a href=""https://www.imdb.com/title/tt0057413"" target=""_blank"">tt0057413</a>","<a href=""https://www.imdb.com/title/tt0057413"" target=""_blank"">The Pink Panther</a>"
"tt0385700","Final Fantasy VII: Advent Children",2005,2609,7.1,59092,101,"Tetsuya Nomura, Takeshi Nozue","Kazushige Nojima, Brian Gray, Yoshinori Kitase, Tetsuya Nomura, Hironobu Sakaguchi","Action, Adventure, Animation","<a href=""https://www.imdb.com/title/tt0385700"" target=""_blank"">tt0385700</a>","<a href=""https://www.imdb.com/title/tt0385700"" target=""_blank"">Final Fantasy VII: Advent Children</a>"
"tt4005402","Colonia",2015,2610,7,58732,110,"Florian Gallenberger","Torsten Wenzel, Florian Gallenberger, Tom Kinninmont","Biography, Drama, History","<a href=""https://www.imdb.com/title/tt4005402"" target=""_blank"">tt4005402</a>","<a href=""https://www.imdb.com/title/tt4005402"" target=""_blank"">Colonia</a>"
"tt0096764","The Adventures of Baron Munchausen",1988,2611,7.1,58666,126,"Terry Gilliam","Charles McKeown, Terry Gilliam, Gottfried August Bürger, Rudolph Erich Raspe","Adventure, Comedy, Fantasy","<a href=""https://www.imdb.com/title/tt0096764"" target=""_blank"">tt0096764</a>","<a href=""https://www.imdb.com/title/tt0096764"" target=""_blank"">The Adventures of Baron Munchausen</a>"
"tt0800325","The Dirt",2019,2612,7,58511,107,"Jeff Tremaine","Rich Wilkes, Amanda Adelson, Tommy Lee, Mick Mars, Vince Neil, Nikki Sixx, Neil Strauss","Biography, Comedy, Drama","<a href=""https://www.imdb.com/title/tt0800325"" target=""_blank"">tt0800325</a>","<a href=""https://www.imdb.com/title/tt0800325"" target=""_blank"">The Dirt</a>"
"tt11161474","Pieces of a Woman",2020,2613,7,58462,126,"Kornél Mundruczó","Kata Wéber","Drama","<a href=""https://www.imdb.com/title/tt11161474"" target=""_blank"">tt11161474</a>","<a href=""https://www.imdb.com/title/tt11161474"" target=""_blank"">Pieces of a Woman</a>"
"tt0181984","Boiler Room",2000,2614,7,58335,120,"Ben Younger","Ben Younger","Crime, Drama, Thriller","<a href=""https://www.imdb.com/title/tt0181984"" target=""_blank"">tt0181984</a>","<a href=""https://www.imdb.com/title/tt0181984"" target=""_blank"">Boiler Room</a>"
"tt4595882","Can You Ever Forgive Me?",2018,2615,7.1,57774,106,"Marielle Heller","Nicole Holofcener, Jeff Whitty","Biography, Comedy, Crime","<a href=""https://www.imdb.com/title/tt4595882"" target=""_blank"">tt4595882</a>","<a href=""https://www.imdb.com/title/tt4595882"" target=""_blank"">Can You Ever Forgive Me?</a>"
"tt0119256","Hard Eight",1996,2616,7.1,57128,101,"Paul Thomas Anderson","Paul Thomas Anderson","Crime, Drama","<a href=""https://www.imdb.com/title/tt0119256"" target=""_blank"">tt0119256</a>","<a href=""https://www.imdb.com/title/tt0119256"" target=""_blank"">Hard Eight</a>"
"tt0098067","Parenthood",1989,2617,7.1,57102,124,"Ron Howard","Lowell Ganz, Babaloo Mandel, Ron Howard","Comedy, Drama","<a href=""https://www.imdb.com/title/tt0098067"" target=""_blank"">tt0098067</a>","<a href=""https://www.imdb.com/title/tt0098067"" target=""_blank"">Parenthood</a>"
"tt0091149","The Great Mouse Detective",1986,2618,7.1,57028,74,"Ron Clements, Burny Mattinson, Dave Michener, John Musker","Peter Young, Vance Gerry, Steve Hulett, Ron Clements, John Musker, Bruce Morris, Matthew O'Callaghan, Burny Mattinson, Dave Michener, Mel Shaw, Eve Titus, Paul Galdone, Arthur Conan Doyle","Adventure, Animation, Family","<a href=""https://www.imdb.com/title/tt0091149"" target=""_blank"">tt0091149</a>","<a href=""https://www.imdb.com/title/tt0091149"" target=""_blank"">The Great Mouse Detective</a>"
"tt7825208","Marighella",2019,2619,7.1,56568,155,"Wagner Moura","Felipe Braga, Wagner Moura, Mário Magalhães","Action, Drama, History","<a href=""https://www.imdb.com/title/tt7825208"" target=""_blank"">tt7825208</a>","<a href=""https://www.imdb.com/title/tt7825208"" target=""_blank"">Marighella</a>"
"tt27131358","We Live in Time",2024,2620,7,56407,108,"John Crowley","Nick Payne","Drama, Romance","<a href=""https://www.imdb.com/title/tt27131358"" target=""_blank"">tt27131358</a>","<a href=""https://www.imdb.com/title/tt27131358"" target=""_blank"">We Live in Time</a>"
"tt0058329","Marnie",1964,2621,7.1,56390,130,"Alfred Hitchcock","Winston Graham, Jay Presson Allen","Crime, Drama, Mystery","<a href=""https://www.imdb.com/title/tt0058329"" target=""_blank"">tt0058329</a>","<a href=""https://www.imdb.com/title/tt0058329"" target=""_blank"">Marnie</a>"
"tt1176740","Away We Go",2009,2622,7,56072,98,"Sam Mendes","Dave Eggers, Vendela Vida","Comedy, Drama, Romance","<a href=""https://www.imdb.com/title/tt1176740"" target=""_blank"">tt1176740</a>","<a href=""https://www.imdb.com/title/tt1176740"" target=""_blank"">Away We Go</a>"
"tt0107050","Grumpy Old Men",1993,2623,7,55943,103,"Donald Petrie","Mark Steven Johnson","Comedy, Drama, Romance","<a href=""https://www.imdb.com/title/tt0107050"" target=""_blank"">tt0107050</a>","<a href=""https://www.imdb.com/title/tt0107050"" target=""_blank"">Grumpy Old Men</a>"
"tt2935476","Far from the Madding Crowd",2015,2624,7.1,55910,119,"Thomas Vinterberg","Thomas Hardy, David Nicholls","Drama, Romance","<a href=""https://www.imdb.com/title/tt2935476"" target=""_blank"">tt2935476</a>","<a href=""https://www.imdb.com/title/tt2935476"" target=""_blank"">Far from the Madding Crowd</a>"
"tt1606392","Win Win",2011,2625,7.1,55886,106,"Tom McCarthy","Tom McCarthy, Joe Tiboni","Comedy, Drama, Sport","<a href=""https://www.imdb.com/title/tt1606392"" target=""_blank"">tt1606392</a>","<a href=""https://www.imdb.com/title/tt1606392"" target=""_blank"">Win Win</a>"
"tt4832640","Sultan",2016,2626,7.1,55622,170,"Ali Abbas Zafar","Ali Abbas Zafar","Action, Drama, Romance","<a href=""https://www.imdb.com/title/tt4832640"" target=""_blank"">tt4832640</a>","<a href=""https://www.imdb.com/title/tt4832640"" target=""_blank"">Sultan</a>"
"tt0088172","Starman",1984,2627,7,55290,115,"John Carpenter","Bruce A. Evans, Raynold Gideon","Romance, Sci-Fi","<a href=""https://www.imdb.com/title/tt0088172"" target=""_blank"">tt0088172</a>","<a href=""https://www.imdb.com/title/tt0088172"" target=""_blank"">Starman</a>"
"tt22375054","Strange Darling",2023,2628,7,55198,97,"JT Mollner","JT Mollner","Horror, Thriller","<a href=""https://www.imdb.com/title/tt22375054"" target=""_blank"">tt22375054</a>","<a href=""https://www.imdb.com/title/tt22375054"" target=""_blank"">Strange Darling</a>"
"tt1596346","Soul Surfer",2011,2629,7,54696,112,"Sean McNamara","Sean McNamara, Deborah Schwartz, Douglas Schwartz, Michael Berk, Matt Allen, Caleb Wilson, Brad Gann, Bethany Hamilton, Sheryl Berk, Rick Bundschuh","Biography, Drama, Family","<a href=""https://www.imdb.com/title/tt1596346"" target=""_blank"">tt1596346</a>","<a href=""https://www.imdb.com/title/tt1596346"" target=""_blank"">Soul Surfer</a>"
"tt7125860","If Beale Street Could Talk",2018,2630,7.1,54034,119,"Barry Jenkins","Barry Jenkins, James Baldwin","Drama, Romance","<a href=""https://www.imdb.com/title/tt7125860"" target=""_blank"">tt7125860</a>","<a href=""https://www.imdb.com/title/tt7125860"" target=""_blank"">If Beale Street Could Talk</a>"
"tt0107131","Homeward Bound: The Incredible Journey",1993,2631,7,53691,84,"Duwayne Dunham","Sheila Burnford, Caroline Thompson, Linda Woolverton","Adventure, Comedy, Drama","<a href=""https://www.imdb.com/title/tt0107131"" target=""_blank"">tt0107131</a>","<a href=""https://www.imdb.com/title/tt0107131"" target=""_blank"">Homeward Bound: The Incredible Journey</a>"
"tt1416801","Kill the Irishman",2011,2632,7,53538,106,"Jonathan Hensleigh","Jonathan Hensleigh, Jeremy Walters, Rick Porrello","Action, Biography, Crime","<a href=""https://www.imdb.com/title/tt1416801"" target=""_blank"">tt1416801</a>","<a href=""https://www.imdb.com/title/tt1416801"" target=""_blank"">Kill the Irishman</a>"
"tt1613750","Kon-Tiki",2012,2633,7.1,53511,118,"Joachim Rønning, Espen Sandberg","Petter Skavlan","Adventure, Biography, Drama","<a href=""https://www.imdb.com/title/tt1613750"" target=""_blank"">tt1613750</a>","<a href=""https://www.imdb.com/title/tt1613750"" target=""_blank"">Kon-Tiki</a>"
"tt0762073","Thirst",2009,2634,7.1,53293,134,"Park Chan-wook","Émile Zola, Park Chan-wook, Chung Seo-kyung","Drama, Fantasy, Horror","<a href=""https://www.imdb.com/title/tt0762073"" target=""_blank"">tt0762073</a>","<a href=""https://www.imdb.com/title/tt0762073"" target=""_blank"">Thirst</a>"
"tt0062803","Chitty Chitty Bang Bang",1968,2635,7,53097,144,"Ken Hughes","Ian Fleming, Roald Dahl, Ken Hughes, Richard Maibaum","Adventure, Family, Fantasy","<a href=""https://www.imdb.com/title/tt0062803"" target=""_blank"">tt0062803</a>","<a href=""https://www.imdb.com/title/tt0062803"" target=""_blank"">Chitty Chitty Bang Bang</a>"
"tt0071222","Black Christmas",1974,2636,7.1,53021,98,"Bob Clark","Roy Moore","Horror, Mystery, Thriller","<a href=""https://www.imdb.com/title/tt0071222"" target=""_blank"">tt0071222</a>","<a href=""https://www.imdb.com/title/tt0071222"" target=""_blank"">Black Christmas</a>"
"tt0080661","Dressed to Kill",1980,2637,7.1,52993,104,"Brian De Palma","Brian De Palma","Crime, Drama, Mystery","<a href=""https://www.imdb.com/title/tt0080661"" target=""_blank"">tt0080661</a>","<a href=""https://www.imdb.com/title/tt0080661"" target=""_blank"">Dressed to Kill</a>"
"tt1596345","Pawn Sacrifice",2014,2638,7,52507,115,"Edward Zwick","Steven Knight, Stephen J. Rivele, Christopher Wilkinson","Biography, Drama, History","<a href=""https://www.imdb.com/title/tt1596345"" target=""_blank"">tt1596345</a>","<a href=""https://www.imdb.com/title/tt1596345"" target=""_blank"">Pawn Sacrifice</a>"
"tt0929425","Gomorrah",2008,2639,7,52422,137,"Matteo Garrone","Roberto Saviano, Maurizio Braucci, Ugo Chiti, Gianni Di Gregorio, Matteo Garrone, Massimo Gaudioso","Crime, Drama","<a href=""https://www.imdb.com/title/tt0929425"" target=""_blank"">tt0929425</a>","<a href=""https://www.imdb.com/title/tt0929425"" target=""_blank"">Gomorrah</a>"
"tt4176826","Look Who's Back",2015,2640,7,52286,116,"David Wnendt","David Wnendt, Mizzi Meyer, Timur Vermes, Marco Kreuzpaintner, Johannes Boss, Stefan Stuckmann, Collin McMahon","Comedy, Drama, Fantasy","<a href=""https://www.imdb.com/title/tt4176826"" target=""_blank"">tt4176826</a>","<a href=""https://www.imdb.com/title/tt4176826"" target=""_blank"">Look Who's Back</a>"
"tt0069113","The Poseidon Adventure",1972,2641,7.1,52189,117,"Ronald Neame","Stirling Silliphant, Wendell Mayes, Paul Gallico","Action, Adventure, Drama","<a href=""https://www.imdb.com/title/tt0069113"" target=""_blank"">tt0069113</a>","<a href=""https://www.imdb.com/title/tt0069113"" target=""_blank"">The Poseidon Adventure</a>"
"tt0362269","Kinsey",2004,2642,7,51943,118,"Bill Condon","Bill Condon","Biography, Drama, Romance","<a href=""https://www.imdb.com/title/tt0362269"" target=""_blank"">tt0362269</a>","<a href=""https://www.imdb.com/title/tt0362269"" target=""_blank"">Kinsey</a>"
"tt2452042","The Peanuts Movie",2015,2643,7,51864,88,"Steve Martino","Craig Schulz, Bryan Schulz, Cornelius Uliano, Charles M. Schulz","Adventure, Animation, Comedy","<a href=""https://www.imdb.com/title/tt2452042"" target=""_blank"">tt2452042</a>","<a href=""https://www.imdb.com/title/tt2452042"" target=""_blank"">The Peanuts Movie</a>"
"tt0093640","No Way Out",1987,2644,7.1,51790,114,"Roger Donaldson","Kenneth Fearing, Robert Garland","Action, Crime, Drama","<a href=""https://www.imdb.com/title/tt0093640"" target=""_blank"">tt0093640</a>","<a href=""https://www.imdb.com/title/tt0093640"" target=""_blank"">No Way Out</a>"
"tt0440803","Shutter",2004,2645,7,51705,97,"Banjong Pisanthanakun, Parkpoom Wongpoom","Parkpoom Wongpoom, Banjong Pisanthanakun, Sophon Sakdaphisit","Horror, Mystery, Thriller","<a href=""https://www.imdb.com/title/tt0440803"" target=""_blank"">tt0440803</a>","<a href=""https://www.imdb.com/title/tt0440803"" target=""_blank"">Shutter</a>"
"tt0331811","11:14",2003,2646,7.1,51481,86,"Greg Marcks","Greg Marcks","Comedy, Crime, Drama","<a href=""https://www.imdb.com/title/tt0331811"" target=""_blank"">tt0331811</a>","<a href=""https://www.imdb.com/title/tt0331811"" target=""_blank"">11:14</a>"
"tt0088794","Better Off Dead",1985,2647,7.1,51374,97,"Savage Steve Holland","Savage Steve Holland","Comedy, Romance","<a href=""https://www.imdb.com/title/tt0088794"" target=""_blank"">tt0088794</a>","<a href=""https://www.imdb.com/title/tt0088794"" target=""_blank"">Better Off Dead</a>"
"tt6212478","American Animals",2018,2648,7,51340,116,"Bart Layton","Bart Layton, Jon Croker, Peter Straughan, Ed Wethered, Joe Murtagh","Biography, Crime, Drama","<a href=""https://www.imdb.com/title/tt6212478"" target=""_blank"">tt6212478</a>","<a href=""https://www.imdb.com/title/tt6212478"" target=""_blank"">American Animals</a>"
"tt0103759","Bad Lieutenant",1992,2649,7,50731,96,"Abel Ferrara","Zoë Lund, Abel Ferrara","Crime, Drama, Thriller","<a href=""https://www.imdb.com/title/tt0103759"" target=""_blank"">tt0103759</a>","<a href=""https://www.imdb.com/title/tt0103759"" target=""_blank"">Bad Lieutenant</a>"
"tt0072308","The Towering Inferno",1974,2650,7,50706,165,"John Guillermin","Richard Martin Stern, Thomas N. Scortia, Frank M. Robinson, Stirling Silliphant","Action, Drama, Thriller","<a href=""https://www.imdb.com/title/tt0072308"" target=""_blank"">tt0072308</a>","<a href=""https://www.imdb.com/title/tt0072308"" target=""_blank"">The Towering Inferno</a>"
"tt0473308","Waitress",2007,2651,7,50458,108,"Adrienne Shelly","Adrienne Shelly","Comedy, Drama, Romance","<a href=""https://www.imdb.com/title/tt0473308"" target=""_blank"">tt0473308</a>","<a href=""https://www.imdb.com/title/tt0473308"" target=""_blank"">Waitress</a>"
"tt2076220","Holy Motors",2012,2652,7,50353,115,"Leos Carax","Leos Carax","Drama, Fantasy","<a href=""https://www.imdb.com/title/tt2076220"" target=""_blank"">tt2076220</a>","<a href=""https://www.imdb.com/title/tt2076220"" target=""_blank"">Holy Motors</a>"
"tt0112453","Balto",1995,2653,7.1,50287,78,"Simon Wells","Cliff Ruby, Elana Lesser, David Steven Cohen, Roger S.H. Schulman","Adventure, Animation, Drama","<a href=""https://www.imdb.com/title/tt0112453"" target=""_blank"">tt0112453</a>","<a href=""https://www.imdb.com/title/tt0112453"" target=""_blank"">Balto</a>"
"tt0097027","Casualties of War",1989,2654,7.1,50281,113,"Brian De Palma","Daniel Lang, David Rabe","Action, Crime, Drama","<a href=""https://www.imdb.com/title/tt0097027"" target=""_blank"">tt0097027</a>","<a href=""https://www.imdb.com/title/tt0097027"" target=""_blank"">Casualties of War</a>"
"tt10530176","The Call",2020,2655,7.1,49106,112,"Chung-Hyun Lee","Sergio Casci, Chung-Hyun Lee","Crime, Horror, Mystery","<a href=""https://www.imdb.com/title/tt10530176"" target=""_blank"">tt10530176</a>","<a href=""https://www.imdb.com/title/tt10530176"" target=""_blank"">The Call</a>"
"tt0892255","Che: Part One",2008,2656,7.1,49051,134,"Steven Soderbergh","Peter Buchman, Ernesto 'Che' Guevara","Biography, Drama, History","<a href=""https://www.imdb.com/title/tt0892255"" target=""_blank"">tt0892255</a>","<a href=""https://www.imdb.com/title/tt0892255"" target=""_blank"">Che: Part One</a>"
"tt1647668","Million Dollar Arm",2014,2657,7,48756,124,"Craig Gillespie","Tom McCarthy","Biography, Drama, Family","<a href=""https://www.imdb.com/title/tt1647668"" target=""_blank"">tt1647668</a>","<a href=""https://www.imdb.com/title/tt1647668"" target=""_blank"">Million Dollar Arm</a>"
"tt3721936","American Honey",2016,2658,7,48560,163,"Andrea Arnold","Andrea Arnold, Ian Urbina","Adventure, Drama, Romance","<a href=""https://www.imdb.com/title/tt3721936"" target=""_blank"">tt3721936</a>","<a href=""https://www.imdb.com/title/tt3721936"" target=""_blank"">American Honey</a>"
"tt1730768","The Zookeeper's Wife",2017,2659,7,48419,127,"Niki Caro","Angela Workman, Diane Ackerman","Biography, Drama, History","<a href=""https://www.imdb.com/title/tt1730768"" target=""_blank"">tt1730768</a>","<a href=""https://www.imdb.com/title/tt1730768"" target=""_blank"">The Zookeeper's Wife</a>"
"tt5525650","The Goat Life",2024,2660,7.1,47812,173,"Blessy","Benyamin, Blessy","Adventure, Drama","<a href=""https://www.imdb.com/title/tt5525650"" target=""_blank"">tt5525650</a>","<a href=""https://www.imdb.com/title/tt5525650"" target=""_blank"">The Goat Life</a>"
"tt1895315","Brimstone",2016,2661,7,47450,148,"Martin Koolhoven","Martin Koolhoven","Drama, Thriller, Western","<a href=""https://www.imdb.com/title/tt1895315"" target=""_blank"">tt1895315</a>","<a href=""https://www.imdb.com/title/tt1895315"" target=""_blank"">Brimstone</a>"
"tt2800240","Serial Bad Weddings",2014,2662,7,47067,97,"Philippe de Chauveron","Philippe de Chauveron, Guy Laurent","Comedy","<a href=""https://www.imdb.com/title/tt2800240"" target=""_blank"">tt2800240</a>","<a href=""https://www.imdb.com/title/tt2800240"" target=""_blank"">Serial Bad Weddings</a>"
"tt0473444","Curse of the Golden Flower",2006,2663,7,46835,114,"Yimou Zhang","Zhihong Bian, Yu Cao, Nan Wu, Yimou Zhang","Action, Drama, Romance","<a href=""https://www.imdb.com/title/tt0473444"" target=""_blank"">tt0473444</a>","<a href=""https://www.imdb.com/title/tt0473444"" target=""_blank"">Curse of the Golden Flower</a>"
"tt1291580","Behind the Candelabra",2013,2664,7,46525,118,"Steven Soderbergh","Richard LaGravenese, Scott Thorson, Alex Thorleifson","Biography, Drama, Music","<a href=""https://www.imdb.com/title/tt1291580"" target=""_blank"">tt1291580</a>","<a href=""https://www.imdb.com/title/tt1291580"" target=""_blank"">Behind the Candelabra</a>"
"tt1064932","Welcome to the Sticks",2008,2665,7.1,46473,106,"Dany Boon","Dany Boon, Alexandre Charlot, Franck Magnier","Comedy, Romance","<a href=""https://www.imdb.com/title/tt1064932"" target=""_blank"">tt1064932</a>","<a href=""https://www.imdb.com/title/tt1064932"" target=""_blank"">Welcome to the Sticks</a>"
"tt0061747","Hang 'Em High",1968,2666,7,46391,114,"Ted Post","Leonard Freeman, Mel Goldberg","Drama, Western","<a href=""https://www.imdb.com/title/tt0061747"" target=""_blank"">tt0061747</a>","<a href=""https://www.imdb.com/title/tt0061747"" target=""_blank"">Hang 'Em High</a>"
"tt0070707","Sleeper",1973,2667,7.1,45810,89,"Woody Allen","Woody Allen, Marshall Brickman","Comedy, Sci-Fi","<a href=""https://www.imdb.com/title/tt0070707"" target=""_blank"">tt0070707</a>","<a href=""https://www.imdb.com/title/tt0070707"" target=""_blank"">Sleeper</a>"
"tt0045810","Gentlemen Prefer Blondes",1953,2668,7.1,45538,91,"Howard Hawks","Charles Lederer, Joseph Fields, Anita Loos","Comedy, Musical, Romance","<a href=""https://www.imdb.com/title/tt0045810"" target=""_blank"">tt0045810</a>","<a href=""https://www.imdb.com/title/tt0045810"" target=""_blank"">Gentlemen Prefer Blondes</a>"
"tt2756032","The One I Love",2014,2669,7,45534,91,"Charlie McDowell","Justin Lader","Comedy, Drama, Fantasy","<a href=""https://www.imdb.com/title/tt2756032"" target=""_blank"">tt2756032</a>","<a href=""https://www.imdb.com/title/tt2756032"" target=""_blank"">The One I Love</a>"
"tt6324278","Abominable",2019,2670,7,45188,97,"Jill Culton, Todd Wilderman","Jill Culton","Adventure, Animation, Comedy","<a href=""https://www.imdb.com/title/tt6324278"" target=""_blank"">tt6324278</a>","<a href=""https://www.imdb.com/title/tt6324278"" target=""_blank"">Abominable</a>"
"tt8206668","Bad Education",2019,2671,7.1,45070,108,"Cory Finley","Mike Makowsky, Robert Kolker","Biography, Comedy, Crime","<a href=""https://www.imdb.com/title/tt8206668"" target=""_blank"">tt8206668</a>","<a href=""https://www.imdb.com/title/tt8206668"" target=""_blank"">Bad Education</a>"
"tt1103275","Two Lovers",2008,2672,7,44983,110,"James Gray","James Gray, Ric Menello","Drama, Romance","<a href=""https://www.imdb.com/title/tt1103275"" target=""_blank"">tt1103275</a>","<a href=""https://www.imdb.com/title/tt1103275"" target=""_blank"">Two Lovers</a>"
"tt0048605","The Seven Year Itch",1955,2673,7,44743,105,"Billy Wilder","Billy Wilder, George Axelrod","Comedy, Romance","<a href=""https://www.imdb.com/title/tt0048605"" target=""_blank"">tt0048605</a>","<a href=""https://www.imdb.com/title/tt0048605"" target=""_blank"">The Seven Year Itch</a>"
"tt1716777","People Like Us",2012,2674,7,44677,114,"Alex Kurtzman","Alex Kurtzman, Roberto Orci, Jody Lambert","Comedy, Drama","<a href=""https://www.imdb.com/title/tt1716777"" target=""_blank"">tt1716777</a>","<a href=""https://www.imdb.com/title/tt1716777"" target=""_blank"">People Like Us</a>"
"tt0272207","Narc",2002,2675,7.1,44479,105,"Joe Carnahan","Joe Carnahan","Crime, Drama, Mystery","<a href=""https://www.imdb.com/title/tt0272207"" target=""_blank"">tt0272207</a>","<a href=""https://www.imdb.com/title/tt0272207"" target=""_blank"">Narc</a>"
"tt1584016","Catfish",2010,2676,7.1,44155,87,"Henry Joost, Ariel Schulman",NA,"Documentary, Drama, Mystery","<a href=""https://www.imdb.com/title/tt1584016"" target=""_blank"">tt1584016</a>","<a href=""https://www.imdb.com/title/tt1584016"" target=""_blank"">Catfish</a>"
"tt0085244","The Big Chill",1983,2677,7.1,44146,105,"Lawrence Kasdan","Lawrence Kasdan, Barbara Benedek","Comedy, Drama","<a href=""https://www.imdb.com/title/tt0085244"" target=""_blank"">tt0085244</a>","<a href=""https://www.imdb.com/title/tt0085244"" target=""_blank"">The Big Chill</a>"
"tt0113819","Mighty Aphrodite",1995,2678,7,44033,95,"Woody Allen","Woody Allen","Comedy, Fantasy, Romance","<a href=""https://www.imdb.com/title/tt0113819"" target=""_blank"">tt0113819</a>","<a href=""https://www.imdb.com/title/tt0113819"" target=""_blank"">Mighty Aphrodite</a>"
"tt2058107","The Railway Man",2013,2679,7.1,43801,116,"Jonathan Teplitzky","Frank Cottrell Boyce, Andy Paterson, Eric Lomax","Biography, Drama, Romance","<a href=""https://www.imdb.com/title/tt2058107"" target=""_blank"">tt2058107</a>","<a href=""https://www.imdb.com/title/tt2058107"" target=""_blank"">The Railway Man</a>"
"tt2113681","The 100 Year-Old Man Who Climbed Out the Window and Disappeared",2013,2680,7,43598,114,"Felix Herngren","Felix Herngren, Hans Ingemansson, Jonas Jonasson","Adventure, Comedy","<a href=""https://www.imdb.com/title/tt2113681"" target=""_blank"">tt2113681</a>","<a href=""https://www.imdb.com/title/tt2113681"" target=""_blank"">The 100 Year-Old Man Who Climbed Out the Window and Disappeared</a>"
"tt8983202","Kabir Singh",2019,2681,7,43501,173,"Sandeep Reddy Vanga","Wajid Shaikh, Siddharth Singh, Sandeep Reddy Vanga, Garima Wahal","Drama, Romance","<a href=""https://www.imdb.com/title/tt8983202"" target=""_blank"">tt8983202</a>","<a href=""https://www.imdb.com/title/tt8983202"" target=""_blank"">Kabir Singh</a>"
"tt0308055","Bobby",2006,2682,7,43489,117,"Emilio Estevez","Emilio Estevez","Biography, Drama, History","<a href=""https://www.imdb.com/title/tt0308055"" target=""_blank"">tt0308055</a>","<a href=""https://www.imdb.com/title/tt0308055"" target=""_blank"">Bobby</a>"
"tt7504818","Ron's Gone Wrong",2021,2683,7.1,43389,107,"Sarah Smith, Jean-Philippe Vine, Octavio E. Rodriguez","Peter Baynham, Sarah Smith","Adventure, Animation, Comedy","<a href=""https://www.imdb.com/title/tt7504818"" target=""_blank"">tt7504818</a>","<a href=""https://www.imdb.com/title/tt7504818"" target=""_blank"">Ron's Gone Wrong</a>"
"tt5302918","Nyad",2023,2684,7.1,43234,121,"Jimmy Chin, Elizabeth Chai Vasarhelyi","Julia Cox, Diana Nyad","Biography, Drama, Sport","<a href=""https://www.imdb.com/title/tt5302918"" target=""_blank"">tt5302918</a>","<a href=""https://www.imdb.com/title/tt5302918"" target=""_blank"">Nyad</a>"
"tt0221073","Chopper",2000,2685,7.1,43210,94,"Andrew Dominik","Mark Brandon Read, Andrew Dominik","Biography, Crime, Drama","<a href=""https://www.imdb.com/title/tt0221073"" target=""_blank"">tt0221073</a>","<a href=""https://www.imdb.com/title/tt0221073"" target=""_blank"">Chopper</a>"
"tt27510174","Stree 2: Sarkate Ka Aatank",2024,2686,7,43068,147,"Amar Kaushik","Niren Bhatt, Krishna D.K., Raj Nidimoru","Comedy, Horror","<a href=""https://www.imdb.com/title/tt27510174"" target=""_blank"">tt27510174</a>","<a href=""https://www.imdb.com/title/tt27510174"" target=""_blank"">Stree 2: Sarkate Ka Aatank</a>"
"tt3499096","Race",2016,2687,7.1,42992,134,"Stephen Hopkins","Joe Shrapnel, Anna Waterhouse","Biography, Drama, Sport","<a href=""https://www.imdb.com/title/tt3499096"" target=""_blank"">tt3499096</a>","<a href=""https://www.imdb.com/title/tt3499096"" target=""_blank"">Race</a>"
"tt0120910","Fantasia 2000",1999,2688,7.1,42945,75,"James Algar, Gaëtan Brizzi, Paul Brizzi, Hendel Butoy, Francis Glebas, Eric Goldberg, Don Hahn, Pixote Hunt","Eric Goldberg, James Fujii, Joe Grant, Perce Pearce, Carl Fallberg, Gaëtan Brizzi, Paul Brizzi, Don Hahn, David Reynolds, Irene Mecchi, Hans Christian Andersen, Brenda Chapman, Elena Driskill, Mel Shaw","Animation, Family, Fantasy","<a href=""https://www.imdb.com/title/tt0120910"" target=""_blank"">tt0120910</a>","<a href=""https://www.imdb.com/title/tt0120910"" target=""_blank"">Fantasia 2000</a>"
"tt0048750","The Trouble with Harry",1955,2689,7,42908,99,"Alfred Hitchcock","John Michael Hayes, Jack Trevor Story","Comedy, Mystery","<a href=""https://www.imdb.com/title/tt0048750"" target=""_blank"">tt0048750</a>","<a href=""https://www.imdb.com/title/tt0048750"" target=""_blank"">The Trouble with Harry</a>"
"tt5755238","Leo",2023,2690,7,42898,102,"Robert Marianetti, Robert Smigel, David Wachtenheim","Robert Smigel, Adam Sandler, Paul Sado","Adventure, Animation, Comedy","<a href=""https://www.imdb.com/title/tt5755238"" target=""_blank"">tt5755238</a>","<a href=""https://www.imdb.com/title/tt5755238"" target=""_blank"">Leo</a>"
"tt0099763","Henry: Portrait of a Serial Killer",1986,2691,7,42809,83,"John McNaughton","Richard Fire, John McNaughton","Biography, Crime, Drama","<a href=""https://www.imdb.com/title/tt0099763"" target=""_blank"">tt0099763</a>","<a href=""https://www.imdb.com/title/tt0099763"" target=""_blank"">Henry: Portrait of a Serial Killer</a>"
"tt0080516","The Changeling",1980,2692,7.1,42696,107,"Peter Medak","Russell Hunter, William Gray, Diana Maddox","Horror, Mystery","<a href=""https://www.imdb.com/title/tt0080516"" target=""_blank"">tt0080516</a>","<a href=""https://www.imdb.com/title/tt0080516"" target=""_blank"">The Changeling</a>"
"tt0347473","Main Hoon Na",2004,2693,7.1,42685,182,"Farah Khan","Farah Khan, Abbas Tyrewala, Rajesh Saathi","Action, Comedy, Drama","<a href=""https://www.imdb.com/title/tt0347473"" target=""_blank"">tt0347473</a>","<a href=""https://www.imdb.com/title/tt0347473"" target=""_blank"">Main Hoon Na</a>"
"tt0247199","The Believer",2001,2694,7.1,42508,98,"Henry Bean","Henry Bean, Mark Jacobson","Drama","<a href=""https://www.imdb.com/title/tt0247199"" target=""_blank"">tt0247199</a>","<a href=""https://www.imdb.com/title/tt0247199"" target=""_blank"">The Believer</a>"
"tt10095582","The Tragedy of Macbeth",2021,2695,7.1,42418,105,"Joel Coen","Joel Coen, William Shakespeare","Drama, Mystery, Thriller","<a href=""https://www.imdb.com/title/tt10095582"" target=""_blank"">tt10095582</a>","<a href=""https://www.imdb.com/title/tt10095582"" target=""_blank"">The Tragedy of Macbeth</a>"
"tt0066817","Bedknobs and Broomsticks",1971,2696,7.1,42220,117,"Robert Stevenson, Ward Kimball","Ralph Wright, Ted Berman, Bill Walsh, Don DaGradi, Mary Norton, Ken Anderson","Adventure, Animation, Comedy","<a href=""https://www.imdb.com/title/tt0066817"" target=""_blank"">tt0066817</a>","<a href=""https://www.imdb.com/title/tt0066817"" target=""_blank"">Bedknobs and Broomsticks</a>"
"tt1045670","Happy-Go-Lucky",2008,2697,7,41953,118,"Mike Leigh","Mike Leigh","Comedy, Drama, Romance","<a href=""https://www.imdb.com/title/tt1045670"" target=""_blank"">tt1045670</a>","<a href=""https://www.imdb.com/title/tt1045670"" target=""_blank"">Happy-Go-Lucky</a>"
"tt0094608","The Accused",1988,2698,7.1,41897,111,"Jonathan Kaplan","Tom Topor","Crime, Drama","<a href=""https://www.imdb.com/title/tt0094608"" target=""_blank"">tt0094608</a>","<a href=""https://www.imdb.com/title/tt0094608"" target=""_blank"">The Accused</a>"
"tt4669788","On the Basis of Sex",2018,2699,7.1,41155,120,"Mimi Leder","Daniel Stiepleman","Biography, Drama, History","<a href=""https://www.imdb.com/title/tt4669788"" target=""_blank"">tt4669788</a>","<a href=""https://www.imdb.com/title/tt4669788"" target=""_blank"">On the Basis of Sex</a>"
"tt11663228","Jailer",2023,2700,7.1,41067,168,"Nelson Dilipkumar","Manish Bhavan, Nelson Dilipkumar","Action, Comedy, Crime","<a href=""https://www.imdb.com/title/tt11663228"" target=""_blank"">tt11663228</a>","<a href=""https://www.imdb.com/title/tt11663228"" target=""_blank"">Jailer</a>"
"tt1130988","JCVD",2008,2701,7,40996,97,"Mabrouk El Mechri","Mabrouk El Mechri, Frédéric Benudis, Frédéric Taddeï, Vincent Ravalec, Christophe Turpin","Comedy, Crime, Drama","<a href=""https://www.imdb.com/title/tt1130988"" target=""_blank"">tt1130988</a>","<a href=""https://www.imdb.com/title/tt1130988"" target=""_blank"">JCVD</a>"
"tt1073241","Nothing But the Truth",2008,2702,7.1,40939,108,"Rod Lurie","Rod Lurie","Crime, Drama, Mystery","<a href=""https://www.imdb.com/title/tt1073241"" target=""_blank"">tt1073241</a>","<a href=""https://www.imdb.com/title/tt1073241"" target=""_blank"">Nothing But the Truth</a>"
"tt3824458","Tangerine",2015,2703,7.1,40821,88,"Sean Baker","Sean Baker, Chris Bergoch","Comedy, Crime, Drama","<a href=""https://www.imdb.com/title/tt3824458"" target=""_blank"">tt3824458</a>","<a href=""https://www.imdb.com/title/tt3824458"" target=""_blank"">Tangerine</a>"
"tt5648882","The Burial",2023,2704,7.1,40419,126,"Maggie Betts","Doug Wright, Maggie Betts, Jonathan Harr","Drama","<a href=""https://www.imdb.com/title/tt5648882"" target=""_blank"">tt5648882</a>","<a href=""https://www.imdb.com/title/tt5648882"" target=""_blank"">The Burial</a>"
"tt13453006","Red Rocket",2021,2705,7.1,40268,130,"Sean Baker","Sean Baker, Chris Bergoch","Comedy, Drama, Romance","<a href=""https://www.imdb.com/title/tt13453006"" target=""_blank"">tt13453006</a>","<a href=""https://www.imdb.com/title/tt13453006"" target=""_blank"">Red Rocket</a>"
"tt2891174","99 Homes",2014,2706,7.1,40249,112,"Ramin Bahrani","Ramin Bahrani, Bahareh Azimi, Amir Naderi","Crime, Drama","<a href=""https://www.imdb.com/title/tt2891174"" target=""_blank"">tt2891174</a>","<a href=""https://www.imdb.com/title/tt2891174"" target=""_blank"">99 Homes</a>"
"tt0046534","The War of the Worlds",1953,2707,7,40224,87,"Byron Haskin","H.G. Wells, Barré Lyndon","Action, Sci-Fi, Thriller","<a href=""https://www.imdb.com/title/tt0046534"" target=""_blank"">tt0046534</a>","<a href=""https://www.imdb.com/title/tt0046534"" target=""_blank"">The War of the Worlds</a>"
"tt1266029","Nowhere Boy",2009,2708,7.1,40218,98,"Sam Taylor-Johnson","Julia Baird, Matt Greenhalgh","Biography, Drama, Music","<a href=""https://www.imdb.com/title/tt1266029"" target=""_blank"">tt1266029</a>","<a href=""https://www.imdb.com/title/tt1266029"" target=""_blank"">Nowhere Boy</a>"
"tt0086216","Rumble Fish",1983,2709,7.1,40045,94,"Francis Ford Coppola","S.E. Hinton, Francis Ford Coppola","Crime, Drama, Romance","<a href=""https://www.imdb.com/title/tt0086216"" target=""_blank"">tt0086216</a>","<a href=""https://www.imdb.com/title/tt0086216"" target=""_blank"">Rumble Fish</a>"
"tt2378507","The Glass Castle",2017,2710,7.1,39938,127,"Destin Daniel Cretton","Destin Daniel Cretton, Andrew Lanham, Jeannette Walls","Biography, Drama","<a href=""https://www.imdb.com/title/tt2378507"" target=""_blank"">tt2378507</a>","<a href=""https://www.imdb.com/title/tt2378507"" target=""_blank"">The Glass Castle</a>"
"tt0427954","The Protector",2005,2711,7,39937,111,"Prachya Pinkaew","Napalee, Piyaros Thongdee, Joe Wannapin, Kongdej Jaturanrasamee, Prachya Pinkaew","Action, Crime, Drama","<a href=""https://www.imdb.com/title/tt0427954"" target=""_blank"">tt0427954</a>","<a href=""https://www.imdb.com/title/tt0427954"" target=""_blank"">The Protector</a>"
"tt0254455","Sex and Lucía",2001,2712,7,39868,128,"Julio Medem","Julio Medem","Drama, Romance","<a href=""https://www.imdb.com/title/tt0254455"" target=""_blank"">tt0254455</a>","<a href=""https://www.imdb.com/title/tt0254455"" target=""_blank"">Sex and Lucía</a>"
"tt0108500","The Visitors",1993,2713,7,39719,107,"Jean-Marie Poiré","Christian Clavier, Jean-Marie Poiré","Comedy, Fantasy","<a href=""https://www.imdb.com/title/tt0108500"" target=""_blank"">tt0108500</a>","<a href=""https://www.imdb.com/title/tt0108500"" target=""_blank"">The Visitors</a>"
"tt0056937","Cleopatra",1963,2714,7,39504,320,"Joseph L. Mankiewicz, Rouben Mamoulian","Joseph L. Mankiewicz, Ranald MacDougall, Sidney Buchman, Plutarch, Suetonius, Appian, Carlo Maria Franzero, Ben Hecht","Biography, Drama, History","<a href=""https://www.imdb.com/title/tt0056937"" target=""_blank"">tt0056937</a>","<a href=""https://www.imdb.com/title/tt0056937"" target=""_blank"">Cleopatra</a>"
"tt11847410","The Fallout",2021,2715,7,39442,96,"Megan Park","Megan Park","Drama","<a href=""https://www.imdb.com/title/tt11847410"" target=""_blank"">tt11847410</a>","<a href=""https://www.imdb.com/title/tt11847410"" target=""_blank"">The Fallout</a>"
"tt10521092","The Forgotten Battle",2020,2716,7.1,39430,124,"Matthijs van Heijningen Jr.","Paula van der Oest, Jesse Maiman, Pauline van Mantgem, Reinier Smit, Matthijs van Heijningen Jr.","Action, Adventure, War","<a href=""https://www.imdb.com/title/tt10521092"" target=""_blank"">tt10521092</a>","<a href=""https://www.imdb.com/title/tt10521092"" target=""_blank"">The Forgotten Battle</a>"
"tt0775529","The Savages",2007,2717,7.1,39342,113,"Tamara Jenkins","Tamara Jenkins","Comedy, Drama","<a href=""https://www.imdb.com/title/tt0775529"" target=""_blank"">tt0775529</a>","<a href=""https://www.imdb.com/title/tt0775529"" target=""_blank"">The Savages</a>"
"tt0379889","The Merchant of Venice",2004,2718,7,39309,131,"Michael Radford","William Shakespeare, Michael Radford","Drama, Romance","<a href=""https://www.imdb.com/title/tt0379889"" target=""_blank"">tt0379889</a>","<a href=""https://www.imdb.com/title/tt0379889"" target=""_blank"">The Merchant of Venice</a>"
"tt0323944","Shattered Glass",2003,2719,7.1,39104,94,"Billy Ray","Buzz Bissinger, Billy Ray","Drama, History","<a href=""https://www.imdb.com/title/tt0323944"" target=""_blank"">tt0323944</a>","<a href=""https://www.imdb.com/title/tt0323944"" target=""_blank"">Shattered Glass</a>"
"tt5935704","Padmaavat",2018,2720,7.1,39093,163,"Sanjay Leela Bhansali","Prakash Kapadia, Sanjay Leela Bhansali","Drama, History, War","<a href=""https://www.imdb.com/title/tt5935704"" target=""_blank"">tt5935704</a>","<a href=""https://www.imdb.com/title/tt5935704"" target=""_blank"">Padmaavat</a>"
"tt11317142","Shiva Baby",2020,2721,7.1,39079,77,"Emma Seligman","Emma Seligman","Comedy, Drama","<a href=""https://www.imdb.com/title/tt11317142"" target=""_blank"">tt11317142</a>","<a href=""https://www.imdb.com/title/tt11317142"" target=""_blank"">Shiva Baby</a>"
"tt2076298","Ip Man 4: The Finale",2019,2722,7,39055,107,"Wilson Yip","Edmond Wong, Hiroshi Fukazawa, Tai-Lee Chan, Lai-Yin Leung","Action, Biography, Drama","<a href=""https://www.imdb.com/title/tt2076298"" target=""_blank"">tt2076298</a>","<a href=""https://www.imdb.com/title/tt2076298"" target=""_blank"">Ip Man 4: The Finale</a>"
"tt20234774","Wicked Little Letters",2023,2723,7,38940,100,"Thea Sharrock","Jonny Sweet","Comedy, Crime, Drama","<a href=""https://www.imdb.com/title/tt20234774"" target=""_blank"">tt20234774</a>","<a href=""https://www.imdb.com/title/tt20234774"" target=""_blank"">Wicked Little Letters</a>"
"tt12618926","Parallel Mothers",2021,2724,7.1,38844,123,"Pedro Almodóvar","Pedro Almodóvar","Drama","<a href=""https://www.imdb.com/title/tt12618926"" target=""_blank"">tt12618926</a>","<a href=""https://www.imdb.com/title/tt12618926"" target=""_blank"">Parallel Mothers</a>"
"tt0043278","An American in Paris",1951,2725,7.1,38294,114,"Vincente Minnelli","Alan Jay Lerner","Drama, Musical, Romance","<a href=""https://www.imdb.com/title/tt0043278"" target=""_blank"">tt0043278</a>","<a href=""https://www.imdb.com/title/tt0043278"" target=""_blank"">An American in Paris</a>"
"tt0093378","La Bamba",1987,2726,7,38219,108,"Luis Valdez","Luis Valdez","Biography, Drama, Music","<a href=""https://www.imdb.com/title/tt0093378"" target=""_blank"">tt0093378</a>","<a href=""https://www.imdb.com/title/tt0093378"" target=""_blank"">La Bamba</a>"
"tt4669986","Loving",2016,2727,7,37967,123,"Jeff Nichols","Jeff Nichols, Nancy Buirski","Biography, Drama, Romance","<a href=""https://www.imdb.com/title/tt4669986"" target=""_blank"">tt4669986</a>","<a href=""https://www.imdb.com/title/tt4669986"" target=""_blank"">Loving</a>"
"tt0910554","Frequently Asked Questions About Time Travel",2009,2728,7,37791,83,"Gareth Carrivick","Jamie Mathieson","Comedy, Sci-Fi","<a href=""https://www.imdb.com/title/tt0910554"" target=""_blank"">tt0910554</a>","<a href=""https://www.imdb.com/title/tt0910554"" target=""_blank"">Frequently Asked Questions About Time Travel</a>"
"tt0790712","The Messenger",2009,2729,7.1,37764,113,"Oren Moverman","Alessandro Camon, Oren Moverman","Drama, Romance, War","<a href=""https://www.imdb.com/title/tt0790712"" target=""_blank"">tt0790712</a>","<a href=""https://www.imdb.com/title/tt0790712"" target=""_blank"">The Messenger</a>"
"tt0419749","Find Me Guilty",2006,2730,7,37326,125,"Sidney Lumet","Sidney Lumet, T.J. Mancini, Robert J. McCrea","Biography, Comedy, Crime","<a href=""https://www.imdb.com/title/tt0419749"" target=""_blank"">tt0419749</a>","<a href=""https://www.imdb.com/title/tt0419749"" target=""_blank"">Find Me Guilty</a>"
"tt5723272","In the Fade",2017,2731,7,36860,106,"Fatih Akin","Fatih Akin, Hark Bohm","Crime, Drama, Mystery","<a href=""https://www.imdb.com/title/tt5723272"" target=""_blank"">tt5723272</a>","<a href=""https://www.imdb.com/title/tt5723272"" target=""_blank"">In the Fade</a>"
"tt0473753","Angel-A",2005,2732,7,36659,91,"Luc Besson","Luc Besson","Comedy, Drama, Fantasy","<a href=""https://www.imdb.com/title/tt0473753"" target=""_blank"">tt0473753</a>","<a href=""https://www.imdb.com/title/tt0473753"" target=""_blank"">Angel-A</a>"
"tt0896872","The Whistleblower",2010,2733,7.1,36605,112,"Larysa Kondracki","Larysa Kondracki, Eilis Kirwan","Biography, Crime, Drama","<a href=""https://www.imdb.com/title/tt0896872"" target=""_blank"">tt0896872</a>","<a href=""https://www.imdb.com/title/tt0896872"" target=""_blank"">The Whistleblower</a>"
"tt0094006","Some Kind of Wonderful",1987,2734,7,36543,95,"Howard Deutch","John Hughes","Drama, Romance","<a href=""https://www.imdb.com/title/tt0094006"" target=""_blank"">tt0094006</a>","<a href=""https://www.imdb.com/title/tt0094006"" target=""_blank"">Some Kind of Wonderful</a>"
"tt3792960","The Brand New Testament",2015,2735,7.1,36382,114,"Jaco Van Dormael","Thomas Gunzig, Jaco Van Dormael","Comedy, Drama, Fantasy","<a href=""https://www.imdb.com/title/tt3792960"" target=""_blank"">tt3792960</a>","<a href=""https://www.imdb.com/title/tt3792960"" target=""_blank"">The Brand New Testament</a>"
"tt1185836","Adam",2009,2736,7.1,36369,99,"Max Mayer","Max Mayer","Comedy, Drama, Romance","<a href=""https://www.imdb.com/title/tt1185836"" target=""_blank"">tt1185836</a>","<a href=""https://www.imdb.com/title/tt1185836"" target=""_blank"">Adam</a>"
"tt5501104","Border",2018,2737,7,36311,110,"Ali Abbasi","John Ajvide Lindqvist, Ali Abbasi, Isabella Eklöf","Crime, Drama, Fantasy","<a href=""https://www.imdb.com/title/tt5501104"" target=""_blank"">tt5501104</a>","<a href=""https://www.imdb.com/title/tt5501104"" target=""_blank"">Border</a>"
"tt8722346","Queen & Slim",2019,2738,7.1,36210,132,"Melina Matsoukas","Lena Waithe, James Frey","Crime, Drama, Romance","<a href=""https://www.imdb.com/title/tt8722346"" target=""_blank"">tt8722346</a>","<a href=""https://www.imdb.com/title/tt8722346"" target=""_blank"">Queen & Slim</a>"
"tt0439662","Fanaa",2006,2739,7.1,36206,168,"Kunal Kohli","Shibani Bathija, Kunal Kohli","Action, Drama, Romance","<a href=""https://www.imdb.com/title/tt0439662"" target=""_blank"">tt0439662</a>","<a href=""https://www.imdb.com/title/tt0439662"" target=""_blank"">Fanaa</a>"
"tt0361127","The Woodsman",2004,2740,7.1,36201,87,"Nicole Kassell","Steven Fechter, Nicole Kassell","Drama","<a href=""https://www.imdb.com/title/tt0361127"" target=""_blank"">tt0361127</a>","<a href=""https://www.imdb.com/title/tt0361127"" target=""_blank"">The Woodsman</a>"
"tt0091954","Sid and Nancy",1986,2741,7,36056,112,"Alex Cox","Alex Cox, Abbe Wool","Biography, Drama, Music","<a href=""https://www.imdb.com/title/tt0091954"" target=""_blank"">tt0091954</a>","<a href=""https://www.imdb.com/title/tt0091954"" target=""_blank"">Sid and Nancy</a>"
"tt3544082","45 Years",2015,2742,7.1,36050,95,"Andrew Haigh","Andrew Haigh, David Constantine","Drama, Romance","<a href=""https://www.imdb.com/title/tt3544082"" target=""_blank"">tt3544082</a>","<a href=""https://www.imdb.com/title/tt3544082"" target=""_blank"">45 Years</a>"
"tt0115639","Beautiful Girls",1996,2743,7.1,35723,112,"Ted Demme","Scott Rosenberg","Comedy, Drama, Romance","<a href=""https://www.imdb.com/title/tt0115639"" target=""_blank"">tt0115639</a>","<a href=""https://www.imdb.com/title/tt0115639"" target=""_blank"">Beautiful Girls</a>"
"tt1629757","Chasing Mavericks",2012,2744,7.1,35534,116,"Michael Apted, Curtis Hanson","Kario Salem, Jim Meenaghan, Brandon Hooper","Biography, Drama, Sport","<a href=""https://www.imdb.com/title/tt1629757"" target=""_blank"">tt1629757</a>","<a href=""https://www.imdb.com/title/tt1629757"" target=""_blank"">Chasing Mavericks</a>"
"tt0213890","Mohabbatein",2000,2745,7.1,35494,216,"Aditya Chopra","Aditya Chopra","Drama, Musical, Romance","<a href=""https://www.imdb.com/title/tt0213890"" target=""_blank"">tt0213890</a>","<a href=""https://www.imdb.com/title/tt0213890"" target=""_blank"">Mohabbatein</a>"
"tt0044121","The Thing from Another World",1951,2746,7,35435,87,"Christian Nyby, Howard Hawks","Charles Lederer, John W. Campbell Jr., Howard Hawks, Ben Hecht","Horror, Sci-Fi","<a href=""https://www.imdb.com/title/tt0044121"" target=""_blank"">tt0044121</a>","<a href=""https://www.imdb.com/title/tt0044121"" target=""_blank"">The Thing from Another World</a>"
"tt0283832","8 Women",2002,2747,7,35427,111,"François Ozon","François Ozon, Marina de Van, Robert Thomas","Comedy, Crime, Musical","<a href=""https://www.imdb.com/title/tt0283832"" target=""_blank"">tt0283832</a>","<a href=""https://www.imdb.com/title/tt0283832"" target=""_blank"">8 Women</a>"
"tt1937264","Now Is Good",2012,2748,7,35410,103,"Ol Parker","Jenny Downham, Ol Parker","Drama, Romance","<a href=""https://www.imdb.com/title/tt1937264"" target=""_blank"">tt1937264</a>","<a href=""https://www.imdb.com/title/tt1937264"" target=""_blank"">Now Is Good</a>"
"tt10612922","One Night in Miami...",2020,2749,7.1,35305,114,"Regina King","Kemp Powers","Drama","<a href=""https://www.imdb.com/title/tt10612922"" target=""_blank"">tt10612922</a>","<a href=""https://www.imdb.com/title/tt10612922"" target=""_blank"">One Night in Miami...</a>"
"tt0117039","Michael Collins",1996,2750,7.1,35216,133,"Neil Jordan","Neil Jordan","Biography, Drama, History","<a href=""https://www.imdb.com/title/tt0117039"" target=""_blank"">tt0117039</a>","<a href=""https://www.imdb.com/title/tt0117039"" target=""_blank"">Michael Collins</a>"
"tt0061655","The Fearless Vampire Killers",1967,2751,7,35185,91,"Roman Polanski","Gérard Brach, Roman Polanski","Comedy, Horror","<a href=""https://www.imdb.com/title/tt0061655"" target=""_blank"">tt0061655</a>","<a href=""https://www.imdb.com/title/tt0061655"" target=""_blank"">The Fearless Vampire Killers</a>"
"tt0283139","White Oleander",2002,2752,7.1,35174,109,"Peter Kosminsky","Janet Fitch, Mary Agnes Donoghue","Drama","<a href=""https://www.imdb.com/title/tt0283139"" target=""_blank"">tt0283139</a>","<a href=""https://www.imdb.com/title/tt0283139"" target=""_blank"">White Oleander</a>"
"tt10720352","Arthur the King",2024,2753,7,35123,107,"Simon Cellan Jones","Michael Brandt, Mikael Lindnord","Adventure, Drama, Sport","<a href=""https://www.imdb.com/title/tt10720352"" target=""_blank"">tt10720352</a>","<a href=""https://www.imdb.com/title/tt10720352"" target=""_blank"">Arthur the King</a>"
"tt2203308","Aashiqui 2",2013,2754,7.1,35060,132,"Mohit Suri","Shagufta Rafique","Drama, Music, Musical","<a href=""https://www.imdb.com/title/tt2203308"" target=""_blank"">tt2203308</a>","<a href=""https://www.imdb.com/title/tt2203308"" target=""_blank"">Aashiqui 2</a>"
"tt0350261","An Unfinished Life",2005,2755,7,35045,108,"Lasse Hallström","Mark Spragg, Virginia Korus Spragg","Drama, Family, Romance","<a href=""https://www.imdb.com/title/tt0350261"" target=""_blank"">tt0350261</a>","<a href=""https://www.imdb.com/title/tt0350261"" target=""_blank"">An Unfinished Life</a>"
"tt5151570","Mrs. Harris Goes to Paris",2022,2756,7.1,35000,115,"Anthony Fabian","Paul Gallico, Carroll Cartwright, Anthony Fabian, Keith Thompson, Olivia Hetreed","Comedy, Drama","<a href=""https://www.imdb.com/title/tt5151570"" target=""_blank"">tt5151570</a>","<a href=""https://www.imdb.com/title/tt5151570"" target=""_blank"">Mrs. Harris Goes to Paris</a>"
"tt4326444","Julieta",2016,2757,7.1,34853,99,"Pedro Almodóvar","Pedro Almodóvar, Alice Munro","Drama, Mystery, Romance","<a href=""https://www.imdb.com/title/tt4326444"" target=""_blank"">tt4326444</a>","<a href=""https://www.imdb.com/title/tt4326444"" target=""_blank"">Julieta</a>"
"tt0050419","Funny Face",1957,2758,7,34607,103,"Stanley Donen","Leonard Gershe","Comedy, Musical, Romance","<a href=""https://www.imdb.com/title/tt0050419"" target=""_blank"">tt0050419</a>","<a href=""https://www.imdb.com/title/tt0050419"" target=""_blank"">Funny Face</a>"
"tt0332136","If Only",2004,2759,7,34606,92,"Gil Junger","Christina Welsh","Comedy, Drama, Fantasy","<a href=""https://www.imdb.com/title/tt0332136"" target=""_blank"">tt0332136</a>","<a href=""https://www.imdb.com/title/tt0332136"" target=""_blank"">If Only</a>"
"tt1772288","Danny Collins",2015,2760,7,34293,106,"Dan Fogelman","Dan Fogelman","Comedy, Drama, Music","<a href=""https://www.imdb.com/title/tt1772288"" target=""_blank"">tt1772288</a>","<a href=""https://www.imdb.com/title/tt1772288"" target=""_blank"">Danny Collins</a>"
"tt0377091","Mean Creek",2004,2761,7.1,34204,90,"Jacob Estes","Jacob Estes","Crime, Drama","<a href=""https://www.imdb.com/title/tt0377091"" target=""_blank"">tt0377091</a>","<a href=""https://www.imdb.com/title/tt0377091"" target=""_blank"">Mean Creek</a>"
"tt0106770","Dragon: The Bruce Lee Story",1993,2762,7,34151,120,"Rob Cohen","Robert Clouse, Linda Lee Cadwell, Edward Khmara, John Raffo, Rob Cohen","Action, Biography, Drama","<a href=""https://www.imdb.com/title/tt0106770"" target=""_blank"">tt0106770</a>","<a href=""https://www.imdb.com/title/tt0106770"" target=""_blank"">Dragon: The Bruce Lee Story</a>"
"tt0482088","Priceless",2006,2763,7,33839,106,"Pierre Salvadori","Pierre Salvadori, Benoît Graffin","Comedy, Romance","<a href=""https://www.imdb.com/title/tt0482088"" target=""_blank"">tt0482088</a>","<a href=""https://www.imdb.com/title/tt0482088"" target=""_blank"">Priceless</a>"
"tt0113987","Nixon",1995,2764,7,33819,192,"Oliver Stone","Stephen J. Rivele, Christopher Wilkinson, Oliver Stone","Biography, Drama, History","<a href=""https://www.imdb.com/title/tt0113987"" target=""_blank"">tt0113987</a>","<a href=""https://www.imdb.com/title/tt0113987"" target=""_blank"">Nixon</a>"
"tt0101026","Tie Me Up! Tie Me Down!",1989,2765,7,33549,101,"Pedro Almodóvar","Pedro Almodóvar","Comedy, Crime, Drama","<a href=""https://www.imdb.com/title/tt0101026"" target=""_blank"">tt0101026</a>","<a href=""https://www.imdb.com/title/tt0101026"" target=""_blank"">Tie Me Up! Tie Me Down!</a>"
"tt0075066","The Pink Panther Strikes Again",1976,2766,7.1,33424,103,"Blake Edwards","Frank Waldman, Blake Edwards","Comedy, Crime","<a href=""https://www.imdb.com/title/tt0075066"" target=""_blank"">tt0075066</a>","<a href=""https://www.imdb.com/title/tt0075066"" target=""_blank"">The Pink Panther Strikes Again</a>"
"tt0845046","Son of Rambow",2007,2767,7,33376,96,"Garth Jennings","Garth Jennings","Action, Adventure, Comedy","<a href=""https://www.imdb.com/title/tt0845046"" target=""_blank"">tt0845046</a>","<a href=""https://www.imdb.com/title/tt0845046"" target=""_blank"">Son of Rambow</a>"
"tt15600222","An Action Hero",2022,2768,7.1,33183,130,"Anirudh Iyer","Anirudh Iyer, Neeraj Yadav","Action, Comedy, Crime","<a href=""https://www.imdb.com/title/tt15600222"" target=""_blank"">tt15600222</a>","<a href=""https://www.imdb.com/title/tt15600222"" target=""_blank"">An Action Hero</a>"
"tt0086993","The Bounty",1984,2769,7.1,33161,132,"Roger Donaldson","Robert Bolt, Richard Hough, Ian Mune","Adventure, Drama, History","<a href=""https://www.imdb.com/title/tt0086993"" target=""_blank"">tt0086993</a>","<a href=""https://www.imdb.com/title/tt0086993"" target=""_blank"">The Bounty</a>"
"tt0482546","Miss Potter",2006,2770,7,33099,88,"Chris Noonan","Richard Maltby Jr.","Biography, Drama, Romance","<a href=""https://www.imdb.com/title/tt0482546"" target=""_blank"">tt0482546</a>","<a href=""https://www.imdb.com/title/tt0482546"" target=""_blank"">Miss Potter</a>"
"tt1641638","The Legend Is Born: Ip Man",2010,2771,7,33040,100,"Herman Yau","Eric Lee, Erica Li, Sean Whitley","Action, Biography, Drama","<a href=""https://www.imdb.com/title/tt1641638"" target=""_blank"">tt1641638</a>","<a href=""https://www.imdb.com/title/tt1641638"" target=""_blank"">The Legend Is Born: Ip Man</a>"
"tt0235737","The Salton Sea",2002,2772,7,32871,103,"D.J. Caruso","Tony Gayton","Crime, Drama, Mystery","<a href=""https://www.imdb.com/title/tt0235737"" target=""_blank"">tt0235737</a>","<a href=""https://www.imdb.com/title/tt0235737"" target=""_blank"">The Salton Sea</a>"
"tt2167266","Tracks",2013,2773,7.1,32520,112,"John Curran","Marion Nelson, Robyn Davidson","Adventure, Biography, Drama","<a href=""https://www.imdb.com/title/tt2167266"" target=""_blank"">tt2167266</a>","<a href=""https://www.imdb.com/title/tt2167266"" target=""_blank"">Tracks</a>"
"tt0077269","The Boys from Brazil",1978,2774,7,32507,125,"Franklin J. Schaffner","Ira Levin, Heywood Gould","Drama, Mystery, Sci-Fi","<a href=""https://www.imdb.com/title/tt0077269"" target=""_blank"">tt0077269</a>","<a href=""https://www.imdb.com/title/tt0077269"" target=""_blank"">The Boys from Brazil</a>"
"tt0065134","Two Mules for Sister Sara",1970,2775,7,32478,116,"Don Siegel","Budd Boetticher, Albert Maltz","Adventure, Drama, Romance","<a href=""https://www.imdb.com/title/tt0065134"" target=""_blank"">tt0065134</a>","<a href=""https://www.imdb.com/title/tt0065134"" target=""_blank"">Two Mules for Sister Sara</a>"
"tt0067309","Klute",1971,2776,7.1,32178,114,"Alan J. Pakula","Andy Lewis, David E. Lewis","Crime, Mystery, Thriller","<a href=""https://www.imdb.com/title/tt0067309"" target=""_blank"">tt0067309</a>","<a href=""https://www.imdb.com/title/tt0067309"" target=""_blank"">Klute</a>"
"tt0104573","Juice",1992,2777,7,32039,95,"Ernest R. Dickerson","Ernest R. Dickerson, Gerard Brown","Action, Crime, Drama","<a href=""https://www.imdb.com/title/tt0104573"" target=""_blank"">tt0104573</a>","<a href=""https://www.imdb.com/title/tt0104573"" target=""_blank"">Juice</a>"
"tt9252468","Mosul",2019,2778,7.1,32037,101,"Matthew Michael Carnahan","Matthew Michael Carnahan","Action, Drama, Thriller","<a href=""https://www.imdb.com/title/tt9252468"" target=""_blank"">tt9252468</a>","<a href=""https://www.imdb.com/title/tt9252468"" target=""_blank"">Mosul</a>"
"tt0023245","The Mummy",1932,2779,7,32005,73,"Karl Freund","Nina Wilcox Putnam, Richard Schayer, John L. Balderston","Fantasy, Horror","<a href=""https://www.imdb.com/title/tt0023245"" target=""_blank"">tt0023245</a>","<a href=""https://www.imdb.com/title/tt0023245"" target=""_blank"">The Mummy</a>"
"tt0310203","Ruby & Quentin",2003,2780,7.1,31757,85,"Francis Veber","Francis Veber, Serge Frydman","Comedy, Crime","<a href=""https://www.imdb.com/title/tt0310203"" target=""_blank"">tt0310203</a>","<a href=""https://www.imdb.com/title/tt0310203"" target=""_blank"">Ruby & Quentin</a>"
"tt1149361","Micmacs",2009,2781,7.1,31755,105,"Jean-Pierre Jeunet, Hugh Wilson","Jean-Pierre Jeunet, Guillaume Laurant, Bill Kelly, Joe Stillman, Hugh Wilson","Action, Comedy, Crime","<a href=""https://www.imdb.com/title/tt1149361"" target=""_blank"">tt1149361</a>","<a href=""https://www.imdb.com/title/tt1149361"" target=""_blank"">Micmacs</a>"
"tt3447590","Matilda: The Musical",2022,2782,7,31422,117,"Matthew Warchus","Dennis Kelly, Tim Minchin, Roald Dahl","Comedy, Drama, Family","<a href=""https://www.imdb.com/title/tt3447590"" target=""_blank"">tt3447590</a>","<a href=""https://www.imdb.com/title/tt3447590"" target=""_blank"">Matilda: The Musical</a>"
"tt0119485","Kundun",1997,2783,7,31393,134,"Martin Scorsese","Melissa Mathison","Biography, Drama, History","<a href=""https://www.imdb.com/title/tt0119485"" target=""_blank"">tt0119485</a>","<a href=""https://www.imdb.com/title/tt0119485"" target=""_blank"">Kundun</a>"
"tt0072081","The Return of the Pink Panther",1975,2784,7,31224,113,"Blake Edwards","Frank Waldman, Blake Edwards","Comedy, Crime, Mystery","<a href=""https://www.imdb.com/title/tt0072081"" target=""_blank"">tt0072081</a>","<a href=""https://www.imdb.com/title/tt0072081"" target=""_blank"">The Return of the Pink Panther</a>"
"tt11460992","Runway 34",2022,2785,7.1,31141,145,"Ajay Devgn","Sandeep Kewlani, Aamil Keeyan Khan","Drama, Thriller","<a href=""https://www.imdb.com/title/tt11460992"" target=""_blank"">tt11460992</a>","<a href=""https://www.imdb.com/title/tt11460992"" target=""_blank"">Runway 34</a>"
"tt2263944","Dragon Ball Z: Battle of Gods",2013,2786,7.1,31123,85,"Masahiro Hosoda","Yûsuke Watanabe, Akira Toriyama","Action, Adventure, Animation","<a href=""https://www.imdb.com/title/tt2263944"" target=""_blank"">tt2263944</a>","<a href=""https://www.imdb.com/title/tt2263944"" target=""_blank"">Dragon Ball Z: Battle of Gods</a>"
"tt1653665","Goodbye Christopher Robin",2017,2787,7.1,30924,107,"Simon Curtis","Frank Cottrell Boyce, Simon Vaughan","Biography, Drama, Family","<a href=""https://www.imdb.com/title/tt1653665"" target=""_blank"">tt1653665</a>","<a href=""https://www.imdb.com/title/tt1653665"" target=""_blank"">Goodbye Christopher Robin</a>"
"tt3149038","A Brilliant Young Mind",2014,2788,7.1,30877,111,"Morgan Matthews","James Graham, Morgan Matthews","Drama, Romance","<a href=""https://www.imdb.com/title/tt3149038"" target=""_blank"">tt3149038</a>","<a href=""https://www.imdb.com/title/tt3149038"" target=""_blank"">A Brilliant Young Mind</a>"
"tt1600524","Heartbeats",2010,2789,7,30813,101,"Xavier Dolan","Xavier Dolan","Comedy, Drama, Romance","<a href=""https://www.imdb.com/title/tt1600524"" target=""_blank"">tt1600524</a>","<a href=""https://www.imdb.com/title/tt1600524"" target=""_blank"">Heartbeats</a>"
"tt0072288","Thunderbolt and Lightfoot",1974,2790,7,30759,115,"Michael Cimino","Michael Cimino","Action, Comedy, Crime","<a href=""https://www.imdb.com/title/tt0072288"" target=""_blank"">tt0072288</a>","<a href=""https://www.imdb.com/title/tt0072288"" target=""_blank"">Thunderbolt and Lightfoot</a>"
"tt0258068","The Quiet American",2002,2791,7,30510,101,"Phillip Noyce","Graham Greene, Christopher Hampton, Robert Schenkkan","Drama, Romance, Thriller","<a href=""https://www.imdb.com/title/tt0258068"" target=""_blank"">tt0258068</a>","<a href=""https://www.imdb.com/title/tt0258068"" target=""_blank"">The Quiet American</a>"
"tt0183659","Pollock",2000,2792,7,30491,122,"Ed Harris","Steven Naifeh, Gregory White Smith, Barbara Turner, Susan Emshwiller","Biography, Drama","<a href=""https://www.imdb.com/title/tt0183659"" target=""_blank"">tt0183659</a>","<a href=""https://www.imdb.com/title/tt0183659"" target=""_blank"">Pollock</a>"
"tt0095243","Gorillas in the Mist",1988,2793,7,30461,129,"Michael Apted","Harold T.P. Hayes, Dian Fossey, Anna Hamilton Phelan, Tab Murphy","Biography, Drama","<a href=""https://www.imdb.com/title/tt0095243"" target=""_blank"">tt0095243</a>","<a href=""https://www.imdb.com/title/tt0095243"" target=""_blank"">Gorillas in the Mist</a>"
"tt0970468","Miss Pettigrew Lives for a Day",2008,2794,7,30281,92,"Bharat Nalluri","David Magee, Simon Beaufoy, Winifred Watson","Comedy, Romance","<a href=""https://www.imdb.com/title/tt0970468"" target=""_blank"">tt0970468</a>","<a href=""https://www.imdb.com/title/tt0970468"" target=""_blank"">Miss Pettigrew Lives for a Day</a>"
"tt0094715","Beaches",1988,2795,7,30081,123,"Garry Marshall","Iris Rainer, Mary Agnes Donoghue","Comedy, Drama, Music","<a href=""https://www.imdb.com/title/tt0094715"" target=""_blank"">tt0094715</a>","<a href=""https://www.imdb.com/title/tt0094715"" target=""_blank"">Beaches</a>"
"tt0055830","Carnival of Souls",1962,2796,7,29872,78,"Herk Harvey","John Clifford, Herk Harvey","Horror, Mystery","<a href=""https://www.imdb.com/title/tt0055830"" target=""_blank"">tt0055830</a>","<a href=""https://www.imdb.com/title/tt0055830"" target=""_blank"">Carnival of Souls</a>"
"tt5165344","Rustom",2016,2797,7,29853,148,"Tinu Suresh Desai","Vipul K. Rawal","Crime, Drama, Thriller","<a href=""https://www.imdb.com/title/tt5165344"" target=""_blank"">tt5165344</a>","<a href=""https://www.imdb.com/title/tt5165344"" target=""_blank"">Rustom</a>"
"tt2582502","Fathers & Daughters",2015,2798,7,29828,116,"Gabriele Muccino","Brad Desch","Drama","<a href=""https://www.imdb.com/title/tt2582502"" target=""_blank"">tt2582502</a>","<a href=""https://www.imdb.com/title/tt2582502"" target=""_blank"">Fathers & Daughters</a>"
"tt0900387","Suite Française",2014,2799,7,29751,107,"Saul Dibb","Saul Dibb, Matt Charman, Irène Némirovsky","Drama, History, Romance","<a href=""https://www.imdb.com/title/tt0900387"" target=""_blank"">tt0900387</a>","<a href=""https://www.imdb.com/title/tt0900387"" target=""_blank"">Suite Française</a>"
"tt6133130","Professor Marston & the Wonder Women",2017,2800,7,29721,108,"Angela Robinson","Angela Robinson","Biography, Drama, History","<a href=""https://www.imdb.com/title/tt6133130"" target=""_blank"">tt6133130</a>","<a href=""https://www.imdb.com/title/tt6133130"" target=""_blank"">Professor Marston & the Wonder Women</a>"
"tt0084777","Tenebrae",1982,2801,7,29575,101,"Dario Argento","Dario Argento","Horror, Mystery, Thriller","<a href=""https://www.imdb.com/title/tt0084777"" target=""_blank"">tt0084777</a>","<a href=""https://www.imdb.com/title/tt0084777"" target=""_blank"">Tenebrae</a>"
"tt10208198","The Gangster, the Cop, the Devil",2019,2802,7,29338,109,"Lee Won-tae","Lee Won-tae","Action, Crime, Thriller","<a href=""https://www.imdb.com/title/tt10208198"" target=""_blank"">tt10208198</a>","<a href=""https://www.imdb.com/title/tt10208198"" target=""_blank"">The Gangster, the Cop, the Devil</a>"
"tt12015102","Vikrant Rona",2022,2803,7,29256,148,"Anup Bhandari","Anup Bhandari, John Mahendran, Sanjay Upadhyay, Rajshri Sudhakar","Action, Drama, Mystery","<a href=""https://www.imdb.com/title/tt12015102"" target=""_blank"">tt12015102</a>","<a href=""https://www.imdb.com/title/tt12015102"" target=""_blank"">Vikrant Rona</a>"
"tt0058898","Alphaville",1965,2804,7,29175,99,"Jean-Luc Godard","Jean-Luc Godard, Paul Éluard","Comedy, Drama, Mystery","<a href=""https://www.imdb.com/title/tt0058898"" target=""_blank"">tt0058898</a>","<a href=""https://www.imdb.com/title/tt0058898"" target=""_blank"">Alphaville</a>"
"tt0070903","The Way We Were",1973,2805,7,28927,118,"Sydney Pollack","Arthur Laurents, Francis Ford Coppola, Paddy Chayefsky, Herb Gardner, Dalton Trumbo","Drama, Romance","<a href=""https://www.imdb.com/title/tt0070903"" target=""_blank"">tt0070903</a>","<a href=""https://www.imdb.com/title/tt0070903"" target=""_blank"">The Way We Were</a>"
"tt0913968","The Warlords",2007,2806,7,28344,126,"Peter Ho-Sun Chan, Wai-Man Yip","Tin-Nam Chun, Junli Guo, Jiping He, Jianxin Huang, Yuet-Jan Hui, Oi-Wah Lam, Lan Xu, James Yuen","Action, Adventure, Drama","<a href=""https://www.imdb.com/title/tt0913968"" target=""_blank"">tt0913968</a>","<a href=""https://www.imdb.com/title/tt0913968"" target=""_blank"">The Warlords</a>"
"tt1856080","The Boys in the Boat",2023,2807,7,28320,123,"George Clooney","Daniel James Brown, Mark L. Smith","Biography, Drama, Sport","<a href=""https://www.imdb.com/title/tt1856080"" target=""_blank"">tt1856080</a>","<a href=""https://www.imdb.com/title/tt1856080"" target=""_blank"">The Boys in the Boat</a>"
"tt2785032","The Little Death",2014,2808,7,28276,96,"Josh Lawson","Josh Lawson","Comedy, Drama, Romance","<a href=""https://www.imdb.com/title/tt2785032"" target=""_blank"">tt2785032</a>","<a href=""https://www.imdb.com/title/tt2785032"" target=""_blank"">The Little Death</a>"
"tt4028464","The Innocents",2021,2809,7,28173,117,"Eskil Vogt","Eskil Vogt","Drama, Fantasy, Horror","<a href=""https://www.imdb.com/title/tt4028464"" target=""_blank"">tt4028464</a>","<a href=""https://www.imdb.com/title/tt4028464"" target=""_blank"">The Innocents</a>"
"tt2424988","Gabbar Is Back",2015,2810,7,27828,128,"Radha Krishna Jagarlamudi","A.R. Murugadoss, Rajat Arora, D.S. Kannan","Action, Crime, Drama","<a href=""https://www.imdb.com/title/tt2424988"" target=""_blank"">tt2424988</a>","<a href=""https://www.imdb.com/title/tt2424988"" target=""_blank"">Gabbar Is Back</a>"
"tt1924394","The Angels' Share",2012,2811,7,27743,101,"Ken Loach","Paul Laverty","Comedy, Crime, Drama","<a href=""https://www.imdb.com/title/tt1924394"" target=""_blank"">tt1924394</a>","<a href=""https://www.imdb.com/title/tt1924394"" target=""_blank"">The Angels' Share</a>"
"tt0110308","The Last Seduction",1994,2812,7,27446,110,"John Dahl","Steve Barancik","Crime, Drama, Romance","<a href=""https://www.imdb.com/title/tt0110308"" target=""_blank"">tt0110308</a>","<a href=""https://www.imdb.com/title/tt0110308"" target=""_blank"">The Last Seduction</a>"
"tt20115766","Knox Goes Away",2023,2813,7,27279,114,"Michael Keaton","Gregory Poirier","Crime, Thriller","<a href=""https://www.imdb.com/title/tt20115766"" target=""_blank"">tt20115766</a>","<a href=""https://www.imdb.com/title/tt20115766"" target=""_blank"">Knox Goes Away</a>"
"tt0105226","Red Rock West",1993,2814,7,27004,98,"John Dahl","John Dahl, Rick Dahl","Crime, Drama, Thriller","<a href=""https://www.imdb.com/title/tt0105226"" target=""_blank"">tt0105226</a>","<a href=""https://www.imdb.com/title/tt0105226"" target=""_blank"">Red Rock West</a>"
"tt0178737","Mansfield Park",1999,2815,7,26861,112,"Patricia Rozema","Jane Austen, Patricia Rozema","Comedy, Drama, Romance","<a href=""https://www.imdb.com/title/tt0178737"" target=""_blank"">tt0178737</a>","<a href=""https://www.imdb.com/title/tt0178737"" target=""_blank"">Mansfield Park</a>"
"tt5952332","Amanda Knox",2016,2816,6.9,26789,92,"Rod Blackhurst, Brian McGinn","Matthew Hamachek, Brian McGinn","Crime, Documentary","<a href=""https://www.imdb.com/title/tt5952332"" target=""_blank"">tt5952332</a>","<a href=""https://www.imdb.com/title/tt5952332"" target=""_blank"">Amanda Knox</a>"
"tt0097322","The Fabulous Baker Boys",1989,2817,6.9,26749,114,"Steve Kloves","Steve Kloves","Comedy, Drama, Music","<a href=""https://www.imdb.com/title/tt0097322"" target=""_blank"">tt0097322</a>","<a href=""https://www.imdb.com/title/tt0097322"" target=""_blank"">The Fabulous Baker Boys</a>"
"tt2473602","Get on Up",2014,2818,6.9,26735,139,"Tate Taylor","Jez Butterworth, John-Henry Butterworth, Steven Baigelman","Biography, Drama, Music","<a href=""https://www.imdb.com/title/tt2473602"" target=""_blank"">tt2473602</a>","<a href=""https://www.imdb.com/title/tt2473602"" target=""_blank"">Get on Up</a>"
"tt10287954","Rose Island",2020,2819,7,26626,117,"Sydney Sibilia","Francesca Manieri, Sydney Sibilia","Adventure, Biography, Comedy","<a href=""https://www.imdb.com/title/tt10287954"" target=""_blank"">tt10287954</a>","<a href=""https://www.imdb.com/title/tt10287954"" target=""_blank"">Rose Island</a>"
"tt0497137","I'm a Cyborg, But That's OK",2006,2820,6.9,26586,107,"Park Chan-wook","Park Chan-wook, Chung Seo-kyung","Comedy, Drama, Romance","<a href=""https://www.imdb.com/title/tt0497137"" target=""_blank"">tt0497137</a>","<a href=""https://www.imdb.com/title/tt0497137"" target=""_blank"">I'm a Cyborg, But That's OK</a>"
"tt27852049","Deva",2025,2821,7,26422,156,"Rosshan Andrrews","Sumit Arora, Bobby, Abbas Dalal, Hussain Dalal, Sanjay, Arshad Syed","Action, Crime, Drama","<a href=""https://www.imdb.com/title/tt27852049"" target=""_blank"">tt27852049</a>","<a href=""https://www.imdb.com/title/tt27852049"" target=""_blank"">Deva</a>"
"tt0364961","The Assassination of Richard Nixon",2004,2822,6.9,26348,95,"Niels Mueller","Kevin Kennedy, Niels Mueller","Biography, Crime, Drama","<a href=""https://www.imdb.com/title/tt0364961"" target=""_blank"">tt0364961</a>","<a href=""https://www.imdb.com/title/tt0364961"" target=""_blank"">The Assassination of Richard Nixon</a>"
"tt5989218","Life Itself",2018,2823,6.9,26251,117,"Dan Fogelman","Dan Fogelman","Drama, Romance","<a href=""https://www.imdb.com/title/tt5989218"" target=""_blank"">tt5989218</a>","<a href=""https://www.imdb.com/title/tt5989218"" target=""_blank"">Life Itself</a>"
"tt0102744","Quigley Down Under",1990,2824,6.9,26222,119,"Simon Wincer","John Hill","Action, Adventure, Drama","<a href=""https://www.imdb.com/title/tt0102744"" target=""_blank"">tt0102744</a>","<a href=""https://www.imdb.com/title/tt0102744"" target=""_blank"">Quigley Down Under</a>"
"tt0074452","The Eagle Has Landed",1976,2825,6.9,26028,123,"John Sturges","Tom Mankiewicz, Jack Higgins","Adventure, Drama, Thriller","<a href=""https://www.imdb.com/title/tt0074452"" target=""_blank"">tt0074452</a>","<a href=""https://www.imdb.com/title/tt0074452"" target=""_blank"">The Eagle Has Landed</a>"
"tt0107151","The House of the Spirits",1993,2826,6.9,25881,145,"Bille August","Isabel Allende, Bille August","Drama, Romance","<a href=""https://www.imdb.com/title/tt0107151"" target=""_blank"">tt0107151</a>","<a href=""https://www.imdb.com/title/tt0107151"" target=""_blank"">The House of the Spirits</a>"
"tt0064072","Battle of Britain",1969,2827,6.9,25775,132,"Guy Hamilton","James Kennaway, Wilfred Greatorex, Derek Dempster, Derek Wood","Action, Drama, History","<a href=""https://www.imdb.com/title/tt0064072"" target=""_blank"">tt0064072</a>","<a href=""https://www.imdb.com/title/tt0064072"" target=""_blank"">Battle of Britain</a>"
"tt1183923","Welcome to the Rileys",2010,2828,6.9,25695,110,"Jake Scott","Ken Hixon","Drama","<a href=""https://www.imdb.com/title/tt1183923"" target=""_blank"">tt1183923</a>","<a href=""https://www.imdb.com/title/tt1183923"" target=""_blank"">Welcome to the Rileys</a>"
"tt0104558","Supercop",1992,2829,7,25687,91,"Stanley Tong","Edward Tang, Fibe Ma, Lee Wai Yee","Action, Comedy, Crime","<a href=""https://www.imdb.com/title/tt0104558"" target=""_blank"">tt0104558</a>","<a href=""https://www.imdb.com/title/tt0104558"" target=""_blank"">Supercop</a>"
"tt0118983","Dil To Pagal Hai",1997,2830,7,25679,180,"Yash Chopra","Tanuja Chandra, Aditya Chopra, Pamela Chopra, Yash Chopra","Comedy, Drama, Musical","<a href=""https://www.imdb.com/title/tt0118983"" target=""_blank"">tt0118983</a>","<a href=""https://www.imdb.com/title/tt0118983"" target=""_blank"">Dil To Pagal Hai</a>"
"tt0112819","Dead Presidents",1995,2831,6.9,25650,119,"Albert Hughes, Allen Hughes","Allen Hughes, Albert Hughes, Michael Henry Brown, Wallace Terry","Action, Crime, Drama","<a href=""https://www.imdb.com/title/tt0112819"" target=""_blank"">tt0112819</a>","<a href=""https://www.imdb.com/title/tt0112819"" target=""_blank"">Dead Presidents</a>"
"tt0208874","The Contender",2000,2832,6.9,25645,126,"Rod Lurie","Rod Lurie","Drama, Thriller","<a href=""https://www.imdb.com/title/tt0208874"" target=""_blank"">tt0208874</a>","<a href=""https://www.imdb.com/title/tt0208874"" target=""_blank"">The Contender</a>"
"tt2725962","What We Did on Our Holiday",2014,2833,6.9,25574,95,"Andy Hamilton, Guy Jenkin","Andy Hamilton, Guy Jenkin","Comedy, Drama","<a href=""https://www.imdb.com/title/tt2725962"" target=""_blank"">tt2725962</a>","<a href=""https://www.imdb.com/title/tt2725962"" target=""_blank"">What We Did on Our Holiday</a>"
"tt0114594","Swimming with Sharks",1994,2834,7,25556,93,"George Huang","George Huang","Comedy, Crime","<a href=""https://www.imdb.com/title/tt0114594"" target=""_blank"">tt0114594</a>","<a href=""https://www.imdb.com/title/tt0114594"" target=""_blank"">Swimming with Sharks</a>"
"tt4736550","The Great Hack",2019,2835,7,25505,114,"Karim Amer, Jehane Noujaim","Pedro Kos, Erin Barnett, Karim Amer, Emma Briant","Biography, Documentary, History","<a href=""https://www.imdb.com/title/tt4736550"" target=""_blank"">tt4736550</a>","<a href=""https://www.imdb.com/title/tt4736550"" target=""_blank"">The Great Hack</a>"
"tt0106881","Fearless",1993,2836,7,25436,122,"Peter Weir","Rafael Yglesias","Drama, Thriller","<a href=""https://www.imdb.com/title/tt0106881"" target=""_blank"">tt0106881</a>","<a href=""https://www.imdb.com/title/tt0106881"" target=""_blank"">Fearless</a>"
"tt0109592","Cemetery Man",1994,2837,7,25185,103,"Michele Soavi","Tiziano Sclavi, Gianni Romoli","Comedy, Horror","<a href=""https://www.imdb.com/title/tt0109592"" target=""_blank"">tt0109592</a>","<a href=""https://www.imdb.com/title/tt0109592"" target=""_blank"">Cemetery Man</a>"
"tt1226236","I Am Love",2009,2838,7,25057,120,"Luca Guadagnino","Barbara Alberti, Ivan Cotroneo, Walter Fasano, Luca Guadagnino","Drama, Romance","<a href=""https://www.imdb.com/title/tt1226236"" target=""_blank"">tt1226236</a>","<a href=""https://www.imdb.com/title/tt1226236"" target=""_blank"">I Am Love</a>"
"tt0800369","Thor",2011,2839,7,937328,115,"Kenneth Branagh","Ashley E. Miller, Zack Stentz, Don Payne, J. Michael Straczynski, Mark Protosevich, Stan Lee, Larry Lieber, Jack Kirby","Action, Fantasy","<a href=""https://www.imdb.com/title/tt0800369"" target=""_blank"">tt0800369</a>","<a href=""https://www.imdb.com/title/tt0800369"" target=""_blank"">Thor</a>"
"tt0816711","World War Z",2013,2840,7,756578,116,"Marc Forster","Matthew Michael Carnahan, Drew Goddard, Damon Lindelof, J. Michael Straczynski, Max Brooks","Action, Adventure, Horror","<a href=""https://www.imdb.com/title/tt0816711"" target=""_blank"">tt0816711</a>","<a href=""https://www.imdb.com/title/tt0816711"" target=""_blank"">World War Z</a>"
"tt1446714","Prometheus",2012,2841,7,678983,124,"Ridley Scott","Jon Spaihts, Damon Lindelof, Dan O'Bannon, Ronald Shusett","Adventure, Mystery, Sci-Fi","<a href=""https://www.imdb.com/title/tt1446714"" target=""_blank"">tt1446714</a>","<a href=""https://www.imdb.com/title/tt1446714"" target=""_blank"">Prometheus</a>"
"tt0116629","Independence Day",1996,2842,7,628779,145,"Roland Emmerich","Dean Devlin, Roland Emmerich","Action, Adventure, Sci-Fi","<a href=""https://www.imdb.com/title/tt0116629"" target=""_blank"">tt0116629</a>","<a href=""https://www.imdb.com/title/tt0116629"" target=""_blank"">Independence Day</a>"
"tt1483013","Oblivion",2013,2843,7,573498,124,"Joseph Kosinski","Karl Gajdusek, Michael Arndt, Joseph Kosinski","Action, Adventure, Sci-Fi","<a href=""https://www.imdb.com/title/tt1483013"" target=""_blank"">tt1483013</a>","<a href=""https://www.imdb.com/title/tt1483013"" target=""_blank"">Oblivion</a>"
"tt0092099","Top Gun",1986,2844,7,531545,109,"Tony Scott","Jim Cash, Jack Epps Jr., Ehud Yonay","Action, Drama","<a href=""https://www.imdb.com/title/tt0092099"" target=""_blank"">tt0092099</a>","<a href=""https://www.imdb.com/title/tt0092099"" target=""_blank"">Top Gun</a>"
"tt1723121","We're the Millers",2013,2845,7,509009,110,"Rawson Marshall Thurber","Bob Fisher, Steve Faber, Sean Anders, John Morris","Comedy, Crime","<a href=""https://www.imdb.com/title/tt1723121"" target=""_blank"">tt1723121</a>","<a href=""https://www.imdb.com/title/tt1723121"" target=""_blank"">We're the Millers</a>"
"tt0458352","The Devil Wears Prada",2006,2846,7,503064,109,"David Frankel","Aline Brosh McKenna, Lauren Weisberger","Comedy, Drama","<a href=""https://www.imdb.com/title/tt0458352"" target=""_blank"">tt0458352</a>","<a href=""https://www.imdb.com/title/tt0458352"" target=""_blank"">The Devil Wears Prada</a>"
"tt2283362","Jumanji: Welcome to the Jungle",2017,2847,7,481520,119,"Jake Kasdan","Chris McKenna, Erik Sommers, Scott Rosenberg, Jeff Pinkner, Chris Van Allsburg, Greg Taylor, Jonathan Hensleigh, Jim Strain","Action, Adventure, Comedy","<a href=""https://www.imdb.com/title/tt2283362"" target=""_blank"">tt2283362</a>","<a href=""https://www.imdb.com/title/tt2283362"" target=""_blank"">Jumanji: Welcome to the Jungle</a>"
"tt1355644","Passengers",2016,2848,7,477417,116,"Morten Tyldum","Jon Spaihts","Drama, Romance, Sci-Fi","<a href=""https://www.imdb.com/title/tt1355644"" target=""_blank"">tt1355644</a>","<a href=""https://www.imdb.com/title/tt1355644"" target=""_blank"">Passengers</a>"
"tt5095030","Ant-Man and the Wasp",2018,2849,7,475655,118,"Peyton Reed","Chris McKenna, Erik Sommers, Paul Rudd, Andrew Barrer, Gabriel Ferrari, Stan Lee, Larry Lieber, Jack Kirby","Action, Adventure, Comedy","<a href=""https://www.imdb.com/title/tt5095030"" target=""_blank"">tt5095030</a>","<a href=""https://www.imdb.com/title/tt5095030"" target=""_blank"">Ant-Man and the Wasp</a>"
"tt1259521","The Cabin in the Woods",2011,2850,7,474563,95,"Drew Goddard","Joss Whedon, Drew Goddard","Horror, Mystery, Thriller","<a href=""https://www.imdb.com/title/tt1259521"" target=""_blank"">tt1259521</a>","<a href=""https://www.imdb.com/title/tt1259521"" target=""_blank"">The Cabin in the Woods</a>"
"tt0163651","American Pie",1999,2851,7,453704,95,"Paul Weitz","Adam Herz","Comedy","<a href=""https://www.imdb.com/title/tt0163651"" target=""_blank"">tt0163651</a>","<a href=""https://www.imdb.com/title/tt0163651"" target=""_blank"">American Pie</a>"
"tt0110475","The Mask",1994,2852,7,449641,101,"Chuck Russell","Michael Fallon, Mark Verheiden, Mike Werb","Comedy, Crime, Fantasy","<a href=""https://www.imdb.com/title/tt0110475"" target=""_blank"">tt0110475</a>","<a href=""https://www.imdb.com/title/tt0110475"" target=""_blank"">The Mask</a>"
"tt1060277","Cloverfield",2008,2853,7,435033,85,"Matt Reeves","Drew Goddard","Action, Horror, Sci-Fi","<a href=""https://www.imdb.com/title/tt1060277"" target=""_blank"">tt1060277</a>","<a href=""https://www.imdb.com/title/tt1060277"" target=""_blank"">Cloverfield</a>"
"tt1282140","Easy A",2010,2854,7,433159,92,"Will Gluck","Bert V. Royal","Comedy, Drama, Romance","<a href=""https://www.imdb.com/title/tt1282140"" target=""_blank"">tt1282140</a>","<a href=""https://www.imdb.com/title/tt1282140"" target=""_blank"">Easy A</a>"
"tt1905041","Fast & Furious 6",2013,2855,7,429980,130,"Justin Lin","Chris Morgan, Gary Scott Thompson","Action, Thriller","<a href=""https://www.imdb.com/title/tt1905041"" target=""_blank"">tt1905041</a>","<a href=""https://www.imdb.com/title/tt1905041"" target=""_blank"">Fast & Furious 6</a>"
"tt2294449","22 Jump Street",2014,2856,7,425152,112,"Phil Lord, Christopher Miller","Michael Bacall, Oren Uziel, Rodney Rothman, Jonah Hill, Patrick Hasburgh, Stephen J. Cannell","Action, Comedy, Crime","<a href=""https://www.imdb.com/title/tt2294449"" target=""_blank"">tt2294449</a>","<a href=""https://www.imdb.com/title/tt2294449"" target=""_blank"">22 Jump Street</a>"
"tt0448115","Shazam!",2019,2857,7,401955,132,"David F. Sandberg","Henry Gayden, Darren Lemke, Bill Parker, C.C. Beck","Action, Adventure, Comedy","<a href=""https://www.imdb.com/title/tt0448115"" target=""_blank"">tt0448115</a>","<a href=""https://www.imdb.com/title/tt0448115"" target=""_blank"">Shazam!</a>"
"tt0317740","The Italian Job",2003,2858,7,399970,111,"F. Gary Gray","Troy Kennedy Martin, Donna Powers, Wayne Powers","Action, Crime, Thriller","<a href=""https://www.imdb.com/title/tt0317740"" target=""_blank"">tt0317740</a>","<a href=""https://www.imdb.com/title/tt0317740"" target=""_blank"">The Italian Job</a>"
"tt0360486","Constantine",2005,2859,7,395152,121,"Francis Lawrence","Jamie Delano, Garth Ennis, Kevin Brodbin, Frank A. Cappello","Action, Fantasy, Horror","<a href=""https://www.imdb.com/title/tt0360486"" target=""_blank"">tt0360486</a>","<a href=""https://www.imdb.com/title/tt0360486"" target=""_blank"">Constantine</a>"
"tt0396269","Wedding Crashers",2005,2860,7,388569,119,"David Dobkin","Steve Faber, Bob Fisher","Comedy, Romance","<a href=""https://www.imdb.com/title/tt0396269"" target=""_blank"">tt0396269</a>","<a href=""https://www.imdb.com/title/tt0396269"" target=""_blank"">Wedding Crashers</a>"
"tt0790724","Jack Reacher",2012,2861,7,381087,130,"Christopher McQuarrie","Lee Child, Christopher McQuarrie","Action, Thriller","<a href=""https://www.imdb.com/title/tt0790724"" target=""_blank"">tt0790724</a>","<a href=""https://www.imdb.com/title/tt0790724"" target=""_blank"">Jack Reacher</a>"
"tt1650062","Super 8",2011,2862,7,374702,112,"J.J. Abrams","J.J. Abrams","Action, Sci-Fi, Thriller","<a href=""https://www.imdb.com/title/tt1650062"" target=""_blank"">tt1650062</a>","<a href=""https://www.imdb.com/title/tt1650062"" target=""_blank"">Super 8</a>"
"tt0212338","Meet the Parents",2000,2863,7,369278,108,"Jay Roach","Greg Glienna, Mary Ruth Clarke, Jim Herzfeld, John Hamburg","Comedy, Romance","<a href=""https://www.imdb.com/title/tt0212338"" target=""_blank"">tt0212338</a>","<a href=""https://www.imdb.com/title/tt0212338"" target=""_blank"">Meet the Parents</a>"
"tt0887883","Burn After Reading",2008,2864,7,365680,96,"Ethan Coen, Joel Coen","Joel Coen, Ethan Coen","Comedy, Crime, Drama","<a href=""https://www.imdb.com/title/tt0887883"" target=""_blank"">tt0887883</a>","<a href=""https://www.imdb.com/title/tt0887883"" target=""_blank"">Burn After Reading</a>"
"tt0457939","The Holiday",2006,2865,7,349986,136,"Nancy Meyers","Nancy Meyers","Comedy, Romance","<a href=""https://www.imdb.com/title/tt0457939"" target=""_blank"">tt0457939</a>","<a href=""https://www.imdb.com/title/tt0457939"" target=""_blank"">The Holiday</a>"
"tt4263482","The Witch",2015,2866,7,334032,92,"Robert Eggers","Robert Eggers","Drama, Fantasy, Horror","<a href=""https://www.imdb.com/title/tt4263482"" target=""_blank"">tt4263482</a>","<a href=""https://www.imdb.com/title/tt4263482"" target=""_blank"">The Witch</a>"
"tt1245526","Red",2010,2867,7,332919,111,"Robert Schwentke","Warren Ellis, Cully Hamner, Jon Hoeber, Erich Hoeber","Action, Comedy, Crime","<a href=""https://www.imdb.com/title/tt1245526"" target=""_blank"">tt1245526</a>","<a href=""https://www.imdb.com/title/tt1245526"" target=""_blank"">Red</a>"
"tt1028528","Death Proof",2007,2868,7,325559,127,"Quentin Tarantino","Quentin Tarantino","Drama, Thriller","<a href=""https://www.imdb.com/title/tt1028528"" target=""_blank"">tt1028528</a>","<a href=""https://www.imdb.com/title/tt1028528"" target=""_blank"">Death Proof</a>"
"tt0120812","Rush Hour",1998,2869,7,313595,98,"Brett Ratner","Ross LaManna, Jim Kouf","Action, Comedy, Crime","<a href=""https://www.imdb.com/title/tt0120812"" target=""_blank"">tt0120812</a>","<a href=""https://www.imdb.com/title/tt0120812"" target=""_blank"">Rush Hour</a>"
"tt8228288","The Platform",2019,2870,7,309111,94,"Galder Gaztelu-Urrutia","David Desola, Pedro Rivero","Horror, Mystery, Sci-Fi","<a href=""https://www.imdb.com/title/tt8228288"" target=""_blank"">tt8228288</a>","<a href=""https://www.imdb.com/title/tt8228288"" target=""_blank"">The Platform</a>"
"tt0837562","Hotel Transylvania",2012,2871,7,299058,91,"Genndy Tartakovsky","Peter Baynham, Robert Smigel, Todd Durham, Dan Hageman, Kevin Hageman","Animation, Comedy, Family","<a href=""https://www.imdb.com/title/tt0837562"" target=""_blank"">tt0837562</a>","<a href=""https://www.imdb.com/title/tt0837562"" target=""_blank"">Hotel Transylvania</a>"
"tt0320691","Underworld",2003,2872,7,294779,121,"Len Wiseman","Kevin Grevioux, Len Wiseman, Danny McBride","Action, Fantasy, Thriller","<a href=""https://www.imdb.com/title/tt0320691"" target=""_blank"">tt0320691</a>","<a href=""https://www.imdb.com/title/tt0320691"" target=""_blank"">Underworld</a>"
"tt0411477","Hellboy II: The Golden Army",2008,2873,7,294103,120,"Guillermo del Toro","Guillermo del Toro, Mike Mignola","Action, Adventure, Fantasy","<a href=""https://www.imdb.com/title/tt0411477"" target=""_blank"">tt0411477</a>","<a href=""https://www.imdb.com/title/tt0411477"" target=""_blank"">Hellboy II: The Golden Army</a>"
"tt11138512","The Northman",2022,2874,7,281505,137,"Robert Eggers","Sjón, Robert Eggers","Action, Adventure, Drama","<a href=""https://www.imdb.com/title/tt11138512"" target=""_blank"">tt11138512</a>","<a href=""https://www.imdb.com/title/tt11138512"" target=""_blank"">The Northman</a>"
"tt1385826","The Adjustment Bureau",2011,2875,7,277793,106,"George Nolfi","George Nolfi, Philip K. Dick","Crime, Drama, Mystery","<a href=""https://www.imdb.com/title/tt1385826"" target=""_blank"">tt1385826</a>","<a href=""https://www.imdb.com/title/tt1385826"" target=""_blank"">The Adjustment Bureau</a>"
"tt6718170","The Super Mario Bros. Movie",2023,2876,7,271975,92,"Aaron Horvath, Michael Jelenic, Pierre Leduc, Fabien Polack","Matthew Fogel","Adventure, Animation, Comedy","<a href=""https://www.imdb.com/title/tt6718170"" target=""_blank"">tt6718170</a>","<a href=""https://www.imdb.com/title/tt6718170"" target=""_blank"">The Super Mario Bros. Movie</a>"
"tt1706593","Chronicle",2012,2877,7,271736,84,"Josh Trank","Max Landis, Josh Trank","Adventure, Drama, Sci-Fi","<a href=""https://www.imdb.com/title/tt1706593"" target=""_blank"">tt1706593</a>","<a href=""https://www.imdb.com/title/tt1706593"" target=""_blank"">Chronicle</a>"
"tt3079380","Spy",2015,2878,7,269134,120,"Paul Feig","Paul Feig","Action, Comedy","<a href=""https://www.imdb.com/title/tt3079380"" target=""_blank"">tt3079380</a>","<a href=""https://www.imdb.com/title/tt3079380"" target=""_blank"">Spy</a>"
"tt1148204","Orphan",2009,2879,7,268405,123,"Jaume Collet-Serra","David Leslie Johnson-McGoldrick, Alex Mace","Horror, Mystery, Thriller","<a href=""https://www.imdb.com/title/tt1148204"" target=""_blank"">tt1148204</a>","<a href=""https://www.imdb.com/title/tt1148204"" target=""_blank"">Orphan</a>"
"tt0118655","Austin Powers: International Man of Mystery",1997,2880,7,266825,89,"Jay Roach","Mike Myers","Adventure, Comedy","<a href=""https://www.imdb.com/title/tt0118655"" target=""_blank"">tt0118655</a>","<a href=""https://www.imdb.com/title/tt0118655"" target=""_blank"">Austin Powers: International Man of Mystery</a>"
"tt0116483","Happy Gilmore",1996,2881,7,266340,92,"Dennis Dugan","Tim Herlihy, Adam Sandler","Comedy, Sport","<a href=""https://www.imdb.com/title/tt0116483"" target=""_blank"">tt0116483</a>","<a href=""https://www.imdb.com/title/tt0116483"" target=""_blank"">Happy Gilmore</a>"
"tt2660888","Star Trek Beyond",2016,2882,7,265382,122,"Justin Lin","Simon Pegg, Doug Jung, Gene Roddenberry, Roberto Orci, Patrick McKay, John D. Payne","Action, Adventure, Sci-Fi","<a href=""https://www.imdb.com/title/tt2660888"" target=""_blank"">tt2660888</a>","<a href=""https://www.imdb.com/title/tt2660888"" target=""_blank"">Star Trek Beyond</a>"
"tt0134847","Pitch Black",2000,2883,7,259748,109,"David Twohy","Jim Wheat, Ken Wheat, David Twohy","Horror, Sci-Fi, Thriller","<a href=""https://www.imdb.com/title/tt0134847"" target=""_blank"">tt0134847</a>","<a href=""https://www.imdb.com/title/tt0134847"" target=""_blank"">Pitch Black</a>"
"tt0462499","Rambo",2008,2884,7,251806,92,"Sylvester Stallone","Art Monterastelli, Sylvester Stallone, David Morrell","Action, Thriller","<a href=""https://www.imdb.com/title/tt0462499"" target=""_blank"">tt0462499</a>","<a href=""https://www.imdb.com/title/tt0462499"" target=""_blank"">Rambo</a>"
"tt0302886","Old School",2003,2885,7,251376,88,"Todd Phillips","Court Crandall, Todd Phillips, Scot Armstrong","Comedy","<a href=""https://www.imdb.com/title/tt0302886"" target=""_blank"">tt0302886</a>","<a href=""https://www.imdb.com/title/tt0302886"" target=""_blank"">Old School</a>"
"tt0374900","Napoleon Dynamite",2004,2886,7,248339,96,"Jared Hess","Jared Hess, Jerusha Hess","Comedy","<a href=""https://www.imdb.com/title/tt0374900"" target=""_blank"">tt0374900</a>","<a href=""https://www.imdb.com/title/tt0374900"" target=""_blank"">Napoleon Dynamite</a>"
"tt17351924","Saltburn",2023,2887,7,246752,131,"Emerald Fennell","Emerald Fennell","Drama, Thriller","<a href=""https://www.imdb.com/title/tt17351924"" target=""_blank"">tt17351924</a>","<a href=""https://www.imdb.com/title/tt17351924"" target=""_blank"">Saltburn</a>"
"tt0758774","Body of Lies",2008,2888,7,245998,128,"Ridley Scott","William Monahan, David Ignatius","Action, Drama, Thriller","<a href=""https://www.imdb.com/title/tt0758774"" target=""_blank"">tt0758774</a>","<a href=""https://www.imdb.com/title/tt0758774"" target=""_blank"">Body of Lies</a>"
"tt17279496","Civil War",2024,2889,7,244145,109,"Alex Garland","Alex Garland","Action, Thriller","<a href=""https://www.imdb.com/title/tt17279496"" target=""_blank"">tt17279496</a>","<a href=""https://www.imdb.com/title/tt17279496"" target=""_blank"">Civil War</a>"
"tt4513678","Ghostbusters: Afterlife",2021,2890,7,233927,124,"Jason Reitman","Gil Kenan, Jason Reitman, Ivan Reitman, Dan Aykroyd, Harold Ramis","Adventure, Comedy, Fantasy","<a href=""https://www.imdb.com/title/tt4513678"" target=""_blank"">tt4513678</a>","<a href=""https://www.imdb.com/title/tt4513678"" target=""_blank"">Ghostbusters: Afterlife</a>"
"tt1077258","Planet Terror",2007,2891,7,229216,105,"Robert Rodriguez","Robert Rodriguez","Action, Comedy, Horror","<a href=""https://www.imdb.com/title/tt1077258"" target=""_blank"">tt1077258</a>","<a href=""https://www.imdb.com/title/tt1077258"" target=""_blank"">Planet Terror</a>"
"tt15791034","Barbarian",2022,2892,7,225159,102,"Zach Cregger","Zach Cregger","Horror, Mystery, Thriller","<a href=""https://www.imdb.com/title/tt15791034"" target=""_blank"">tt15791034</a>","<a href=""https://www.imdb.com/title/tt15791034"" target=""_blank"">Barbarian</a>"
"tt0431308","P.S. I Love You",2007,2893,7,222676,126,"Richard LaGravenese","Richard LaGravenese, Steven Rogers, Cecelia Ahern","Comedy, Drama, Romance","<a href=""https://www.imdb.com/title/tt0431308"" target=""_blank"">tt0431308</a>","<a href=""https://www.imdb.com/title/tt0431308"" target=""_blank"">P.S. I Love You</a>"
"tt1155056","I Love You, Man",2009,2894,7,222156,105,"John Hamburg","John Hamburg, Larry Levin","Comedy, Romance","<a href=""https://www.imdb.com/title/tt1155056"" target=""_blank"">tt1155056</a>","<a href=""https://www.imdb.com/title/tt1155056"" target=""_blank"">I Love You, Man</a>"
"tt1340800","Tinker Tailor Soldier Spy",2011,2895,7,220788,127,"Tomas Alfredson","John le Carré, Bridget O'Connor, Peter Straughan","Drama, Mystery, Thriller","<a href=""https://www.imdb.com/title/tt1340800"" target=""_blank"">tt1340800</a>","<a href=""https://www.imdb.com/title/tt1340800"" target=""_blank"">Tinker Tailor Soldier Spy</a>"
"tt0418763","Jarhead",2005,2896,7,216870,125,"Sam Mendes","William Broyles Jr., Anthony Swofford","Biography, Drama, War","<a href=""https://www.imdb.com/title/tt0418763"" target=""_blank"">tt0418763</a>","<a href=""https://www.imdb.com/title/tt0418763"" target=""_blank"">Jarhead</a>"
"tt0111282","Stargate",1994,2897,7,213408,116,"Roland Emmerich","Dean Devlin, Roland Emmerich","Action, Adventure, Sci-Fi","<a href=""https://www.imdb.com/title/tt0111282"" target=""_blank"">tt0111282</a>","<a href=""https://www.imdb.com/title/tt0111282"" target=""_blank"">Stargate</a>"
"tt0366551","Harold & Kumar Go to White Castle",2004,2898,7,212242,88,"Danny Leiner","Jon Hurwitz, Hayden Schlossberg","Adventure, Comedy","<a href=""https://www.imdb.com/title/tt0366551"" target=""_blank"">tt0366551</a>","<a href=""https://www.imdb.com/title/tt0366551"" target=""_blank"">Harold & Kumar Go to White Castle</a>"
"tt0183790","A Knight's Tale",2001,2899,7,211854,132,"Brian Helgeland","Brian Helgeland","Action, Adventure, Drama","<a href=""https://www.imdb.com/title/tt0183790"" target=""_blank"">tt0183790</a>","<a href=""https://www.imdb.com/title/tt0183790"" target=""_blank"">A Knight's Tale</a>"
"tt5715874","The Killing of a Sacred Deer",2017,2900,7,205209,121,"Yorgos Lanthimos","Yorgos Lanthimos, Efthimis Filippou","Drama, Horror, Mystery","<a href=""https://www.imdb.com/title/tt5715874"" target=""_blank"">tt5715874</a>","<a href=""https://www.imdb.com/title/tt5715874"" target=""_blank"">The Killing of a Sacred Deer</a>"
"tt5848272","Ralph Breaks the Internet",2018,2901,7,196623,112,"Phil Johnston, Rich Moore","Phil Johnston, Pamela Ribon, Rich Moore, Jim Reardon, Josie Trinidad","Adventure, Animation, Comedy","<a href=""https://www.imdb.com/title/tt5848272"" target=""_blank"">tt5848272</a>","<a href=""https://www.imdb.com/title/tt5848272"" target=""_blank"">Ralph Breaks the Internet</a>"
"tt9639470","Last Night in Soho",2021,2902,7,192261,116,"Edgar Wright","Edgar Wright, Krysty Wilson-Cairns","Drama, Horror, Mystery","<a href=""https://www.imdb.com/title/tt9639470"" target=""_blank"">tt9639470</a>","<a href=""https://www.imdb.com/title/tt9639470"" target=""_blank"">Last Night in Soho</a>"
"tt0101272","The Addams Family",1991,2903,7,192076,99,"Barry Sonnenfeld","Charles Addams, Caroline Thompson, Larry Wilson","Comedy, Fantasy","<a href=""https://www.imdb.com/title/tt0101272"" target=""_blank"">tt0101272</a>","<a href=""https://www.imdb.com/title/tt0101272"" target=""_blank"">The Addams Family</a>"
"tt0117008","Matilda",1996,2904,7,187159,98,"Danny DeVito","Roald Dahl, Nicholas Kazan, Robin Swicord","Comedy, Family, Fantasy","<a href=""https://www.imdb.com/title/tt0117008"" target=""_blank"">tt0117008</a>","<a href=""https://www.imdb.com/title/tt0117008"" target=""_blank"">Matilda</a>"
"tt4178092","The Gift",2015,2905,7,180350,108,"Joel Edgerton","Joel Edgerton","Drama, Mystery, Thriller","<a href=""https://www.imdb.com/title/tt4178092"" target=""_blank"">tt4178092</a>","<a href=""https://www.imdb.com/title/tt4178092"" target=""_blank"">The Gift</a>"
"tt0116583","The Hunchback of Notre Dame",1996,2906,7,178973,91,"Gary Trousdale, Kirk Wise","Tab Murphy, Victor Hugo, Irene Mecchi, Bob Tzudiker, Noni White, Jonathan Roberts, Kevin Harkey, Gaëtan Brizzi, Paul Brizzi, Ed Gombert, Brenda Chapman, Jeff Snow, Jim Capobianco, Denis Rich, Burny Mattinson, John Sanford, Kelly Wightman, James Fujii, Geefwee Boedoe, Floyd Norman, Francis Glebas, Kirk Hanson, Christine Blum, Sue C. Nichols, Will Finn","Animation, Drama, Family","<a href=""https://www.imdb.com/title/tt0116583"" target=""_blank"">tt0116583</a>","<a href=""https://www.imdb.com/title/tt0116583"" target=""_blank"">The Hunchback of Notre Dame</a>"
"tt0105793","Wayne's World",1992,2907,7,178034,94,"Penelope Spheeris","Mike Myers, Bonnie Turner, Terry Turner","Comedy, Music","<a href=""https://www.imdb.com/title/tt0105793"" target=""_blank"">tt0105793</a>","<a href=""https://www.imdb.com/title/tt0105793"" target=""_blank"">Wayne's World</a>"
"tt7740496","Nightmare Alley",2021,2908,7,176195,150,"Guillermo del Toro","Guillermo del Toro, Kim Morgan, William Lindsay Gresham","Crime, Drama, Thriller","<a href=""https://www.imdb.com/title/tt7740496"" target=""_blank"">tt7740496</a>","<a href=""https://www.imdb.com/title/tt7740496"" target=""_blank"">Nightmare Alley</a>"
"tt1563738","One Day",2011,2909,7,175472,107,"Lone Scherfig","David Nicholls","Drama, Romance","<a href=""https://www.imdb.com/title/tt1563738"" target=""_blank"">tt1563738</a>","<a href=""https://www.imdb.com/title/tt1563738"" target=""_blank"">One Day</a>"
"tt1462758","Buried",2010,2910,7,173435,95,"Rodrigo Cortés","Chris Sparling","Drama, Mystery, Thriller","<a href=""https://www.imdb.com/title/tt1462758"" target=""_blank"">tt1462758</a>","<a href=""https://www.imdb.com/title/tt1462758"" target=""_blank"">Buried</a>"
"tt0822832","Marley & Me",2008,2911,7,172481,115,"David Frankel","Scott Frank, Don Roos, John Grogan","Drama, Family","<a href=""https://www.imdb.com/title/tt0822832"" target=""_blank"">tt0822832</a>","<a href=""https://www.imdb.com/title/tt0822832"" target=""_blank"">Marley & Me</a>"
"tt0424136","Hard Candy",2005,2912,7,172312,104,"David Slade","Brian Nelson","Drama, Thriller","<a href=""https://www.imdb.com/title/tt0424136"" target=""_blank"">tt0424136</a>","<a href=""https://www.imdb.com/title/tt0424136"" target=""_blank"">Hard Candy</a>"
"tt5439796","Logan Lucky",2017,2913,7,172106,118,"Steven Soderbergh","Jules Asner","Action, Comedy, Crime","<a href=""https://www.imdb.com/title/tt5439796"" target=""_blank"">tt5439796</a>","<a href=""https://www.imdb.com/title/tt5439796"" target=""_blank"">Logan Lucky</a>"
"tt11291274","The Unbearable Weight of Massive Talent",2022,2914,7,171452,107,"Tom Gormican","Tom Gormican, Kevin Etten","Action, Comedy, Crime","<a href=""https://www.imdb.com/title/tt11291274"" target=""_blank"">tt11291274</a>","<a href=""https://www.imdb.com/title/tt11291274"" target=""_blank"">The Unbearable Weight of Massive Talent</a>"
"tt1600196","The Drop",2014,2915,7,166835,106,"Michaël R. Roskam","Dennis Lehane","Crime, Drama, Mystery","<a href=""https://www.imdb.com/title/tt1600196"" target=""_blank"">tt1600196</a>","<a href=""https://www.imdb.com/title/tt1600196"" target=""_blank"">The Drop</a>"
"tt1714206","The Spectacular Now",2013,2916,7,165888,95,"James Ponsoldt","Scott Neustadter, Michael H. Weber, Tim Tharp","Drama, Romance","<a href=""https://www.imdb.com/title/tt1714206"" target=""_blank"">tt1714206</a>","<a href=""https://www.imdb.com/title/tt1714206"" target=""_blank"">The Spectacular Now</a>"
"tt12263384","Extraction II",2023,2917,7,164942,122,"Sam Hargrave","Joe Russo, Ande Parks, Anthony Russo","Action, Crime, Thriller","<a href=""https://www.imdb.com/title/tt12263384"" target=""_blank"">tt12263384</a>","<a href=""https://www.imdb.com/title/tt12263384"" target=""_blank"">Extraction II</a>"
"tt28015403","Heretic",2024,2918,7,163324,111,"Scott Beck, Bryan Woods","Scott Beck, Bryan Woods","Horror, Thriller","<a href=""https://www.imdb.com/title/tt28015403"" target=""_blank"">tt28015403</a>","<a href=""https://www.imdb.com/title/tt28015403"" target=""_blank"">Heretic</a>"
"tt7959026","The Mule",2018,2919,7,162029,116,"Clint Eastwood","Nick Schenk, Sam Dolnick","Crime, Drama, Thriller","<a href=""https://www.imdb.com/title/tt7959026"" target=""_blank"">tt7959026</a>","<a href=""https://www.imdb.com/title/tt7959026"" target=""_blank"">The Mule</a>"
"tt0307987","Bad Santa",2003,2920,7,161834,92,"Terry Zwigoff","Glenn Ficarra, John Requa","Comedy, Crime, Drama","<a href=""https://www.imdb.com/title/tt0307987"" target=""_blank"">tt0307987</a>","<a href=""https://www.imdb.com/title/tt0307987"" target=""_blank"">Bad Santa</a>"
"tt16426418","Challengers",2024,2921,7,159185,131,"Luca Guadagnino","Justin Kuritzkes","Comedy, Drama, Romance","<a href=""https://www.imdb.com/title/tt16426418"" target=""_blank"">tt16426418</a>","<a href=""https://www.imdb.com/title/tt16426418"" target=""_blank"">Challengers</a>"
"tt1389137","We Bought a Zoo",2011,2922,7,156787,124,"Cameron Crowe","Aline Brosh McKenna, Cameron Crowe, Benjamin Mee","Comedy, Drama, Family","<a href=""https://www.imdb.com/title/tt1389137"" target=""_blank"">tt1389137</a>","<a href=""https://www.imdb.com/title/tt1389137"" target=""_blank"">We Bought a Zoo</a>"
"tt1019452","A Serious Man",2009,2923,7,154637,106,"Ethan Coen, Joel Coen","Joel Coen, Ethan Coen","Comedy, Drama","<a href=""https://www.imdb.com/title/tt1019452"" target=""_blank"">tt1019452</a>","<a href=""https://www.imdb.com/title/tt1019452"" target=""_blank"">A Serious Man</a>"
"tt0091203","Highlander",1986,2924,7,153734,116,"Russell Mulcahy","Gregory Widen, Peter Bellwood, Larry Ferguson","Action, Adventure, Fantasy","<a href=""https://www.imdb.com/title/tt0091203"" target=""_blank"">tt0091203</a>","<a href=""https://www.imdb.com/title/tt0091203"" target=""_blank"">Highlander</a>"
"tt0472033","9",2009,2925,7,153407,79,"Shane Acker","Pamela Pettler, Shane Acker, Ben Gluck","Action, Adventure, Animation","<a href=""https://www.imdb.com/title/tt0472033"" target=""_blank"">tt0472033</a>","<a href=""https://www.imdb.com/title/tt0472033"" target=""_blank"">9</a>"
"tt1100089","Foxcatcher",2014,2926,7,152872,134,"Bennett Miller","E. Max Frye, Dan Futterman","Biography, Drama, History","<a href=""https://www.imdb.com/title/tt1100089"" target=""_blank"">tt1100089</a>","<a href=""https://www.imdb.com/title/tt1100089"" target=""_blank"">Foxcatcher</a>"
"tt15789038","Elemental",2023,2927,7,152141,101,"Peter Sohn","John Hoberg, Kat Likkel, Brenda Hsueh, Peter Sohn","Adventure, Animation, Comedy","<a href=""https://www.imdb.com/title/tt15789038"" target=""_blank"">tt15789038</a>","<a href=""https://www.imdb.com/title/tt15789038"" target=""_blank"">Elemental</a>"
"tt4062536","Green Room",2015,2928,7,148634,95,"Jeremy Saulnier","Jeremy Saulnier","Crime, Horror, Music","<a href=""https://www.imdb.com/title/tt4062536"" target=""_blank"">tt4062536</a>","<a href=""https://www.imdb.com/title/tt4062536"" target=""_blank"">Green Room</a>"
"tt1259528","Den of Thieves",2018,2929,7,146191,140,"Christian Gudegast","Christian Gudegast, Paul T. Scheuring","Action, Crime, Drama","<a href=""https://www.imdb.com/title/tt1259528"" target=""_blank"">tt1259528</a>","<a href=""https://www.imdb.com/title/tt1259528"" target=""_blank"">Den of Thieves</a>"
"tt1172570","Bronson",2008,2930,7,145430,92,"Nicolas Winding Refn","Brock Norman Brock, Nicolas Winding Refn","Action, Crime, Drama","<a href=""https://www.imdb.com/title/tt1172570"" target=""_blank"">tt1172570</a>","<a href=""https://www.imdb.com/title/tt1172570"" target=""_blank"">Bronson</a>"
"tt18925334","Pearl",2022,2931,7,143253,103,"Ti West","Ti West, Mia Goth","Drama, Horror, Thriller","<a href=""https://www.imdb.com/title/tt18925334"" target=""_blank"">tt18925334</a>","<a href=""https://www.imdb.com/title/tt18925334"" target=""_blank"">Pearl</a>"
"tt0842926","The Kids Are All Right",2010,2932,7,136288,106,"Lisa Cholodenko","Lisa Cholodenko, Stuart Blumberg","Comedy, Drama, Romance","<a href=""https://www.imdb.com/title/tt0842926"" target=""_blank"">tt0842926</a>","<a href=""https://www.imdb.com/title/tt0842926"" target=""_blank"">The Kids Are All Right</a>"
"tt0431197","The Kingdom",2007,2933,7,135324,110,"Peter Berg","Matthew Michael Carnahan","Action, Drama, Thriller","<a href=""https://www.imdb.com/title/tt0431197"" target=""_blank"">tt0431197</a>","<a href=""https://www.imdb.com/title/tt0431197"" target=""_blank"">The Kingdom</a>"
"tt3846674","To All the Boys I've Loved Before",2018,2934,7,133518,99,"Susan Johnson","Sofia Alvarez, Jenny Han","Comedy, Drama, Romance","<a href=""https://www.imdb.com/title/tt3846674"" target=""_blank"">tt3846674</a>","<a href=""https://www.imdb.com/title/tt3846674"" target=""_blank"">To All the Boys I've Loved Before</a>"
"tt1135503","Julie & Julia",2009,2935,7,132847,123,"Nora Ephron","Nora Ephron, Julie Powell, Julia Child, Alex Prud'homme","Biography, Drama, Romance","<a href=""https://www.imdb.com/title/tt1135503"" target=""_blank"">tt1135503</a>","<a href=""https://www.imdb.com/title/tt1135503"" target=""_blank"">Julie & Julia</a>"
"tt0113749","Mallrats",1995,2936,7,132246,94,"Kevin Smith","Kevin Smith","Comedy, Romance","<a href=""https://www.imdb.com/title/tt0113749"" target=""_blank"">tt0113749</a>","<a href=""https://www.imdb.com/title/tt0113749"" target=""_blank"">Mallrats</a>"
"tt0088128","Sixteen Candles",1984,2937,7,132141,93,"John Hughes","John Hughes","Comedy, Romance","<a href=""https://www.imdb.com/title/tt0088128"" target=""_blank"">tt0088128</a>","<a href=""https://www.imdb.com/title/tt0088128"" target=""_blank"">Sixteen Candles</a>"
"tt0146838","Any Given Sunday",1999,2938,6.9,129006,162,"Oliver Stone","Daniel Pyne, John Logan, Oliver Stone","Drama, Sport","<a href=""https://www.imdb.com/title/tt0146838"" target=""_blank"">tt0146838</a>","<a href=""https://www.imdb.com/title/tt0146838"" target=""_blank"">Any Given Sunday</a>"
"tt0182789","Bicentennial Man",1999,2939,6.9,128997,132,"Chris Columbus","Isaac Asimov, Robert Silverberg, Nicholas Kazan","Drama, Romance, Sci-Fi","<a href=""https://www.imdb.com/title/tt0182789"" target=""_blank"">tt0182789</a>","<a href=""https://www.imdb.com/title/tt0182789"" target=""_blank"">Bicentennial Man</a>"
"tt14966898","Late Night with the Devil",2023,2940,7,128944,93,"Cameron Cairnes, Colin Cairnes","Colin Cairnes, Cameron Cairnes","Horror","<a href=""https://www.imdb.com/title/tt14966898"" target=""_blank"">tt14966898</a>","<a href=""https://www.imdb.com/title/tt14966898"" target=""_blank"">Late Night with the Devil</a>"
"tt1615160","The Foreigner",2017,2941,7,128721,113,"Martin Campbell","David Marconi, Stephen Leather","Action, Crime, Thriller","<a href=""https://www.imdb.com/title/tt1615160"" target=""_blank"">tt1615160</a>","<a href=""https://www.imdb.com/title/tt1615160"" target=""_blank"">The Foreigner</a>"
"tt0472062","Charlie Wilson's War",2007,2942,7,128405,102,"Mike Nichols","Aaron Sorkin, George Crile","Biography, Comedy, Drama","<a href=""https://www.imdb.com/title/tt0472062"" target=""_blank"">tt0472062</a>","<a href=""https://www.imdb.com/title/tt0472062"" target=""_blank"">Charlie Wilson's War</a>"
"tt0102510","The Naked Gun 2½: The Smell of Fear",1991,2943,6.9,128107,85,"David Zucker","Jim Abrahams, David Zucker, Jerry Zucker, Pat Proft","Comedy, Crime","<a href=""https://www.imdb.com/title/tt0102510"" target=""_blank"">tt0102510</a>","<a href=""https://www.imdb.com/title/tt0102510"" target=""_blank"">The Naked Gun 2½: The Smell of Fear</a>"
"tt6048922","Greyhound",2020,2944,7,125224,91,"Aaron Schneider","Tom Hanks, C.S. Forester","Drama, History, War","<a href=""https://www.imdb.com/title/tt6048922"" target=""_blank"">tt6048922</a>","<a href=""https://www.imdb.com/title/tt6048922"" target=""_blank"">Greyhound</a>"
"tt1172049","Demolition",2015,2945,7,123813,101,"Jean-Marc Vallée","Bryan Sipe","Comedy, Drama","<a href=""https://www.imdb.com/title/tt1172049"" target=""_blank"">tt1172049</a>","<a href=""https://www.imdb.com/title/tt1172049"" target=""_blank"">Demolition</a>"
"tt0096061","Scrooged",1988,2946,6.9,123637,101,"Richard Donner","Mitch Glazer, Michael O'Donoghue, Charles Dickens","Comedy, Drama, Fantasy","<a href=""https://www.imdb.com/title/tt0096061"" target=""_blank"">tt0096061</a>","<a href=""https://www.imdb.com/title/tt0096061"" target=""_blank"">Scrooged</a>"
"tt0110478","Maverick",1994,2947,7,123299,127,"Richard Donner","Roy Huggins, William Goldman","Action, Adventure, Comedy","<a href=""https://www.imdb.com/title/tt0110478"" target=""_blank"">tt0110478</a>","<a href=""https://www.imdb.com/title/tt0110478"" target=""_blank"">Maverick</a>"
"tt1067583","Water for Elephants",2011,2948,6.9,122608,120,"Francis Lawrence","Richard LaGravenese, Sara Gruen","Drama, Romance","<a href=""https://www.imdb.com/title/tt1067583"" target=""_blank"">tt1067583</a>","<a href=""https://www.imdb.com/title/tt1067583"" target=""_blank"">Water for Elephants</a>"
"tt1142977","Frankenweenie",2012,2949,6.9,122501,87,"Tim Burton","Leonard Ripps, Tim Burton, John August","Animation, Comedy, Drama","<a href=""https://www.imdb.com/title/tt1142977"" target=""_blank"">tt1142977</a>","<a href=""https://www.imdb.com/title/tt1142977"" target=""_blank"">Frankenweenie</a>"
"tt0076752","The Spy Who Loved Me",1977,2950,7,120712,125,"Lewis Gilbert","Christopher Wood, Richard Maibaum, Ian Fleming","Action, Adventure, Thriller","<a href=""https://www.imdb.com/title/tt0076752"" target=""_blank"">tt0076752</a>","<a href=""https://www.imdb.com/title/tt0076752"" target=""_blank"">The Spy Who Loved Me</a>"
"tt0405296","A Scanner Darkly",2006,2951,7,120197,100,"Richard Linklater","Philip K. Dick, Richard Linklater","Animation, Comedy, Crime","<a href=""https://www.imdb.com/title/tt0405296"" target=""_blank"">tt0405296</a>","<a href=""https://www.imdb.com/title/tt0405296"" target=""_blank"">A Scanner Darkly</a>"
"tt26584495","Companion",2025,2952,6.9,120153,97,"Drew Hancock","Drew Hancock","Sci-Fi, Thriller","<a href=""https://www.imdb.com/title/tt26584495"" target=""_blank"">tt26584495</a>","<a href=""https://www.imdb.com/title/tt26584495"" target=""_blank"">Companion</a>"
"tt1450321","Filth",2013,2953,7,119715,97,"Jon S. Baird","Jon S. Baird, Irvine Welsh","Action, Comedy, Crime","<a href=""https://www.imdb.com/title/tt1450321"" target=""_blank"">tt1450321</a>","<a href=""https://www.imdb.com/title/tt1450321"" target=""_blank"">Filth</a>"
"tt1924429","Trance",2013,2954,6.9,119689,101,"Danny Boyle","Joe Ahearne, John Hodge","Crime, Drama, Mystery","<a href=""https://www.imdb.com/title/tt1924429"" target=""_blank"">tt1924429</a>","<a href=""https://www.imdb.com/title/tt1924429"" target=""_blank"">Trance</a>"
"tt0106611","Cool Runnings",1993,2955,7,118396,98,"Jon Turteltaub","Lynn Siefert, Michael Ritchie, Tommy Swerdlow, Michael Goldberg","Adventure, Comedy, Family","<a href=""https://www.imdb.com/title/tt0106611"" target=""_blank"">tt0106611</a>","<a href=""https://www.imdb.com/title/tt0106611"" target=""_blank"">Cool Runnings</a>"
"tt0120889","What Dreams May Come",1998,2956,7,117850,113,"Vincent Ward","Richard Matheson, Ron Bass","Drama, Fantasy, Romance","<a href=""https://www.imdb.com/title/tt0120889"" target=""_blank"">tt0120889</a>","<a href=""https://www.imdb.com/title/tt0120889"" target=""_blank"">What Dreams May Come</a>"
"tt0102266","The Last Boy Scout",1991,2957,7,116903,105,"Tony Scott","Shane Black, Greg Hicks","Action, Comedy, Crime","<a href=""https://www.imdb.com/title/tt0102266"" target=""_blank"">tt0102266</a>","<a href=""https://www.imdb.com/title/tt0102266"" target=""_blank"">The Last Boy Scout</a>"
"tt0247745","Super Troopers",2001,2958,7,116455,100,"Jay Chandrasekhar","Jay Chandrasekhar, Kevin Heffernan, Steve Lemme, Paul Soter, Erik Stolhanske","Comedy, Crime, Mystery","<a href=""https://www.imdb.com/title/tt0247745"" target=""_blank"">tt0247745</a>","<a href=""https://www.imdb.com/title/tt0247745"" target=""_blank"">Super Troopers</a>"
"tt0138749","The Road to El Dorado",2000,2959,6.9,114601,89,"Bibo Bergeron, Don Paul, Jeffrey Katzenberg","Ted Elliott, Terry Rossio, Karey Kirkpatrick, Philip LaZebnik","Adventure, Animation, Comedy","<a href=""https://www.imdb.com/title/tt0138749"" target=""_blank"">tt0138749</a>","<a href=""https://www.imdb.com/title/tt0138749"" target=""_blank"">The Road to El Dorado</a>"
"tt1029234","Martyrs",2008,2960,7,114533,99,"Pascal Laugier","Pascal Laugier","Horror","<a href=""https://www.imdb.com/title/tt1029234"" target=""_blank"">tt1029234</a>","<a href=""https://www.imdb.com/title/tt1029234"" target=""_blank"">Martyrs</a>"
"tt1623288","ParaNorman",2012,2961,7,113899,92,"Chris Butler, Sam Fell","Chris Butler","Adventure, Animation, Comedy","<a href=""https://www.imdb.com/title/tt1623288"" target=""_blank"">tt1623288</a>","<a href=""https://www.imdb.com/title/tt1623288"" target=""_blank"">ParaNorman</a>"
"tt1567609","Get the Gringo",2012,2962,6.9,113510,96,"Adrian Grunberg","Mel Gibson, Stacy Perskie, Adrian Grunberg","Action, Drama, Thriller","<a href=""https://www.imdb.com/title/tt1567609"" target=""_blank"">tt1567609</a>","<a href=""https://www.imdb.com/title/tt1567609"" target=""_blank"">Get the Gringo</a>"
"tt0109444","Clear and Present Danger",1994,2963,6.9,112970,141,"Phillip Noyce","Tom Clancy, Donald E. Stewart, Steven Zaillian, John Milius","Action, Crime, Drama","<a href=""https://www.imdb.com/title/tt0109444"" target=""_blank"">tt0109444</a>","<a href=""https://www.imdb.com/title/tt0109444"" target=""_blank"">Clear and Present Danger</a>"
"tt0120902","The X Files",1998,2964,7,112739,121,"Rob Bowman","Chris Carter, Frank Spotnitz","Drama, Mystery, Sci-Fi","<a href=""https://www.imdb.com/title/tt0120902"" target=""_blank"">tt0120902</a>","<a href=""https://www.imdb.com/title/tt0120902"" target=""_blank"">The X Files</a>"
"tt0118887","Cop Land",1997,2965,7,111776,105,"James Mangold","James Mangold","Crime, Drama, Thriller","<a href=""https://www.imdb.com/title/tt0118887"" target=""_blank"">tt0118887</a>","<a href=""https://www.imdb.com/title/tt0118887"" target=""_blank"">Cop Land</a>"
"tt0342258","Unleashed",2005,2966,7,110325,103,"Louis Leterrier","Luc Besson","Action, Crime, Thriller","<a href=""https://www.imdb.com/title/tt0342258"" target=""_blank"">tt0342258</a>","<a href=""https://www.imdb.com/title/tt0342258"" target=""_blank"">Unleashed</a>"
"tt0426883","Alpha Dog",2006,2967,6.9,110187,122,"Nick Cassavetes","Nick Cassavetes","Biography, Crime, Drama","<a href=""https://www.imdb.com/title/tt0426883"" target=""_blank"">tt0426883</a>","<a href=""https://www.imdb.com/title/tt0426883"" target=""_blank"">Alpha Dog</a>"
"tt1860242","The Highwaymen",2019,2968,6.9,110109,132,"John Lee Hancock","John Fusco","Biography, Crime, Drama","<a href=""https://www.imdb.com/title/tt1860242"" target=""_blank"">tt1860242</a>","<a href=""https://www.imdb.com/title/tt1860242"" target=""_blank"">The Highwaymen</a>"
"tt0088011","Romancing the Stone",1984,2969,6.9,108365,106,"Robert Zemeckis","Diane Thomas","Action, Adventure, Comedy","<a href=""https://www.imdb.com/title/tt0088011"" target=""_blank"">tt0088011</a>","<a href=""https://www.imdb.com/title/tt0088011"" target=""_blank"">Romancing the Stone</a>"
"tt0093010","Fatal Attraction",1987,2970,6.9,106982,119,"Adrian Lyne","James Dearden","Drama, Thriller","<a href=""https://www.imdb.com/title/tt0093010"" target=""_blank"">tt0093010</a>","<a href=""https://www.imdb.com/title/tt0093010"" target=""_blank"">Fatal Attraction</a>"
"tt0477302","Extremely Loud & Incredibly Close",2011,2971,6.9,106754,129,"Stephen Daldry","Eric Roth, Jonathan Safran Foer","Adventure, Drama, Mystery","<a href=""https://www.imdb.com/title/tt0477302"" target=""_blank"">tt0477302</a>","<a href=""https://www.imdb.com/title/tt0477302"" target=""_blank"">Extremely Loud & Incredibly Close</a>"
"tt3420504","Finch",2021,2972,6.9,105912,115,"Miguel Sapochnik","Craig Luck, Ivor Powell","Adventure, Drama, Sci-Fi","<a href=""https://www.imdb.com/title/tt3420504"" target=""_blank"">tt3420504</a>","<a href=""https://www.imdb.com/title/tt3420504"" target=""_blank"">Finch</a>"
"tt0311289","Holes",2003,2973,7,105816,117,"Andrew Davis","Louis Sachar","Adventure, Comedy, Drama","<a href=""https://www.imdb.com/title/tt0311289"" target=""_blank"">tt0311289</a>","<a href=""https://www.imdb.com/title/tt0311289"" target=""_blank"">Holes</a>"
"tt15354916","Jawan",2023,2974,6.9,105307,169,"Atlee","Atlee, Ramanagirivasan, Sumit Arora","Action, Crime, Drama","<a href=""https://www.imdb.com/title/tt15354916"" target=""_blank"">tt15354916</a>","<a href=""https://www.imdb.com/title/tt15354916"" target=""_blank"">Jawan</a>"
"tt0274812","Secretary",2002,2975,6.9,105121,107,"Steven Shainberg","Erin Cressida Wilson, Mary Gaitskill, Steven Shainberg","Comedy, Drama, Romance","<a href=""https://www.imdb.com/title/tt0274812"" target=""_blank"">tt0274812</a>","<a href=""https://www.imdb.com/title/tt0274812"" target=""_blank"">Secretary</a>"
"tt0086066","The Outsiders",1983,2976,7,105106,91,"Francis Ford Coppola","Kathleen Rowell, S.E. Hinton","Crime, Drama","<a href=""https://www.imdb.com/title/tt0086066"" target=""_blank"">tt0086066</a>","<a href=""https://www.imdb.com/title/tt0086066"" target=""_blank"">The Outsiders</a>"
"tt27403986","Juror #2",2024,2977,7,104916,114,"Clint Eastwood","Jonathan A. Abrams","Crime, Drama, Mystery","<a href=""https://www.imdb.com/title/tt27403986"" target=""_blank"">tt27403986</a>","<a href=""https://www.imdb.com/title/tt27403986"" target=""_blank"">Juror #2</a>"
"tt0155267","The Thomas Crown Affair",1999,2978,6.9,104880,113,"John McTiernan","Alan Trustman, Leslie Dixon, Kurt Wimmer","Crime, Romance, Thriller","<a href=""https://www.imdb.com/title/tt0155267"" target=""_blank"">tt0155267</a>","<a href=""https://www.imdb.com/title/tt0155267"" target=""_blank"">The Thomas Crown Affair</a>"
"tt0401445","A Good Year",2006,2979,6.9,104763,117,"Ridley Scott","Marc Klein, Peter Mayle","Comedy, Drama, Romance","<a href=""https://www.imdb.com/title/tt0401445"" target=""_blank"">tt0401445</a>","<a href=""https://www.imdb.com/title/tt0401445"" target=""_blank"">A Good Year</a>"
"tt0120780","Out of Sight",1998,2980,7,103349,123,"Steven Soderbergh","Elmore Leonard, Scott Frank","Comedy, Crime, Drama","<a href=""https://www.imdb.com/title/tt0120780"" target=""_blank"">tt0120780</a>","<a href=""https://www.imdb.com/title/tt0120780"" target=""_blank"">Out of Sight</a>"
"tt1549572","Another Earth",2011,2981,6.9,102666,92,"Mike Cahill","Mike Cahill, Brit Marling","Drama, Mystery, Romance","<a href=""https://www.imdb.com/title/tt1549572"" target=""_blank"">tt1549572</a>","<a href=""https://www.imdb.com/title/tt1549572"" target=""_blank"">Another Earth</a>"
"tt1126590","Big Eyes",2014,2982,7,102665,106,"Tim Burton","Scott Alexander, Larry Karaszewski","Biography, Crime, Drama","<a href=""https://www.imdb.com/title/tt1126590"" target=""_blank"">tt1126590</a>","<a href=""https://www.imdb.com/title/tt1126590"" target=""_blank"">Big Eyes</a>"
"tt0406816","The Guardian",2006,2983,6.9,101300,139,"Andrew Davis","Ron L. Brinkerhoff","Adventure, Drama","<a href=""https://www.imdb.com/title/tt0406816"" target=""_blank"">tt0406816</a>","<a href=""https://www.imdb.com/title/tt0406816"" target=""_blank"">The Guardian</a>"
"tt11003218","Pig",2021,2984,6.9,100025,92,"Michael Sarnoski","Vanessa Block, Michael Sarnoski","Drama, Mystery","<a href=""https://www.imdb.com/title/tt11003218"" target=""_blank"">tt11003218</a>","<a href=""https://www.imdb.com/title/tt11003218"" target=""_blank"">Pig</a>"
"tt0119099","Fallen",1998,2985,7,98351,124,"Gregory Hoblit","Nicholas Kazan","Action, Crime, Drama","<a href=""https://www.imdb.com/title/tt0119099"" target=""_blank"">tt0119099</a>","<a href=""https://www.imdb.com/title/tt0119099"" target=""_blank"">Fallen</a>"
"tt0914863","Unthinkable",2010,2986,7,98020,97,"Gregor Jordan","Peter Woodward","Crime, Drama, Thriller","<a href=""https://www.imdb.com/title/tt0914863"" target=""_blank"">tt0914863</a>","<a href=""https://www.imdb.com/title/tt0914863"" target=""_blank"">Unthinkable</a>"
"tt14846026","Sisu",2022,2987,6.9,97905,91,"Jalmari Helander","Jalmari Helander","Action, Thriller, War","<a href=""https://www.imdb.com/title/tt14846026"" target=""_blank"">tt14846026</a>","<a href=""https://www.imdb.com/title/tt14846026"" target=""_blank"">Sisu</a>"
"tt0090863","The Color of Money",1986,2988,7,97751,119,"Martin Scorsese","Walter Tevis, Richard Price","Drama, Sport","<a href=""https://www.imdb.com/title/tt0090863"" target=""_blank"">tt0090863</a>","<a href=""https://www.imdb.com/title/tt0090863"" target=""_blank"">The Color of Money</a>"
"tt0285742","Monster's Ball",2001,2989,7,96677,111,"Marc Forster","Milo Addica, Will Rokos","Drama, Romance","<a href=""https://www.imdb.com/title/tt0285742"" target=""_blank"">tt0285742</a>","<a href=""https://www.imdb.com/title/tt0285742"" target=""_blank"">Monster's Ball</a>"
"tt0116778","Kingpin",1996,2990,6.9,94305,114,"Bobby Farrelly, Peter Farrelly","Barry Fanaro, Mort Nathan","Comedy, Sport","<a href=""https://www.imdb.com/title/tt0116778"" target=""_blank"">tt0116778</a>","<a href=""https://www.imdb.com/title/tt0116778"" target=""_blank"">Kingpin</a>"
"tt0113161","Get Shorty",1995,2991,6.9,94225,105,"Barry Sonnenfeld","Elmore Leonard, Scott Frank","Comedy, Crime, Thriller","<a href=""https://www.imdb.com/title/tt0113161"" target=""_blank"">tt0113161</a>","<a href=""https://www.imdb.com/title/tt0113161"" target=""_blank"">Get Shorty</a>"
"tt0270288","Confessions of a Dangerous Mind",2002,2992,7,94140,113,"George Clooney","Chuck Barris, Charlie Kaufman","Biography, Comedy, Crime","<a href=""https://www.imdb.com/title/tt0270288"" target=""_blank"">tt0270288</a>","<a href=""https://www.imdb.com/title/tt0270288"" target=""_blank"">Confessions of a Dangerous Mind</a>"
"tt4954522","Raw",2016,2993,6.9,93939,99,"Julia Ducournau","Julia Ducournau","Drama, Horror","<a href=""https://www.imdb.com/title/tt4954522"" target=""_blank"">tt4954522</a>","<a href=""https://www.imdb.com/title/tt4954522"" target=""_blank"">Raw</a>"
"tt0102492","My Girl",1991,2994,6.9,93898,102,"Howard Zieff","Laurice Elehwany","Comedy, Drama, Family","<a href=""https://www.imdb.com/title/tt0102492"" target=""_blank"">tt0102492</a>","<a href=""https://www.imdb.com/title/tt0102492"" target=""_blank"">My Girl</a>"
"tt0152930","Taxi",1998,2995,7,93338,89,"Gérard Pirès","Luc Besson","Action, Comedy, Crime","<a href=""https://www.imdb.com/title/tt0152930"" target=""_blank"">tt0152930</a>","<a href=""https://www.imdb.com/title/tt0152930"" target=""_blank"">Taxi</a>"
"tt2726560","The Longest Ride",2015,2996,7,92137,123,"George Tillman Jr.","Nicholas Sparks, Craig Bolotin","Drama, Romance","<a href=""https://www.imdb.com/title/tt2726560"" target=""_blank"">tt2726560</a>","<a href=""https://www.imdb.com/title/tt2726560"" target=""_blank"">The Longest Ride</a>"
"tt5688932","Sorry to Bother You",2018,2997,6.9,92006,112,"Boots Riley","Boots Riley","Comedy, Drama, Fantasy","<a href=""https://www.imdb.com/title/tt5688932"" target=""_blank"">tt5688932</a>","<a href=""https://www.imdb.com/title/tt5688932"" target=""_blank"">Sorry to Bother You</a>"
"tt6513120","Fighting with My Family",2019,2998,7,91292,108,"Stephen Merchant","Stephen Merchant","Biography, Comedy, Drama","<a href=""https://www.imdb.com/title/tt6513120"" target=""_blank"">tt6513120</a>","<a href=""https://www.imdb.com/title/tt6513120"" target=""_blank"">Fighting with My Family</a>"
"tt0456554","Grandma's Boy",2006,2999,6.9,91265,94,"Nicholaus Goossen","Barry Wernick, Allen Covert, Nick Swardson","Comedy","<a href=""https://www.imdb.com/title/tt0456554"" target=""_blank"">tt0456554</a>","<a href=""https://www.imdb.com/title/tt0456554"" target=""_blank"">Grandma's Boy</a>"
"tt0164181","Stir of Echoes",1999,3000,6.9,91022,99,"David Koepp","Richard Matheson, David Koepp","Horror, Mystery, Thriller","<a href=""https://www.imdb.com/title/tt0164181"" target=""_blank"">tt0164181</a>","<a href=""https://www.imdb.com/title/tt0164181"" target=""_blank"">Stir of Echoes</a>"
"tt1655420","My Week with Marilyn",2011,3001,6.9,90804,99,"Simon Curtis","Adrian Hodges, Colin Clark","Biography, Drama","<a href=""https://www.imdb.com/title/tt1655420"" target=""_blank"">tt1655420</a>","<a href=""https://www.imdb.com/title/tt1655420"" target=""_blank"">My Week with Marilyn</a>"
"tt0083511","48 Hrs.",1982,3002,6.9,90133,96,"Walter Hill","Roger Spottiswoode, Walter Hill, Larry Gross, Steven E. de Souza","Action, Comedy, Crime","<a href=""https://www.imdb.com/title/tt0083511"" target=""_blank"">tt0083511</a>","<a href=""https://www.imdb.com/title/tt0083511"" target=""_blank"">48 Hrs.</a>"
"tt1219342","Legend of the Guardians: The Owls of Ga'Hoole",2010,3003,6.9,90006,97,"Zack Snyder","John Orloff, Emil Stern, Kathryn Lasky","Action, Adventure, Animation","<a href=""https://www.imdb.com/title/tt1219342"" target=""_blank"">tt1219342</a>","<a href=""https://www.imdb.com/title/tt1219342"" target=""_blank"">Legend of the Guardians: The Owls of Ga'Hoole</a>"
"tt0864761","The Duchess",2008,3004,6.9,89285,110,"Saul Dibb","Jeffrey Hatcher, Anders Thomas Jensen, Saul Dibb, Amanda Foreman","Biography, Drama, History","<a href=""https://www.imdb.com/title/tt0864761"" target=""_blank"">tt0864761</a>","<a href=""https://www.imdb.com/title/tt0864761"" target=""_blank"">The Duchess</a>"
"tt2990140","The Christmas Chronicles",2018,3005,7,89250,104,"Clay Kaytis","Matt Lieberman, David Guggenheim","Adventure, Comedy, Family","<a href=""https://www.imdb.com/title/tt2990140"" target=""_blank"">tt2990140</a>","<a href=""https://www.imdb.com/title/tt2990140"" target=""_blank"">The Christmas Chronicles</a>"
"tt0113540","Kids",1995,3006,7,88841,91,"Larry Clark","Harmony Korine, Larry Clark","Drama","<a href=""https://www.imdb.com/title/tt0113540"" target=""_blank"">tt0113540</a>","<a href=""https://www.imdb.com/title/tt0113540"" target=""_blank"">Kids</a>"
"tt0272020","The Last Castle",2001,3007,6.9,87829,131,"Rod Lurie","David Scarpa, Graham Yost","Action, Drama, Thriller","<a href=""https://www.imdb.com/title/tt0272020"" target=""_blank"">tt0272020</a>","<a href=""https://www.imdb.com/title/tt0272020"" target=""_blank"">The Last Castle</a>"
"tt0115734","Bottle Rocket",1996,3008,6.9,86373,91,"Wes Anderson","Owen Wilson, Wes Anderson","Comedy, Crime, Drama","<a href=""https://www.imdb.com/title/tt0115734"" target=""_blank"">tt0115734</a>","<a href=""https://www.imdb.com/title/tt0115734"" target=""_blank"">Bottle Rocket</a>"
"tt8359848","Climax",2018,3009,6.9,86069,97,"Gaspar Noé","Gaspar Noé","Drama, Horror, Music","<a href=""https://www.imdb.com/title/tt8359848"" target=""_blank"">tt8359848</a>","<a href=""https://www.imdb.com/title/tt8359848"" target=""_blank"">Climax</a>"
"tt2017038","All Is Lost",2013,3010,6.9,85607,106,"J.C. Chandor","J.C. Chandor","Action, Adventure, Drama","<a href=""https://www.imdb.com/title/tt2017038"" target=""_blank"">tt2017038</a>","<a href=""https://www.imdb.com/title/tt2017038"" target=""_blank"">All Is Lost</a>"
"tt6679794","Outlaw King",2018,3011,6.9,85269,121,"David Mackenzie","Bathsheba Doran, David Mackenzie, James MacInnes, David Harrower, Mark Bomback","Action, Biography, Drama","<a href=""https://www.imdb.com/title/tt6679794"" target=""_blank"">tt6679794</a>","<a href=""https://www.imdb.com/title/tt6679794"" target=""_blank"">Outlaw King</a>"
"tt0089175","Fright Night",1985,3012,7,84642,106,"Tom Holland","Tom Holland","Horror","<a href=""https://www.imdb.com/title/tt0089175"" target=""_blank"">tt0089175</a>","<a href=""https://www.imdb.com/title/tt0089175"" target=""_blank"">Fright Night</a>"
"tt0087803","1984",1984,3013,7,84463,113,"Michael Radford","Michael Radford, George Orwell","Drama, Sci-Fi","<a href=""https://www.imdb.com/title/tt0087803"" target=""_blank"">tt0087803</a>","<a href=""https://www.imdb.com/title/tt0087803"" target=""_blank"">1984</a>"
"tt0335119","Girl with a Pearl Earring",2003,3014,6.9,84366,100,"Peter Webber","Tracy Chevalier, Olivia Hetreed","Biography, Drama, Romance","<a href=""https://www.imdb.com/title/tt0335119"" target=""_blank"">tt0335119</a>","<a href=""https://www.imdb.com/title/tt0335119"" target=""_blank"">Girl with a Pearl Earring</a>"
"tt1605717","Frank",2014,3015,6.9,83723,95,"Lenny Abrahamson","Jon Ronson, Peter Straughan","Comedy, Drama, Music","<a href=""https://www.imdb.com/title/tt1605717"" target=""_blank"">tt1605717</a>","<a href=""https://www.imdb.com/title/tt1605717"" target=""_blank"">Frank</a>"
"tt1840417","The Words",2012,3016,7,83383,102,"Brian Klugman, Lee Sternthal","Brian Klugman, Lee Sternthal","Drama, Mystery, Romance","<a href=""https://www.imdb.com/title/tt1840417"" target=""_blank"">tt1840417</a>","<a href=""https://www.imdb.com/title/tt1840417"" target=""_blank"">The Words</a>"
"tt1355631","The Infiltrator",2016,3017,7,83118,127,"Brad Furman","Ellen Furman, Robert Mazur","Biography, Crime, Drama","<a href=""https://www.imdb.com/title/tt1355631"" target=""_blank"">tt1355631</a>","<a href=""https://www.imdb.com/title/tt1355631"" target=""_blank"">The Infiltrator</a>"
"tt0119051","The Edge",1997,3018,7,82683,117,"Lee Tamahori","David Mamet","Action, Adventure, Drama","<a href=""https://www.imdb.com/title/tt0119051"" target=""_blank"">tt0119051</a>","<a href=""https://www.imdb.com/title/tt0119051"" target=""_blank"">The Edge</a>"
"tt0493430","Jackass Number Two",2006,3019,7,81803,92,"Jeff Tremaine","Jeff Tremaine, Johnny Knoxville, Bam Margera, Steve-O, Chris Pontius, Ryan Dunn, Jason 'Wee Man' Acuña, Preston Lacy, Dave England, Ehren McGhehey, Mark Lewman, Dimitry Elyashkevich, Al Walker, Brandon DiCamillo, Darrin Prescott, David Weathers, Gary Leffew, Jeffrey Ross, Juicy J, Loomis Fall, Scott Rogers, Sean Cliver, Spike Jonze, Thor Drake, Whitey McConnaughy","Action, Comedy, Documentary","<a href=""https://www.imdb.com/title/tt0493430"" target=""_blank"">tt0493430</a>","<a href=""https://www.imdb.com/title/tt0493430"" target=""_blank"">Jackass Number Two</a>"
"tt1740707","Troll Hunter",2010,3020,6.9,81600,103,"André Øvredal","André Øvredal","Drama, Fantasy, Thriller","<a href=""https://www.imdb.com/title/tt1740707"" target=""_blank"">tt1740707</a>","<a href=""https://www.imdb.com/title/tt1740707"" target=""_blank"">Troll Hunter</a>"
"tt2937898","A Most Violent Year",2014,3021,6.9,80074,125,"J.C. Chandor","J.C. Chandor","Crime, Drama, Thriller","<a href=""https://www.imdb.com/title/tt2937898"" target=""_blank"">tt2937898</a>","<a href=""https://www.imdb.com/title/tt2937898"" target=""_blank"">A Most Violent Year</a>"
"tt0163988","Bringing Out the Dead",1999,3022,6.9,79310,121,"Martin Scorsese","Joe Connelly, Paul Schrader","Drama, Thriller","<a href=""https://www.imdb.com/title/tt0163988"" target=""_blank"">tt0163988</a>","<a href=""https://www.imdb.com/title/tt0163988"" target=""_blank"">Bringing Out the Dead</a>"
"tt9619824","Final Destination: Bloodlines",2025,3023,6.9,78077,110,"Zach Lipovsky, Adam B. Stein","Guy Busick, Lori Evans Taylor, Jon Watts, Jeffrey Reddick","Horror, Thriller","<a href=""https://www.imdb.com/title/tt9619824"" target=""_blank"">tt9619824</a>","<a href=""https://www.imdb.com/title/tt9619824"" target=""_blank"">Final Destination: Bloodlines</a>"
"tt24268454","The Kerala Story",2023,3024,6.9,74797,138,"Sudipto Sen, Vipul Amrutlal Shah","Suryapal Singh, Sudipto Sen, Vipul Amrutlal Shah","Drama","<a href=""https://www.imdb.com/title/tt24268454"" target=""_blank"">tt24268454</a>","<a href=""https://www.imdb.com/title/tt24268454"" target=""_blank"">The Kerala Story</a>"
"tt4971344","The Sisters Brothers",2018,3025,6.9,73858,122,"Jacques Audiard","Jacques Audiard, Thomas Bidegain, Patrick DeWitt","Drama, Western","<a href=""https://www.imdb.com/title/tt4971344"" target=""_blank"">tt4971344</a>","<a href=""https://www.imdb.com/title/tt4971344"" target=""_blank"">The Sisters Brothers</a>"
"tt0076618","The Rescuers",1977,3026,6.9,73015,77,"John Lounsbery, Wolfgang Reitherman, Art Stevens","Margery Sharp, Larry Clemmons, Ken Anderson, Frank Thomas, Vance Gerry, Dave Michener, Ted Berman, Fred Lucky, Burny Mattinson, Dick Sebast","Adventure, Animation, Comedy","<a href=""https://www.imdb.com/title/tt0076618"" target=""_blank"">tt0076618</a>","<a href=""https://www.imdb.com/title/tt0076618"" target=""_blank"">The Rescuers</a>"
"tt0093693","Overboard",1987,3027,6.9,72646,112,"Garry Marshall","Leslie Dixon","Comedy, Romance","<a href=""https://www.imdb.com/title/tt0093693"" target=""_blank"">tt0093693</a>","<a href=""https://www.imdb.com/title/tt0093693"" target=""_blank"">Overboard</a>"
"tt0081633","Time Bandits",1981,3028,6.9,72135,110,"Terry Gilliam","Michael Palin, Terry Gilliam","Adventure, Comedy, Fantasy","<a href=""https://www.imdb.com/title/tt0081633"" target=""_blank"">tt0081633</a>","<a href=""https://www.imdb.com/title/tt0081633"" target=""_blank"">Time Bandits</a>"
"tt1172233","Whip It",2009,3029,6.9,71557,111,"Drew Barrymore","Shauna Cross","Drama, Sport","<a href=""https://www.imdb.com/title/tt1172233"" target=""_blank"">tt1172233</a>","<a href=""https://www.imdb.com/title/tt1172233"" target=""_blank"">Whip It</a>"
"tt0228786","The Crimson Rivers",2000,3030,6.9,68036,106,"Mathieu Kassovitz","Jean-Christophe Grangé, Mathieu Kassovitz","Crime, Mystery, Thriller","<a href=""https://www.imdb.com/title/tt0228786"" target=""_blank"">tt0228786</a>","<a href=""https://www.imdb.com/title/tt0228786"" target=""_blank"">The Crimson Rivers</a>"
"tt0462200","Black Snake Moan",2006,3031,6.9,67873,116,"Craig Brewer","Craig Brewer","Drama, Music","<a href=""https://www.imdb.com/title/tt0462200"" target=""_blank"">tt0462200</a>","<a href=""https://www.imdb.com/title/tt0462200"" target=""_blank"">Black Snake Moan</a>"
"tt0423977","Charlie Bartlett",2007,3032,6.9,67630,97,"Jon Poll","Gustin Nash","Comedy, Drama, Romance","<a href=""https://www.imdb.com/title/tt0423977"" target=""_blank"">tt0423977</a>","<a href=""https://www.imdb.com/title/tt0423977"" target=""_blank"">Charlie Bartlett</a>"
"tt0113198","A Goofy Movie",1995,3033,6.9,67242,78,"Kevin Lima","Jymn Magon, Chris Matheson, Brian Pimental, Curtis Armstrong, John Doolittle","Adventure, Animation, Comedy","<a href=""https://www.imdb.com/title/tt0113198"" target=""_blank"">tt0113198</a>","<a href=""https://www.imdb.com/title/tt0113198"" target=""_blank"">A Goofy Movie</a>"
"tt1124037","Free State of Jones",2016,3034,6.9,66642,139,"Gary Ross","Gary Ross, Leonard Hartman","Action, Biography, Drama","<a href=""https://www.imdb.com/title/tt1124037"" target=""_blank"">tt1124037</a>","<a href=""https://www.imdb.com/title/tt1124037"" target=""_blank"">Free State of Jones</a>"
"tt5710514","I Don't Feel at Home in This World Anymore",2017,3035,6.9,66267,93,"Macon Blair","Macon Blair","Comedy, Crime, Drama","<a href=""https://www.imdb.com/title/tt5710514"" target=""_blank"">tt5710514</a>","<a href=""https://www.imdb.com/title/tt5710514"" target=""_blank"">I Don't Feel at Home in This World Anymore</a>"
"tt18259086","Sonic the Hedgehog 3",2024,3036,6.9,65416,110,"Jeff Fowler","Pat Casey, Josh Miller, John Whittington","Action, Adventure, Comedy","<a href=""https://www.imdb.com/title/tt18259086"" target=""_blank"">tt18259086</a>","<a href=""https://www.imdb.com/title/tt18259086"" target=""_blank"">Sonic the Hedgehog 3</a>"
"tt0070909","Westworld",1973,3037,6.9,65378,88,"Michael Crichton","Michael Crichton","Action, Drama, Sci-Fi","<a href=""https://www.imdb.com/title/tt0070909"" target=""_blank"">tt0070909</a>","<a href=""https://www.imdb.com/title/tt0070909"" target=""_blank"">Westworld</a>"
"tt5610554","Tully",2018,3038,6.9,65080,95,"Jason Reitman","Diablo Cody","Comedy, Drama, Mystery","<a href=""https://www.imdb.com/title/tt5610554"" target=""_blank"">tt5610554</a>","<a href=""https://www.imdb.com/title/tt5610554"" target=""_blank"">Tully</a>"
"tt0102494","My Own Private Idaho",1991,3039,6.9,64796,104,"Gus Van Sant","Gus Van Sant, William Shakespeare","Drama","<a href=""https://www.imdb.com/title/tt0102494"" target=""_blank"">tt0102494</a>","<a href=""https://www.imdb.com/title/tt0102494"" target=""_blank"">My Own Private Idaho</a>"
"tt2937696","Everybody Wants Some!!",2016,3040,6.9,62749,117,"Richard Linklater","Richard Linklater","Comedy","<a href=""https://www.imdb.com/title/tt2937696"" target=""_blank"">tt2937696</a>","<a href=""https://www.imdb.com/title/tt2937696"" target=""_blank"">Everybody Wants Some!!</a>"
"tt0296042","Ichi the Killer",2001,3041,6.9,62394,129,"Takashi Miike","Sakichi Sato, Hideo Yamamoto","Action, Crime, Drama","<a href=""https://www.imdb.com/title/tt0296042"" target=""_blank"">tt0296042</a>","<a href=""https://www.imdb.com/title/tt0296042"" target=""_blank"">Ichi the Killer</a>"
"tt0427470","The Lookout",2007,3042,6.9,61390,99,"Scott Frank","Scott Frank","Crime, Drama, Thriller","<a href=""https://www.imdb.com/title/tt0427470"" target=""_blank"">tt0427470</a>","<a href=""https://www.imdb.com/title/tt0427470"" target=""_blank"">The Lookout</a>"
"tt0090633","An American Tail",1986,3043,6.9,60210,80,"Don Bluth","David Kirschner, Judy Freudberg, Tony Geiss","Adventure, Animation, Comedy","<a href=""https://www.imdb.com/title/tt0090633"" target=""_blank"">tt0090633</a>","<a href=""https://www.imdb.com/title/tt0090633"" target=""_blank"">An American Tail</a>"
"tt0988047","Traitor",2008,3044,6.9,60209,114,"Jeffrey Nachmanoff","Jeffrey Nachmanoff, Steve Martin","Action, Crime, Drama","<a href=""https://www.imdb.com/title/tt0988047"" target=""_blank"">tt0988047</a>","<a href=""https://www.imdb.com/title/tt0988047"" target=""_blank"">Traitor</a>"
"tt0324554","Wicker Park",2004,3045,6.9,60053,114,"Paul McGuigan","Gilles Mimouni, Brandon Boyce","Drama, Mystery, Romance","<a href=""https://www.imdb.com/title/tt0324554"" target=""_blank"">tt0324554</a>","<a href=""https://www.imdb.com/title/tt0324554"" target=""_blank"">Wicker Park</a>"
"tt0089155","Fletch",1985,3046,6.9,59791,98,"Michael Ritchie","Gregory McDonald, Andrew Bergman, Phil Alden Robinson","Comedy, Crime, Mystery","<a href=""https://www.imdb.com/title/tt0089155"" target=""_blank"">tt0089155</a>","<a href=""https://www.imdb.com/title/tt0089155"" target=""_blank"">Fletch</a>"
"tt10514222","Ma Rainey's Black Bottom",2020,3047,6.9,59640,94,"George C. Wolfe","Ruben Santiago-Hudson, August Wilson","Drama, Music","<a href=""https://www.imdb.com/title/tt10514222"" target=""_blank"">tt10514222</a>","<a href=""https://www.imdb.com/title/tt10514222"" target=""_blank"">Ma Rainey's Black Bottom</a>"
"tt0268995","The Majestic",2001,3048,6.9,59621,152,"Frank Darabont","Michael Sloane","Drama, Romance","<a href=""https://www.imdb.com/title/tt0268995"" target=""_blank"">tt0268995</a>","<a href=""https://www.imdb.com/title/tt0268995"" target=""_blank"">The Majestic</a>"
"tt6491178","Dragged Across Concrete",2018,3049,6.9,59414,159,"S. Craig Zahler","S. Craig Zahler","Action, Crime, Drama","<a href=""https://www.imdb.com/title/tt6491178"" target=""_blank"">tt6491178</a>","<a href=""https://www.imdb.com/title/tt6491178"" target=""_blank"">Dragged Across Concrete</a>"
"tt0102511","Naked Lunch",1991,3050,6.9,59260,115,"David Cronenberg","William S. Burroughs, David Cronenberg","Drama, Mystery","<a href=""https://www.imdb.com/title/tt0102511"" target=""_blank"">tt0102511</a>","<a href=""https://www.imdb.com/title/tt0102511"" target=""_blank"">Naked Lunch</a>"
"tt0106673","Dave",1993,3051,6.9,58972,110,"Ivan Reitman","Gary Ross","Comedy, Romance","<a href=""https://www.imdb.com/title/tt0106673"" target=""_blank"">tt0106673</a>","<a href=""https://www.imdb.com/title/tt0106673"" target=""_blank"">Dave</a>"
"tt10172266","Red, White & Royal Blue",2023,3052,6.9,58571,118,"Matthew López","Casey McQuiston, Matthew López, Ted Malawer","Comedy, Romance","<a href=""https://www.imdb.com/title/tt10172266"" target=""_blank"">tt10172266</a>","<a href=""https://www.imdb.com/title/tt10172266"" target=""_blank"">Red, White & Royal Blue</a>"
"tt2850386","The Croods: A New Age",2020,3053,6.9,57838,95,"Joel Crawford","Kevin Hageman, Dan Hageman, Paul Fisher, Bob Logan, Kirk DeMicco, Chris Sanders","Adventure, Animation, Comedy","<a href=""https://www.imdb.com/title/tt2850386"" target=""_blank"">tt2850386</a>","<a href=""https://www.imdb.com/title/tt2850386"" target=""_blank"">The Croods: A New Age</a>"
"tt5536736","The Meyerowitz Stories",2017,3054,6.9,55623,112,"Noah Baumbach","Noah Baumbach","Comedy, Drama","<a href=""https://www.imdb.com/title/tt5536736"" target=""_blank"">tt5536736</a>","<a href=""https://www.imdb.com/title/tt5536736"" target=""_blank"">The Meyerowitz Stories</a>"
"tt1403177","Hesher",2010,3055,6.9,55093,106,"Spencer Susser","Spencer Susser, David Michôd, Brian Charles Frank","Comedy, Drama","<a href=""https://www.imdb.com/title/tt1403177"" target=""_blank"">tt1403177</a>","<a href=""https://www.imdb.com/title/tt1403177"" target=""_blank"">Hesher</a>"
"tt1967545","Labor Day",2013,3056,6.9,54645,111,"Jason Reitman","Jason Reitman, Joyce Maynard","Crime, Drama, Romance","<a href=""https://www.imdb.com/title/tt1967545"" target=""_blank"">tt1967545</a>","<a href=""https://www.imdb.com/title/tt1967545"" target=""_blank"">Labor Day</a>"
"tt0091059","Flight of the Navigator",1986,3057,6.9,53729,90,"Randal Kleiser","Mark H. Baker, Michael Burton, Phil Joanou","Adventure, Comedy, Family","<a href=""https://www.imdb.com/title/tt0091059"" target=""_blank"">tt0091059</a>","<a href=""https://www.imdb.com/title/tt0091059"" target=""_blank"">Flight of the Navigator</a>"
"tt0089457","Ladyhawke",1985,3058,6.9,53576,121,"Richard Donner","Edward Khmara, Michael Thomas, Tom Mankiewicz, David Webb Peoples","Adventure, Comedy, Drama","<a href=""https://www.imdb.com/title/tt0089457"" target=""_blank"">tt0089457</a>","<a href=""https://www.imdb.com/title/tt0089457"" target=""_blank"">Ladyhawke</a>"
"tt0124718","He Got Game",1998,3059,6.9,53520,136,"Spike Lee","Spike Lee","Drama, Sport","<a href=""https://www.imdb.com/title/tt0124718"" target=""_blank"">tt0124718</a>","<a href=""https://www.imdb.com/title/tt0124718"" target=""_blank"">He Got Game</a>"
"tt0281686","Bubba Ho-Tep",2002,3060,6.9,53065,92,"Don Coscarelli","Joe R. Lansdale, Don Coscarelli","Comedy, Fantasy, Horror","<a href=""https://www.imdb.com/title/tt0281686"" target=""_blank"">tt0281686</a>","<a href=""https://www.imdb.com/title/tt0281686"" target=""_blank"">Bubba Ho-Tep</a>"
"tt0123865","Gia",1998,3061,6.9,53013,120,"Michael Cristofer","Jay McInerney, Michael Cristofer","Biography, Drama, Romance","<a href=""https://www.imdb.com/title/tt0123865"" target=""_blank"">tt0123865</a>","<a href=""https://www.imdb.com/title/tt0123865"" target=""_blank"">Gia</a>"
"tt16300962","When Evil Lurks",2023,3062,6.9,52748,99,"Demián Rugna","Demián Rugna","Horror","<a href=""https://www.imdb.com/title/tt16300962"" target=""_blank"">tt16300962</a>","<a href=""https://www.imdb.com/title/tt16300962"" target=""_blank"">When Evil Lurks</a>"
"tt0935075","Rabbit Hole",2010,3063,6.9,52274,91,"John Cameron Mitchell","David Lindsay-Abaire","Drama","<a href=""https://www.imdb.com/title/tt0935075"" target=""_blank"">tt0935075</a>","<a href=""https://www.imdb.com/title/tt0935075"" target=""_blank"">Rabbit Hole</a>"
"tt0092513","Adventures in Babysitting",1987,3064,6.9,52080,102,"Chris Columbus","David Simkins","Adventure, Comedy, Crime","<a href=""https://www.imdb.com/title/tt0092513"" target=""_blank"">tt0092513</a>","<a href=""https://www.imdb.com/title/tt0092513"" target=""_blank"">Adventures in Babysitting</a>"
"tt3881784","Stronger",2017,3065,6.9,51919,119,"David Gordon Green","John Pollono, Jeff Bauman, Bret Witter","Biography, Drama","<a href=""https://www.imdb.com/title/tt3881784"" target=""_blank"">tt3881784</a>","<a href=""https://www.imdb.com/title/tt3881784"" target=""_blank"">Stronger</a>"
"tt1626146","Hector and the Search for Happiness",2014,3066,6.9,51577,114,"Peter Chelsom","Maria von Heland, Peter Chelsom, Tinker Lindsay, François Lelord","Adventure, Comedy, Drama","<a href=""https://www.imdb.com/title/tt1626146"" target=""_blank"">tt1626146</a>","<a href=""https://www.imdb.com/title/tt1626146"" target=""_blank"">Hector and the Search for Happiness</a>"
"tt0100404","Presumed Innocent",1990,3067,6.9,50356,127,"Alan J. Pakula","Scott Turow, Frank Pierson, Alan J. Pakula","Mystery, Thriller","<a href=""https://www.imdb.com/title/tt0100404"" target=""_blank"">tt0100404</a>","<a href=""https://www.imdb.com/title/tt0100404"" target=""_blank"">Presumed Innocent</a>"
"tt0082186","Clash of the Titans",1981,3068,6.9,49772,118,"Desmond Davis","Beverley Cross","Action, Adventure, Fantasy","<a href=""https://www.imdb.com/title/tt0082186"" target=""_blank"">tt0082186</a>","<a href=""https://www.imdb.com/title/tt0082186"" target=""_blank"">Clash of the Titans</a>"
"tt1216491","Kill the Messenger",2014,3069,6.9,49644,112,"Michael Cuesta","Peter Landesman, Gary Webb, Nick Schou","Biography, Crime, Drama","<a href=""https://www.imdb.com/title/tt1216491"" target=""_blank"">tt1216491</a>","<a href=""https://www.imdb.com/title/tt1216491"" target=""_blank"">Kill the Messenger</a>"
"tt3513500","Chip 'n Dale: Rescue Rangers",2022,3070,6.9,49357,97,"Akiva Schaffer","Dan Gregor, Doug Mand","Action, Adventure, Animation","<a href=""https://www.imdb.com/title/tt3513500"" target=""_blank"">tt3513500</a>","<a href=""https://www.imdb.com/title/tt3513500"" target=""_blank"">Chip 'n Dale: Rescue Rangers</a>"
"tt3205376","Slow West",2015,3071,6.9,49102,84,"John Maclean","John Maclean","Adventure, Drama, Romance","<a href=""https://www.imdb.com/title/tt3205376"" target=""_blank"">tt3205376</a>","<a href=""https://www.imdb.com/title/tt3205376"" target=""_blank"">Slow West</a>"
"tt0114287","Rob Roy",1995,3072,6.9,47897,139,"Michael Caton-Jones","Alan Sharp","Adventure, Biography, Drama","<a href=""https://www.imdb.com/title/tt0114287"" target=""_blank"">tt0114287</a>","<a href=""https://www.imdb.com/title/tt0114287"" target=""_blank"">Rob Roy</a>"
"tt0093605","Near Dark",1987,3073,6.9,47727,94,"Kathryn Bigelow","Eric Red, Kathryn Bigelow","Horror","<a href=""https://www.imdb.com/title/tt0093605"" target=""_blank"">tt0093605</a>","<a href=""https://www.imdb.com/title/tt0093605"" target=""_blank"">Near Dark</a>"
"tt0189998","Shadow of the Vampire",2000,3074,6.9,46783,92,"E. Elias Merhige","Steven Katz","Drama, Horror","<a href=""https://www.imdb.com/title/tt0189998"" target=""_blank"">tt0189998</a>","<a href=""https://www.imdb.com/title/tt0189998"" target=""_blank"">Shadow of the Vampire</a>"
"tt0071402","Death Wish",1974,3075,6.9,46367,93,"Michael Winner","Brian Garfield, Wendell Mayes, Gerald Wilson, Michael Winner","Action, Crime, Drama","<a href=""https://www.imdb.com/title/tt0071402"" target=""_blank"">tt0071402</a>","<a href=""https://www.imdb.com/title/tt0071402"" target=""_blank"">Death Wish</a>"
"tt13669038","Women Talking",2022,3076,6.9,46193,104,"Sarah Polley","Sarah Polley, Miriam Toews","Drama","<a href=""https://www.imdb.com/title/tt13669038"" target=""_blank"">tt13669038</a>","<a href=""https://www.imdb.com/title/tt13669038"" target=""_blank"">Women Talking</a>"
"tt3077214","Suffragette",2015,3077,6.9,45785,106,"Sarah Gavron","Abi Morgan","Drama, History","<a href=""https://www.imdb.com/title/tt3077214"" target=""_blank"">tt3077214</a>","<a href=""https://www.imdb.com/title/tt3077214"" target=""_blank"">Suffragette</a>"
"tt9683478","The Half of It",2020,3078,6.9,45703,104,"Alice Wu","Alice Wu","Comedy, Drama","<a href=""https://www.imdb.com/title/tt9683478"" target=""_blank"">tt9683478</a>","<a href=""https://www.imdb.com/title/tt9683478"" target=""_blank"">The Half of It</a>"
"tt0099939","King of New York",1990,3079,6.9,45679,103,"Abel Ferrara","Nicholas St. John","Crime, Thriller","<a href=""https://www.imdb.com/title/tt0099939"" target=""_blank"">tt0099939</a>","<a href=""https://www.imdb.com/title/tt0099939"" target=""_blank"">King of New York</a>"
"tt0316465","Radio",2003,3080,6.9,45550,109,"Michael Tollin","Mike Rich, Gary Smith","Biography, Drama, Sport","<a href=""https://www.imdb.com/title/tt0316465"" target=""_blank"">tt0316465</a>","<a href=""https://www.imdb.com/title/tt0316465"" target=""_blank"">Radio</a>"
"tt1529572","Trust",2010,3081,6.9,45489,106,"David Schwimmer","Andy Bellin, Robert Festinger","Crime, Drama, Mystery","<a href=""https://www.imdb.com/title/tt1529572"" target=""_blank"">tt1529572</a>","<a href=""https://www.imdb.com/title/tt1529572"" target=""_blank"">Trust</a>"
"tt7008872","Boy Erased",2018,3082,6.9,45324,115,"Joel Edgerton","Garrard Conley, Joel Edgerton","Biography, Drama","<a href=""https://www.imdb.com/title/tt7008872"" target=""_blank"">tt7008872</a>","<a href=""https://www.imdb.com/title/tt7008872"" target=""_blank"">Boy Erased</a>"
"tt0129332","Ravenous",1999,3083,6.9,45201,101,"Antonia Bird","Ted Griffin","Adventure, Drama, Horror","<a href=""https://www.imdb.com/title/tt0129332"" target=""_blank"">tt0129332</a>","<a href=""https://www.imdb.com/title/tt0129332"" target=""_blank"">Ravenous</a>"
"tt0170691","Tigerland",2000,3084,6.9,44561,101,"Joel Schumacher","Ross Klavan, Michael McGruther","Drama, War","<a href=""https://www.imdb.com/title/tt0170691"" target=""_blank"">tt0170691</a>","<a href=""https://www.imdb.com/title/tt0170691"" target=""_blank"">Tigerland</a>"
"tt13510660","Dhamaka",2021,3085,6.8,43078,103,"Ram Madhvani, Heavenveer Singh Hayer","Ram Madhvani, Puneet Sharma","Action, Crime, Drama","<a href=""https://www.imdb.com/title/tt13510660"" target=""_blank"">tt13510660</a>","<a href=""https://www.imdb.com/title/tt13510660"" target=""_blank"">Dhamaka</a>"
"tt0105275","Romper Stomper",1992,3086,6.8,42805,94,"Geoffrey Wright","Geoffrey Wright","Crime, Drama, Thriller","<a href=""https://www.imdb.com/title/tt0105275"" target=""_blank"">tt0105275</a>","<a href=""https://www.imdb.com/title/tt0105275"" target=""_blank"">Romper Stomper</a>"
"tt1521197","Anonymous",2011,3087,6.8,42793,130,"Roland Emmerich","John Orloff","Drama, Thriller","<a href=""https://www.imdb.com/title/tt1521197"" target=""_blank"">tt1521197</a>","<a href=""https://www.imdb.com/title/tt1521197"" target=""_blank"">Anonymous</a>"
"tt0086984","Body Double",1984,3088,6.8,42754,114,"Brian De Palma","Robert J. Avrech, Brian De Palma","Crime, Drama, Mystery","<a href=""https://www.imdb.com/title/tt0086984"" target=""_blank"">tt0086984</a>","<a href=""https://www.imdb.com/title/tt0086984"" target=""_blank"">Body Double</a>"
"tt11655566","Lilo & Stitch",2025,3089,6.9,42596,108,"Dean Fleischer Camp","Chris Kekaniokalani Bright, Mike Van Waes, Chris Sanders, Dean DeBlois","Action, Adventure, Comedy","<a href=""https://www.imdb.com/title/tt11655566"" target=""_blank"">tt11655566</a>","<a href=""https://www.imdb.com/title/tt11655566"" target=""_blank"">Lilo & Stitch</a>"
"tt6938828","At Eternity's Gate",2018,3090,6.9,42594,111,"Julian Schnabel","Jean-Claude Carrière, Louise Kugelberg, Julian Schnabel","Biography, Drama, History","<a href=""https://www.imdb.com/title/tt6938828"" target=""_blank"">tt6938828</a>","<a href=""https://www.imdb.com/title/tt6938828"" target=""_blank"">At Eternity's Gate</a>"
"tt0078446","Up in Smoke",1978,3091,6.9,42469,86,"Lou Adler, Tommy Chong","Tommy Chong, Cheech Marin","Comedy, Music","<a href=""https://www.imdb.com/title/tt0078446"" target=""_blank"">tt0078446</a>","<a href=""https://www.imdb.com/title/tt0078446"" target=""_blank"">Up in Smoke</a>"
"tt0165710","Detroit Rock City",1999,3092,6.8,42320,95,"Adam Rifkin","Carl V. Dupré","Adventure, Comedy, Music","<a href=""https://www.imdb.com/title/tt0165710"" target=""_blank"">tt0165710</a>","<a href=""https://www.imdb.com/title/tt0165710"" target=""_blank"">Detroit Rock City</a>"
"tt0252501","Hearts in Atlantis",2001,3093,6.9,42306,101,"Scott Hicks","Stephen King, William Goldman","Drama, Mystery","<a href=""https://www.imdb.com/title/tt0252501"" target=""_blank"">tt0252501</a>","<a href=""https://www.imdb.com/title/tt0252501"" target=""_blank"">Hearts in Atlantis</a>"
"tt0242193","Bully",2001,3094,6.9,42088,108,"Larry Clark","Jim Schutze, David McKenna, Roger Pullis","Biography, Crime, Drama","<a href=""https://www.imdb.com/title/tt0242193"" target=""_blank"">tt0242193</a>","<a href=""https://www.imdb.com/title/tt0242193"" target=""_blank"">Bully</a>"
"tt18559464","My Old Ass",2024,3095,6.9,41803,89,"Megan Park","Megan Park","Comedy, Drama, Romance","<a href=""https://www.imdb.com/title/tt18559464"" target=""_blank"">tt18559464</a>","<a href=""https://www.imdb.com/title/tt18559464"" target=""_blank"">My Old Ass</a>"
"tt0115988","The Crucible",1996,3096,6.8,41759,124,"Nicholas Hytner","Arthur Miller","Drama, History","<a href=""https://www.imdb.com/title/tt0115988"" target=""_blank"">tt0115988</a>","<a href=""https://www.imdb.com/title/tt0115988"" target=""_blank"">The Crucible</a>"
"tt0080319","9 to 5",1980,3097,6.9,41721,109,"Colin Higgins","Patricia Resnick, Colin Higgins","Comedy","<a href=""https://www.imdb.com/title/tt0080319"" target=""_blank"">tt0080319</a>","<a href=""https://www.imdb.com/title/tt0080319"" target=""_blank"">9 to 5</a>"
"tt1262981","World's Greatest Dad",2009,3098,6.8,41682,99,"Bobcat Goldthwait","Bobcat Goldthwait","Comedy, Drama","<a href=""https://www.imdb.com/title/tt1262981"" target=""_blank"">tt1262981</a>","<a href=""https://www.imdb.com/title/tt1262981"" target=""_blank"">World's Greatest Dad</a>"
"tt4262980","Shin Godzilla",2016,3099,6.8,41183,120,"Shinji Higuchi, Hideaki Anno","Hideaki Anno, Ishirô Honda, Takeo Murata","Action, Drama, Horror","<a href=""https://www.imdb.com/title/tt4262980"" target=""_blank"">tt4262980</a>","<a href=""https://www.imdb.com/title/tt4262980"" target=""_blank"">Shin Godzilla</a>"
"tt2006295","The 33",2015,3100,6.9,40850,127,"Patricia Riggen","Mikko Alanne, Craig Borten, Michael Thomas, Jose Rivera, Hector Tobar","Biography, Drama, History","<a href=""https://www.imdb.com/title/tt2006295"" target=""_blank"">tt2006295</a>","<a href=""https://www.imdb.com/title/tt2006295"" target=""_blank"">The 33</a>"
"tt15767808","The Last Kingdom: Seven Kings Must Die",2023,3101,6.8,40707,117,"Edward Bazalgette","Martha Hillier, Bernard Cornwell","Action, Drama, History","<a href=""https://www.imdb.com/title/tt15767808"" target=""_blank"">tt15767808</a>","<a href=""https://www.imdb.com/title/tt15767808"" target=""_blank"">The Last Kingdom: Seven Kings Must Die</a>"
"tt6697582","Arif V 216",2018,3102,6.9,40566,125,"Kivanç Baruönü","Cem Yilmaz","Comedy, Sci-Fi","<a href=""https://www.imdb.com/title/tt6697582"" target=""_blank"">tt6697582</a>","<a href=""https://www.imdb.com/title/tt6697582"" target=""_blank"">Arif V 216</a>"
"tt0080360","Altered States",1980,3103,6.9,40503,102,"Ken Russell","Paddy Chayefsky","Horror, Sci-Fi, Thriller","<a href=""https://www.imdb.com/title/tt0080360"" target=""_blank"">tt0080360</a>","<a href=""https://www.imdb.com/title/tt0080360"" target=""_blank"">Altered States</a>"
"tt11976532","Vengeance",2022,3104,6.8,40393,107,"B.J. Novak","B.J. Novak","Comedy, Music, Mystery","<a href=""https://www.imdb.com/title/tt11976532"" target=""_blank"">tt11976532</a>","<a href=""https://www.imdb.com/title/tt11976532"" target=""_blank"">Vengeance</a>"
"tt2326554","A Girl Walks Home Alone at Night",2014,3105,6.9,40340,101,"Ana Lily Amirpour","Ana Lily Amirpour","Drama, Horror, Romance","<a href=""https://www.imdb.com/title/tt2326554"" target=""_blank"">tt2326554</a>","<a href=""https://www.imdb.com/title/tt2326554"" target=""_blank"">A Girl Walks Home Alone at Night</a>"
"tt0089886","Real Genius",1985,3106,6.9,40183,108,"Martha Coolidge","Neal Israel, Pat Proft, PJ Torokvei","Comedy, Romance, Sci-Fi","<a href=""https://www.imdb.com/title/tt0089886"" target=""_blank"">tt0089886</a>","<a href=""https://www.imdb.com/title/tt0089886"" target=""_blank"">Real Genius</a>"
"tt0119951","Private Parts",1997,3107,6.9,40023,109,"Betty Thomas","Howard Stern, Len Blum, Michael Kalesniko","Biography, Comedy, Drama","<a href=""https://www.imdb.com/title/tt0119951"" target=""_blank"">tt0119951</a>","<a href=""https://www.imdb.com/title/tt0119951"" target=""_blank"">Private Parts</a>"
"tt2183014","Love at First Sight",2023,3108,6.8,39812,91,"Vanessa Caswill","Katie Lovejoy, Jennifer E. Smith","Drama, Romance","<a href=""https://www.imdb.com/title/tt2183014"" target=""_blank"">tt2183014</a>","<a href=""https://www.imdb.com/title/tt2183014"" target=""_blank"">Love at First Sight</a>"
"tt4964788","Everybody Knows",2018,3109,6.9,39554,133,"Asghar Farhadi","Asghar Farhadi","Crime, Drama, Mystery","<a href=""https://www.imdb.com/title/tt4964788"" target=""_blank"">tt4964788</a>","<a href=""https://www.imdb.com/title/tt4964788"" target=""_blank"">Everybody Knows</a>"
"tt0120879","Velvet Goldmine",1998,3110,6.9,39510,123,"Todd Haynes","James Lyons, Todd Haynes","Drama, Music","<a href=""https://www.imdb.com/title/tt0120879"" target=""_blank"">tt0120879</a>","<a href=""https://www.imdb.com/title/tt0120879"" target=""_blank"">Velvet Goldmine</a>"
"tt7280898","22 July",2018,3111,6.8,39341,143,"Paul Greengrass","Paul Greengrass, Åsne Seierstad","Crime, Drama, History","<a href=""https://www.imdb.com/title/tt7280898"" target=""_blank"">tt7280898</a>","<a href=""https://www.imdb.com/title/tt7280898"" target=""_blank"">22 July</a>"
"tt0114682","To Wong Foo, Thanks for Everything! Julie Newmar",1995,3112,6.8,39326,109,"Beeban Kidron","Douglas Carter Beane","Comedy, Drama","<a href=""https://www.imdb.com/title/tt0114682"" target=""_blank"">tt0114682</a>","<a href=""https://www.imdb.com/title/tt0114682"" target=""_blank"">To Wong Foo, Thanks for Everything! Julie Newmar</a>"
"tt5816682","Victoria & Abdul",2017,3113,6.8,39326,111,"Stephen Frears","Lee Hall, Shrabani Basu","Biography, Comedy, Drama","<a href=""https://www.imdb.com/title/tt5816682"" target=""_blank"">tt5816682</a>","<a href=""https://www.imdb.com/title/tt5816682"" target=""_blank"">Victoria & Abdul</a>"
"tt0066808","Bananas",1971,3114,6.9,39256,82,"Woody Allen","Woody Allen, Mickey Rose","Comedy","<a href=""https://www.imdb.com/title/tt0066808"" target=""_blank"">tt0066808</a>","<a href=""https://www.imdb.com/title/tt0066808"" target=""_blank"">Bananas</a>"
"tt0066011","Love Story",1970,3115,6.9,39020,100,"Arthur Hiller","Erich Segal","Drama, Romance","<a href=""https://www.imdb.com/title/tt0066011"" target=""_blank"">tt0066011</a>","<a href=""https://www.imdb.com/title/tt0066011"" target=""_blank"">Love Story</a>"
"tt1251757","Middle Men",2009,3116,6.8,38757,105,"George Gallo","George Gallo, Andy Weiss","Comedy, Crime, Drama","<a href=""https://www.imdb.com/title/tt1251757"" target=""_blank"">tt1251757</a>","<a href=""https://www.imdb.com/title/tt1251757"" target=""_blank"">Middle Men</a>"
"tt0265662","The Rookie",2002,3117,6.9,38402,127,"John Lee Hancock","Mike Rich","Drama, Family, Sport","<a href=""https://www.imdb.com/title/tt0265662"" target=""_blank"">tt0265662</a>","<a href=""https://www.imdb.com/title/tt0265662"" target=""_blank"">The Rookie</a>"
"tt6304046","Thelma",2017,3118,6.9,38272,116,"Joachim Trier","Eskil Vogt, Joachim Trier","Drama, Fantasy, Horror","<a href=""https://www.imdb.com/title/tt6304046"" target=""_blank"">tt6304046</a>","<a href=""https://www.imdb.com/title/tt6304046"" target=""_blank"">Thelma</a>"
"tt0421994","Imagine Me & You",2005,3119,6.8,38050,90,"Ol Parker","Ol Parker","Comedy, Drama, Romance","<a href=""https://www.imdb.com/title/tt0421994"" target=""_blank"">tt0421994</a>","<a href=""https://www.imdb.com/title/tt0421994"" target=""_blank"">Imagine Me & You</a>"
"tt7475578","Munich: The Edge of War",2021,3120,6.8,37938,130,"Christian Schwochow","Ben Power, Robert Harris","Biography, Drama, History","<a href=""https://www.imdb.com/title/tt7475578"" target=""_blank"">tt7475578</a>","<a href=""https://www.imdb.com/title/tt7475578"" target=""_blank"">Munich: The Edge of War</a>"
"tt1742044","Jersey Boys",2014,3121,6.8,37920,134,"Clint Eastwood","Marshall Brickman, Rick Elice","Biography, Drama, Music","<a href=""https://www.imdb.com/title/tt1742044"" target=""_blank"">tt1742044</a>","<a href=""https://www.imdb.com/title/tt1742044"" target=""_blank"">Jersey Boys</a>"
"tt0093560","The Monster Squad",1987,3122,6.9,37475,82,"Fred Dekker","Shane Black, Fred Dekker","Action, Comedy, Fantasy","<a href=""https://www.imdb.com/title/tt0093560"" target=""_blank"">tt0093560</a>","<a href=""https://www.imdb.com/title/tt0093560"" target=""_blank"">The Monster Squad</a>"
"tt5144174","The Dry",2020,3123,6.8,37460,117,"Robert Connolly","Harry Cripps, Robert Connolly, Jane Harper, Samantha Strauss","Crime, Drama, Mystery","<a href=""https://www.imdb.com/title/tt5144174"" target=""_blank"">tt5144174</a>","<a href=""https://www.imdb.com/title/tt5144174"" target=""_blank"">The Dry</a>"
"tt0444653","Keeping Mum",2005,3124,6.8,36969,99,"Niall Johnson","Richard Russo, Niall Johnson","Comedy, Crime","<a href=""https://www.imdb.com/title/tt0444653"" target=""_blank"">tt0444653</a>","<a href=""https://www.imdb.com/title/tt0444653"" target=""_blank"">Keeping Mum</a>"
"tt0280760","Igby Goes Down",2002,3125,6.8,36684,98,"Burr Steers","Burr Steers","Comedy, Drama","<a href=""https://www.imdb.com/title/tt0280760"" target=""_blank"">tt0280760</a>","<a href=""https://www.imdb.com/title/tt0280760"" target=""_blank"">Igby Goes Down</a>"
"tt0111127","Serial Mom",1994,3126,6.8,36652,95,"John Waters","John Waters","Comedy, Crime, Thriller","<a href=""https://www.imdb.com/title/tt0111127"" target=""_blank"">tt0111127</a>","<a href=""https://www.imdb.com/title/tt0111127"" target=""_blank"">Serial Mom</a>"
"tt0046876","Creature from the Black Lagoon",1954,3127,6.9,36625,79,"Jack Arnold","Harry Essex, Arthur A. Ross, Maurice Zimm, William Alland","Horror, Sci-Fi","<a href=""https://www.imdb.com/title/tt0046876"" target=""_blank"">tt0046876</a>","<a href=""https://www.imdb.com/title/tt0046876"" target=""_blank"">Creature from the Black Lagoon</a>"
"tt0078908","The Brood",1979,3128,6.8,36579,92,"David Cronenberg","David Cronenberg","Horror, Sci-Fi","<a href=""https://www.imdb.com/title/tt0078908"" target=""_blank"">tt0078908</a>","<a href=""https://www.imdb.com/title/tt0078908"" target=""_blank"">The Brood</a>"
"tt0165854","The Limey",1999,3129,6.9,36558,89,"Steven Soderbergh","Lem Dobbs","Crime, Drama, Mystery","<a href=""https://www.imdb.com/title/tt0165854"" target=""_blank"">tt0165854</a>","<a href=""https://www.imdb.com/title/tt0165854"" target=""_blank"">The Limey</a>"
"tt0318374","The Cooler",2003,3130,6.9,36497,101,"Wayne Kramer","Frank Hannah, Wayne Kramer","Drama, Romance","<a href=""https://www.imdb.com/title/tt0318374"" target=""_blank"">tt0318374</a>","<a href=""https://www.imdb.com/title/tt0318374"" target=""_blank"">The Cooler</a>"
"tt6218358","Calibre",2018,3131,6.8,36078,101,"Matt Palmer","Matt Palmer","Drama, Thriller","<a href=""https://www.imdb.com/title/tt6218358"" target=""_blank"">tt6218358</a>","<a href=""https://www.imdb.com/title/tt6218358"" target=""_blank"">Calibre</a>"
"tt0374569","Che: Part Two",2008,3132,6.8,35889,135,"Steven Soderbergh","Peter Buchman, Benjamin A. van der Veen, Ernesto 'Che' Guevara","Biography, Drama, History","<a href=""https://www.imdb.com/title/tt0374569"" target=""_blank"">tt0374569</a>","<a href=""https://www.imdb.com/title/tt0374569"" target=""_blank"">Che: Part Two</a>"
"tt5727282","Borg vs. McEnroe",2017,3133,6.9,35457,107,"Janus Metz","Ronnie Sandahl","Biography, Drama, Sport","<a href=""https://www.imdb.com/title/tt5727282"" target=""_blank"">tt5727282</a>","<a href=""https://www.imdb.com/title/tt5727282"" target=""_blank"">Borg vs. McEnroe</a>"
"tt0380599","Oliver Twist",2005,3134,6.8,35097,130,"Roman Polanski","Charles Dickens, Ronald Harwood","Crime, Drama","<a href=""https://www.imdb.com/title/tt0380599"" target=""_blank"">tt0380599</a>","<a href=""https://www.imdb.com/title/tt0380599"" target=""_blank"">Oliver Twist</a>"
"tt3172532","The Diary of a Teenage Girl",2015,3135,6.8,34613,102,"Marielle Heller","Phoebe Gloeckner, Marielle Heller","Comedy, Drama, Romance","<a href=""https://www.imdb.com/title/tt3172532"" target=""_blank"">tt3172532</a>","<a href=""https://www.imdb.com/title/tt3172532"" target=""_blank"">The Diary of a Teenage Girl</a>"
"tt0114011","Now and Then",1995,3136,6.8,33955,102,"Lesli Linka Glatter","I. Marlene King","Comedy, Drama, Romance","<a href=""https://www.imdb.com/title/tt0114011"" target=""_blank"">tt0114011</a>","<a href=""https://www.imdb.com/title/tt0114011"" target=""_blank"">Now and Then</a>"
"tt10268488","The Greatest Beer Run Ever",2022,3137,6.8,33916,126,"Peter Farrelly","Peter Farrelly, Brian Hayes Currie, Pete Jones, Chick Donohue, J.T. Molloy","Adventure, Drama, War","<a href=""https://www.imdb.com/title/tt10268488"" target=""_blank"">tt10268488</a>","<a href=""https://www.imdb.com/title/tt10268488"" target=""_blank"">The Greatest Beer Run Ever</a>"
"tt0067588","Play Misty for Me",1971,3138,6.9,33801,102,"Clint Eastwood","Jo Heims, Dean Riesner","Drama, Thriller","<a href=""https://www.imdb.com/title/tt0067588"" target=""_blank"">tt0067588</a>","<a href=""https://www.imdb.com/title/tt0067588"" target=""_blank"">Play Misty for Me</a>"
"tt0469021","Alan Partridge",2013,3139,6.9,33593,90,"Declan Lowney","Neil Gibbons, Rob Gibbons, Steve Coogan, Armando Iannucci, Peter Baynham, Patrick Marber","Action, Comedy, Crime","<a href=""https://www.imdb.com/title/tt0469021"" target=""_blank"">tt0469021</a>","<a href=""https://www.imdb.com/title/tt0469021"" target=""_blank"">Alan Partridge</a>"
"tt11027830","Haseen Dillruba",2021,3140,6.9,33535,135,"Vinil Mathew","Kanika Dhillon","Crime, Drama, Mystery","<a href=""https://www.imdb.com/title/tt11027830"" target=""_blank"">tt11027830</a>","<a href=""https://www.imdb.com/title/tt11027830"" target=""_blank"">Haseen Dillruba</a>"
"tt15339570","Champions",2023,3141,6.8,33481,124,"Bobby Farrelly","Mark Rizzo, Javier Fesser, David Marqués","Comedy, Drama, Sport","<a href=""https://www.imdb.com/title/tt15339570"" target=""_blank"">tt15339570</a>","<a href=""https://www.imdb.com/title/tt15339570"" target=""_blank"">Champions</a>"
"tt0116361","Freeway",1996,3142,6.8,33358,104,"Matthew Bright","Matthew Bright","Crime, Drama, Thriller","<a href=""https://www.imdb.com/title/tt0116361"" target=""_blank"">tt0116361</a>","<a href=""https://www.imdb.com/title/tt0116361"" target=""_blank"">Freeway</a>"
"tt2987732","Suck Me Shakespeer",2013,3143,6.9,33294,119,"Bora Dagtekin","Bora Dagtekin","Comedy","<a href=""https://www.imdb.com/title/tt2987732"" target=""_blank"">tt2987732</a>","<a href=""https://www.imdb.com/title/tt2987732"" target=""_blank"">Suck Me Shakespeer</a>"
"tt27657135","Saturday Night",2024,3144,6.9,33182,109,"Jason Reitman","Gil Kenan, Jason Reitman","Biography, Comedy, Drama","<a href=""https://www.imdb.com/title/tt27657135"" target=""_blank"">tt27657135</a>","<a href=""https://www.imdb.com/title/tt27657135"" target=""_blank"">Saturday Night</a>"
"tt0098546","UHF",1989,3145,6.9,33168,97,"Jay Levey","'Weird Al' Yankovic, Jay Levey, Charles Holloway","Comedy, Sci-Fi","<a href=""https://www.imdb.com/title/tt0098546"" target=""_blank"">tt0098546</a>","<a href=""https://www.imdb.com/title/tt0098546"" target=""_blank"">UHF</a>"
"tt0120094","Selena",1997,3146,6.9,33081,127,"Gregory Nava","Gregory Nava","Biography, Drama, Music","<a href=""https://www.imdb.com/title/tt0120094"" target=""_blank"">tt0120094</a>","<a href=""https://www.imdb.com/title/tt0120094"" target=""_blank"">Selena</a>"
"tt2101569","In Your Eyes",2014,3147,6.9,32619,106,"Brin Hill","Joss Whedon","Fantasy, Romance","<a href=""https://www.imdb.com/title/tt2101569"" target=""_blank"">tt2101569</a>","<a href=""https://www.imdb.com/title/tt2101569"" target=""_blank"">In Your Eyes</a>"
"tt1620935","Bleed for This",2016,3148,6.8,32596,117,"Ben Younger","Ben Younger, Pippa Bianco, Angelo Pizzo","Biography, Drama, Sport","<a href=""https://www.imdb.com/title/tt1620935"" target=""_blank"">tt1620935</a>","<a href=""https://www.imdb.com/title/tt1620935"" target=""_blank"">Bleed for This</a>"
"tt0455957","Goya's Ghosts",2006,3149,6.9,32586,113,"Milos Forman","Milos Forman, Jean-Claude Carrière","Biography, Drama, History","<a href=""https://www.imdb.com/title/tt0455957"" target=""_blank"">tt0455957</a>","<a href=""https://www.imdb.com/title/tt0455957"" target=""_blank"">Goya's Ghosts</a>"
"tt0082031","Arthur",1981,3150,6.9,32566,97,"Steve Gordon","Steve Gordon","Comedy, Romance","<a href=""https://www.imdb.com/title/tt0082031"" target=""_blank"">tt0082031</a>","<a href=""https://www.imdb.com/title/tt0082031"" target=""_blank"">Arthur</a>"
"tt5929754","Wildlife",2018,3151,6.8,32563,105,"Paul Dano","Paul Dano, Zoe Kazan, Richard Ford","Drama","<a href=""https://www.imdb.com/title/tt5929754"" target=""_blank"">tt5929754</a>","<a href=""https://www.imdb.com/title/tt5929754"" target=""_blank"">Wildlife</a>"
"tt0101516","Bugsy",1991,3152,6.8,32287,136,"Barry Levinson","James Toback, Dean Jennings","Biography, Crime, Drama","<a href=""https://www.imdb.com/title/tt0101516"" target=""_blank"">tt0101516</a>","<a href=""https://www.imdb.com/title/tt0101516"" target=""_blank"">Bugsy</a>"
"tt6288124","Don't Worry, He Won't Get Far on Foot",2018,3153,6.8,32235,114,"Gus Van Sant","John Callahan, Gus Van Sant, Jack Gibson, William Andrew Eatman","Biography, Comedy, Drama","<a href=""https://www.imdb.com/title/tt6288124"" target=""_blank"">tt6288124</a>","<a href=""https://www.imdb.com/title/tt6288124"" target=""_blank"">Don't Worry, He Won't Get Far on Foot</a>"
"tt0080057","Zombie",1979,3154,6.8,32227,91,"Lucio Fulci","Elisa Briganti, Dardano Sacchetti","Horror","<a href=""https://www.imdb.com/title/tt0080057"" target=""_blank"">tt0080057</a>","<a href=""https://www.imdb.com/title/tt0080057"" target=""_blank"">Zombie</a>"
"tt0099703","The Grifters",1990,3155,6.9,32223,110,"Stephen Frears","Jim Thompson, Donald E. Westlake","Crime, Drama, Thriller","<a href=""https://www.imdb.com/title/tt0099703"" target=""_blank"">tt0099703</a>","<a href=""https://www.imdb.com/title/tt0099703"" target=""_blank"">The Grifters</a>"
"tt21097228","A Different Man",2024,3156,6.9,31808,112,"Aaron Schimberg","Aaron Schimberg","Comedy, Drama, Thriller","<a href=""https://www.imdb.com/title/tt21097228"" target=""_blank"">tt21097228</a>","<a href=""https://www.imdb.com/title/tt21097228"" target=""_blank"">A Different Man</a>"
"tt0091877","Ruthless People",1986,3157,6.9,31738,93,"Jim Abrahams, David Zucker, Jerry Zucker","Dale Launer, O. Henry","Comedy, Crime","<a href=""https://www.imdb.com/title/tt0091877"" target=""_blank"">tt0091877</a>","<a href=""https://www.imdb.com/title/tt0091877"" target=""_blank"">Ruthless People</a>"
"tt1082886","The Wackness",2008,3158,6.9,31546,99,"Jonathan Levine","Jonathan Levine","Comedy, Drama, Romance","<a href=""https://www.imdb.com/title/tt1082886"" target=""_blank"">tt1082886</a>","<a href=""https://www.imdb.com/title/tt1082886"" target=""_blank"">The Wackness</a>"
"tt6116856","The Night Comes for Us",2018,3159,6.9,31529,121,"Timo Tjahjanto","Timo Tjahjanto","Action, Crime, Thriller","<a href=""https://www.imdb.com/title/tt6116856"" target=""_blank"">tt6116856</a>","<a href=""https://www.imdb.com/title/tt6116856"" target=""_blank"">The Night Comes for Us</a>"
"tt0100133","Memphis Belle",1990,3160,6.9,31494,107,"Michael Caton-Jones","Monte Merrick","Action, Drama, War","<a href=""https://www.imdb.com/title/tt0100133"" target=""_blank"">tt0100133</a>","<a href=""https://www.imdb.com/title/tt0100133"" target=""_blank"">Memphis Belle</a>"
"tt4273292","Under the Shadow",2016,3161,6.8,31392,84,"Babak Anvari","Babak Anvari","Drama, Fantasy, Horror","<a href=""https://www.imdb.com/title/tt4273292"" target=""_blank"">tt4273292</a>","<a href=""https://www.imdb.com/title/tt4273292"" target=""_blank"">Under the Shadow</a>"
"tt11080108","The Map of Tiny Perfect Things",2021,3162,6.8,31380,98,"Ian Samuels","Lev Grossman","Comedy, Fantasy, Romance","<a href=""https://www.imdb.com/title/tt11080108"" target=""_blank"">tt11080108</a>","<a href=""https://www.imdb.com/title/tt11080108"" target=""_blank"">The Map of Tiny Perfect Things</a>"
"tt0101669","Dead Again",1991,3163,6.8,31256,107,"Kenneth Branagh","Scott Frank","Crime, Drama, Mystery","<a href=""https://www.imdb.com/title/tt0101669"" target=""_blank"">tt0101669</a>","<a href=""https://www.imdb.com/title/tt0101669"" target=""_blank"">Dead Again</a>"
"tt14914988","Satyaprem Ki Katha",2023,3164,6.9,31246,146,"Sameer Vidwans","Karan Shrikant Sharma","Comedy, Drama, Musical","<a href=""https://www.imdb.com/title/tt14914988"" target=""_blank"">tt14914988</a>","<a href=""https://www.imdb.com/title/tt14914988"" target=""_blank"">Satyaprem Ki Katha</a>"
"tt8323668","Jerry and Marge Go Large",2022,3165,6.9,31151,96,"David Frankel","Jason Fagone, Brad Copeland","Biography, Comedy, Drama","<a href=""https://www.imdb.com/title/tt8323668"" target=""_blank"">tt8323668</a>","<a href=""https://www.imdb.com/title/tt8323668"" target=""_blank"">Jerry and Marge Go Large</a>"
"tt1933667","The Wizard of Lies",2017,3166,6.8,31019,133,"Barry Levinson","Sam Levinson, John Burnham Schwartz, Samuel Baum, Diana Henriques, Laurie Sandell","Biography, Crime, Drama","<a href=""https://www.imdb.com/title/tt1933667"" target=""_blank"">tt1933667</a>","<a href=""https://www.imdb.com/title/tt1933667"" target=""_blank"">The Wizard of Lies</a>"
"tt0067824","The Big Boss",1971,3167,6.9,30895,99,"Wei Lo, Chia-Hsiang Wu","Wei Lo","Action, Crime, Drama","<a href=""https://www.imdb.com/title/tt0067824"" target=""_blank"">tt0067824</a>","<a href=""https://www.imdb.com/title/tt0067824"" target=""_blank"">The Big Boss</a>"
"tt0968264","The Conspirator",2010,3168,6.9,30583,122,"Robert Redford","James D. Solomon, Gregory Bernstein","Crime, Drama, History","<a href=""https://www.imdb.com/title/tt0968264"" target=""_blank"">tt0968264</a>","<a href=""https://www.imdb.com/title/tt0968264"" target=""_blank"">The Conspirator</a>"
"tt0063688","The Thomas Crown Affair",1968,3169,6.9,30331,102,"Norman Jewison","Alan Trustman","Crime, Drama, Romance","<a href=""https://www.imdb.com/title/tt0063688"" target=""_blank"">tt0063688</a>","<a href=""https://www.imdb.com/title/tt0063688"" target=""_blank"">The Thomas Crown Affair</a>"
"tt28218009","Surongo",2023,3170,6.8,30330,150,"Raihan Rafi","Nazim Ud Daula","Crime, Drama, Mystery","<a href=""https://www.imdb.com/title/tt28218009"" target=""_blank"">tt28218009</a>","<a href=""https://www.imdb.com/title/tt28218009"" target=""_blank"">Surongo</a>"
"tt0386005","New Police Story",2004,3171,6.9,30165,123,"Benny Chan","Alan Yuen","Action, Crime, Thriller","<a href=""https://www.imdb.com/title/tt0386005"" target=""_blank"">tt0386005</a>","<a href=""https://www.imdb.com/title/tt0386005"" target=""_blank"">New Police Story</a>"
"tt0120241","Suicide Kings",1997,3172,6.9,29931,106,"Peter O'Fallon","Josh McKinney, Gina Goldman, Wayne Allan Rice, Don Stanford","Comedy, Crime, Drama","<a href=""https://www.imdb.com/title/tt0120241"" target=""_blank"">tt0120241</a>","<a href=""https://www.imdb.com/title/tt0120241"" target=""_blank"">Suicide Kings</a>"
"tt6018306","Last Flag Flying",2017,3173,6.9,29824,125,"Richard Linklater","Richard Linklater, Darryl Ponicsan","Comedy, Drama, War","<a href=""https://www.imdb.com/title/tt6018306"" target=""_blank"">tt6018306</a>","<a href=""https://www.imdb.com/title/tt6018306"" target=""_blank"">Last Flag Flying</a>"
"tt0099472","DuckTales the Movie: Treasure of the Lost Lamp",1990,3174,6.8,29704,74,"Bob Hathcock, Eric Goldberg","Alan Burnett, Carl Barks, Ted Osborne, Al Taliaferro","Adventure, Animation, Comedy","<a href=""https://www.imdb.com/title/tt0099472"" target=""_blank"">tt0099472</a>","<a href=""https://www.imdb.com/title/tt0099472"" target=""_blank"">DuckTales the Movie: Treasure of the Lost Lamp</a>"
"tt28309594","Nonnas",2025,3175,6.9,29474,111,"Stephen Chbosky","Liz Maccie, Jody Scaravella","Comedy","<a href=""https://www.imdb.com/title/tt28309594"" target=""_blank"">tt28309594</a>","<a href=""https://www.imdb.com/title/tt28309594"" target=""_blank"">Nonnas</a>"
"tt0810784","Bright Star",2009,3176,6.9,29308,119,"Jane Campion","Jane Campion, Andrew Motion","Biography, Drama, Romance","<a href=""https://www.imdb.com/title/tt0810784"" target=""_blank"">tt0810784</a>","<a href=""https://www.imdb.com/title/tt0810784"" target=""_blank"">Bright Star</a>"
"tt13109952","The Trip",2021,3177,6.9,29285,113,"Tommy Wirkola","Tommy Wirkola, Nick Ball, John Niven","Action, Comedy, Horror","<a href=""https://www.imdb.com/title/tt13109952"" target=""_blank"">tt13109952</a>","<a href=""https://www.imdb.com/title/tt13109952"" target=""_blank"">The Trip</a>"
"tt4291600","Lady Macbeth",2016,3178,6.8,28965,89,"William Oldroyd","Nikolai Leskov, Alice Birch","Drama, Romance","<a href=""https://www.imdb.com/title/tt4291600"" target=""_blank"">tt4291600</a>","<a href=""https://www.imdb.com/title/tt4291600"" target=""_blank"">Lady Macbeth</a>"
"tt0337909","Calendar Girls",2003,3179,6.9,28837,108,"Nigel Cole","Juliette Towhidi, Tim Firth","Comedy, Drama","<a href=""https://www.imdb.com/title/tt0337909"" target=""_blank"">tt0337909</a>","<a href=""https://www.imdb.com/title/tt0337909"" target=""_blank"">Calendar Girls</a>"
"tt0105327","School Ties",1992,3180,6.9,28509,106,"Robert Mandel","Dick Wolf, Darryl Ponicsan","Drama","<a href=""https://www.imdb.com/title/tt0105327"" target=""_blank"">tt0105327</a>","<a href=""https://www.imdb.com/title/tt0105327"" target=""_blank"">School Ties</a>"
"tt5112584","Lee",2023,3181,6.9,28257,117,"Ellen Kuras","Liz Hannah, Marion Hume, John Collee, Lem Dobbs, Anthony Penrose","Biography, Drama, History","<a href=""https://www.imdb.com/title/tt5112584"" target=""_blank"">tt5112584</a>","<a href=""https://www.imdb.com/title/tt5112584"" target=""_blank"">Lee</a>"
"tt8266310","Blinded by the Light",2019,3182,6.9,28096,118,"Gurinder Chadha","Sarfraz Manzoor, Gurinder Chadha, Paul Mayeda Berges, Bruce Springsteen","Comedy, Drama, Music","<a href=""https://www.imdb.com/title/tt8266310"" target=""_blank"">tt8266310</a>","<a href=""https://www.imdb.com/title/tt8266310"" target=""_blank"">Blinded by the Light</a>"
"tt0116329","Fly Away Home",1996,3183,6.9,28069,107,"Carroll Ballard","Bill Lishman, Robert Rodat, Vince McKewin","Adventure, Drama, Family","<a href=""https://www.imdb.com/title/tt0116329"" target=""_blank"">tt0116329</a>","<a href=""https://www.imdb.com/title/tt0116329"" target=""_blank"">Fly Away Home</a>"
"tt0117110","Muppet Treasure Island",1996,3184,6.9,28059,99,"Brian Henson","Robert Louis Stevenson, Jerry Juhl, Kirk R. Thatcher, James V. Hart","Action, Adventure, Comedy","<a href=""https://www.imdb.com/title/tt0117110"" target=""_blank"">tt0117110</a>","<a href=""https://www.imdb.com/title/tt0117110"" target=""_blank"">Muppet Treasure Island</a>"
"tt2473794","Mr. Turner",2014,3185,6.8,28046,150,"Mike Leigh","Mike Leigh","Biography, Drama, History","<a href=""https://www.imdb.com/title/tt2473794"" target=""_blank"">tt2473794</a>","<a href=""https://www.imdb.com/title/tt2473794"" target=""_blank"">Mr. Turner</a>"
"tt2172954","The Life List",2025,3186,6.8,28034,123,"Adam Brooks","Adam Brooks, Lori Nelson Spielman","Comedy, Drama, Romance","<a href=""https://www.imdb.com/title/tt2172954"" target=""_blank"">tt2172954</a>","<a href=""https://www.imdb.com/title/tt2172954"" target=""_blank"">The Life List</a>"
"tt1849718","Agneepath",2012,3187,6.9,27991,174,"Karan Malhotra","Ila Bedi Dutta, Avinash Ghodke, Karan Malhotra, Piyush Mishra","Action, Crime, Drama","<a href=""https://www.imdb.com/title/tt1849718"" target=""_blank"">tt1849718</a>","<a href=""https://www.imdb.com/title/tt1849718"" target=""_blank"">Agneepath</a>"
"tt0118798","Bulworth",1998,3188,6.8,27857,108,"Warren Beatty","Warren Beatty, Jeremy Pikser","Comedy, Drama, Romance","<a href=""https://www.imdb.com/title/tt0118798"" target=""_blank"">tt0118798</a>","<a href=""https://www.imdb.com/title/tt0118798"" target=""_blank"">Bulworth</a>"
"tt0096251","Tetsuo: The Iron Man",1989,3189,6.9,27845,67,"Shin'ya Tsukamoto","Shin'ya Tsukamoto","Horror, Sci-Fi","<a href=""https://www.imdb.com/title/tt0096251"" target=""_blank"">tt0096251</a>","<a href=""https://www.imdb.com/title/tt0096251"" target=""_blank"">Tetsuo: The Iron Man</a>"
"tt2372678","2 States",2014,3190,6.9,27842,149,"Abhishek Varman","Chetan Bhagat, Abhishek Varman, Hussain Dalal","Comedy, Drama, Romance","<a href=""https://www.imdb.com/title/tt2372678"" target=""_blank"">tt2372678</a>","<a href=""https://www.imdb.com/title/tt2372678"" target=""_blank"">2 States</a>"
"tt2832470","Dead Snow 2: Red vs. Dead",2014,3191,6.8,27842,100,"Tommy Wirkola","Tommy Wirkola, Geir Vegar Hoel, Stig Frode Henriksen","Action, Comedy, Horror","<a href=""https://www.imdb.com/title/tt2832470"" target=""_blank"">tt2832470</a>","<a href=""https://www.imdb.com/title/tt2832470"" target=""_blank"">Dead Snow 2: Red vs. Dead</a>"
"tt0110955","The Ref",1994,3192,6.9,27727,97,"Ted Demme","Marie Weiss, Richard LaGravenese","Comedy, Crime, Drama","<a href=""https://www.imdb.com/title/tt0110955"" target=""_blank"">tt0110955</a>","<a href=""https://www.imdb.com/title/tt0110955"" target=""_blank"">The Ref</a>"
"tt0473488","A Guide to Recognizing Your Saints",2006,3193,6.9,27708,100,"Dito Montiel","Dito Montiel","Crime, Drama","<a href=""https://www.imdb.com/title/tt0473488"" target=""_blank"">tt0473488</a>","<a href=""https://www.imdb.com/title/tt0473488"" target=""_blank"">A Guide to Recognizing Your Saints</a>"
"tt27056012","Khel Khel Mein",2024,3194,6.8,27671,135,"Mudassar Aziz","Mudassar Aziz","Comedy, Drama","<a href=""https://www.imdb.com/title/tt27056012"" target=""_blank"">tt27056012</a>","<a href=""https://www.imdb.com/title/tt27056012"" target=""_blank"">Khel Khel Mein</a>"
"tt4080956","A Prayer Before Dawn",2017,3195,6.8,27444,116,"Jean-Stéphane Sauvaire","Billy Moore, Jonathan Hirschbein, Nick Saltrese","Action, Biography, Crime","<a href=""https://www.imdb.com/title/tt4080956"" target=""_blank"">tt4080956</a>","<a href=""https://www.imdb.com/title/tt4080956"" target=""_blank"">A Prayer Before Dawn</a>"
"tt0246677","Heaven",2002,3196,6.9,26853,97,"Tom Tykwer","Krzysztof Kieslowski, Krzysztof Piesiewicz","Crime, Drama, Romance","<a href=""https://www.imdb.com/title/tt0246677"" target=""_blank"">tt0246677</a>","<a href=""https://www.imdb.com/title/tt0246677"" target=""_blank"">Heaven</a>"
"tt0366777","Millions",2004,3197,6.8,26836,98,"Danny Boyle","Frank Cottrell Boyce","Comedy, Crime, Drama","<a href=""https://www.imdb.com/title/tt0366777"" target=""_blank"">tt0366777</a>","<a href=""https://www.imdb.com/title/tt0366777"" target=""_blank"">Millions</a>"
"tt0112857","Devil in a Blue Dress",1995,3198,6.8,26379,102,"Carl Franklin","Walter Mosley, Carl Franklin","Crime, Drama, Mystery","<a href=""https://www.imdb.com/title/tt0112857"" target=""_blank"">tt0112857</a>","<a href=""https://www.imdb.com/title/tt0112857"" target=""_blank"">Devil in a Blue Dress</a>"
"tt1564349","Dolphin Tale",2011,3199,6.8,26353,113,"Charles Martin Smith","Karen Janszen, Noam Dromi","Drama, Family","<a href=""https://www.imdb.com/title/tt1564349"" target=""_blank"">tt1564349</a>","<a href=""https://www.imdb.com/title/tt1564349"" target=""_blank"">Dolphin Tale</a>"
"tt0077294","Capricorn One",1978,3200,6.8,26282,123,"Peter Hyams","Peter Hyams","Action, Adventure, Drama","<a href=""https://www.imdb.com/title/tt0077294"" target=""_blank"">tt0077294</a>","<a href=""https://www.imdb.com/title/tt0077294"" target=""_blank"">Capricorn One</a>"
"tt0074512","Family Plot",1976,3201,6.8,26074,120,"Alfred Hitchcock","Ernest Lehman, Victor Canning","Comedy, Crime, Drama","<a href=""https://www.imdb.com/title/tt0074512"" target=""_blank"">tt0074512</a>","<a href=""https://www.imdb.com/title/tt0074512"" target=""_blank"">Family Plot</a>"
"tt0252299","Buffalo Soldiers",2001,3202,6.7,26044,98,"Gregor Jordan","Robert O'Connor, Gregor Jordan, Eric Weiss, Nora Maccoby","Comedy, Crime, Drama","<a href=""https://www.imdb.com/title/tt0252299"" target=""_blank"">tt0252299</a>","<a href=""https://www.imdb.com/title/tt0252299"" target=""_blank"">Buffalo Soldiers</a>"
"tt5822536","Paddington in Peru",2024,3203,6.7,26019,106,"Dougal Wilson","Michael Bond, Paul King, Simon Farnaby, Mark Burton, Jon Foster, James Lamont","Adventure, Animation, Comedy","<a href=""https://www.imdb.com/title/tt5822536"" target=""_blank"">tt5822536</a>","<a href=""https://www.imdb.com/title/tt5822536"" target=""_blank"">Paddington in Peru</a>"
"tt0045891","How to Marry a Millionaire",1953,3204,6.8,26005,95,"Jean Negulesco","Nunnally Johnson, Zoe Akins, Dale Eunson, Katherine Albert","Comedy, Drama, Romance","<a href=""https://www.imdb.com/title/tt0045891"" target=""_blank"">tt0045891</a>","<a href=""https://www.imdb.com/title/tt0045891"" target=""_blank"">How to Marry a Millionaire</a>"
"tt4645368","It's Only the End of the World",2016,3205,6.8,25889,97,"Xavier Dolan","Xavier Dolan, Jean-Luc Lagarce","Drama","<a href=""https://www.imdb.com/title/tt4645368"" target=""_blank"">tt4645368</a>","<a href=""https://www.imdb.com/title/tt4645368"" target=""_blank"">It's Only the End of the World</a>"
"tt2261287","Leap!",2016,3206,6.8,25746,89,"Eric Summer, Éric Warin","Eric Summer, Laurent Zeitoun, Carol Noble","Adventure, Animation, Comedy","<a href=""https://www.imdb.com/title/tt2261287"" target=""_blank"">tt2261287</a>","<a href=""https://www.imdb.com/title/tt2261287"" target=""_blank"">Leap!</a>"
"tt0278500","The Importance of Being Earnest",2002,3207,6.8,25487,97,"Oliver Parker","Oscar Wilde, Oliver Parker","Comedy, Drama, Romance","<a href=""https://www.imdb.com/title/tt0278500"" target=""_blank"">tt0278500</a>","<a href=""https://www.imdb.com/title/tt0278500"" target=""_blank"">The Importance of Being Earnest</a>"
"tt1582248","Puncture",2011,3208,6.8,25327,100,"Adam Kassen, Mark Kassen","Paul Danziger, Chris Lopata, Ela Thier","Biography, Drama, Mystery","<a href=""https://www.imdb.com/title/tt1582248"" target=""_blank"">tt1582248</a>","<a href=""https://www.imdb.com/title/tt1582248"" target=""_blank"">Puncture</a>"
"tt0924129","Crossing Over",2009,3209,6.7,25120,113,"Wayne Kramer","Wayne Kramer","Crime, Drama","<a href=""https://www.imdb.com/title/tt0924129"" target=""_blank"">tt0924129</a>","<a href=""https://www.imdb.com/title/tt0924129"" target=""_blank"">Crossing Over</a>"
"tt0458339","Captain America: The First Avenger",2011,3210,6.9,937187,124,"Joe Johnston","Christopher Markus, Stephen McFeely, Joe Simon, Jack Kirby","Action, Adventure, Sci-Fi","<a href=""https://www.imdb.com/title/tt0458339"" target=""_blank"">tt0458339</a>","<a href=""https://www.imdb.com/title/tt0458339"" target=""_blank"">Captain America: The First Avenger</a>"
"tt1228705","Iron Man 2",2010,3211,6.9,907051,124,"Jon Favreau","Justin Theroux, Stan Lee, Don Heck, Larry Lieber, Jack Kirby","Action, Sci-Fi","<a href=""https://www.imdb.com/title/tt1228705"" target=""_blank"">tt1228705</a>","<a href=""https://www.imdb.com/title/tt1228705"" target=""_blank"">Iron Man 2</a>"
"tt0948470","The Amazing Spider-Man",2012,3212,6.9,736703,136,"Marc Webb","James Vanderbilt, Alvin Sargent, Steve Kloves, Stan Lee, Steve Ditko","Action, Sci-Fi","<a href=""https://www.imdb.com/title/tt0948470"" target=""_blank"">tt0948470</a>","<a href=""https://www.imdb.com/title/tt0948470"" target=""_blank"">The Amazing Spider-Man</a>"
"tt0369610","Jurassic World",2015,3213,6.9,704726,124,"Colin Trevorrow","Rick Jaffa, Amanda Silver, Colin Trevorrow, Derek Connolly, Michael Crichton","Action, Adventure, Sci-Fi","<a href=""https://www.imdb.com/title/tt0369610"" target=""_blank"">tt0369610</a>","<a href=""https://www.imdb.com/title/tt0369610"" target=""_blank"">Jurassic World</a>"
"tt2527336","Star Wars: Episode VIII - The Last Jedi",2017,3214,6.9,698697,152,"Rian Johnson","Rian Johnson, George Lucas","Action, Adventure, Fantasy","<a href=""https://www.imdb.com/title/tt2527336"" target=""_blank"">tt2527336</a>","<a href=""https://www.imdb.com/title/tt2527336"" target=""_blank"">Star Wars: Episode VIII - The Last Jedi</a>"
"tt1637725","Ted",2012,3215,6.9,686984,106,"Seth MacFarlane","Seth MacFarlane, Alec Sulkin, Wellesley Wild","Comedy","<a href=""https://www.imdb.com/title/tt1637725"" target=""_blank"">tt1637725</a>","<a href=""https://www.imdb.com/title/tt1637725"" target=""_blank"">Ted</a>"
"tt1663662","Pacific Rim",2013,3216,6.9,546802,131,"Guillermo del Toro","Travis Beacham, Guillermo del Toro","Action, Adventure, Sci-Fi","<a href=""https://www.imdb.com/title/tt1663662"" target=""_blank"">tt1663662</a>","<a href=""https://www.imdb.com/title/tt1663662"" target=""_blank"">Pacific Rim</a>"
"tt9419884","Doctor Strange in the Multiverse of Madness",2022,3217,6.9,518792,126,"Sam Raimi","Michael Waldron, Stan Lee, Steve Ditko","Action, Adventure, Fantasy","<a href=""https://www.imdb.com/title/tt9419884"" target=""_blank"">tt9419884</a>","<a href=""https://www.imdb.com/title/tt9419884"" target=""_blank"">Doctor Strange in the Multiverse of Madness</a>"
"tt1499658","Horrible Bosses",2011,3218,6.9,480183,98,"Seth Gordon","Michael Markowitz, John Francis Daley, Jonathan Goldstein","Comedy, Crime","<a href=""https://www.imdb.com/title/tt1499658"" target=""_blank"">tt1499658</a>","<a href=""https://www.imdb.com/title/tt1499658"" target=""_blank"">Horrible Bosses</a>"
"tt0351283","Madagascar",2005,3219,6.9,461070,86,"Eric Darnell, Tom McGrath","Mark Burton, Billy Frolick, Eric Darnell, Tom McGrath","Adventure, Animation, Comedy","<a href=""https://www.imdb.com/title/tt0351283"" target=""_blank"">tt0351283</a>","<a href=""https://www.imdb.com/title/tt0351283"" target=""_blank"">Madagascar</a>"
"tt0363771","The Chronicles of Narnia: The Lion, the Witch and the Wardrobe",2005,3220,6.9,445521,143,"Andrew Adamson","Ann Peacock, Andrew Adamson, Christopher Markus, Stephen McFeely, C.S. Lewis","Adventure, Family, Fantasy","<a href=""https://www.imdb.com/title/tt0363771"" target=""_blank"">tt0363771</a>","<a href=""https://www.imdb.com/title/tt0363771"" target=""_blank"">The Chronicles of Narnia: The Lion, the Witch and the Wardrobe</a>"
"tt0104431","Home Alone 2: Lost in New York",1992,3221,6.9,431086,120,"Chris Columbus","John Hughes","Adventure, Comedy, Crime","<a href=""https://www.imdb.com/title/tt0104431"" target=""_blank"">tt0104431</a>","<a href=""https://www.imdb.com/title/tt0104431"" target=""_blank"">Home Alone 2: Lost in New York</a>"
"tt1587310","Maleficent",2014,3222,6.9,415160,97,"Robert Stromberg","Linda Woolverton, Charles Perrault, Milt Banta, Winston Hibler, Bill Peet, Erdman Penner, Joe Rinaldi, Ted Sears, Ralph Wright","Action, Adventure, Drama","<a href=""https://www.imdb.com/title/tt1587310"" target=""_blank"">tt1587310</a>","<a href=""https://www.imdb.com/title/tt1587310"" target=""_blank"">Maleficent</a>"
"tt0317919","Mission: Impossible III",2006,3223,6.9,412367,126,"J.J. Abrams","Alex Kurtzman, Roberto Orci, J.J. Abrams, Bruce Geller","Action, Adventure, Thriller","<a href=""https://www.imdb.com/title/tt0317919"" target=""_blank"">tt0317919</a>","<a href=""https://www.imdb.com/title/tt0317919"" target=""_blank"">Mission: Impossible III</a>"
"tt3778644","Solo: A Star Wars Story",2018,3224,6.9,397175,135,"Ron Howard","Jonathan Kasdan, Lawrence Kasdan, George Lucas","Action, Adventure, Sci-Fi","<a href=""https://www.imdb.com/title/tt3778644"" target=""_blank"">tt3778644</a>","<a href=""https://www.imdb.com/title/tt3778644"" target=""_blank"">Solo: A Star Wars Story</a>"
"tt0478311","Knocked Up",2007,3225,6.9,392989,129,"Judd Apatow","Judd Apatow","Comedy, Romance","<a href=""https://www.imdb.com/title/tt0478311"" target=""_blank"">tt0478311</a>","<a href=""https://www.imdb.com/title/tt0478311"" target=""_blank"">Knocked Up</a>"
"tt0496806","Ocean's Thirteen",2007,3226,6.9,378956,122,"Steven Soderbergh","Brian Koppelman, David Levien, George Clayton Johnson, Jack Golden Russell","Crime, Thriller","<a href=""https://www.imdb.com/title/tt0496806"" target=""_blank"">tt0496806</a>","<a href=""https://www.imdb.com/title/tt0496806"" target=""_blank"">Ocean's Thirteen</a>"
"tt0368891","National Treasure",2004,3227,6.9,368279,131,"Jon Turteltaub","Jim Kouf, Cormac Wibberley, Marianne Wibberley, Oren Aviv, Charles Segars","Action, Adventure, Mystery","<a href=""https://www.imdb.com/title/tt0368891"" target=""_blank"">tt0368891</a>","<a href=""https://www.imdb.com/title/tt0368891"" target=""_blank"">National Treasure</a>"
"tt0910936","Pineapple Express",2008,3228,6.9,366416,111,"David Gordon Green","Seth Rogen, Evan Goldberg, Judd Apatow","Action, Comedy, Crime","<a href=""https://www.imdb.com/title/tt0910936"" target=""_blank"">tt0910936</a>","<a href=""https://www.imdb.com/title/tt0910936"" target=""_blank"">Pineapple Express</a>"
"tt0167190","Hellboy",2004,3229,6.9,362362,122,"Guillermo del Toro","Guillermo del Toro, Peter Briggs, Mike Mignola","Action, Adventure, Fantasy","<a href=""https://www.imdb.com/title/tt0167190"" target=""_blank"">tt0167190</a>","<a href=""https://www.imdb.com/title/tt0167190"" target=""_blank"">Hellboy</a>"
"tt0119528","Liar Liar",1997,3230,6.9,351763,86,"Tom Shadyac","Paul Guay, Stephen Mazur","Comedy, Fantasy","<a href=""https://www.imdb.com/title/tt0119528"" target=""_blank"">tt0119528</a>","<a href=""https://www.imdb.com/title/tt0119528"" target=""_blank"">Liar Liar</a>"
"tt0109040","Ace Ventura: Pet Detective",1994,3231,6.9,341292,86,"Tom Shadyac","Jack Bernstein, Tom Shadyac, Jim Carrey","Comedy","<a href=""https://www.imdb.com/title/tt0109040"" target=""_blank"">tt0109040</a>","<a href=""https://www.imdb.com/title/tt0109040"" target=""_blank"">Ace Ventura: Pet Detective</a>"
"tt0838283","Step Brothers",2008,3232,6.9,332177,98,"Adam McKay","Will Ferrell, Adam McKay, John C. Reilly","Comedy","<a href=""https://www.imdb.com/title/tt0838283"" target=""_blank"">tt0838283</a>","<a href=""https://www.imdb.com/title/tt0838283"" target=""_blank"">Step Brothers</a>"
"tt0118880","Con Air",1997,3233,6.9,331613,115,"Simon West","Scott Rosenberg","Action, Crime, Thriller","<a href=""https://www.imdb.com/title/tt0118880"" target=""_blank"">tt0118880</a>","<a href=""https://www.imdb.com/title/tt0118880"" target=""_blank"">Con Air</a>"
"tt1152836","Public Enemies",2009,3234,6.9,329475,140,"Michael Mann","Ronan Bennett, Michael Mann, Ann Biderman, Bryan Burrough","Biography, Crime, Drama","<a href=""https://www.imdb.com/title/tt1152836"" target=""_blank"">tt1152836</a>","<a href=""https://www.imdb.com/title/tt1152836"" target=""_blank"">Public Enemies</a>"
"tt0463854","28 Weeks Later",2007,3235,6.9,326316,99,"Juan Carlos Fresnadillo","Rowan Joffe, Juan Carlos Fresnadillo, Enrique López Lavigne, Jesús Olmo","Horror, Sci-Fi","<a href=""https://www.imdb.com/title/tt0463854"" target=""_blank"">tt0463854</a>","<a href=""https://www.imdb.com/title/tt0463854"" target=""_blank"">28 Weeks Later</a>"
"tt1213663","The World's End",2013,3236,6.9,307108,109,"Edgar Wright","Simon Pegg, Edgar Wright","Action, Comedy, Sci-Fi","<a href=""https://www.imdb.com/title/tt1213663"" target=""_blank"">tt1213663</a>","<a href=""https://www.imdb.com/title/tt1213663"" target=""_blank"">The World's End</a>"
"tt6139732","Aladdin",2019,3237,6.9,305045,128,"Guy Ritchie","John August, Guy Ritchie","Adventure, Comedy, Family","<a href=""https://www.imdb.com/title/tt6139732"" target=""_blank"">tt6139732</a>","<a href=""https://www.imdb.com/title/tt6139732"" target=""_blank"">Aladdin</a>"
"tt0259711","Vanilla Sky",2001,3238,6.9,297027,136,"Cameron Crowe","Alejandro Amenábar, Mateo Gil, Cameron Crowe","Fantasy, Mystery, Romance","<a href=""https://www.imdb.com/title/tt0259711"" target=""_blank"">tt0259711</a>","<a href=""https://www.imdb.com/title/tt0259711"" target=""_blank"">Vanilla Sky</a>"
"tt2024469","Non-Stop",2014,3239,6.9,282735,106,"Jaume Collet-Serra","John W. Richardson, Chris Roach, Ryan Engle","Action, Mystery, Thriller","<a href=""https://www.imdb.com/title/tt2024469"" target=""_blank"">tt2024469</a>","<a href=""https://www.imdb.com/title/tt2024469"" target=""_blank"">Non-Stop</a>"
"tt1080016","Ice Age: Dawn of the Dinosaurs",2009,3240,6.9,276956,94,"Carlos Saldanha, Michael Thurmeier","Michael Berg, Peter Ackerman, Mike Reiss, Yoni Brenner, Jason Carter Eaton, Peter Gaulke, Gerry Swallow, Michael J. Wilson","Adventure, Animation, Comedy","<a href=""https://www.imdb.com/title/tt1080016"" target=""_blank"">tt1080016</a>","<a href=""https://www.imdb.com/title/tt1080016"" target=""_blank"">Ice Age: Dawn of the Dinosaurs</a>"
"tt1092026","Paul",2011,3241,6.9,275691,104,"Greg Mottola","Simon Pegg, Nick Frost","Adventure, Comedy, Sci-Fi","<a href=""https://www.imdb.com/title/tt1092026"" target=""_blank"">tt1092026</a>","<a href=""https://www.imdb.com/title/tt1092026"" target=""_blank"">Paul</a>"
"tt0844471","Cloudy with a Chance of Meatballs",2009,3242,6.9,273847,90,"Phil Lord, Christopher Miller","Phil Lord, Christopher Miller, Judi Barrett, Ron Barrett, Rob Greenberg","Adventure, Animation, Comedy","<a href=""https://www.imdb.com/title/tt0844471"" target=""_blank"">tt0844471</a>","<a href=""https://www.imdb.com/title/tt0844471"" target=""_blank"">Cloudy with a Chance of Meatballs</a>"
"tt0479884","Crank",2006,3243,6.9,272193,88,"Mark Neveldine, Brian Taylor","Mark Neveldine, Brian Taylor","Action, Crime, Thriller","<a href=""https://www.imdb.com/title/tt0479884"" target=""_blank"">tt0479884</a>","<a href=""https://www.imdb.com/title/tt0479884"" target=""_blank"">Crank</a>"
"tt2704998","Game Night",2018,3244,6.9,266582,100,"John Francis Daley, Jonathan Goldstein","Mark Perez","Action, Adventure, Comedy","<a href=""https://www.imdb.com/title/tt2704998"" target=""_blank"">tt2704998</a>","<a href=""https://www.imdb.com/title/tt2704998"" target=""_blank"">Game Night</a>"
"tt0112697","Clueless",1995,3245,6.9,265043,97,"Amy Heckerling","Amy Heckerling","Comedy, Romance","<a href=""https://www.imdb.com/title/tt0112697"" target=""_blank"">tt0112697</a>","<a href=""https://www.imdb.com/title/tt0112697"" target=""_blank"">Clueless</a>"
"tt1436562","Rio",2011,3246,6.9,262719,96,"Carlos Saldanha","Carlos Saldanha, Earl Richey Jones, Todd R. Jones, Don Rhymer, Joshua Sternin, Jennifer Ventimilia, Sam Harper","Adventure, Animation, Comedy","<a href=""https://www.imdb.com/title/tt1436562"" target=""_blank"">tt1436562</a>","<a href=""https://www.imdb.com/title/tt1436562"" target=""_blank"">Rio</a>"
"tt1959563","The Hitman's Bodyguard",2017,3247,6.9,256548,118,"Patrick Hughes","Tom O'Connor","Action, Comedy, Crime","<a href=""https://www.imdb.com/title/tt1959563"" target=""_blank"">tt1959563</a>","<a href=""https://www.imdb.com/title/tt1959563"" target=""_blank"">The Hitman's Bodyguard</a>"
"tt2404435","The Magnificent Seven",2016,3248,6.9,238351,132,"Antoine Fuqua","Akira Kurosawa, Shinobu Hashimoto, Hideo Oguni, Nic Pizzolatto, Richard Wenk","Action, Adventure, Drama","<a href=""https://www.imdb.com/title/tt2404435"" target=""_blank"">tt2404435</a>","<a href=""https://www.imdb.com/title/tt2404435"" target=""_blank"">The Magnificent Seven</a>"
"tt0089927","Rocky IV",1985,3249,6.9,236779,91,"Sylvester Stallone","Sylvester Stallone","Drama, Sport","<a href=""https://www.imdb.com/title/tt0089927"" target=""_blank"">tt0089927</a>","<a href=""https://www.imdb.com/title/tt0089927"" target=""_blank"">Rocky IV</a>"
"tt7144666","The Black Phone",2021,3250,6.9,229298,103,"Scott Derrickson","Joe Hill, Scott Derrickson, C. Robert Cargill","Horror, Mystery, Thriller","<a href=""https://www.imdb.com/title/tt7144666"" target=""_blank"">tt7144666</a>","<a href=""https://www.imdb.com/title/tt7144666"" target=""_blank"">The Black Phone</a>"
"tt2316411","Enemy",2013,3251,6.9,228178,91,"Denis Villeneuve","José Saramago, Javier Gullón","Drama, Mystery, Thriller","<a href=""https://www.imdb.com/title/tt2316411"" target=""_blank"">tt2316411</a>","<a href=""https://www.imdb.com/title/tt2316411"" target=""_blank"">Enemy</a>"
"tt0084602","Rocky III",1982,3252,6.9,220581,99,"Sylvester Stallone","Sylvester Stallone","Drama, Sport","<a href=""https://www.imdb.com/title/tt0084602"" target=""_blank"">tt0084602</a>","<a href=""https://www.imdb.com/title/tt0084602"" target=""_blank"">Rocky III</a>"
"tt0102798","Robin Hood: Prince of Thieves",1991,3253,6.9,216502,143,"Kevin Reynolds","Pen Densham, John Watson","Action, Adventure, Drama","<a href=""https://www.imdb.com/title/tt0102798"" target=""_blank"">tt0102798</a>","<a href=""https://www.imdb.com/title/tt0102798"" target=""_blank"">Robin Hood: Prince of Thieves</a>"
"tt3569230","Legend",2015,3254,6.9,215607,132,"Brian Helgeland","Brian Helgeland, John Pearson","Biography, Crime, Drama","<a href=""https://www.imdb.com/title/tt3569230"" target=""_blank"">tt3569230</a>","<a href=""https://www.imdb.com/title/tt3569230"" target=""_blank"">Legend</a>"
"tt3104988","Crazy Rich Asians",2018,3255,6.9,202046,120,"Jon M. Chu","Peter Chiarelli, Adele Lim, Kevin Kwan","Comedy, Drama, Romance","<a href=""https://www.imdb.com/title/tt3104988"" target=""_blank"">tt3104988</a>","<a href=""https://www.imdb.com/title/tt3104988"" target=""_blank"">Crazy Rich Asians</a>"
"tt1661199","Cinderella",2015,3256,6.9,199458,105,"Kenneth Branagh","Chris Weitz, Charles Perrault","Adventure, Drama, Family","<a href=""https://www.imdb.com/title/tt1661199"" target=""_blank"">tt1661199</a>","<a href=""https://www.imdb.com/title/tt1661199"" target=""_blank"">Cinderella</a>"
"tt6166392","Wonka",2023,3257,6.9,178758,116,"Paul King","Roald Dahl, Paul King, Simon Farnaby","Adventure, Comedy, Family","<a href=""https://www.imdb.com/title/tt6166392"" target=""_blank"">tt6166392</a>","<a href=""https://www.imdb.com/title/tt6166392"" target=""_blank"">Wonka</a>"
"tt8079248","Yesterday",2019,3258,6.8,176834,116,"Danny Boyle","Richard Curtis, Jack Barth","Comedy, Fantasy, Music","<a href=""https://www.imdb.com/title/tt8079248"" target=""_blank"">tt8079248</a>","<a href=""https://www.imdb.com/title/tt8079248"" target=""_blank"">Yesterday</a>"
"tt1091722","Adventureland",2009,3259,6.8,172580,107,"Greg Mottola","Greg Mottola","Comedy, Drama, Romance","<a href=""https://www.imdb.com/title/tt1091722"" target=""_blank"">tt1091722</a>","<a href=""https://www.imdb.com/title/tt1091722"" target=""_blank"">Adventureland</a>"
"tt0082198","Conan the Barbarian",1982,3260,6.9,168806,129,"John Milius","Robert E. Howard, John Milius, Oliver Stone, Edward Summer","Adventure, Fantasy","<a href=""https://www.imdb.com/title/tt0082198"" target=""_blank"">tt0082198</a>","<a href=""https://www.imdb.com/title/tt0082198"" target=""_blank"">Conan the Barbarian</a>"
"tt0120888","The Wedding Singer",1998,3261,6.9,168769,97,"Frank Coraci","Tim Herlihy","Comedy, Music, Romance","<a href=""https://www.imdb.com/title/tt0120888"" target=""_blank"">tt0120888</a>","<a href=""https://www.imdb.com/title/tt0120888"" target=""_blank"">The Wedding Singer</a>"
"tt8097030","Turning Red",2022,3262,6.9,166134,100,"Domee Shi","Domee Shi, Julia Cho, Sarah Streicher","Adventure, Animation, Comedy","<a href=""https://www.imdb.com/title/tt8097030"" target=""_blank"">tt8097030</a>","<a href=""https://www.imdb.com/title/tt8097030"" target=""_blank"">Turning Red</a>"
"tt0107120","Hocus Pocus",1993,3263,6.9,164835,96,"Kenny Ortega","David Kirschner, Mick Garris, Neil Cuthbert","Comedy, Family, Fantasy","<a href=""https://www.imdb.com/title/tt0107120"" target=""_blank"">tt0107120</a>","<a href=""https://www.imdb.com/title/tt0107120"" target=""_blank"">Hocus Pocus</a>"
"tt0430105","Four Brothers",2005,3264,6.8,164496,109,"John Singleton","David Elliot, Paul Lovett","Action, Crime, Drama","<a href=""https://www.imdb.com/title/tt0430105"" target=""_blank"">tt0430105</a>","<a href=""https://www.imdb.com/title/tt0430105"" target=""_blank"">Four Brothers</a>"
"tt0261392","Jay and Silent Bob Strike Back",2001,3265,6.8,164351,104,"Kevin Smith","Kevin Smith","Comedy","<a href=""https://www.imdb.com/title/tt0261392"" target=""_blank"">tt0261392</a>","<a href=""https://www.imdb.com/title/tt0261392"" target=""_blank"">Jay and Silent Bob Strike Back</a>"
"tt12299608","Mickey 17",2025,3266,6.8,163025,137,"Bong Joon Ho","Bong Joon Ho, Edward Ashton","Adventure, Comedy, Fantasy","<a href=""https://www.imdb.com/title/tt12299608"" target=""_blank"">tt12299608</a>","<a href=""https://www.imdb.com/title/tt12299608"" target=""_blank"">Mickey 17</a>"
"tt0410297","The Lake House",2006,3267,6.8,162113,99,"Alejandro Agresti","David Auburn, Eun-Jeong Kim, Ji Na Yeo","Drama, Fantasy, Romance","<a href=""https://www.imdb.com/title/tt0410297"" target=""_blank"">tt0410297</a>","<a href=""https://www.imdb.com/title/tt0410297"" target=""_blank"">The Lake House</a>"
"tt1390411","In the Heart of the Sea",2015,3268,6.9,155610,122,"Ron Howard","Charles Leavitt, Rick Jaffa, Amanda Silver, Nathaniel Philbrick","Action, Adventure, Biography","<a href=""https://www.imdb.com/title/tt1390411"" target=""_blank"">tt1390411</a>","<a href=""https://www.imdb.com/title/tt1390411"" target=""_blank"">In the Heart of the Sea</a>"
"tt0106918","The Firm",1993,3269,6.9,155424,154,"Sydney Pollack","John Grisham, David Rabe, Robert Towne, David Rayfiel","Drama, Mystery, Thriller","<a href=""https://www.imdb.com/title/tt0106918"" target=""_blank"">tt0106918</a>","<a href=""https://www.imdb.com/title/tt0106918"" target=""_blank"">The Firm</a>"
"tt0451079","Horton Hears a Who!",2008,3270,6.8,155119,86,"Jimmy Hayward, Steve Martino","Cinco Paul, Ken Daurio, Dr. Seuss","Adventure, Animation, Comedy","<a href=""https://www.imdb.com/title/tt0451079"" target=""_blank"">tt0451079</a>","<a href=""https://www.imdb.com/title/tt0451079"" target=""_blank"">Horton Hears a Who!</a>"
"tt11389872","Kingdom of the Planet of the Apes",2024,3271,6.8,155034,145,"Wes Ball","Josh Friedman, Rick Jaffa, Amanda Silver","Action, Adventure, Drama","<a href=""https://www.imdb.com/title/tt11389872"" target=""_blank"">tt11389872</a>","<a href=""https://www.imdb.com/title/tt11389872"" target=""_blank"">Kingdom of the Planet of the Apes</a>"
"tt3289956","The Autopsy of Jane Doe",2016,3272,6.8,154858,86,"André Øvredal","Ian Goldberg, Richard Naing","Horror, Mystery, Thriller","<a href=""https://www.imdb.com/title/tt3289956"" target=""_blank"">tt3289956</a>","<a href=""https://www.imdb.com/title/tt3289956"" target=""_blank"">The Autopsy of Jane Doe</a>"
"tt2222042","Love and Monsters",2020,3273,6.9,153816,109,"Michael Matthews","Brian Duffield, Matthew Robinson","Action, Adventure, Comedy","<a href=""https://www.imdb.com/title/tt2222042"" target=""_blank"">tt2222042</a>","<a href=""https://www.imdb.com/title/tt2222042"" target=""_blank"">Love and Monsters</a>"
"tt17024450","The Equalizer 3",2023,3274,6.8,148754,109,"Antoine Fuqua","Richard Wenk, Michael Sloan, Richard Lindheim","Action, Crime, Thriller","<a href=""https://www.imdb.com/title/tt17024450"" target=""_blank"">tt17024450</a>","<a href=""https://www.imdb.com/title/tt17024450"" target=""_blank"">The Equalizer 3</a>"
"tt0093177","Hellraiser",1987,3275,6.9,148660,94,"Clive Barker","Clive Barker","Horror, Thriller","<a href=""https://www.imdb.com/title/tt0093177"" target=""_blank"">tt0093177</a>","<a href=""https://www.imdb.com/title/tt0093177"" target=""_blank"">Hellraiser</a>"
"tt0096928","Bill & Ted's Excellent Adventure",1989,3276,6.9,146349,90,"Stephen Herek","Chris Matheson, Ed Solomon","Adventure, Comedy, Music","<a href=""https://www.imdb.com/title/tt0096928"" target=""_blank"">tt0096928</a>","<a href=""https://www.imdb.com/title/tt0096928"" target=""_blank"">Bill & Ted's Excellent Adventure</a>"
"tt0947810","Green Zone",2010,3277,6.8,145623,115,"Paul Greengrass","Brian Helgeland, Rajiv Chandrasekaran","Action, Drama, Thriller","<a href=""https://www.imdb.com/title/tt0947810"" target=""_blank"">tt0947810</a>","<a href=""https://www.imdb.com/title/tt0947810"" target=""_blank"">Green Zone</a>"
"tt0230011","Atlantis: The Lost Empire",2001,3278,6.9,142420,95,"Gary Trousdale, Kirk Wise","Tab Murphy, Kirk Wise, Gary Trousdale, Joss Whedon, Bryce Zabel, Jackie Zabel, David Reynolds, Plato","Action, Adventure, Animation","<a href=""https://www.imdb.com/title/tt0230011"" target=""_blank"">tt0230011</a>","<a href=""https://www.imdb.com/title/tt0230011"" target=""_blank"">Atlantis: The Lost Empire</a>"
"tt1187064","Triangle",2009,3279,6.9,141260,99,"Christopher Smith","Christopher Smith","Fantasy, Mystery, Sci-Fi","<a href=""https://www.imdb.com/title/tt1187064"" target=""_blank"">tt1187064</a>","<a href=""https://www.imdb.com/title/tt1187064"" target=""_blank"">Triangle</a>"
"tt1536537","What Happened to Monday",2017,3280,6.8,140660,123,"Tommy Wirkola","Max Botkin, Kerry Williamson","Action, Crime, Fantasy","<a href=""https://www.imdb.com/title/tt1536537"" target=""_blank"">tt1536537</a>","<a href=""https://www.imdb.com/title/tt1536537"" target=""_blank"">What Happened to Monday</a>"
"tt0227445","The Score",2001,3281,6.8,140152,124,"Frank Oz","Daniel E. Taylor, Kario Salem, Lem Dobbs, Scott Marshall Smith","Crime, Drama, Thriller","<a href=""https://www.imdb.com/title/tt0227445"" target=""_blank"">tt0227445</a>","<a href=""https://www.imdb.com/title/tt0227445"" target=""_blank"">The Score</a>"
"tt5177120","The Ministry of Ungentlemanly Warfare",2024,3282,6.8,139594,122,"Guy Ritchie","Paul Tamasy, Eric Johnson, Arash Amel, Guy Ritchie, Damien Lewis","Action, Comedy, War","<a href=""https://www.imdb.com/title/tt5177120"" target=""_blank"">tt5177120</a>","<a href=""https://www.imdb.com/title/tt5177120"" target=""_blank"">The Ministry of Ungentlemanly Warfare</a>"
"tt0112431","Babe",1995,3283,6.9,139170,91,"Chris Noonan","Dick King-Smith, George Miller, Chris Noonan","Comedy, Drama, Family","<a href=""https://www.imdb.com/title/tt0112431"" target=""_blank"">tt0112431</a>","<a href=""https://www.imdb.com/title/tt0112431"" target=""_blank"">Babe</a>"
"tt4034354","Swiss Army Man",2016,3284,6.9,137908,97,"Daniel Kwan, Daniel Scheinert","Daniel Scheinert, Daniel Kwan","Comedy, Drama, Fantasy","<a href=""https://www.imdb.com/title/tt4034354"" target=""_blank"">tt4034354</a>","<a href=""https://www.imdb.com/title/tt4034354"" target=""_blank"">Swiss Army Man</a>"
"tt0365737","Syriana",2005,3285,6.9,136766,128,"Stephen Gaghan","Stephen Gaghan, Robert Baer","Drama, Thriller","<a href=""https://www.imdb.com/title/tt0365737"" target=""_blank"">tt0365737</a>","<a href=""https://www.imdb.com/title/tt0365737"" target=""_blank"">Syriana</a>"
"tt0265459","One Hour Photo",2002,3286,6.8,136565,96,"Mark Romanek","Mark Romanek","Drama, Thriller","<a href=""https://www.imdb.com/title/tt0265459"" target=""_blank"">tt0265459</a>","<a href=""https://www.imdb.com/title/tt0265459"" target=""_blank"">One Hour Photo</a>"
"tt1067106","A Christmas Carol",2009,3287,6.8,135984,96,"Robert Zemeckis","Charles Dickens, Robert Zemeckis","Adventure, Animation, Comedy","<a href=""https://www.imdb.com/title/tt1067106"" target=""_blank"">tt1067106</a>","<a href=""https://www.imdb.com/title/tt1067106"" target=""_blank"">A Christmas Carol</a>"
"tt1937390","Nymphomaniac: Vol. I",2013,3288,6.9,135712,117,"Lars von Trier","Lars von Trier","Drama","<a href=""https://www.imdb.com/title/tt1937390"" target=""_blank"">tt1937390</a>","<a href=""https://www.imdb.com/title/tt1937390"" target=""_blank"">Nymphomaniac: Vol. I</a>"
"tt1862079","Safety Not Guaranteed",2012,3289,6.9,133374,86,"Colin Trevorrow","Derek Connolly","Adventure, Comedy, Drama","<a href=""https://www.imdb.com/title/tt1862079"" target=""_blank"">tt1862079</a>","<a href=""https://www.imdb.com/title/tt1862079"" target=""_blank"">Safety Not Guaranteed</a>"
"tt6394270","Bombshell",2019,3290,6.8,132487,109,"Jay Roach","Charles Randolph","Biography, Drama","<a href=""https://www.imdb.com/title/tt6394270"" target=""_blank"">tt6394270</a>","<a href=""https://www.imdb.com/title/tt6394270"" target=""_blank"">Bombshell</a>"
"tt0059800","Thunderball",1965,3291,6.9,132143,130,"Terence Young","Richard Maibaum, John Hopkins, Jack Whittingham, Kevin McClory, Ian Fleming","Action, Adventure, Thriller","<a href=""https://www.imdb.com/title/tt0059800"" target=""_blank"">tt0059800</a>","<a href=""https://www.imdb.com/title/tt0059800"" target=""_blank"">Thunderball</a>"
"tt0328880","Brother Bear",2003,3292,6.9,131277,85,"Aaron Blaise, Robert Walker","Tab Murphy, Lorne Cameron, David Hoselton, Steve Bencich, Ron J. Friedman, Stephen J. Anderson, Stevie Wermers, Kevin Deters, Woody Woodman, Thom Enriquez, Kevin Harkey, Broose Johnson, John Norton, John Puglisi, Tim Hodge, Tom LaBaff, Ray Shenusay, Brian Pimental, Jim Story, Don Dougherty, Don Hall, Samuel Levine, Aurian Redson, Chris Williams, Jeff Hand, Sam J. Levine, Roger Allers","Adventure, Animation, Comedy","<a href=""https://www.imdb.com/title/tt0328880"" target=""_blank"">tt0328880</a>","<a href=""https://www.imdb.com/title/tt0328880"" target=""_blank"">Brother Bear</a>"
"tt0240890","Serendipity",2001,3293,6.8,127149,90,"Peter Chelsom","Marc Klein","Comedy, Romance","<a href=""https://www.imdb.com/title/tt0240890"" target=""_blank"">tt0240890</a>","<a href=""https://www.imdb.com/title/tt0240890"" target=""_blank"">Serendipity</a>"
"tt0129290","Patch Adams",1998,3294,6.8,126683,115,"Tom Shadyac","Patch Adams, Maureen Mylander, Steve Oedekerk","Biography, Comedy, Drama","<a href=""https://www.imdb.com/title/tt0129290"" target=""_blank"">tt0129290</a>","<a href=""https://www.imdb.com/title/tt0129290"" target=""_blank"">Patch Adams</a>"
"tt0218967","The Family Man",2000,3295,6.8,126436,125,"Brett Ratner","David Diamond, David Weissman","Comedy, Drama, Fantasy","<a href=""https://www.imdb.com/title/tt0218967"" target=""_blank"">tt0218967</a>","<a href=""https://www.imdb.com/title/tt0218967"" target=""_blank"">The Family Man</a>"
"tt2139881","Long Shot",2019,3296,6.8,126062,125,"Jonathan Levine","Dan Sterling, Liz Hannah","Comedy, Romance","<a href=""https://www.imdb.com/title/tt2139881"" target=""_blank"">tt2139881</a>","<a href=""https://www.imdb.com/title/tt2139881"" target=""_blank"">Long Shot</a>"
"tt0105112","Patriot Games",1992,3297,6.8,125203,117,"Phillip Noyce","Tom Clancy, W. Peter Iliff, Donald E. Stewart","Action, Thriller","<a href=""https://www.imdb.com/title/tt0105112"" target=""_blank"">tt0105112</a>","<a href=""https://www.imdb.com/title/tt0105112"" target=""_blank"">Patriot Games</a>"
"tt0421073","Street Kings",2008,3298,6.8,124390,109,"David Ayer","James Ellroy, Kurt Wimmer, Jamie Moss","Action, Crime, Thriller","<a href=""https://www.imdb.com/title/tt0421073"" target=""_blank"">tt0421073</a>","<a href=""https://www.imdb.com/title/tt0421073"" target=""_blank"">Street Kings</a>"
"tt0062512","You Only Live Twice",1967,3299,6.8,122328,117,"Lewis Gilbert","Harold Jack Bloom, Roald Dahl, Ian Fleming, Geoffrey Jenkins","Action, Adventure, Thriller","<a href=""https://www.imdb.com/title/tt0062512"" target=""_blank"">tt0062512</a>","<a href=""https://www.imdb.com/title/tt0062512"" target=""_blank"">You Only Live Twice</a>"
"tt0114924","While You Were Sleeping",1995,3300,6.8,120857,103,"Jon Turteltaub","Daniel G. Sullivan, Fred Lebow","Comedy, Drama, Romance","<a href=""https://www.imdb.com/title/tt0114924"" target=""_blank"">tt0114924</a>","<a href=""https://www.imdb.com/title/tt0114924"" target=""_blank"">While You Were Sleeping</a>"
"tt0081573","Superman II",1980,3301,6.8,119641,127,"Richard Lester, Richard Donner","Jerry Siegel, Joe Shuster, Mario Puzo, David Newman, Leslie Newman, Tom Mankiewicz","Action, Adventure, Sci-Fi","<a href=""https://www.imdb.com/title/tt0081573"" target=""_blank"">tt0081573</a>","<a href=""https://www.imdb.com/title/tt0081573"" target=""_blank"">Superman II</a>"
"tt20215968","Hit Man",2023,3302,6.8,118001,115,"Richard Linklater","Richard Linklater, Glen Powell, Skip Hollandsworth","Comedy, Crime, Romance","<a href=""https://www.imdb.com/title/tt20215968"" target=""_blank"">tt20215968</a>","<a href=""https://www.imdb.com/title/tt20215968"" target=""_blank"">Hit Man</a>"
"tt0365830","Tenacious D in the Pick of Destiny",2006,3303,6.8,117726,94,"Liam Lynch","Jack Black, Kyle Gass, Liam Lynch","Adventure, Comedy, Music","<a href=""https://www.imdb.com/title/tt0365830"" target=""_blank"">tt0365830</a>","<a href=""https://www.imdb.com/title/tt0365830"" target=""_blank"">Tenacious D in the Pick of Destiny</a>"
"tt0106220","Addams Family Values",1993,3304,6.8,117566,94,"Barry Sonnenfeld","Charles Addams, Paul Rudnick","Comedy, Fantasy","<a href=""https://www.imdb.com/title/tt0106220"" target=""_blank"">tt0106220</a>","<a href=""https://www.imdb.com/title/tt0106220"" target=""_blank"">Addams Family Values</a>"
"tt0396555","Meet the Robinsons",2007,3305,6.8,117460,95,"Stephen J. Anderson","Jon Bernstein, Michelle Bochner Spitz, Don Hall, Nathan Greno, Aurian Redson, Joe Mateo, Stephen J. Anderson, William Joyce, Diego Garzon","Adventure, Animation, Comedy","<a href=""https://www.imdb.com/title/tt0396555"" target=""_blank"">tt0396555</a>","<a href=""https://www.imdb.com/title/tt0396555"" target=""_blank"">Meet the Robinsons</a>"
"tt14641788","Enola Holmes 2",2022,3306,6.8,111259,129,"Harry Bradbeer","Jack Thorne, Harry Bradbeer, Nancy Springer","Action, Adventure, Crime","<a href=""https://www.imdb.com/title/tt14641788"" target=""_blank"">tt14641788</a>","<a href=""https://www.imdb.com/title/tt14641788"" target=""_blank"">Enola Holmes 2</a>"
"tt0120907","eXistenZ",1999,3307,6.8,110799,97,"David Cronenberg","David Cronenberg","Horror, Mystery, Sci-Fi","<a href=""https://www.imdb.com/title/tt0120907"" target=""_blank"">tt0120907</a>","<a href=""https://www.imdb.com/title/tt0120907"" target=""_blank"">eXistenZ</a>"
"tt27534307","Speak No Evil",2024,3308,6.8,110776,110,"James Watkins","James Watkins, Christian Tafdrup, Mads Tafdrup","Drama, Horror, Thriller","<a href=""https://www.imdb.com/title/tt27534307"" target=""_blank"">tt27534307</a>","<a href=""https://www.imdb.com/title/tt27534307"" target=""_blank"">Speak No Evil</a>"
"tt0480242","Dan in Real Life",2007,3309,6.8,109340,98,"Peter Hedges","Pierce Gardner, Peter Hedges","Comedy, Drama, Romance","<a href=""https://www.imdb.com/title/tt0480242"" target=""_blank"">tt0480242</a>","<a href=""https://www.imdb.com/title/tt0480242"" target=""_blank"">Dan in Real Life</a>"
"tt0100758","Teenage Mutant Ninja Turtles",1990,3310,6.8,109013,93,"Steve Barron","Kevin Eastman, Peter Laird, Bobby Herbeck, Todd W. Langen","Action, Adventure, Comedy","<a href=""https://www.imdb.com/title/tt0100758"" target=""_blank"">tt0100758</a>","<a href=""https://www.imdb.com/title/tt0100758"" target=""_blank"">Teenage Mutant Ninja Turtles</a>"
"tt4682786","Collateral Beauty",2016,3311,6.8,107664,97,"David Frankel","Allan Loeb","Drama, Romance","<a href=""https://www.imdb.com/title/tt4682786"" target=""_blank"">tt4682786</a>","<a href=""https://www.imdb.com/title/tt4682786"" target=""_blank"">Collateral Beauty</a>"
"tt4218572","Widows",2018,3312,6.8,107171,129,"Steve McQueen","Gillian Flynn, Steve McQueen, Lynda La Plante","Crime, Drama, Thriller","<a href=""https://www.imdb.com/title/tt4218572"" target=""_blank"">tt4218572</a>","<a href=""https://www.imdb.com/title/tt4218572"" target=""_blank"">Widows</a>"
"tt0086200","Risky Business",1983,3313,6.8,104968,99,"Paul Brickman","Paul Brickman","Comedy, Crime, Drama","<a href=""https://www.imdb.com/title/tt0086200"" target=""_blank"">tt0086200</a>","<a href=""https://www.imdb.com/title/tt0086200"" target=""_blank"">Risky Business</a>"
"tt0328538","Thirteen",2003,3314,6.8,104007,100,"Catherine Hardwicke","Catherine Hardwicke, Nikki Reed","Drama","<a href=""https://www.imdb.com/title/tt0328538"" target=""_blank"">tt0328538</a>","<a href=""https://www.imdb.com/title/tt0328538"" target=""_blank"">Thirteen</a>"
"tt13274016","Reptile",2023,3315,6.8,103906,134,"Grant Singer","Grant Singer, Benjamin Brewer, Benicio Del Toro","Crime, Drama, Mystery","<a href=""https://www.imdb.com/title/tt13274016"" target=""_blank"">tt13274016</a>","<a href=""https://www.imdb.com/title/tt13274016"" target=""_blank"">Reptile</a>"
"tt0105812","White Men Can't Jump",1992,3316,6.8,102475,115,"Ron Shelton","Ron Shelton","Comedy, Sport","<a href=""https://www.imdb.com/title/tt0105812"" target=""_blank"">tt0105812</a>","<a href=""https://www.imdb.com/title/tt0105812"" target=""_blank"">White Men Can't Jump</a>"
"tt4003440","The House That Jack Built",2018,3317,6.8,100484,152,"Lars von Trier","Lars von Trier, Jenle Hallund","Crime, Drama, Horror","<a href=""https://www.imdb.com/title/tt4003440"" target=""_blank"">tt4003440</a>","<a href=""https://www.imdb.com/title/tt4003440"" target=""_blank"">The House That Jack Built</a>"
"tt0092675","Bloodsport",1988,3318,6.8,99374,92,"Newt Arnold","Sheldon Lettich, Christopher Cosby, Mel Friedman, Frank Dux","Action, Biography, Drama","<a href=""https://www.imdb.com/title/tt0092675"" target=""_blank"">tt0092675</a>","<a href=""https://www.imdb.com/title/tt0092675"" target=""_blank"">Bloodsport</a>"
"tt6878306","News of the World",2020,3319,6.8,98960,118,"Paul Greengrass","Paul Greengrass, Luke Davies, Paulette Jiles","Action, Adventure, Drama","<a href=""https://www.imdb.com/title/tt6878306"" target=""_blank"">tt6878306</a>","<a href=""https://www.imdb.com/title/tt6878306"" target=""_blank"">News of the World</a>"
"tt0085333","Christine",1983,3320,6.8,97887,110,"John Carpenter","Stephen King, Bill Phillips","Horror, Thriller","<a href=""https://www.imdb.com/title/tt0085333"" target=""_blank"">tt0085333</a>","<a href=""https://www.imdb.com/title/tt0085333"" target=""_blank"">Christine</a>"
"tt0498399","We Own the Night",2007,3321,6.8,95193,117,"James Gray","James Gray","Crime, Drama, Thriller","<a href=""https://www.imdb.com/title/tt0498399"" target=""_blank"">tt0498399</a>","<a href=""https://www.imdb.com/title/tt0498399"" target=""_blank"">We Own the Night</a>"
"tt5294550","All the Money in the World",2017,3322,6.8,94635,132,"Ridley Scott","David Scarpa, John Pearson","Biography, Crime, Drama","<a href=""https://www.imdb.com/title/tt5294550"" target=""_blank"">tt5294550</a>","<a href=""https://www.imdb.com/title/tt5294550"" target=""_blank"">All the Money in the World</a>"
"tt9214772","Monkey Man",2024,3323,6.8,93741,121,"Dev Patel","Dev Patel, Paul Angunawela, John Collee","Action, Crime, Thriller","<a href=""https://www.imdb.com/title/tt9214772"" target=""_blank"">tt9214772</a>","<a href=""https://www.imdb.com/title/tt9214772"" target=""_blank"">Monkey Man</a>"
"tt1456635","Goon",2011,3324,6.8,92830,92,"Michael Dowse","Jay Baruchel, Evan Goldberg, Adam Frattasio, Douglas Smith","Comedy, Drama, Sport","<a href=""https://www.imdb.com/title/tt1456635"" target=""_blank"">tt1456635</a>","<a href=""https://www.imdb.com/title/tt1456635"" target=""_blank"">Goon</a>"
"tt0076666","Saturday Night Fever",1977,3325,6.8,91780,118,"John Badham","Nik Cohn, Norman Wexler","Drama, Music","<a href=""https://www.imdb.com/title/tt0076666"" target=""_blank"">tt0076666</a>","<a href=""https://www.imdb.com/title/tt0076666"" target=""_blank"">Saturday Night Fever</a>"
"tt11301886","Rebel Ridge",2024,3326,6.8,91235,131,"Jeremy Saulnier","Jeremy Saulnier","Action, Crime, Drama","<a href=""https://www.imdb.com/title/tt11301886"" target=""_blank"">tt11301886</a>","<a href=""https://www.imdb.com/title/tt11301886"" target=""_blank"">Rebel Ridge</a>"
"tt0116908","The Long Kiss Goodnight",1996,3327,6.8,89766,121,"Renny Harlin","Shane Black","Action, Crime, Drama","<a href=""https://www.imdb.com/title/tt0116908"" target=""_blank"">tt0116908</a>","<a href=""https://www.imdb.com/title/tt0116908"" target=""_blank"">The Long Kiss Goodnight</a>"
"tt0080749","The Fog",1980,3328,6.8,88203,89,"John Carpenter","John Carpenter, Debra Hill","Horror, Thriller","<a href=""https://www.imdb.com/title/tt0080749"" target=""_blank"">tt0080749</a>","<a href=""https://www.imdb.com/title/tt0080749"" target=""_blank"">The Fog</a>"
"tt0096734","The 'Burbs",1989,3329,6.8,87532,102,"Joe Dante","Dana Olsen","Comedy, Mystery, Thriller","<a href=""https://www.imdb.com/title/tt0096734"" target=""_blank"">tt0096734</a>","<a href=""https://www.imdb.com/title/tt0096734"" target=""_blank"">The 'Burbs</a>"
"tt21942866","Dream Scenario",2023,3330,6.8,86600,102,"Kristoffer Borgli","Kristoffer Borgli","Comedy, Drama, Fantasy","<a href=""https://www.imdb.com/title/tt21942866"" target=""_blank"">tt21942866</a>","<a href=""https://www.imdb.com/title/tt21942866"" target=""_blank"">Dream Scenario</a>"
"tt4273800","The Good Nurse",2022,3331,6.8,86268,121,"Tobias Lindholm","Charles Graeber, Krysty Wilson-Cairns","Biography, Crime, Drama","<a href=""https://www.imdb.com/title/tt4273800"" target=""_blank"">tt4273800</a>","<a href=""https://www.imdb.com/title/tt4273800"" target=""_blank"">The Good Nurse</a>"
"tt10618286","Mank",2020,3332,6.8,85752,131,"David Fincher","Jack Fincher","Biography, Drama","<a href=""https://www.imdb.com/title/tt10618286"" target=""_blank"">tt10618286</a>","<a href=""https://www.imdb.com/title/tt10618286"" target=""_blank"">Mank</a>"
"tt7638348","Boss Level",2020,3333,6.8,85456,100,"Joe Carnahan","Chris Borey, Eddie Borey, Joe Carnahan","Action, Adventure, Comedy","<a href=""https://www.imdb.com/title/tt7638348"" target=""_blank"">tt7638348</a>","<a href=""https://www.imdb.com/title/tt7638348"" target=""_blank"">Boss Level</a>"
"tt6265828","A Ghost Story",2017,3334,6.8,84159,92,"David Lowery","David Lowery","Drama, Fantasy, Mystery","<a href=""https://www.imdb.com/title/tt6265828"" target=""_blank"">tt6265828</a>","<a href=""https://www.imdb.com/title/tt6265828"" target=""_blank"">A Ghost Story</a>"
"tt1486834","What If",2013,3335,6.8,83396,98,"Michael Dowse","Elan Mastai, T.J. Dawe, Michael Rinaldi","Comedy, Romance","<a href=""https://www.imdb.com/title/tt1486834"" target=""_blank"">tt1486834</a>","<a href=""https://www.imdb.com/title/tt1486834"" target=""_blank"">What If</a>"
"tt0083131","Stripes",1981,3336,6.8,83166,106,"Ivan Reitman","Len Blum, Daniel Goldberg, Harold Ramis","Comedy, War","<a href=""https://www.imdb.com/title/tt0083131"" target=""_blank"">tt0083131</a>","<a href=""https://www.imdb.com/title/tt0083131"" target=""_blank"">Stripes</a>"
"tt0316396","Peter Pan",2003,3337,6.8,82956,113,"P.J. Hogan","J.M. Barrie, P.J. Hogan, Michael Goldenberg","Adventure, Family, Fantasy","<a href=""https://www.imdb.com/title/tt0316396"" target=""_blank"">tt0316396</a>","<a href=""https://www.imdb.com/title/tt0316396"" target=""_blank"">Peter Pan</a>"
"tt1491044","The Iceman",2012,3338,6.8,82147,106,"Ariel Vromen","Morgan Land, Ariel Vromen, Anthony Bruno, Jim Thebaut","Biography, Crime, Drama","<a href=""https://www.imdb.com/title/tt1491044"" target=""_blank"">tt1491044</a>","<a href=""https://www.imdb.com/title/tt1491044"" target=""_blank"">The Iceman</a>"
"tt0975645","Hitchcock",2012,3339,6.8,81814,98,"Sacha Gervasi","John J. McLaughlin, Stephen Rebello","Biography, Drama, Romance","<a href=""https://www.imdb.com/title/tt0975645"" target=""_blank"">tt0975645</a>","<a href=""https://www.imdb.com/title/tt0975645"" target=""_blank"">Hitchcock</a>"
"tt8093700","The Woman King",2022,3340,6.8,79860,135,"Gina Prince-Bythewood","Dana Stevens, Maria Bello","Action, Drama, History","<a href=""https://www.imdb.com/title/tt8093700"" target=""_blank"">tt8093700</a>","<a href=""https://www.imdb.com/title/tt8093700"" target=""_blank"">The Woman King</a>"
"tt0841046","Walk Hard: The Dewey Cox Story",2007,3341,6.8,79725,96,"Jake Kasdan","Judd Apatow, Jake Kasdan","Comedy, Music","<a href=""https://www.imdb.com/title/tt0841046"" target=""_blank"">tt0841046</a>","<a href=""https://www.imdb.com/title/tt0841046"" target=""_blank"">Walk Hard: The Dewey Cox Story</a>"
"tt0120686","Stepmom",1998,3342,6.8,77808,125,"Chris Columbus","Gigi Levangie, Jessie Nelson, Steven Rogers, Karen Leigh Hopkins, Ron Bass","Comedy, Drama","<a href=""https://www.imdb.com/title/tt0120686"" target=""_blank"">tt0120686</a>","<a href=""https://www.imdb.com/title/tt0120686"" target=""_blank"">Stepmom</a>"
"tt0414055","Elizabeth: The Golden Age",2007,3343,6.8,77025,114,"Shekhar Kapur","William Nicholson, Michael Hirst","Biography, Drama, History","<a href=""https://www.imdb.com/title/tt0414055"" target=""_blank"">tt0414055</a>","<a href=""https://www.imdb.com/title/tt0414055"" target=""_blank"">Elizabeth: The Golden Age</a>"
"tt0862846","Sunshine Cleaning",2008,3344,6.8,75405,91,"Christine Jeffs","Megan Holley","Comedy, Drama","<a href=""https://www.imdb.com/title/tt0862846"" target=""_blank"">tt0862846</a>","<a href=""https://www.imdb.com/title/tt0862846"" target=""_blank"">Sunshine Cleaning</a>"
"tt1763303","The First Time",2012,3345,6.8,74836,95,"Jonathan Kasdan","Jonathan Kasdan","Comedy, Drama, Romance","<a href=""https://www.imdb.com/title/tt1763303"" target=""_blank"">tt1763303</a>","<a href=""https://www.imdb.com/title/tt1763303"" target=""_blank"">The First Time</a>"
"tt0104815","El Mariachi",1992,3346,6.8,73472,81,"Robert Rodriguez","Robert Rodriguez","Action, Crime, Thriller","<a href=""https://www.imdb.com/title/tt0104815"" target=""_blank"">tt0104815</a>","<a href=""https://www.imdb.com/title/tt0104815"" target=""_blank"">El Mariachi</a>"
"tt1226753","The Debt",2010,3347,6.8,73092,113,"John Madden","Matthew Vaughn, Jane Goldman, Peter Straughan, Assaf Bernstein, Ido Rosenblum","Drama, Thriller","<a href=""https://www.imdb.com/title/tt1226753"" target=""_blank"">tt1226753</a>","<a href=""https://www.imdb.com/title/tt1226753"" target=""_blank"">The Debt</a>"
"tt6079516","I See You",2019,3348,6.8,71686,98,"Adam Randall","Devon Graye","Horror, Mystery, Thriller","<a href=""https://www.imdb.com/title/tt6079516"" target=""_blank"">tt6079516</a>","<a href=""https://www.imdb.com/title/tt6079516"" target=""_blank"">I See You</a>"
"tt0096487","Young Guns",1988,3349,6.8,71386,107,"Christopher Cain","John Fusco","Action, Drama, Western","<a href=""https://www.imdb.com/title/tt0096487"" target=""_blank"">tt0096487</a>","<a href=""https://www.imdb.com/title/tt0096487"" target=""_blank"">Young Guns</a>"
"tt0119558","Lolita",1997,3350,6.8,71256,137,"Adrian Lyne","Vladimir Nabokov, Stephen Schiff","Drama, Romance","<a href=""https://www.imdb.com/title/tt0119558"" target=""_blank"">tt0119558</a>","<a href=""https://www.imdb.com/title/tt0119558"" target=""_blank"">Lolita</a>"
"tt2223990","Draft Day",2014,3351,6.8,71071,110,"Ivan Reitman","Scott Rothman, Rajiv Joseph","Drama, Sport","<a href=""https://www.imdb.com/title/tt2223990"" target=""_blank"">tt2223990</a>","<a href=""https://www.imdb.com/title/tt2223990"" target=""_blank"">Draft Day</a>"
"tt2083383","Trouble with the Curve",2012,3352,6.8,70770,111,"Robert Lorenz","Randy Brown","Drama, Romance, Sport","<a href=""https://www.imdb.com/title/tt2083383"" target=""_blank"">tt2083383</a>","<a href=""https://www.imdb.com/title/tt2083383"" target=""_blank"">Trouble with the Curve</a>"
"tt4624424","Storks",2016,3353,6.8,70326,87,"Nicholas Stoller, Doug Sweetland","Nicholas Stoller","Adventure, Animation, Comedy","<a href=""https://www.imdb.com/title/tt4624424"" target=""_blank"">tt4624424</a>","<a href=""https://www.imdb.com/title/tt4624424"" target=""_blank"">Storks</a>"
"tt0433387","Harsh Times",2005,3354,6.8,69895,116,"David Ayer","David Ayer","Action, Crime, Drama","<a href=""https://www.imdb.com/title/tt0433387"" target=""_blank"">tt0433387</a>","<a href=""https://www.imdb.com/title/tt0433387"" target=""_blank"">Harsh Times</a>"
"tt3168230","Mr. Holmes",2015,3355,6.8,69535,104,"Bill Condon","Mitch Cullin, Jeffrey Hatcher, Arthur Conan Doyle","Crime, Drama, Family","<a href=""https://www.imdb.com/title/tt3168230"" target=""_blank"">tt3168230</a>","<a href=""https://www.imdb.com/title/tt3168230"" target=""_blank"">Mr. Holmes</a>"
"tt0280609","Dog Soldiers",2002,3356,6.8,68929,105,"Neil Marshall","Neil Marshall","Action, Horror, Thriller","<a href=""https://www.imdb.com/title/tt0280609"" target=""_blank"">tt0280609</a>","<a href=""https://www.imdb.com/title/tt0280609"" target=""_blank"">Dog Soldiers</a>"
"tt0116409","The Ghost and the Darkness",1996,3357,6.8,68849,110,"Stephen Hopkins","William Goldman","Adventure, Drama, Thriller","<a href=""https://www.imdb.com/title/tt0116409"" target=""_blank"">tt0116409</a>","<a href=""https://www.imdb.com/title/tt0116409"" target=""_blank"">The Ghost and the Darkness</a>"
"tt1441952","Salmon Fishing in the Yemen",2011,3358,6.8,68264,107,"Lasse Hallström","Simon Beaufoy, Paul Torday","Comedy, Drama, Romance","<a href=""https://www.imdb.com/title/tt1441952"" target=""_blank"">tt1441952</a>","<a href=""https://www.imdb.com/title/tt1441952"" target=""_blank"">Salmon Fishing in the Yemen</a>"
"tt8115900","The Bad Guys",2022,3359,6.8,68081,100,"Pierre Perifel","Aaron Blabey, Etan Cohen","Adventure, Animation, Comedy","<a href=""https://www.imdb.com/title/tt8115900"" target=""_blank"">tt8115900</a>","<a href=""https://www.imdb.com/title/tt8115900"" target=""_blank"">The Bad Guys</a>"
"tt0093260","Innerspace",1987,3360,6.8,67744,120,"Joe Dante","Jeffrey Boam, Chip Proser","Action, Adventure, Comedy","<a href=""https://www.imdb.com/title/tt0093260"" target=""_blank"">tt0093260</a>","<a href=""https://www.imdb.com/title/tt0093260"" target=""_blank"">Innerspace</a>"
"tt10168670","Bones and All",2022,3361,6.8,67407,131,"Luca Guadagnino","David Kajganich, Camille DeAngelis","Drama, Horror, Romance","<a href=""https://www.imdb.com/title/tt10168670"" target=""_blank"">tt10168670</a>","<a href=""https://www.imdb.com/title/tt10168670"" target=""_blank"">Bones and All</a>"
"tt0443465","Before We Go",2014,3362,6.8,67048,95,"Chris Evans","Ron Bass, Jen Smolka, Chris Shafer, Paul Vicknair","Comedy, Drama, Romance","<a href=""https://www.imdb.com/title/tt0443465"" target=""_blank"">tt0443465</a>","<a href=""https://www.imdb.com/title/tt0443465"" target=""_blank"">Before We Go</a>"
"tt0460829","Inland Empire",2006,3363,6.8,66527,180,"David Lynch","David Lynch","Drama, Fantasy, Mystery","<a href=""https://www.imdb.com/title/tt0460829"" target=""_blank"">tt0460829</a>","<a href=""https://www.imdb.com/title/tt0460829"" target=""_blank"">Inland Empire</a>"
"tt0101587","City Slickers",1991,3364,6.8,65943,113,"Ron Underwood","Lowell Ganz, Babaloo Mandel","Comedy, Western","<a href=""https://www.imdb.com/title/tt0101587"" target=""_blank"">tt0101587</a>","<a href=""https://www.imdb.com/title/tt0101587"" target=""_blank"">City Slickers</a>"
"tt1704573","Bernie",2011,3365,6.8,65881,104,"Richard Linklater","Skip Hollandsworth, Richard Linklater","Biography, Comedy, Crime","<a href=""https://www.imdb.com/title/tt1704573"" target=""_blank"">tt1704573</a>","<a href=""https://www.imdb.com/title/tt1704573"" target=""_blank"">Bernie</a>"
"tt0096463","Working Girl",1988,3366,6.8,65660,113,"Mike Nichols","Kevin Wade","Comedy, Drama, Romance","<a href=""https://www.imdb.com/title/tt0096463"" target=""_blank"">tt0096463</a>","<a href=""https://www.imdb.com/title/tt0096463"" target=""_blank"">Working Girl</a>"
"tt0385887","Motherless Brooklyn",2019,3367,6.8,65008,144,"Edward Norton","Edward Norton, Jonathan Lethem","Crime, Drama, Mystery","<a href=""https://www.imdb.com/title/tt0385887"" target=""_blank"">tt0385887</a>","<a href=""https://www.imdb.com/title/tt0385887"" target=""_blank"">Motherless Brooklyn</a>"
"tt0074812","Logan's Run",1976,3368,6.8,63771,119,"Michael Anderson","David Zelag Goodman, William F. Nolan, George Clayton Johnson","Action, Adventure, Sci-Fi","<a href=""https://www.imdb.com/title/tt0074812"" target=""_blank"">tt0074812</a>","<a href=""https://www.imdb.com/title/tt0074812"" target=""_blank"">Logan's Run</a>"
"tt0787474","The Boxtrolls",2014,3369,6.8,63455,96,"Graham Annable, Anthony Stacchi","Irena Brignull, Adam Pava, Alan Snow, Anthony Stacchi, Phil Dale, Vera Brosgol","Adventure, Animation, Comedy","<a href=""https://www.imdb.com/title/tt0787474"" target=""_blank"">tt0787474</a>","<a href=""https://www.imdb.com/title/tt0787474"" target=""_blank"">The Boxtrolls</a>"
"tt1772264","Stonehearst Asylum",2014,3370,6.8,62942,112,"Brad Anderson","Joe Gangemi, Edgar Allan Poe","Drama, Horror, Mystery","<a href=""https://www.imdb.com/title/tt1772264"" target=""_blank"">tt1772264</a>","<a href=""https://www.imdb.com/title/tt1772264"" target=""_blank"">Stonehearst Asylum</a>"
"tt0368794","I'm Not There",2007,3371,6.8,62810,135,"Todd Haynes","Todd Haynes, Oren Moverman","Biography, Drama, Music","<a href=""https://www.imdb.com/title/tt0368794"" target=""_blank"">tt0368794</a>","<a href=""https://www.imdb.com/title/tt0368794"" target=""_blank"">I'm Not There</a>"
"tt0112346","The American President",1995,3372,6.8,62519,114,"Rob Reiner","Aaron Sorkin","Comedy, Drama, Romance","<a href=""https://www.imdb.com/title/tt0112346"" target=""_blank"">tt0112346</a>","<a href=""https://www.imdb.com/title/tt0112346"" target=""_blank"">The American President</a>"
"tt0115641","Beavis and Butt-Head Do America",1996,3373,6.8,61897,81,"Geoffrey Johnson, Mike Judge, Mike de Seve, Brian Mulroney, Yvette Kaplan","Mike Judge, Joe Stillman, Brian Mulroney","Adventure, Animation, Comedy","<a href=""https://www.imdb.com/title/tt0115641"" target=""_blank"">tt0115641</a>","<a href=""https://www.imdb.com/title/tt0115641"" target=""_blank"">Beavis and Butt-Head Do America</a>"
"tt0098282","See No Evil, Hear No Evil",1989,3374,6.8,61735,103,"Arthur Hiller","Earl Barret, Arne Sultan, Marvin Worth, Eliot Wald, Andrew Kurtzman, Gene Wilder","Comedy, Crime","<a href=""https://www.imdb.com/title/tt0098282"" target=""_blank"">tt0098282</a>","<a href=""https://www.imdb.com/title/tt0098282"" target=""_blank"">See No Evil, Hear No Evil</a>"
"tt4136084","Florence Foster Jenkins",2016,3375,6.8,61180,111,"Stephen Frears","Nicholas Martin, Julia Kogan","Biography, Comedy, Drama","<a href=""https://www.imdb.com/title/tt4136084"" target=""_blank"">tt4136084</a>","<a href=""https://www.imdb.com/title/tt4136084"" target=""_blank"">Florence Foster Jenkins</a>"
"tt6820256","Arctic",2018,3376,6.8,61103,98,"Joe Penna","Joe Penna, Ryan Morrison","Adventure, Drama","<a href=""https://www.imdb.com/title/tt6820256"" target=""_blank"">tt6820256</a>","<a href=""https://www.imdb.com/title/tt6820256"" target=""_blank"">Arctic</a>"
"tt0070849","Last Tango in Paris",1972,3377,6.8,61071,129,"Bernardo Bertolucci","Bernardo Bertolucci, Franco Arcalli, Agnès Varda","Drama, Romance","<a href=""https://www.imdb.com/title/tt0070849"" target=""_blank"">tt0070849</a>","<a href=""https://www.imdb.com/title/tt0070849"" target=""_blank"">Last Tango in Paris</a>"
"tt5814534","Spies in Disguise",2019,3378,6.8,60498,102,"Nick Bruno, Troy Quane","Lucas Martell, Cindy Davis, Brad Copeland, Lloyd Taylor","Action, Adventure, Animation","<a href=""https://www.imdb.com/title/tt5814534"" target=""_blank"">tt5814534</a>","<a href=""https://www.imdb.com/title/tt5814534"" target=""_blank"">Spies in Disguise</a>"
"tt1767354","Odd Thomas",2013,3379,6.8,60055,97,"Stephen Sommers","Stephen Sommers, Dean R. Koontz","Comedy, Fantasy, Horror","<a href=""https://www.imdb.com/title/tt1767354"" target=""_blank"">tt1767354</a>","<a href=""https://www.imdb.com/title/tt1767354"" target=""_blank"">Odd Thomas</a>"
"tt0095174","Frantic",1988,3380,6.8,60016,120,"Roman Polanski","Roman Polanski, Gérard Brach, Robert Towne, Jeff Gross","Crime, Drama, Mystery","<a href=""https://www.imdb.com/title/tt0095174"" target=""_blank"">tt0095174</a>","<a href=""https://www.imdb.com/title/tt0095174"" target=""_blank"">Frantic</a>"
"tt0086837","2010: The Year We Make Contact",1984,3381,6.7,59659,116,"Peter Hyams","Arthur C. Clarke, Peter Hyams","Adventure, Mystery, Sci-Fi","<a href=""https://www.imdb.com/title/tt0086837"" target=""_blank"">tt0086837</a>","<a href=""https://www.imdb.com/title/tt0086837"" target=""_blank"">2010: The Year We Make Contact</a>"
"tt0098621","The War of the Roses",1989,3382,6.8,59656,116,"Danny DeVito","Warren Adler, Michael Leeson","Comedy, Romance","<a href=""https://www.imdb.com/title/tt0098621"" target=""_blank"">tt0098621</a>","<a href=""https://www.imdb.com/title/tt0098621"" target=""_blank"">The War of the Roses</a>"
"tt0804522","Rendition",2007,3383,6.8,59207,122,"Gavin Hood","Kelley Sane","Drama, Thriller","<a href=""https://www.imdb.com/title/tt0804522"" target=""_blank"">tt0804522</a>","<a href=""https://www.imdb.com/title/tt0804522"" target=""_blank"">Rendition</a>"
"tt6772802","Hillbilly Elegy",2020,3384,6.7,58781,116,"Ron Howard","JD Vance, Vanessa Taylor","Biography, Drama","<a href=""https://www.imdb.com/title/tt6772802"" target=""_blank"">tt6772802</a>","<a href=""https://www.imdb.com/title/tt6772802"" target=""_blank"">Hillbilly Elegy</a>"
"tt0119223","Great Expectations",1998,3385,6.8,58649,111,"Alfonso Cuarón","Charles Dickens, Mitch Glazer","Drama, Romance","<a href=""https://www.imdb.com/title/tt0119223"" target=""_blank"">tt0119223</a>","<a href=""https://www.imdb.com/title/tt0119223"" target=""_blank"">Great Expectations</a>"
"tt0123964","Life",1999,3386,6.8,58627,108,"Ted Demme","Robert Ramsey, Matthew Stone","Comedy, Crime, Drama","<a href=""https://www.imdb.com/title/tt0123964"" target=""_blank"">tt0123964</a>","<a href=""https://www.imdb.com/title/tt0123964"" target=""_blank"">Life</a>"
"tt3064298","Man Up",2015,3387,6.8,58616,88,"Ben Palmer","Tess Morris","Comedy, Drama, Romance","<a href=""https://www.imdb.com/title/tt3064298"" target=""_blank"">tt3064298</a>","<a href=""https://www.imdb.com/title/tt3064298"" target=""_blank"">Man Up</a>"
"tt13957560","Dumb Money",2023,3388,6.8,57788,105,"Craig Gillespie","Lauren Schuker Blum, Rebecca Angelo, Ben Mezrich","Biography, Comedy, Drama","<a href=""https://www.imdb.com/title/tt13957560"" target=""_blank"">tt13957560</a>","<a href=""https://www.imdb.com/title/tt13957560"" target=""_blank"">Dumb Money</a>"
"tt0111756","Wyatt Earp",1994,3389,6.7,57502,191,"Lawrence Kasdan","Dan Gordon, Lawrence Kasdan","Adventure, Biography, Drama","<a href=""https://www.imdb.com/title/tt0111756"" target=""_blank"">tt0111756</a>","<a href=""https://www.imdb.com/title/tt0111756"" target=""_blank"">Wyatt Earp</a>"
"tt0100944","The Witches",1990,3390,6.8,57345,91,"Nicolas Roeg","Roald Dahl, Allan Scott","Adventure, Comedy, Family","<a href=""https://www.imdb.com/title/tt0100944"" target=""_blank"">tt0100944</a>","<a href=""https://www.imdb.com/title/tt0100944"" target=""_blank"">The Witches</a>"
"tt5541240","To the Bone",2017,3391,6.7,57344,107,"Marti Noxon","Marti Noxon","Drama","<a href=""https://www.imdb.com/title/tt5541240"" target=""_blank"">tt5541240</a>","<a href=""https://www.imdb.com/title/tt5541240"" target=""_blank"">To the Bone</a>"
"tt0082517","History of the World: Part I",1981,3392,6.8,57297,92,"Mel Brooks","Mel Brooks","Comedy, History, Musical","<a href=""https://www.imdb.com/title/tt0082517"" target=""_blank"">tt0082517</a>","<a href=""https://www.imdb.com/title/tt0082517"" target=""_blank"">History of the World: Part I</a>"
"tt1441326","Martha Marcy May Marlene",2011,3393,6.8,57297,102,"Sean Durkin","Sean Durkin","Drama, Mystery, Thriller","<a href=""https://www.imdb.com/title/tt1441326"" target=""_blank"">tt1441326</a>","<a href=""https://www.imdb.com/title/tt1441326"" target=""_blank"">Martha Marcy May Marlene</a>"
"tt0294870","Rent",2005,3394,6.8,57239,135,"Chris Columbus","Jonathan Larson, Stephen Chbosky","Drama, Musical, Romance","<a href=""https://www.imdb.com/title/tt0294870"" target=""_blank"">tt0294870</a>","<a href=""https://www.imdb.com/title/tt0294870"" target=""_blank"">Rent</a>"
"tt7549996","Judy",2019,3395,6.8,56987,118,"Rupert Goold","Tom Edge, Peter Quilter","Biography, Drama, Music","<a href=""https://www.imdb.com/title/tt7549996"" target=""_blank"">tt7549996</a>","<a href=""https://www.imdb.com/title/tt7549996"" target=""_blank"">Judy</a>"
"tt0114681","To Die For",1995,3396,6.8,56918,106,"Gus Van Sant","Joyce Maynard, Buck Henry","Comedy, Crime, Drama","<a href=""https://www.imdb.com/title/tt0114681"" target=""_blank"">tt0114681</a>","<a href=""https://www.imdb.com/title/tt0114681"" target=""_blank"">To Die For</a>"
"tt0120399","U Turn",1997,3397,6.7,56500,125,"Oliver Stone","John Ridley","Crime, Drama, Thriller","<a href=""https://www.imdb.com/title/tt0120399"" target=""_blank"">tt0120399</a>","<a href=""https://www.imdb.com/title/tt0120399"" target=""_blank"">U Turn</a>"
"tt0821642","The Soloist",2009,3398,6.7,56194,117,"Joe Wright","Susannah Grant, Steve Lopez","Biography, Drama, Music","<a href=""https://www.imdb.com/title/tt0821642"" target=""_blank"">tt0821642</a>","<a href=""https://www.imdb.com/title/tt0821642"" target=""_blank"">The Soloist</a>"
"tt2771372","Veronica Mars",2014,3399,6.7,55779,107,"Rob Thomas","Rob Thomas, Diane Ruggiero-Wright","Crime, Drama, Mystery","<a href=""https://www.imdb.com/title/tt2771372"" target=""_blank"">tt2771372</a>","<a href=""https://www.imdb.com/title/tt2771372"" target=""_blank"">Veronica Mars</a>"
"tt0083767","Creepshow",1982,3400,6.8,55668,120,"George A. Romero","Stephen King","Comedy, Fantasy, Horror","<a href=""https://www.imdb.com/title/tt0083767"" target=""_blank"">tt0083767</a>","<a href=""https://www.imdb.com/title/tt0083767"" target=""_blank"">Creepshow</a>"
"tt0210070","Ginger Snaps",2000,3401,6.8,55508,108,"John Fawcett","Karen Walton, John Fawcett","Drama, Fantasy, Horror","<a href=""https://www.imdb.com/title/tt0210070"" target=""_blank"">tt0210070</a>","<a href=""https://www.imdb.com/title/tt0210070"" target=""_blank"">Ginger Snaps</a>"
"tt0375154","Tristan + Isolde",2006,3402,6.8,55169,125,"Kevin Reynolds","Dean Georgaris","Action, Drama, Romance","<a href=""https://www.imdb.com/title/tt0375154"" target=""_blank"">tt0375154</a>","<a href=""https://www.imdb.com/title/tt0375154"" target=""_blank"">Tristan + Isolde</a>"
"tt8544498","The Way Back",2020,3403,6.7,55056,108,"Gavin O'Connor","Brad Ingelsby","Drama, Sport","<a href=""https://www.imdb.com/title/tt8544498"" target=""_blank"">tt8544498</a>","<a href=""https://www.imdb.com/title/tt8544498"" target=""_blank"">The Way Back</a>"
"tt27744786","Shaitaan",2024,3404,6.7,54901,132,"Vikas Bahl","Aamil Keeyan Khan, Krishnadev Yagnik","Drama, Horror, Thriller","<a href=""https://www.imdb.com/title/tt27744786"" target=""_blank"">tt27744786</a>","<a href=""https://www.imdb.com/title/tt27744786"" target=""_blank"">Shaitaan</a>"
"tt0112883","Don Juan DeMarco",1994,3405,6.7,54473,97,"Jeremy Leven","Lord Byron, Jeremy Leven","Comedy, Drama, Romance","<a href=""https://www.imdb.com/title/tt0112883"" target=""_blank"">tt0112883</a>","<a href=""https://www.imdb.com/title/tt0112883"" target=""_blank"">Don Juan DeMarco</a>"
"tt27459160","Teri Baaton Mein Aisa Uljha Jiya",2024,3406,6.7,54442,141,"Amit Joshi, Aradhana Sah","Amit Joshi, Aradhana Sah","Comedy, Drama, Romance","<a href=""https://www.imdb.com/title/tt27459160"" target=""_blank"">tt27459160</a>","<a href=""https://www.imdb.com/title/tt27459160"" target=""_blank"">Teri Baaton Mein Aisa Uljha Jiya</a>"
"tt30988739","Black Bag",2025,3407,6.7,54419,93,"Steven Soderbergh","David Koepp","Drama, Mystery, Romance","<a href=""https://www.imdb.com/title/tt30988739"" target=""_blank"">tt30988739</a>","<a href=""https://www.imdb.com/title/tt30988739"" target=""_blank"">Black Bag</a>"
"tt11466222","Jackass Forever",2022,3408,6.8,53643,96,"Jeff Tremaine","Jason 'Wee Man' Acuña, Derrick Beckles, J.P. Blackmon, Sean Cliver, Dimitry Elyashkevich, Dave England, Zach Holmes, Rick Kosick, Nick Kreiss, Preston Lacy, Knate Lee, Eric Manaka, Bam Margera, Ehren McGhehey, Sean McInerney, Chris Pontius, Sarah Sherman, Steve-O, Trip Taylor, Jeff Tremaine, Andrew Weinberg, Davon Wilson, Rachel Wolfson","Action, Comedy, Documentary","<a href=""https://www.imdb.com/title/tt11466222"" target=""_blank"">tt11466222</a>","<a href=""https://www.imdb.com/title/tt11466222"" target=""_blank"">Jackass Forever</a>"
"tt0844286","The Brothers Bloom",2008,3409,6.7,53520,114,"Rian Johnson","Rian Johnson","Action, Adventure, Comedy","<a href=""https://www.imdb.com/title/tt0844286"" target=""_blank"">tt0844286</a>","<a href=""https://www.imdb.com/title/tt0844286"" target=""_blank"">The Brothers Bloom</a>"
"tt0089092","Enemy Mine",1985,3410,6.8,53498,108,"Wolfgang Petersen","Barry Longyear, Edward Khmara","Action, Adventure, Drama","<a href=""https://www.imdb.com/title/tt0089092"" target=""_blank"">tt0089092</a>","<a href=""https://www.imdb.com/title/tt0089092"" target=""_blank"">Enemy Mine</a>"
"tt1869716","The East",2013,3411,6.8,53385,116,"Zal Batmanglij","Zal Batmanglij, Brit Marling","Adventure, Crime, Drama","<a href=""https://www.imdb.com/title/tt1869716"" target=""_blank"">tt1869716</a>","<a href=""https://www.imdb.com/title/tt1869716"" target=""_blank"">The East</a>"
"tt0093777","Prince of Darkness",1987,3412,6.7,53292,102,"John Carpenter","John Carpenter","Horror","<a href=""https://www.imdb.com/title/tt0093777"" target=""_blank"">tt0093777</a>","<a href=""https://www.imdb.com/title/tt0093777"" target=""_blank"">Prince of Darkness</a>"
"tt17527468","Bottoms",2023,3413,6.7,53109,91,"Emma Seligman","Emma Seligman, Rachel Sennott","Comedy","<a href=""https://www.imdb.com/title/tt17527468"" target=""_blank"">tt17527468</a>","<a href=""https://www.imdb.com/title/tt17527468"" target=""_blank"">Bottoms</a>"
"tt1430626","The Pirates! Band of Misfits",2012,3414,6.7,53106,88,"Peter Lord, Jeff Newitt","Gideon Defoe, Kevin Cecil, Andy Riley","Action, Adventure, Animation","<a href=""https://www.imdb.com/title/tt1430626"" target=""_blank"">tt1430626</a>","<a href=""https://www.imdb.com/title/tt1430626"" target=""_blank"">The Pirates! Band of Misfits</a>"
"tt1024943","Om Shanti Om",2007,3415,6.8,53026,162,"Farah Khan","Farah Khan, Mushtaq Shiekh, Mayur Puri","Action, Comedy, Drama","<a href=""https://www.imdb.com/title/tt1024943"" target=""_blank"">tt1024943</a>","<a href=""https://www.imdb.com/title/tt1024943"" target=""_blank"">Om Shanti Om</a>"
"tt2382396","Joe",2013,3416,6.8,52641,117,"David Gordon Green","Gary Hawkins, Larry Brown","Crime, Drama, Thriller","<a href=""https://www.imdb.com/title/tt2382396"" target=""_blank"">tt2382396</a>","<a href=""https://www.imdb.com/title/tt2382396"" target=""_blank"">Joe</a>"
"tt1084950","Rachel Getting Married",2008,3417,6.7,52512,113,"Jonathan Demme","Jenny Lumet","Drama, Romance","<a href=""https://www.imdb.com/title/tt1084950"" target=""_blank"">tt1084950</a>","<a href=""https://www.imdb.com/title/tt1084950"" target=""_blank"">Rachel Getting Married</a>"
"tt0977855","Fair Game",2010,3418,6.8,52130,108,"Doug Liman","Jez Butterworth, John-Henry Butterworth, Joseph Wilson, Valerie Plame Wilson","Biography, Drama, Thriller","<a href=""https://www.imdb.com/title/tt0977855"" target=""_blank"">tt0977855</a>","<a href=""https://www.imdb.com/title/tt0977855"" target=""_blank"">Fair Game</a>"
"tt5563334","The Good Liar",2019,3419,6.7,52099,109,"Bill Condon","Nicholas Searle, Jeffrey Hatcher","Crime, Drama, Mystery","<a href=""https://www.imdb.com/title/tt5563334"" target=""_blank"">tt5563334</a>","<a href=""https://www.imdb.com/title/tt5563334"" target=""_blank"">The Good Liar</a>"
"tt0074483","The Enforcer",1976,3420,6.7,51501,96,"James Fargo","Harry Julian Fink, Rita M. Fink, Stirling Silliphant, Dean Riesner, Gail Morgan Hickman, S.W. Schurr","Action, Crime, Thriller","<a href=""https://www.imdb.com/title/tt0074483"" target=""_blank"">tt0074483</a>","<a href=""https://www.imdb.com/title/tt0074483"" target=""_blank"">The Enforcer</a>"
"tt0104389","The Hand That Rocks the Cradle",1992,3421,6.7,51401,110,"Curtis Hanson","Amanda Silver","Drama, Thriller","<a href=""https://www.imdb.com/title/tt0104389"" target=""_blank"">tt0104389</a>","<a href=""https://www.imdb.com/title/tt0104389"" target=""_blank"">The Hand That Rocks the Cradle</a>"
"tt0119807","Nothing to Lose",1997,3422,6.7,51168,98,"Steve Oedekerk","Steve Oedekerk","Action, Adventure, Comedy","<a href=""https://www.imdb.com/title/tt0119807"" target=""_blank"">tt0119807</a>","<a href=""https://www.imdb.com/title/tt0119807"" target=""_blank"">Nothing to Lose</a>"
"tt2837574","The Old Man & the Gun",2018,3423,6.7,51069,93,"David Lowery","David Lowery, David Grann","Biography, Comedy, Crime","<a href=""https://www.imdb.com/title/tt2837574"" target=""_blank"">tt2837574</a>","<a href=""https://www.imdb.com/title/tt2837574"" target=""_blank"">The Old Man & the Gun</a>"
"tt3495026","Fan",2016,3424,6.8,51061,142,"Maneesh Sharma","Maneesh Sharma, Habib Faisal, Sharat Katariya","Action, Drama, Thriller","<a href=""https://www.imdb.com/title/tt3495026"" target=""_blank"">tt3495026</a>","<a href=""https://www.imdb.com/title/tt3495026"" target=""_blank"">Fan</a>"
"tt0091187","Heartbreak Ridge",1986,3425,6.8,50633,130,"Clint Eastwood","James Carabatsos, Dennis Hackin, Joseph Stinson","Drama, War","<a href=""https://www.imdb.com/title/tt0091187"" target=""_blank"">tt0091187</a>","<a href=""https://www.imdb.com/title/tt0091187"" target=""_blank"">Heartbreak Ridge</a>"
"tt0364385","Ju-on: The Grudge",2002,3426,6.7,50588,92,"Takashi Shimizu","Takashi Shimizu","Horror","<a href=""https://www.imdb.com/title/tt0364385"" target=""_blank"">tt0364385</a>","<a href=""https://www.imdb.com/title/tt0364385"" target=""_blank"">Ju-on: The Grudge</a>"
"tt0324133","Swimming Pool",2003,3427,6.7,50249,102,"François Ozon","François Ozon, Emmanuèle Bernheim, Sionann O'Neill","Crime, Drama, Mystery","<a href=""https://www.imdb.com/title/tt0324133"" target=""_blank"">tt0324133</a>","<a href=""https://www.imdb.com/title/tt0324133"" target=""_blank"">Swimming Pool</a>"
"tt0332375","Saved!",2004,3428,6.7,50244,92,"Brian Dannelly","Brian Dannelly, Michael Urban","Comedy, Drama","<a href=""https://www.imdb.com/title/tt0332375"" target=""_blank"">tt0332375</a>","<a href=""https://www.imdb.com/title/tt0332375"" target=""_blank"">Saved!</a>"
"tt1172991","The Company Men",2010,3429,6.7,49949,104,"John Wells","John Wells","Drama","<a href=""https://www.imdb.com/title/tt1172991"" target=""_blank"">tt1172991</a>","<a href=""https://www.imdb.com/title/tt1172991"" target=""_blank"">The Company Men</a>"
"tt26625693","The Order",2024,3430,6.8,49761,116,"Justin Kurzel","Zach Baylin, Kevin Flynn, Gary Gerhardt","Crime, Drama, Thriller","<a href=""https://www.imdb.com/title/tt26625693"" target=""_blank"">tt26625693</a>","<a href=""https://www.imdb.com/title/tt26625693"" target=""_blank"">The Order</a>"
"tt3361792","Tolkien",2019,3431,6.8,49611,112,"Dome Karukoski","David Gleeson, Stephen Beresford","Biography, Drama, Romance","<a href=""https://www.imdb.com/title/tt3361792"" target=""_blank"">tt3361792</a>","<a href=""https://www.imdb.com/title/tt3361792"" target=""_blank"">Tolkien</a>"
"tt0100477","The Rescuers Down Under",1990,3432,6.8,49539,77,"Hendel Butoy, Mike Gabriel","Jim Cox, Karey Kirkpatrick, Byron Simpson, Joe Ranft, Margery Sharp","Adventure, Animation, Comedy","<a href=""https://www.imdb.com/title/tt0100477"" target=""_blank"">tt0100477</a>","<a href=""https://www.imdb.com/title/tt0100477"" target=""_blank"">The Rescuers Down Under</a>"
"tt5774450","Summer of 84",2018,3433,6.7,49388,105,"François Simard, Anouk Whissell, Yoann-Karl Whissell","Matt Leslie, Stephen J. Smith","Horror, Mystery, Thriller","<a href=""https://www.imdb.com/title/tt5774450"" target=""_blank"">tt5774450</a>","<a href=""https://www.imdb.com/title/tt5774450"" target=""_blank"">Summer of 84</a>"
"tt0096787","All Dogs Go to Heaven",1989,3434,6.8,48957,84,"Don Bluth, Gary Goldman, Dan Kuenster","Don Bluth, Ken Cromar, Gary Goldman, Larry Leker, Linda Miller, Monica Parker, John Pomeroy, Guy Shulman, David J. Steinberg, David N. Weiss","Adventure, Animation, Comedy","<a href=""https://www.imdb.com/title/tt0096787"" target=""_blank"">tt0096787</a>","<a href=""https://www.imdb.com/title/tt0096787"" target=""_blank"">All Dogs Go to Heaven</a>"
"tt0087597","The Last Starfighter",1984,3435,6.7,48307,100,"Nick Castle","Jonathan R. Betuel","Action, Adventure, Sci-Fi","<a href=""https://www.imdb.com/title/tt0087597"" target=""_blank"">tt0087597</a>","<a href=""https://www.imdb.com/title/tt0087597"" target=""_blank"">The Last Starfighter</a>"
"tt6803046","The Vast of Night",2019,3436,6.7,47958,91,"Andrew Patterson","Andrew Patterson, Craig W. Sanger","Drama, Mystery, Sci-Fi","<a href=""https://www.imdb.com/title/tt6803046"" target=""_blank"">tt6803046</a>","<a href=""https://www.imdb.com/title/tt6803046"" target=""_blank"">The Vast of Night</a>"
"tt0113326","Rumble in the Bronx",1995,3437,6.8,47936,87,"Stanley Tong","Edward Tang, Fibe Ma","Action, Comedy, Crime","<a href=""https://www.imdb.com/title/tt0113326"" target=""_blank"">tt0113326</a>","<a href=""https://www.imdb.com/title/tt0113326"" target=""_blank"">Rumble in the Bronx</a>"
"tt0179116","But I'm a Cheerleader",1999,3438,6.8,47644,85,"Jamie Babbit","Brian Peterson, Jamie Babbit","Comedy, Drama, Romance","<a href=""https://www.imdb.com/title/tt0179116"" target=""_blank"">tt0179116</a>","<a href=""https://www.imdb.com/title/tt0179116"" target=""_blank"">But I'm a Cheerleader</a>"
"tt5797184","Escape from Pretoria",2020,3439,6.8,47526,106,"Francis Annan","Francis Annan, L.H. Adams, Tim Jenkin, Karol Griffiths","Action, Biography, Crime","<a href=""https://www.imdb.com/title/tt5797184"" target=""_blank"">tt5797184</a>","<a href=""https://www.imdb.com/title/tt5797184"" target=""_blank"">Escape from Pretoria</a>"
"tt0100258","Night of the Living Dead",1990,3440,6.8,47480,92,"Tom Savini","John A. Russo, George A. Romero","Horror","<a href=""https://www.imdb.com/title/tt0100258"" target=""_blank"">tt0100258</a>","<a href=""https://www.imdb.com/title/tt0100258"" target=""_blank"">Night of the Living Dead</a>"
"tt0420293","The Stanford Prison Experiment",2015,3441,6.8,47356,122,"Kyle Patrick Alvarez","Tim Talbott, Philip Zimbardo","Biography, Drama, History","<a href=""https://www.imdb.com/title/tt0420293"" target=""_blank"">tt0420293</a>","<a href=""https://www.imdb.com/title/tt0420293"" target=""_blank"">The Stanford Prison Experiment</a>"
"tt0472198","Notorious",2009,3442,6.7,47201,122,"George Tillman Jr.","Reggie Rock Bythewood, Cheo Hodari Coker","Biography, Crime, Drama","<a href=""https://www.imdb.com/title/tt0472198"" target=""_blank"">tt0472198</a>","<a href=""https://www.imdb.com/title/tt0472198"" target=""_blank"">Notorious</a>"
"tt0098273","Sea of Love",1989,3443,6.8,47172,113,"Harold Becker","Richard Price","Crime, Drama, Mystery","<a href=""https://www.imdb.com/title/tt0098273"" target=""_blank"">tt0098273</a>","<a href=""https://www.imdb.com/title/tt0098273"" target=""_blank"">Sea of Love</a>"
"tt0365485","The Matador",2005,3444,6.7,47159,96,"Richard Shepard","Richard Shepard","Comedy, Crime, Thriller","<a href=""https://www.imdb.com/title/tt0365485"" target=""_blank"">tt0365485</a>","<a href=""https://www.imdb.com/title/tt0365485"" target=""_blank"">The Matador</a>"
"tt0094761","The Blob",1988,3445,6.7,47122,95,"Chuck Russell","Theodore Simonson, Kay Linaker, Irvine H. Millgate, Chuck Russell, Frank Darabont","Horror, Sci-Fi, Thriller","<a href=""https://www.imdb.com/title/tt0094761"" target=""_blank"">tt0094761</a>","<a href=""https://www.imdb.com/title/tt0094761"" target=""_blank"">The Blob</a>"
"tt0377107","Proof",2005,3446,6.7,47071,100,"John Madden","David Auburn, Rebecca Miller","Drama, Mystery","<a href=""https://www.imdb.com/title/tt0377107"" target=""_blank"">tt0377107</a>","<a href=""https://www.imdb.com/title/tt0377107"" target=""_blank"">Proof</a>"
"tt0856288","Inside",2007,3447,6.7,46973,82,"Alexandre Bustillo, Julien Maury","Julien Maury, Alexandre Bustillo","Horror","<a href=""https://www.imdb.com/title/tt0856288"" target=""_blank"">tt0856288</a>","<a href=""https://www.imdb.com/title/tt0856288"" target=""_blank"">Inside</a>"
"tt26470109","Oddity",2024,3448,6.7,46468,98,"Damian Mc Carthy","Damian Mc Carthy","Horror, Thriller","<a href=""https://www.imdb.com/title/tt26470109"" target=""_blank"">tt26470109</a>","<a href=""https://www.imdb.com/title/tt26470109"" target=""_blank"">Oddity</a>"
"tt0097162","Dead Calm",1989,3449,6.8,46231,96,"Phillip Noyce","Terry Hayes, Charles Williams","Horror, Thriller","<a href=""https://www.imdb.com/title/tt0097162"" target=""_blank"">tt0097162</a>","<a href=""https://www.imdb.com/title/tt0097162"" target=""_blank"">Dead Calm</a>"
"tt1571249","The Skeleton Twins",2014,3450,6.8,46030,93,"Craig Johnson","Craig Johnson, Mark Heyman","Comedy, Drama, Romance","<a href=""https://www.imdb.com/title/tt1571249"" target=""_blank"">tt1571249</a>","<a href=""https://www.imdb.com/title/tt1571249"" target=""_blank"">The Skeleton Twins</a>"
"tt5886440","Marrowbone",2017,3451,6.7,45916,110,"Sergio G. Sánchez","Sergio G. Sánchez","Drama, Horror, Mystery","<a href=""https://www.imdb.com/title/tt5886440"" target=""_blank"">tt5886440</a>","<a href=""https://www.imdb.com/title/tt5886440"" target=""_blank"">Marrowbone</a>"
"tt3833480","The Outpost",2019,3452,6.8,45758,123,"Rod Lurie","Paul Tamasy, Eric Johnson, Jake Tapper","Action, Drama, History","<a href=""https://www.imdb.com/title/tt3833480"" target=""_blank"">tt3833480</a>","<a href=""https://www.imdb.com/title/tt3833480"" target=""_blank"">The Outpost</a>"
"tt15552142","Caddo Lake",2024,3453,6.8,45539,103,"Logan George, Celine Held","Celine Held, Logan George","Drama, Mystery, Sci-Fi","<a href=""https://www.imdb.com/title/tt15552142"" target=""_blank"">tt15552142</a>","<a href=""https://www.imdb.com/title/tt15552142"" target=""_blank"">Caddo Lake</a>"
"tt17076046","Weird: The Al Yankovic Story",2022,3454,6.8,45275,108,"Eric Appel","'Weird Al' Yankovic, Eric Appel","Action, Biography, Comedy","<a href=""https://www.imdb.com/title/tt17076046"" target=""_blank"">tt17076046</a>","<a href=""https://www.imdb.com/title/tt17076046"" target=""_blank"">Weird: The Al Yankovic Story</a>"
"tt2720680","The Salvation",2014,3455,6.7,45020,92,"Kristian Levring","Anders Thomas Jensen, Kristian Levring","Action, Drama, Thriller","<a href=""https://www.imdb.com/title/tt2720680"" target=""_blank"">tt2720680</a>","<a href=""https://www.imdb.com/title/tt2720680"" target=""_blank"">The Salvation</a>"
"tt14993250","Rocky Aur Rani Kii Prem Kahaani",2023,3456,6.7,44936,168,"Karan Johar","Shashank Khaitan, Ishita Moitra, Sumit Roy","Comedy, Drama, Family","<a href=""https://www.imdb.com/title/tt14993250"" target=""_blank"">tt14993250</a>","<a href=""https://www.imdb.com/title/tt14993250"" target=""_blank"">Rocky Aur Rani Kii Prem Kahaani</a>"
"tt0119314","The Horse Whisperer",1998,3457,6.7,44826,169,"Robert Redford","Nick Evans, Eric Roth, Richard LaGravenese","Drama, Romance, Western","<a href=""https://www.imdb.com/title/tt0119314"" target=""_blank"">tt0119314</a>","<a href=""https://www.imdb.com/title/tt0119314"" target=""_blank"">The Horse Whisperer</a>"
"tt0127357","Who Am I?",1998,3458,6.8,44559,108,"Benny Chan, Jackie Chan","Jackie Chan, Susan Chan, Lee Reynolds","Action, Adventure, Comedy","<a href=""https://www.imdb.com/title/tt0127357"" target=""_blank"">tt0127357</a>","<a href=""https://www.imdb.com/title/tt0127357"" target=""_blank"">Who Am I?</a>"
"tt0092718","Can't Buy Me Love",1987,3459,6.8,44364,94,"Steve Rash","Michael Swerdlick","Comedy, Drama, Romance","<a href=""https://www.imdb.com/title/tt0092718"" target=""_blank"">tt0092718</a>","<a href=""https://www.imdb.com/title/tt0092718"" target=""_blank"">Can't Buy Me Love</a>"
"tt0087995","Repo Man",1984,3460,6.8,43838,92,"Alex Cox","Alex Cox","Comedy, Crime, Sci-Fi","<a href=""https://www.imdb.com/title/tt0087995"" target=""_blank"">tt0087995</a>","<a href=""https://www.imdb.com/title/tt0087995"" target=""_blank"">Repo Man</a>"
"tt2994190","Camp X-Ray",2014,3461,6.8,43792,117,"Peter Sattler","Peter Sattler","Drama, War","<a href=""https://www.imdb.com/title/tt2994190"" target=""_blank"">tt2994190</a>","<a href=""https://www.imdb.com/title/tt2994190"" target=""_blank"">Camp X-Ray</a>"
"tt0157503","Drop Dead Gorgeous",1999,3462,6.7,43605,97,"Michael Patrick Jann","Lona Williams","Comedy, Romance, Thriller","<a href=""https://www.imdb.com/title/tt0157503"" target=""_blank"">tt0157503</a>","<a href=""https://www.imdb.com/title/tt0157503"" target=""_blank"">Drop Dead Gorgeous</a>"
"tt8781414","Freaks",2018,3463,6.7,43448,105,"Zach Lipovsky, Adam B. Stein","Zach Lipovsky, Adam B. Stein","Drama, Fantasy, Mystery","<a href=""https://www.imdb.com/title/tt8781414"" target=""_blank"">tt8781414</a>","<a href=""https://www.imdb.com/title/tt8781414"" target=""_blank"">Freaks</a>"
"tt0256524","The Curse of the Jade Scorpion",2001,3464,6.7,43432,103,"Woody Allen","Woody Allen","Comedy, Crime, Mystery","<a href=""https://www.imdb.com/title/tt0256524"" target=""_blank"">tt0256524</a>","<a href=""https://www.imdb.com/title/tt0256524"" target=""_blank"">The Curse of the Jade Scorpion</a>"
"tt0118636","Apt Pupil",1998,3465,6.7,43132,111,"Bryan Singer","Stephen King, Brandon Boyce","Crime, Drama, Thriller","<a href=""https://www.imdb.com/title/tt0118636"" target=""_blank"">tt0118636</a>","<a href=""https://www.imdb.com/title/tt0118636"" target=""_blank"">Apt Pupil</a>"
"tt0068555","Everything You Always Wanted to Know About Sex * But Were Afraid to Ask",1972,3466,6.7,43128,88,"Woody Allen","David Reuben, Woody Allen","Comedy","<a href=""https://www.imdb.com/title/tt0068555"" target=""_blank"">tt0068555</a>","<a href=""https://www.imdb.com/title/tt0068555"" target=""_blank"">Everything You Always Wanted to Know About Sex * But Were Afraid to Ask</a>"
"tt0162677","Summer of Sam",1999,3467,6.7,43098,142,"Spike Lee","Spike Lee, Victor Colicchio, Michael Imperioli","Crime, Drama, Romance","<a href=""https://www.imdb.com/title/tt0162677"" target=""_blank"">tt0162677</a>","<a href=""https://www.imdb.com/title/tt0162677"" target=""_blank"">Summer of Sam</a>"
"tt0278731","Spider",2002,3468,6.7,42513,98,"David Cronenberg","Patrick McGrath","Drama, Mystery, Thriller","<a href=""https://www.imdb.com/title/tt0278731"" target=""_blank"">tt0278731</a>","<a href=""https://www.imdb.com/title/tt0278731"" target=""_blank"">Spider</a>"
"tt1703148","The Hunter",2011,3469,6.7,42133,100,"Daniel Nettheim","Alice Addison, Wain Fimeri, Daniel Nettheim, Julia Leigh","Adventure, Drama, Thriller","<a href=""https://www.imdb.com/title/tt1703148"" target=""_blank"">tt1703148</a>","<a href=""https://www.imdb.com/title/tt1703148"" target=""_blank"">The Hunter</a>"
"tt0283003","Spun",2002,3470,6.7,42047,101,"Jonas Åkerlund","Will De Los Santos, Creighton Vero","Comedy, Crime, Drama","<a href=""https://www.imdb.com/title/tt0283003"" target=""_blank"">tt0283003</a>","<a href=""https://www.imdb.com/title/tt0283003"" target=""_blank"">Spun</a>"
"tt1235189","Wild Target",2010,3471,6.7,41740,98,"Jonathan Lynn","Lucinda Coxon, Pierre Salvadori","Action, Comedy, Crime","<a href=""https://www.imdb.com/title/tt1235189"" target=""_blank"">tt1235189</a>","<a href=""https://www.imdb.com/title/tt1235189"" target=""_blank"">Wild Target</a>"
"tt0196216","Small Time Crooks",2000,3472,6.7,41737,94,"Woody Allen","Woody Allen","Comedy, Crime","<a href=""https://www.imdb.com/title/tt0196216"" target=""_blank"">tt0196216</a>","<a href=""https://www.imdb.com/title/tt0196216"" target=""_blank"">Small Time Crooks</a>"
"tt1872818","Liberal Arts",2012,3473,6.7,41457,97,"Josh Radnor","Josh Radnor","Comedy, Drama, Romance","<a href=""https://www.imdb.com/title/tt1872818"" target=""_blank"">tt1872818</a>","<a href=""https://www.imdb.com/title/tt1872818"" target=""_blank"">Liberal Arts</a>"
"tt0116242","Everyone Says I Love You",1996,3474,6.7,40467,101,"Woody Allen","Woody Allen","Comedy, Musical, Romance","<a href=""https://www.imdb.com/title/tt0116242"" target=""_blank"">tt0116242</a>","<a href=""https://www.imdb.com/title/tt0116242"" target=""_blank"">Everyone Says I Love You</a>"
"tt0166485","Anna and the King",1999,3475,6.7,39851,148,"Andy Tennant","Anna Leonowens, Steve Meerson, Peter Krikes","Drama, History, Romance","<a href=""https://www.imdb.com/title/tt0166485"" target=""_blank"">tt0166485</a>","<a href=""https://www.imdb.com/title/tt0166485"" target=""_blank"">Anna and the King</a>"
"tt6865690","The Professor",2018,3476,6.7,39807,90,"Wayne Roberts","Wayne Roberts","Comedy, Drama","<a href=""https://www.imdb.com/title/tt6865690"" target=""_blank"">tt6865690</a>","<a href=""https://www.imdb.com/title/tt6865690"" target=""_blank"">The Professor</a>"
"tt2752200","Young & Beautiful",2013,3477,6.7,39697,95,"François Ozon","François Ozon","Drama, Romance","<a href=""https://www.imdb.com/title/tt2752200"" target=""_blank"">tt2752200</a>","<a href=""https://www.imdb.com/title/tt2752200"" target=""_blank"">Young & Beautiful</a>"
"tt3504048","Housebound",2014,3478,6.7,39005,107,"Gerard Johnstone","Gerard Johnstone","Comedy, Horror, Mystery","<a href=""https://www.imdb.com/title/tt3504048"" target=""_blank"">tt3504048</a>","<a href=""https://www.imdb.com/title/tt3504048"" target=""_blank"">Housebound</a>"
"tt1179031","Cold in July",2014,3479,6.7,38828,109,"Jim Mickle","Nick Damici, Jim Mickle, Joe R. Lansdale","Crime, Thriller","<a href=""https://www.imdb.com/title/tt1179031"" target=""_blank"">tt1179031</a>","<a href=""https://www.imdb.com/title/tt1179031"" target=""_blank"">Cold in July</a>"
"tt0100140","Mermaids",1990,3480,6.7,38615,110,"Richard Benjamin","Patty Dann, June Roberts","Comedy, Drama, Romance","<a href=""https://www.imdb.com/title/tt0100140"" target=""_blank"">tt0100140</a>","<a href=""https://www.imdb.com/title/tt0100140"" target=""_blank"">Mermaids</a>"
"tt1512685","Julia's Eyes",2010,3481,6.7,38525,118,"Guillem Morales","Guillem Morales, Oriol Paulo","Horror, Mystery, Thriller","<a href=""https://www.imdb.com/title/tt1512685"" target=""_blank"">tt1512685</a>","<a href=""https://www.imdb.com/title/tt1512685"" target=""_blank"">Julia's Eyes</a>"
"tt0090685","Back to School",1986,3482,6.7,38065,96,"Alan Metter","Steven Kampmann, William Porter, PJ Torokvei, Harold Ramis, Rodney Dangerfield, Greg Fields, Dennis Snee","Comedy, Romance, Sport","<a href=""https://www.imdb.com/title/tt0090685"" target=""_blank"">tt0090685</a>","<a href=""https://www.imdb.com/title/tt0090685"" target=""_blank"">Back to School</a>"
"tt1440345","This Must Be the Place",2011,3483,6.7,38022,118,"Paolo Sorrentino","Paolo Sorrentino, Umberto Contarello","Adventure, Comedy, Drama","<a href=""https://www.imdb.com/title/tt1440345"" target=""_blank"">tt1440345</a>","<a href=""https://www.imdb.com/title/tt1440345"" target=""_blank"">This Must Be the Place</a>"
"tt0114887","A Walk in the Clouds",1995,3484,6.7,38006,102,"Alfonso Arau","Robert Mark Kamen, Mark Miller, Harvey Weitzman, Piero Tellini, Cesare Zavattini, Vittorio de Benedetti","Drama, Romance","<a href=""https://www.imdb.com/title/tt0114887"" target=""_blank"">tt0114887</a>","<a href=""https://www.imdb.com/title/tt0114887"" target=""_blank"">A Walk in the Clouds</a>"
"tt1303828","Defendor",2009,3485,6.7,37960,101,"Peter Stebbings","Peter Stebbings","Comedy, Crime, Drama","<a href=""https://www.imdb.com/title/tt1303828"" target=""_blank"">tt1303828</a>","<a href=""https://www.imdb.com/title/tt1303828"" target=""_blank"">Defendor</a>"
"tt0198021","Where the Heart Is",2000,3486,6.7,37634,120,"Matt Williams","Lowell Ganz, Babaloo Mandel, Billie Letts","Comedy, Drama, Romance","<a href=""https://www.imdb.com/title/tt0198021"" target=""_blank"">tt0198021</a>","<a href=""https://www.imdb.com/title/tt0198021"" target=""_blank"">Where the Heart Is</a>"
"tt9340860","Let Him Go",2020,3487,6.7,37521,113,"Thomas Bezucha","Thomas Bezucha, Larry Watson","Crime, Drama, Thriller","<a href=""https://www.imdb.com/title/tt9340860"" target=""_blank"">tt9340860</a>","<a href=""https://www.imdb.com/title/tt9340860"" target=""_blank"">Let Him Go</a>"
"tt0346631","Blood and Bone",2009,3488,6.7,37132,93,"Ben Ramsey","Michael Andrews","Action, Crime, Drama","<a href=""https://www.imdb.com/title/tt0346631"" target=""_blank"">tt0346631</a>","<a href=""https://www.imdb.com/title/tt0346631"" target=""_blank"">Blood and Bone</a>"
"tt0101912","Frankie and Johnny",1991,3489,6.7,36495,118,"Garry Marshall","Terrence McNally","Comedy, Drama, Romance","<a href=""https://www.imdb.com/title/tt0101912"" target=""_blank"">tt0101912</a>","<a href=""https://www.imdb.com/title/tt0101912"" target=""_blank"">Frankie and Johnny</a>"
"tt0308379","Dark Water",2002,3490,6.7,36378,101,"Hideo Nakata","Kôji Suzuki, Yoshihiro Nakamura, Ken'ichi Suzuki, Takashige Ichise, Hideo Nakata","Drama, Horror, Mystery","<a href=""https://www.imdb.com/title/tt0308379"" target=""_blank"">tt0308379</a>","<a href=""https://www.imdb.com/title/tt0308379"" target=""_blank"">Dark Water</a>"
"tt12573454","Sharper",2023,3491,6.7,36108,116,"Benjamin Caron","Brian Gatewood, Alessandro Tanaka","Crime, Drama, Thriller","<a href=""https://www.imdb.com/title/tt12573454"" target=""_blank"">tt12573454</a>","<a href=""https://www.imdb.com/title/tt12573454"" target=""_blank"">Sharper</a>"
"tt3108894","The Tender Bar",2021,3492,6.7,36078,106,"George Clooney","William Monahan, J.R. Moehringer","Biography, Drama, Romance","<a href=""https://www.imdb.com/title/tt3108894"" target=""_blank"">tt3108894</a>","<a href=""https://www.imdb.com/title/tt3108894"" target=""_blank"">The Tender Bar</a>"
"tt7430722","War",2019,3493,6.6,36069,151,"Siddharth Anand","Siddharth Anand, Aditya Chopra, Shridhar Raghavan, Abbas Tyrewala","Action, Adventure, Thriller","<a href=""https://www.imdb.com/title/tt7430722"" target=""_blank"">tt7430722</a>","<a href=""https://www.imdb.com/title/tt7430722"" target=""_blank"">War</a>"
"tt0120483","The Man Who Knew Too Little",1997,3494,6.6,36007,94,"Jon Amiel","Robert Farrar, Howard Franklin","Comedy, Crime, Drama","<a href=""https://www.imdb.com/title/tt0120483"" target=""_blank"">tt0120483</a>","<a href=""https://www.imdb.com/title/tt0120483"" target=""_blank"">The Man Who Knew Too Little</a>"
"tt0310910","Confidence",2003,3495,6.6,35970,97,"James Foley","Doug Jung","Crime, Thriller","<a href=""https://www.imdb.com/title/tt0310910"" target=""_blank"">tt0310910</a>","<a href=""https://www.imdb.com/title/tt0310910"" target=""_blank"">Confidence</a>"
"tt0104254","FernGully: The Last Rainforest",1992,3496,6.6,35967,76,"Bill Kroyer","Jim Cox, Diana Young","Adventure, Animation, Family","<a href=""https://www.imdb.com/title/tt0104254"" target=""_blank"">tt0104254</a>","<a href=""https://www.imdb.com/title/tt0104254"" target=""_blank"">FernGully: The Last Rainforest</a>"
"tt0479537","Seraphim Falls",2006,3497,6.6,35881,115,"David Von Ancken","David Von Ancken, Abby Everett Jaques","Action, Drama, Thriller","<a href=""https://www.imdb.com/title/tt0479537"" target=""_blank"">tt0479537</a>","<a href=""https://www.imdb.com/title/tt0479537"" target=""_blank"">Seraphim Falls</a>"
"tt0102768","Regarding Henry",1991,3498,6.7,35462,108,"Mike Nichols","J.J. Abrams","Drama, Romance","<a href=""https://www.imdb.com/title/tt0102768"" target=""_blank"">tt0102768</a>","<a href=""https://www.imdb.com/title/tt0102768"" target=""_blank"">Regarding Henry</a>"
"tt0102250","L.A. Story",1991,3499,6.7,35321,95,"Mick Jackson","Steve Martin","Comedy, Drama, Fantasy","<a href=""https://www.imdb.com/title/tt0102250"" target=""_blank"">tt0102250</a>","<a href=""https://www.imdb.com/title/tt0102250"" target=""_blank"">L.A. Story</a>"
"tt0485851","The Air I Breathe",2007,3500,6.7,35321,95,"Jieho Lee","Jieho Lee, Bob DeRosa","Crime, Drama, Thriller","<a href=""https://www.imdb.com/title/tt0485851"" target=""_blank"">tt0485851</a>","<a href=""https://www.imdb.com/title/tt0485851"" target=""_blank"">The Air I Breathe</a>"
"tt0154421","The Idiots",1998,3501,6.7,35232,117,"Lars von Trier","Lars von Trier","Comedy, Drama","<a href=""https://www.imdb.com/title/tt0154421"" target=""_blank"">tt0154421</a>","<a href=""https://www.imdb.com/title/tt0154421"" target=""_blank"">The Idiots</a>"
"tt12141112","Metal Lords",2022,3502,6.7,34897,97,"Peter Sollett","D.B. Weiss","Comedy, Music","<a href=""https://www.imdb.com/title/tt12141112"" target=""_blank"">tt12141112</a>","<a href=""https://www.imdb.com/title/tt12141112"" target=""_blank"">Metal Lords</a>"
"tt13320662","Slumberland",2022,3503,6.7,34818,117,"Francis Lawrence","David Guion, Michael Handelman","Adventure, Comedy, Drama","<a href=""https://www.imdb.com/title/tt13320662"" target=""_blank"">tt13320662</a>","<a href=""https://www.imdb.com/title/tt13320662"" target=""_blank"">Slumberland</a>"
"tt0104029","Cronos",1992,3504,6.7,34769,94,"Guillermo del Toro","Guillermo del Toro","Drama, Fantasy, Horror","<a href=""https://www.imdb.com/title/tt0104029"" target=""_blank"">tt0104029</a>","<a href=""https://www.imdb.com/title/tt0104029"" target=""_blank"">Cronos</a>"
"tt1405365","Celeste & Jesse Forever",2012,3505,6.6,34741,92,"Lee Toland Krieger","Rashida Jones, Will McCormack","Comedy, Drama, Romance","<a href=""https://www.imdb.com/title/tt1405365"" target=""_blank"">tt1405365</a>","<a href=""https://www.imdb.com/title/tt1405365"" target=""_blank"">Celeste & Jesse Forever</a>"
"tt0083284","Victory",1981,3506,6.7,34705,116,"John Huston","Yabo Yablonsky, Djordje Milicevic, Jeff Maguire, Evan Jones","Drama, Sport, War","<a href=""https://www.imdb.com/title/tt0083284"" target=""_blank"">tt0083284</a>","<a href=""https://www.imdb.com/title/tt0083284"" target=""_blank"">Victory</a>"
"tt1951181","The Immigrant",2013,3507,6.6,34658,120,"James Gray","James Gray, Ric Menello","Drama, Romance","<a href=""https://www.imdb.com/title/tt1951181"" target=""_blank"">tt1951181</a>","<a href=""https://www.imdb.com/title/tt1951181"" target=""_blank"">The Immigrant</a>"
"tt0460745","Chaos Theory",2007,3508,6.6,34561,87,"Marcos Siega","Daniel Taplitz","Comedy, Drama, Romance","<a href=""https://www.imdb.com/title/tt0460745"" target=""_blank"">tt0460745</a>","<a href=""https://www.imdb.com/title/tt0460745"" target=""_blank"">Chaos Theory</a>"
"tt0489664","Shattered",2007,3509,6.6,34501,95,"Mike Barker","William Morrissey","Crime, Drama, Thriller","<a href=""https://www.imdb.com/title/tt0489664"" target=""_blank"">tt0489664</a>","<a href=""https://www.imdb.com/title/tt0489664"" target=""_blank"">Shattered</a>"
"tt0120824","The Shipping News",2001,3510,6.7,34456,111,"Lasse Hallström","Annie Proulx, Robert Nelson Jacobs","Drama","<a href=""https://www.imdb.com/title/tt0120824"" target=""_blank"">tt0120824</a>","<a href=""https://www.imdb.com/title/tt0120824"" target=""_blank"">The Shipping News</a>"
"tt3179568","Men, Women & Children",2014,3511,6.6,34433,119,"Jason Reitman","Chad Kultgen, Jason Reitman, Erin Cressida Wilson","Comedy, Drama","<a href=""https://www.imdb.com/title/tt3179568"" target=""_blank"">tt3179568</a>","<a href=""https://www.imdb.com/title/tt3179568"" target=""_blank"">Men, Women & Children</a>"
"tt0105415","Singles",1992,3512,6.7,34248,99,"Cameron Crowe","Cameron Crowe","Comedy, Drama, Music","<a href=""https://www.imdb.com/title/tt0105415"" target=""_blank"">tt0105415</a>","<a href=""https://www.imdb.com/title/tt0105415"" target=""_blank"">Singles</a>"
"tt1401143","Rare Exports",2010,3513,6.6,33951,84,"Jalmari Helander","Jalmari Helander, Juuso Helander, Petri Jokiranta, Sami Parkkinen","Adventure, Fantasy, Horror","<a href=""https://www.imdb.com/title/tt1401143"" target=""_blank"">tt1401143</a>","<a href=""https://www.imdb.com/title/tt1401143"" target=""_blank"">Rare Exports</a>"
"tt4995776","The Red Sea Diving Resort",2019,3514,6.6,33895,129,"Gideon Raff","Gideon Raff","Drama, History, Thriller","<a href=""https://www.imdb.com/title/tt4995776"" target=""_blank"">tt4995776</a>","<a href=""https://www.imdb.com/title/tt4995776"" target=""_blank"">The Red Sea Diving Resort</a>"
"tt0114168","Powder",1995,3515,6.6,33886,111,"Victor Salva","Victor Salva","Drama, Fantasy, Mystery","<a href=""https://www.imdb.com/title/tt0114168"" target=""_blank"">tt0114168</a>","<a href=""https://www.imdb.com/title/tt0114168"" target=""_blank"">Powder</a>"
"tt0385705","The Football Factory",2004,3516,6.7,33884,91,"Nick Love","John King, Nick Love","Crime, Drama, Sport","<a href=""https://www.imdb.com/title/tt0385705"" target=""_blank"">tt0385705</a>","<a href=""https://www.imdb.com/title/tt0385705"" target=""_blank"">The Football Factory</a>"
"tt0082869","Outland",1981,3517,6.6,33864,109,"Peter Hyams","Peter Hyams","Action, Crime, Sci-Fi","<a href=""https://www.imdb.com/title/tt0082869"" target=""_blank"">tt0082869</a>","<a href=""https://www.imdb.com/title/tt0082869"" target=""_blank"">Outland</a>"
"tt1435513","Hysteria",2011,3518,6.7,33816,100,"Tanya Wexler","Stephen Dyer, Jonah Lisa Dyer, Howard Gensler","Biography, Comedy, Romance","<a href=""https://www.imdb.com/title/tt1435513"" target=""_blank"">tt1435513</a>","<a href=""https://www.imdb.com/title/tt1435513"" target=""_blank"">Hysteria</a>"
"tt4648786","Harriet",2019,3519,6.7,33773,125,"Kasi Lemmons","Gregory Allen Howard, Kasi Lemmons","Action, Biography, Drama","<a href=""https://www.imdb.com/title/tt4648786"" target=""_blank"">tt4648786</a>","<a href=""https://www.imdb.com/title/tt4648786"" target=""_blank"">Harriet</a>"
"tt3722070","The Lady in the Van",2015,3520,6.7,33577,104,"Nicholas Hytner","Alan Bennett","Biography, Comedy, Drama","<a href=""https://www.imdb.com/title/tt3722070"" target=""_blank"">tt3722070</a>","<a href=""https://www.imdb.com/title/tt3722070"" target=""_blank"">The Lady in the Van</a>"
"tt2294677","In a World...",2013,3521,6.6,33533,93,"Lake Bell","Lake Bell","Comedy","<a href=""https://www.imdb.com/title/tt2294677"" target=""_blank"">tt2294677</a>","<a href=""https://www.imdb.com/title/tt2294677"" target=""_blank"">In a World...</a>"
"tt0086154","Psycho II",1983,3522,6.6,33439,113,"Richard Franklin","Tom Holland, Robert Bloch","Crime, Horror, Mystery","<a href=""https://www.imdb.com/title/tt0086154"" target=""_blank"">tt0086154</a>","<a href=""https://www.imdb.com/title/tt0086154"" target=""_blank"">Psycho II</a>"
"tt0091083","From Beyond",1986,3523,6.6,33380,85,"Stuart Gordon","H.P. Lovecraft, Brian Yuzna, Dennis Paoli, Stuart Gordon","Horror, Sci-Fi","<a href=""https://www.imdb.com/title/tt0091083"" target=""_blank"">tt0091083</a>","<a href=""https://www.imdb.com/title/tt0091083"" target=""_blank"">From Beyond</a>"
"tt3395184","Spring",2014,3524,6.7,32954,109,"Justin Benson, Aaron Moorhead","Justin Benson","Drama, Horror, Romance","<a href=""https://www.imdb.com/title/tt3395184"" target=""_blank"">tt3395184</a>","<a href=""https://www.imdb.com/title/tt3395184"" target=""_blank"">Spring</a>"
"tt0051744","House on Haunted Hill",1959,3525,6.7,32823,75,"William Castle","Robb White","Crime, Horror, Mystery","<a href=""https://www.imdb.com/title/tt0051744"" target=""_blank"">tt0051744</a>","<a href=""https://www.imdb.com/title/tt0051744"" target=""_blank"">House on Haunted Hill</a>"
"tt0067756","Silent Running",1972,3526,6.6,32816,89,"Douglas Trumbull","Deric Washburn, Michael Cimino, Steven Bochco","Drama, Sci-Fi","<a href=""https://www.imdb.com/title/tt0067756"" target=""_blank"">tt0067756</a>","<a href=""https://www.imdb.com/title/tt0067756"" target=""_blank"">Silent Running</a>"
"tt3139072","Son of Batman",2014,3527,6.7,32736,74,"Ethan Spaulding","Bob Kane, Grant Morrison, Andy Kubert, James Robinson, Joe R. Lansdale, Marv Wolfman, George Pérez, Gerry Conway, Don Newton","Action, Adventure, Animation","<a href=""https://www.imdb.com/title/tt3139072"" target=""_blank"">tt3139072</a>","<a href=""https://www.imdb.com/title/tt3139072"" target=""_blank"">Son of Batman</a>"
"tt0284978","Cypher",2002,3528,6.7,32609,95,"Vincenzo Natali","Brian King","Mystery, Sci-Fi, Thriller","<a href=""https://www.imdb.com/title/tt0284978"" target=""_blank"">tt0284978</a>","<a href=""https://www.imdb.com/title/tt0284978"" target=""_blank"">Cypher</a>"
"tt0089908","Return to Oz",1985,3529,6.7,32597,113,"Walter Murch","Walter Murch, Gill Dennis, L. Frank Baum","Adventure, Family, Fantasy","<a href=""https://www.imdb.com/title/tt0089908"" target=""_blank"">tt0089908</a>","<a href=""https://www.imdb.com/title/tt0089908"" target=""_blank"">Return to Oz</a>"
"tt0091557","The Mosquito Coast",1986,3530,6.6,32525,117,"Peter Weir","Paul Theroux, Paul Schrader","Adventure, Drama, Thriller","<a href=""https://www.imdb.com/title/tt0091557"" target=""_blank"">tt0091557</a>","<a href=""https://www.imdb.com/title/tt0091557"" target=""_blank"">The Mosquito Coast</a>"
"tt0842929","Paranoid Park",2007,3531,6.6,32474,85,"Gus Van Sant","Gus Van Sant, Blake Nelson","Crime, Drama, Mystery","<a href=""https://www.imdb.com/title/tt0842929"" target=""_blank"">tt0842929</a>","<a href=""https://www.imdb.com/title/tt0842929"" target=""_blank"">Paranoid Park</a>"
"tt0488085","Big Nothing",2006,3532,6.7,32435,86,"Jean-Baptiste Andrea","Jean-Baptiste Andrea, William Rosenfeld","Comedy, Crime, Thriller","<a href=""https://www.imdb.com/title/tt0488085"" target=""_blank"">tt0488085</a>","<a href=""https://www.imdb.com/title/tt0488085"" target=""_blank"">Big Nothing</a>"
"tt0841044","Two Days in Paris",2007,3533,6.7,32412,96,"Julie Delpy","Julie Delpy","Comedy, Drama, Romance","<a href=""https://www.imdb.com/title/tt0841044"" target=""_blank"">tt0841044</a>","<a href=""https://www.imdb.com/title/tt0841044"" target=""_blank"">Two Days in Paris</a>"
"tt0107501","The Man Without a Face",1993,3534,6.7,32224,115,"Mel Gibson","Isabelle Holland, Malcolm MacRury","Drama","<a href=""https://www.imdb.com/title/tt0107501"" target=""_blank"">tt0107501</a>","<a href=""https://www.imdb.com/title/tt0107501"" target=""_blank"">The Man Without a Face</a>"
"tt0110006","Heavyweights",1995,3535,6.6,32204,97,"Steven Brill","Judd Apatow, Steven Brill","Comedy, Drama, Family","<a href=""https://www.imdb.com/title/tt0110006"" target=""_blank"">tt0110006</a>","<a href=""https://www.imdb.com/title/tt0110006"" target=""_blank"">Heavyweights</a>"
"tt2452254","Clouds of Sils Maria",2014,3536,6.7,32062,124,"Olivier Assayas","Olivier Assayas","Drama","<a href=""https://www.imdb.com/title/tt2452254"" target=""_blank"">tt2452254</a>","<a href=""https://www.imdb.com/title/tt2452254"" target=""_blank"">Clouds of Sils Maria</a>"
"tt0120633","A Civil Action",1998,3537,6.6,31979,115,"Steven Zaillian","Jonathan Harr, Steven Zaillian","Biography, Drama","<a href=""https://www.imdb.com/title/tt0120633"" target=""_blank"">tt0120633</a>","<a href=""https://www.imdb.com/title/tt0120633"" target=""_blank"">A Civil Action</a>"
"tt0087909","Phenomena",1985,3538,6.7,31872,116,"Dario Argento","Dario Argento, Franco Ferrini","Crime, Horror, Mystery","<a href=""https://www.imdb.com/title/tt0087909"" target=""_blank"">tt0087909</a>","<a href=""https://www.imdb.com/title/tt0087909"" target=""_blank"">Phenomena</a>"
"tt0081562","Stir Crazy",1980,3539,6.7,31695,111,"Sidney Poitier","Bruce Jay Friedman, Charles Blackwell","Comedy, Crime","<a href=""https://www.imdb.com/title/tt0081562"" target=""_blank"">tt0081562</a>","<a href=""https://www.imdb.com/title/tt0081562"" target=""_blank"">Stir Crazy</a>"
"tt0441048","Dhoom 2",2006,3540,6.6,31581,152,"Sanjay Gadhvi","Vijay Krishna Acharya, Aditya Chopra","Action, Crime, Thriller","<a href=""https://www.imdb.com/title/tt0441048"" target=""_blank"">tt0441048</a>","<a href=""https://www.imdb.com/title/tt0441048"" target=""_blank"">Dhoom 2</a>"
"tt0094894","Colors",1988,3541,6.7,31537,120,"Dennis Hopper","Michael Schiffer, Richard Di Lello","Action, Crime, Drama","<a href=""https://www.imdb.com/title/tt0094894"" target=""_blank"">tt0094894</a>","<a href=""https://www.imdb.com/title/tt0094894"" target=""_blank"">Colors</a>"
"tt0116999","Marvin's Room",1996,3542,6.7,31127,98,"Jerry Zaks","Scott McPherson","Drama","<a href=""https://www.imdb.com/title/tt0116999"" target=""_blank"">tt0116999</a>","<a href=""https://www.imdb.com/title/tt0116999"" target=""_blank"">Marvin's Room</a>"
"tt0048960","Around the World in 80 Days",1956,3543,6.7,31027,175,"Michael Anderson, John Farrow","James Poe, John Farrow, S.J. Perelman, Jules Verne","Adventure, Comedy, Family","<a href=""https://www.imdb.com/title/tt0048960"" target=""_blank"">tt0048960</a>","<a href=""https://www.imdb.com/title/tt0048960"" target=""_blank"">Around the World in 80 Days</a>"
"tt7693316","Devotion",2022,3544,6.6,30920,139,"J.D. Dillard","Jake Crane, Jonathan Stewart, Adam Makos","Action, Biography, Drama","<a href=""https://www.imdb.com/title/tt7693316"" target=""_blank"">tt7693316</a>","<a href=""https://www.imdb.com/title/tt7693316"" target=""_blank"">Devotion</a>"
"tt0119942","Primary Colors",1998,3545,6.7,30909,143,"Mike Nichols","Joe Klein, Elaine May","Comedy, Drama","<a href=""https://www.imdb.com/title/tt0119942"" target=""_blank"">tt0119942</a>","<a href=""https://www.imdb.com/title/tt0119942"" target=""_blank"">Primary Colors</a>"
"tt0114660","Things to Do in Denver When You're Dead",1995,3546,6.7,30871,115,"Gary Fleder","Scott Rosenberg","Crime, Drama, Thriller","<a href=""https://www.imdb.com/title/tt0114660"" target=""_blank"">tt0114660</a>","<a href=""https://www.imdb.com/title/tt0114660"" target=""_blank"">Things to Do in Denver When You're Dead</a>"
"tt0113228","Grumpier Old Men",1995,3547,6.7,30869,101,"Howard Deutch","Mark Steven Johnson","Comedy, Romance","<a href=""https://www.imdb.com/title/tt0113228"" target=""_blank"">tt0113228</a>","<a href=""https://www.imdb.com/title/tt0113228"" target=""_blank"">Grumpier Old Men</a>"
"tt1481572","Happythankyoumoreplease",2010,3548,6.7,30824,100,"Josh Radnor","Josh Radnor","Comedy, Drama, Romance","<a href=""https://www.imdb.com/title/tt1481572"" target=""_blank"">tt1481572</a>","<a href=""https://www.imdb.com/title/tt1481572"" target=""_blank"">Happythankyoumoreplease</a>"
"tt0061107","Torn Curtain",1966,3549,6.6,30762,128,"Alfred Hitchcock","Brian Moore, Willis Hall, Keith Waterhouse","Drama, Romance, Thriller","<a href=""https://www.imdb.com/title/tt0061107"" target=""_blank"">tt0061107</a>","<a href=""https://www.imdb.com/title/tt0061107"" target=""_blank"">Torn Curtain</a>"
"tt0457572","Fido",2006,3550,6.7,30720,93,"Andrew Currie","Robert Chomiak, Andrew Currie, Dennis Heaton","Comedy, Drama, Horror","<a href=""https://www.imdb.com/title/tt0457572"" target=""_blank"">tt0457572</a>","<a href=""https://www.imdb.com/title/tt0457572"" target=""_blank"">Fido</a>"
"tt0325655","The Eye",2002,3551,6.6,30629,99,"Danny Pang, Oxide Chun Pang","Yuet-Jan Hui, Danny Pang, Oxide Chun Pang","Horror, Mystery, Thriller","<a href=""https://www.imdb.com/title/tt0325655"" target=""_blank"">tt0325655</a>","<a href=""https://www.imdb.com/title/tt0325655"" target=""_blank"">The Eye</a>"
"tt0085701","The Hunger",1983,3552,6.6,30602,97,"Tony Scott","James Costigan, Michael Thomas, Whitley Strieber","Drama, Horror","<a href=""https://www.imdb.com/title/tt0085701"" target=""_blank"">tt0085701</a>","<a href=""https://www.imdb.com/title/tt0085701"" target=""_blank"">The Hunger</a>"
"tt3672742","Turbo Kid",2015,3553,6.7,30579,93,"François Simard, Anouk Whissell, Yoann-Karl Whissell","Anouk Whissell, François Simard, Yoann-Karl Whissell","Action, Adventure, Comedy","<a href=""https://www.imdb.com/title/tt3672742"" target=""_blank"">tt3672742</a>","<a href=""https://www.imdb.com/title/tt3672742"" target=""_blank"">Turbo Kid</a>"
"tt1127896","Taking Woodstock",2009,3554,6.7,30433,120,"Ang Lee","James Schamus, Elliot Tiber, Tom Monte","Biography, Comedy, Drama","<a href=""https://www.imdb.com/title/tt1127896"" target=""_blank"">tt1127896</a>","<a href=""https://www.imdb.com/title/tt1127896"" target=""_blank"">Taking Woodstock</a>"
"tt1648216","Three Steps Above Heaven",2010,3555,6.7,30206,118,"Fernando González Molina","Federico Moccia, Ramón Salazar","Action, Drama, Romance","<a href=""https://www.imdb.com/title/tt1648216"" target=""_blank"">tt1648216</a>","<a href=""https://www.imdb.com/title/tt1648216"" target=""_blank"">Three Steps Above Heaven</a>"
"tt0074851","The Man Who Fell to Earth",1976,3556,6.6,30189,139,"Nicolas Roeg","Paul Mayersberg, Walter Tevis","Drama, Sci-Fi","<a href=""https://www.imdb.com/title/tt0074851"" target=""_blank"">tt0074851</a>","<a href=""https://www.imdb.com/title/tt0074851"" target=""_blank"">The Man Who Fell to Earth</a>"
"tt4572792","The Book of Henry",2017,3557,6.6,30181,105,"Colin Trevorrow","Gregg Hurwitz","Crime, Drama, Thriller","<a href=""https://www.imdb.com/title/tt4572792"" target=""_blank"">tt4572792</a>","<a href=""https://www.imdb.com/title/tt4572792"" target=""_blank"">The Book of Henry</a>"
"tt1334553","The Perfect Host",2010,3558,6.7,30066,93,"Nicholas Tomnay","Nicholas Tomnay, Krishna Jones","Comedy, Crime, Thriller","<a href=""https://www.imdb.com/title/tt1334553"" target=""_blank"">tt1334553</a>","<a href=""https://www.imdb.com/title/tt1334553"" target=""_blank"">The Perfect Host</a>"
"tt6348138","Missing Link",2019,3559,6.7,29941,93,"Chris Butler","Chris Butler","Adventure, Animation, Comedy","<a href=""https://www.imdb.com/title/tt6348138"" target=""_blank"">tt6348138</a>","<a href=""https://www.imdb.com/title/tt6348138"" target=""_blank"">Missing Link</a>"
"tt6432466","Moxie",2021,3560,6.7,29933,111,"Amy Poehler","Jennifer Mathieu, Tamara Chestna, Dylan Meyer","Comedy, Drama","<a href=""https://www.imdb.com/title/tt6432466"" target=""_blank"">tt6432466</a>","<a href=""https://www.imdb.com/title/tt6432466"" target=""_blank"">Moxie</a>"
"tt0085970","Mr. Mom",1983,3561,6.6,29830,91,"Stan Dragoti","John Hughes","Comedy, Drama","<a href=""https://www.imdb.com/title/tt0085970"" target=""_blank"">tt0085970</a>","<a href=""https://www.imdb.com/title/tt0085970"" target=""_blank"">Mr. Mom</a>"
"tt0094025","Stakeout",1987,3562,6.7,29579,117,"John Badham","Jim Kouf","Action, Comedy, Crime","<a href=""https://www.imdb.com/title/tt0094025"" target=""_blank"">tt0094025</a>","<a href=""https://www.imdb.com/title/tt0094025"" target=""_blank"">Stakeout</a>"
"tt0866437","The Jane Austen Book Club",2007,3563,6.7,29479,106,"Robin Swicord","Robin Swicord, Karen Joy Fowler","Comedy, Drama, Romance","<a href=""https://www.imdb.com/title/tt0866437"" target=""_blank"">tt0866437</a>","<a href=""https://www.imdb.com/title/tt0866437"" target=""_blank"">The Jane Austen Book Club</a>"
"tt10187208","A Boy Called Christmas",2021,3564,6.7,29467,106,"Gil Kenan","Ol Parker, Gil Kenan, Matt Haig, Surbhi Sehgal","Adventure, Drama, Family","<a href=""https://www.imdb.com/title/tt10187208"" target=""_blank"">tt10187208</a>","<a href=""https://www.imdb.com/title/tt10187208"" target=""_blank"">A Boy Called Christmas</a>"
"tt2872462","Mistress America",2015,3565,6.7,29310,84,"Noah Baumbach","Noah Baumbach, Greta Gerwig","Comedy, Drama","<a href=""https://www.imdb.com/title/tt2872462"" target=""_blank"">tt2872462</a>","<a href=""https://www.imdb.com/title/tt2872462"" target=""_blank"">Mistress America</a>"
"tt3369806","Max",2015,3566,6.6,29273,111,"Boaz Yakin","Boaz Yakin, Sheldon Lettich","Adventure, Drama, Family","<a href=""https://www.imdb.com/title/tt3369806"" target=""_blank"">tt3369806</a>","<a href=""https://www.imdb.com/title/tt3369806"" target=""_blank"">Max</a>"
"tt0134618","Mystery, Alaska",1999,3567,6.7,29134,119,"Jay Roach","David E. Kelley, Sean O'Byrne","Comedy, Drama, Sport","<a href=""https://www.imdb.com/title/tt0134618"" target=""_blank"">tt0134618</a>","<a href=""https://www.imdb.com/title/tt0134618"" target=""_blank"">Mystery, Alaska</a>"
"tt0093137","Hamburger Hill",1987,3568,6.7,29118,110,"John Irvin","James Carabatsos","Action, Drama, Thriller","<a href=""https://www.imdb.com/title/tt0093137"" target=""_blank"">tt0093137</a>","<a href=""https://www.imdb.com/title/tt0093137"" target=""_blank"">Hamburger Hill</a>"
"tt1742336","Your Sister's Sister",2011,3569,6.7,28887,90,"Lynn Shelton","Lynn Shelton","Comedy, Drama, Romance","<a href=""https://www.imdb.com/title/tt1742336"" target=""_blank"">tt1742336</a>","<a href=""https://www.imdb.com/title/tt1742336"" target=""_blank"">Your Sister's Sister</a>"
"tt11897478","The Stranger",2022,3570,6.6,28816,117,"Thomas M. Wright","Thomas M. Wright, Kate Kyriacou","Crime, Drama, Thriller","<a href=""https://www.imdb.com/title/tt11897478"" target=""_blank"">tt11897478</a>","<a href=""https://www.imdb.com/title/tt11897478"" target=""_blank"">The Stranger</a>"
"tt0080736","The Final Countdown",1980,3571,6.7,28761,103,"Don Taylor","Thomas Hunter, Peter Powell, David Ambrose, Gerry Davis","Action, Adventure, Sci-Fi","<a href=""https://www.imdb.com/title/tt0080736"" target=""_blank"">tt0080736</a>","<a href=""https://www.imdb.com/title/tt0080736"" target=""_blank"">The Final Countdown</a>"
"tt0089869","The Quiet Earth",1985,3572,6.7,28677,91,"Geoff Murphy","Craig Harrison, Bill Baer, Bruno Lawrence, Sam Pillsbury","Drama, Mystery, Sci-Fi","<a href=""https://www.imdb.com/title/tt0089869"" target=""_blank"">tt0089869</a>","<a href=""https://www.imdb.com/title/tt0089869"" target=""_blank"">The Quiet Earth</a>"
"tt0829459","A Mighty Heart",2007,3573,6.6,28564,108,"Michael Winterbottom","John Orloff, Mariane Pearl","Biography, Drama, History","<a href=""https://www.imdb.com/title/tt0829459"" target=""_blank"">tt0829459</a>","<a href=""https://www.imdb.com/title/tt0829459"" target=""_blank"">A Mighty Heart</a>"
"tt0089013","Demons",1985,3574,6.6,28481,88,"Lamberto Bava","Dardano Sacchetti, Dario Argento, Lamberto Bava, Franco Ferrini","Horror","<a href=""https://www.imdb.com/title/tt0089013"" target=""_blank"">tt0089013</a>","<a href=""https://www.imdb.com/title/tt0089013"" target=""_blank"">Demons</a>"
"tt6823148","Benedetta",2021,3575,6.7,28180,131,"Paul Verhoeven","David Birke, Paul Verhoeven, Judith C. Brown, Pascal Bonitzer, Gerard Soeteman","Biography, Drama, Romance","<a href=""https://www.imdb.com/title/tt6823148"" target=""_blank"">tt6823148</a>","<a href=""https://www.imdb.com/title/tt6823148"" target=""_blank"">Benedetta</a>"
"tt1465487","Heartbreaker",2010,3576,6.7,28112,105,"Pascal Chaumeil","Laurent Zeitoun, Jeremy Doner, Yoann Gromb","Comedy, Romance","<a href=""https://www.imdb.com/title/tt1465487"" target=""_blank"">tt1465487</a>","<a href=""https://www.imdb.com/title/tt1465487"" target=""_blank"">Heartbreaker</a>"
"tt1379177","The Disappearance of Alice Creed",2009,3577,6.7,28104,100,"J Blakeson","J Blakeson","Crime, Thriller","<a href=""https://www.imdb.com/title/tt1379177"" target=""_blank"">tt1379177</a>","<a href=""https://www.imdb.com/title/tt1379177"" target=""_blank"">The Disappearance of Alice Creed</a>"
"tt24458622","The Six Triple Eight",2024,3578,6.7,27931,127,"Tyler Perry","Kevin Hymel, Tyler Perry","Drama, History, War","<a href=""https://www.imdb.com/title/tt24458622"" target=""_blank"">tt24458622</a>","<a href=""https://www.imdb.com/title/tt24458622"" target=""_blank"">The Six Triple Eight</a>"
"tt14099334","Bhediya",2022,3579,6.7,27912,156,"Amar Kaushik","Niren Bhatt","Comedy, Horror, Thriller","<a href=""https://www.imdb.com/title/tt14099334"" target=""_blank"">tt14099334</a>","<a href=""https://www.imdb.com/title/tt14099334"" target=""_blank"">Bhediya</a>"
"tt0089841","Prizzi's Honor",1985,3580,6.7,27848,130,"John Huston","Richard Condon, Janet Roach","Comedy, Crime, Drama","<a href=""https://www.imdb.com/title/tt0089841"" target=""_blank"">tt0089841</a>","<a href=""https://www.imdb.com/title/tt0089841"" target=""_blank"">Prizzi's Honor</a>"
"tt10083640","Bhoot Police",2021,3581,6.7,27768,129,"Pavan Kirpalani","Pavan Kirpalani, Pooja Ladha Surti, Sumit Batheja, Anuvab Pal, Devashish Makhija","Comedy, Horror","<a href=""https://www.imdb.com/title/tt10083640"" target=""_blank"">tt10083640</a>","<a href=""https://www.imdb.com/title/tt10083640"" target=""_blank"">Bhoot Police</a>"
"tt0091630","Night of the Creeps",1986,3582,6.7,27709,88,"Fred Dekker","Fred Dekker","Comedy, Horror, Sci-Fi","<a href=""https://www.imdb.com/title/tt0091630"" target=""_blank"">tt0091630</a>","<a href=""https://www.imdb.com/title/tt0091630"" target=""_blank"">Night of the Creeps</a>"
"tt0780516","Flawless",2007,3583,6.7,27583,108,"Michael Radford","Edward Anderson","Crime, Drama, Thriller","<a href=""https://www.imdb.com/title/tt0780516"" target=""_blank"">tt0780516</a>","<a href=""https://www.imdb.com/title/tt0780516"" target=""_blank"">Flawless</a>"
"tt1084972","Wanted",2009,3584,6.6,27485,147,"Prabhu Deva","Sunil Kumar Agrawal, Shabbir Ahmed, Shiraz Ahmed, Wajid Ali, Arun Bhairav, Puri Jagannadh, Rebel Ravi, Jalees Sherwani","Action, Thriller","<a href=""https://www.imdb.com/title/tt1084972"" target=""_blank"">tt1084972</a>","<a href=""https://www.imdb.com/title/tt1084972"" target=""_blank"">Wanted</a>"
"tt0114608","Tales from the Crypt: Demon Knight",1995,3585,6.7,27441,92,"Ernest R. Dickerson","Ethan Reiff, Cyrus Voris, Mark Bishop","Action, Fantasy, Horror","<a href=""https://www.imdb.com/title/tt0114608"" target=""_blank"">tt0114608</a>","<a href=""https://www.imdb.com/title/tt0114608"" target=""_blank"">Tales from the Crypt: Demon Knight</a>"
"tt5437928","Colette",2018,3586,6.7,27389,111,"Wash Westmoreland","Richard Glatzer, Wash Westmoreland, Rebecca Lenkiewicz","Biography, Drama, History","<a href=""https://www.imdb.com/title/tt5437928"" target=""_blank"">tt5437928</a>","<a href=""https://www.imdb.com/title/tt5437928"" target=""_blank"">Colette</a>"
"tt27196021","Small Things Like These",2024,3587,6.7,27285,98,"Tim Mielants","Enda Walsh, Claire Keegan","Drama, History","<a href=""https://www.imdb.com/title/tt27196021"" target=""_blank"">tt27196021</a>","<a href=""https://www.imdb.com/title/tt27196021"" target=""_blank"">Small Things Like These</a>"
"tt0446046","Take the Lead",2006,3588,6.6,27139,118,"Liz Friedlander","Dianne Houston","Drama, Music","<a href=""https://www.imdb.com/title/tt0446046"" target=""_blank"">tt0446046</a>","<a href=""https://www.imdb.com/title/tt0446046"" target=""_blank"">Take the Lead</a>"
"tt0494222","Eagle vs Shark",2007,3589,6.7,27103,88,"Taika Waititi","Loren Taylor, Taika Waititi","Comedy, Romance","<a href=""https://www.imdb.com/title/tt0494222"" target=""_blank"">tt0494222</a>","<a href=""https://www.imdb.com/title/tt0494222"" target=""_blank"">Eagle vs Shark</a>"
"tt6257174","The Miseducation of Cameron Post",2018,3590,6.6,26895,91,"Desiree Akhavan","Desiree Akhavan, Cecilia Frugiuele, Emily M. Danforth","Comedy, Drama","<a href=""https://www.imdb.com/title/tt6257174"" target=""_blank"">tt6257174</a>","<a href=""https://www.imdb.com/title/tt6257174"" target=""_blank"">The Miseducation of Cameron Post</a>"
"tt0082934","The Postman Always Rings Twice",1981,3591,6.6,26891,122,"Bob Rafelson","David Mamet, James M. Cain","Crime, Drama, Romance","<a href=""https://www.imdb.com/title/tt0082934"" target=""_blank"">tt0082934</a>","<a href=""https://www.imdb.com/title/tt0082934"" target=""_blank"">The Postman Always Rings Twice</a>"
"tt24068064","Reality",2023,3592,6.7,26786,83,"Tina Satter","Tina Satter, James Paul Dallas","Drama","<a href=""https://www.imdb.com/title/tt24068064"" target=""_blank"">tt24068064</a>","<a href=""https://www.imdb.com/title/tt24068064"" target=""_blank"">Reality</a>"
"tt0082307","The Beyond",1981,3593,6.6,26783,87,"Lucio Fulci","Dardano Sacchetti, Giorgio Mariuzzo, Lucio Fulci, H.P. Lovecraft, Clark Ashton Smith","Horror","<a href=""https://www.imdb.com/title/tt0082307"" target=""_blank"">tt0082307</a>","<a href=""https://www.imdb.com/title/tt0082307"" target=""_blank"">The Beyond</a>"
"tt2910274","Obvious Child",2014,3594,6.7,26775,84,"Gillian Robespierre","Gillian Robespierre, Karen Maine, Elisabeth Holm, Anna Bean","Comedy, Drama, Romance","<a href=""https://www.imdb.com/title/tt2910274"" target=""_blank"">tt2910274</a>","<a href=""https://www.imdb.com/title/tt2910274"" target=""_blank"">Obvious Child</a>"
"tt5112578","Super Dark Times",2017,3595,6.6,26571,103,"Kevin Phillips","Ben Collins, Luke Piotrowski","Crime, Drama, Horror","<a href=""https://www.imdb.com/title/tt5112578"" target=""_blank"">tt5112578</a>","<a href=""https://www.imdb.com/title/tt5112578"" target=""_blank"">Super Dark Times</a>"
"tt0103112","Toy Soldiers",1991,3596,6.6,26521,111,"Daniel Petrie Jr.","William P. Kennedy, Daniel Petrie Jr., David Koepp","Action, Drama, Thriller","<a href=""https://www.imdb.com/title/tt0103112"" target=""_blank"">tt0103112</a>","<a href=""https://www.imdb.com/title/tt0103112"" target=""_blank"">Toy Soldiers</a>"
"tt0118158","White Squall",1996,3597,6.6,26516,129,"Ridley Scott","Charles Gieg Jr., Felix Sutton, Todd Robinson","Adventure, Drama","<a href=""https://www.imdb.com/title/tt0118158"" target=""_blank"">tt0118158</a>","<a href=""https://www.imdb.com/title/tt0118158"" target=""_blank"">White Squall</a>"
"tt0455782","The Hunting Party",2007,3598,6.7,26499,101,"Richard Shepard","Richard Shepard, Scott Anderson","Adventure, Comedy, Drama","<a href=""https://www.imdb.com/title/tt0455782"" target=""_blank"">tt0455782</a>","<a href=""https://www.imdb.com/title/tt0455782"" target=""_blank"">The Hunting Party</a>"
"tt0437857","Behind the Mask: The Rise of Leslie Vernon",2006,3599,6.6,26457,92,"Scott Glosserman","Scott Glosserman, David J. Stieve","Comedy, Horror, Thriller","<a href=""https://www.imdb.com/title/tt0437857"" target=""_blank"">tt0437857</a>","<a href=""https://www.imdb.com/title/tt0437857"" target=""_blank"">Behind the Mask: The Rise of Leslie Vernon</a>"
"tt0118531","One Eight Seven",1997,3600,6.6,26300,119,"Kevin Reynolds","Scott Yagemann","Drama, Thriller","<a href=""https://www.imdb.com/title/tt0118531"" target=""_blank"">tt0118531</a>","<a href=""https://www.imdb.com/title/tt0118531"" target=""_blank"">One Eight Seven</a>"
"tt0283084","Tuck Everlasting",2002,3601,6.6,26245,90,"Jay Russell","Natalie Babbitt, Jeffrey Lieber, James V. Hart","Drama, Family, Fantasy","<a href=""https://www.imdb.com/title/tt0283084"" target=""_blank"">tt0283084</a>","<a href=""https://www.imdb.com/title/tt0283084"" target=""_blank"">Tuck Everlasting</a>"
"tt14402146","Empire of Light",2022,3602,6.7,26240,115,"Sam Mendes","Sam Mendes","Drama, Romance","<a href=""https://www.imdb.com/title/tt14402146"" target=""_blank"">tt14402146</a>","<a href=""https://www.imdb.com/title/tt14402146"" target=""_blank"">Empire of Light</a>"
"tt9260636","Bigil",2019,3603,6.7,26235,179,"Atlee","Atlee, Ramanagirivasan, Shanoor Mirza","Action, Drama, Sport","<a href=""https://www.imdb.com/title/tt9260636"" target=""_blank"">tt9260636</a>","<a href=""https://www.imdb.com/title/tt9260636"" target=""_blank"">Bigil</a>"
"tt0088194","Streets of Fire",1984,3604,6.7,26191,93,"Walter Hill","Walter Hill, Larry Gross","Action, Crime, Drama","<a href=""https://www.imdb.com/title/tt0088194"" target=""_blank"">tt0088194</a>","<a href=""https://www.imdb.com/title/tt0088194"" target=""_blank"">Streets of Fire</a>"
"tt0477095","Starter for 10",2006,3605,6.7,26179,92,"Tom Vaughan","David Nicholls","Comedy, Drama, Romance","<a href=""https://www.imdb.com/title/tt0477095"" target=""_blank"">tt0477095</a>","<a href=""https://www.imdb.com/title/tt0477095"" target=""_blank"">Starter for 10</a>"
"tt1602098","Albert Nobbs",2011,3606,6.7,26130,113,"Rodrigo García","Gabriella Prekop, John Banville, Glenn Close, George Moore, István Szabó","Drama, Romance","<a href=""https://www.imdb.com/title/tt1602098"" target=""_blank"">tt1602098</a>","<a href=""https://www.imdb.com/title/tt1602098"" target=""_blank"">Albert Nobbs</a>"
"tt12193804","Whitney Houston: I Wanna Dance with Somebody",2022,3607,6.6,25882,144,"Kasi Lemmons","Anthony McCarten","Biography, Drama, Music","<a href=""https://www.imdb.com/title/tt12193804"" target=""_blank"">tt12193804</a>","<a href=""https://www.imdb.com/title/tt12193804"" target=""_blank"">Whitney Houston: I Wanna Dance with Somebody</a>"
"tt14369780","Lady Chatterley's Lover",2022,3608,6.6,25739,126,"Laure de Clermont-Tonnerre","David Magee, D.H. Lawrence","Drama, Romance","<a href=""https://www.imdb.com/title/tt14369780"" target=""_blank"">tt14369780</a>","<a href=""https://www.imdb.com/title/tt14369780"" target=""_blank"">Lady Chatterley's Lover</a>"
"tt0080716","Fame",1980,3609,6.6,25658,134,"Alan Parker","Christopher Gore","Drama, Music, Musical","<a href=""https://www.imdb.com/title/tt0080716"" target=""_blank"">tt0080716</a>","<a href=""https://www.imdb.com/title/tt0080716"" target=""_blank"">Fame</a>"
"tt0831884","Reservation Road",2007,3610,6.6,25635,102,"Terry George","John Burnham Schwartz, Terry George","Crime, Drama, Thriller","<a href=""https://www.imdb.com/title/tt0831884"" target=""_blank"">tt0831884</a>","<a href=""https://www.imdb.com/title/tt0831884"" target=""_blank"">Reservation Road</a>"
"tt5607096","Juliet, Naked",2018,3611,6.6,25616,97,"Jesse Peretz","Evgenia Peretz, Jim Taylor, Tamara Jenkins, Nick Hornby","Comedy, Drama, Music","<a href=""https://www.imdb.com/title/tt5607096"" target=""_blank"">tt5607096</a>","<a href=""https://www.imdb.com/title/tt5607096"" target=""_blank"">Juliet, Naked</a>"
"tt27012110","Gaslight",2023,3612,6.5,25614,111,"Pavan Kirpalani","Neha Sharma, Pavan Kirpalani, Ameet Mehta","Crime, Horror, Mystery","<a href=""https://www.imdb.com/title/tt27012110"" target=""_blank"">tt27012110</a>","<a href=""https://www.imdb.com/title/tt27012110"" target=""_blank"">Gaslight</a>"
"tt3704700","Brain on Fire",2016,3613,6.6,25579,88,"Gerard Barrett","Gerard Barrett, Susannah Cahalan","Biography, Drama","<a href=""https://www.imdb.com/title/tt3704700"" target=""_blank"">tt3704700</a>","<a href=""https://www.imdb.com/title/tt3704700"" target=""_blank"">Brain on Fire</a>"
"tt0104427","Hoffa",1992,3614,6.6,25577,140,"Danny DeVito","David Mamet","Biography, Crime, Drama","<a href=""https://www.imdb.com/title/tt0104427"" target=""_blank"">tt0104427</a>","<a href=""https://www.imdb.com/title/tt0104427"" target=""_blank"">Hoffa</a>"
"tt0087957","Purple Rain",1984,3615,6.5,25536,111,"Albert Magnoli","Albert Magnoli, William Blinn","Drama, Music, Romance","<a href=""https://www.imdb.com/title/tt0087957"" target=""_blank"">tt0087957</a>","<a href=""https://www.imdb.com/title/tt0087957"" target=""_blank"">Purple Rain</a>"
"tt0051658","Gigi",1958,3616,6.6,25519,115,"Vincente Minnelli, Charles Walters","Alan Jay Lerner, Colette, Niven Busch","Comedy, Musical, Romance","<a href=""https://www.imdb.com/title/tt0051658"" target=""_blank"">tt0051658</a>","<a href=""https://www.imdb.com/title/tt0051658"" target=""_blank"">Gigi</a>"
"tt7983894","Ammonite",2020,3617,6.5,25414,117,"Francis Lee","Francis Lee","Drama, History, Romance","<a href=""https://www.imdb.com/title/tt7983894"" target=""_blank"">tt7983894</a>","<a href=""https://www.imdb.com/title/tt7983894"" target=""_blank"">Ammonite</a>"
"tt10192406","Causeway",2022,3618,6.6,25413,94,"Lila Neugebauer","Ottessa Moshfegh, Luke Goebel, Elizabeth Sanders","Drama","<a href=""https://www.imdb.com/title/tt10192406"" target=""_blank"">tt10192406</a>","<a href=""https://www.imdb.com/title/tt10192406"" target=""_blank"">Causeway</a>"
"tt0080923","Inferno",1980,3619,6.5,25388,106,"Dario Argento","Dario Argento, Dardano Sacchetti, Thomas De Quincey, Daria Nicolodi","Horror","<a href=""https://www.imdb.com/title/tt0080923"" target=""_blank"">tt0080923</a>","<a href=""https://www.imdb.com/title/tt0080923"" target=""_blank"">Inferno</a>"
"tt8633464","After Yang",2021,3620,6.6,25028,96,"Kogonada","Alexander Weinstein, Kogonada","Drama, Sci-Fi","<a href=""https://www.imdb.com/title/tt8633464"" target=""_blank"">tt8633464</a>","<a href=""https://www.imdb.com/title/tt8633464"" target=""_blank"">After Yang</a>"
"tt1517268","Barbie",2023,3621,6.8,613642,114,"Greta Gerwig","Greta Gerwig, Noah Baumbach","Adventure, Comedy, Fantasy","<a href=""https://www.imdb.com/title/tt1517268"" target=""_blank"">tt1517268</a>","<a href=""https://www.imdb.com/title/tt1517268"" target=""_blank"">Barbie</a>"
"tt1477834","Aquaman",2018,3622,6.8,539576,143,"James Wan","David Leslie Johnson-McGoldrick, Will Beall, Geoff Johns, James Wan, Paul Norris, Mort Weisinger","Action, Adventure, Fantasy","<a href=""https://www.imdb.com/title/tt1477834"" target=""_blank"">tt1477834</a>","<a href=""https://www.imdb.com/title/tt1477834"" target=""_blank"">Aquaman</a>"
"tt1790864","The Maze Runner",2014,3623,6.8,538939,113,"Wes Ball","Noah Oppenheim, Grant Pierce Myers, T.S. Nowlin, James Dashner","Action, Mystery, Sci-Fi","<a href=""https://www.imdb.com/title/tt1790864"" target=""_blank"">tt1790864</a>","<a href=""https://www.imdb.com/title/tt1790864"" target=""_blank"">The Maze Runner</a>"
"tt2379713","Spectre",2015,3624,6.8,482176,148,"Sam Mendes","John Logan, Neal Purvis, Robert Wade, Jez Butterworth, Ian Fleming","Action, Adventure, Thriller","<a href=""https://www.imdb.com/title/tt2379713"" target=""_blank"">tt2379713</a>","<a href=""https://www.imdb.com/title/tt2379713"" target=""_blank"">Spectre</a>"
"tt3385516","X-Men: Apocalypse",2016,3625,6.8,480836,144,"Bryan Singer","Simon Kinberg, Bryan Singer, Michael Dougherty, Dan Harris, Jack Kirby, Stan Lee","Action, Adventure, Sci-Fi","<a href=""https://www.imdb.com/title/tt3385516"" target=""_blank"">tt3385516</a>","<a href=""https://www.imdb.com/title/tt3385516"" target=""_blank"">X-Men: Apocalypse</a>"
"tt0315327","Bruce Almighty",2003,3626,6.8,454763,101,"Tom Shadyac","Steve Koren, Mark O'Keefe, Steve Oedekerk","Comedy, Fantasy","<a href=""https://www.imdb.com/title/tt0315327"" target=""_blank"">tt0315327</a>","<a href=""https://www.imdb.com/title/tt0315327"" target=""_blank"">Bruce Almighty</a>"
"tt0232500","The Fast and the Furious",2001,3627,6.8,440011,106,"Rob Cohen","Ken Li, Gary Scott Thompson, Erik Bergquist, David Ayer","Action, Crime, Thriller","<a href=""https://www.imdb.com/title/tt0232500"" target=""_blank"">tt0232500</a>","<a href=""https://www.imdb.com/title/tt0232500"" target=""_blank"">The Fast and the Furious</a>"
"tt0286106","Signs",2002,3628,6.8,402418,106,"M. Night Shyamalan","M. Night Shyamalan","Drama, Mystery, Sci-Fi","<a href=""https://www.imdb.com/title/tt0286106"" target=""_blank"">tt0286106</a>","<a href=""https://www.imdb.com/title/tt0286106"" target=""_blank"">Signs</a>"
"tt1409024","Men in Black³",2012,3629,6.8,401883,106,"Barry Sonnenfeld","Etan Cohen, Lowell Cunningham","Action, Adventure, Comedy","<a href=""https://www.imdb.com/title/tt1409024"" target=""_blank"">tt1409024</a>","<a href=""https://www.imdb.com/title/tt1409024"" target=""_blank"">Men in Black³</a>"
"tt0343660","50 First Dates",2004,3630,6.8,400568,99,"Peter Segal","George Wing","Comedy, Drama, Romance","<a href=""https://www.imdb.com/title/tt0343660"" target=""_blank"">tt0343660</a>","<a href=""https://www.imdb.com/title/tt0343660"" target=""_blank"">50 First Dates</a>"
"tt1068680","Yes Man",2008,3631,6.8,396080,104,"Peyton Reed","Nicholas Stoller, Jarrad Paul, Andrew Mogel, Danny Wallace","Comedy, Romance","<a href=""https://www.imdb.com/title/tt1068680"" target=""_blank"">tt1068680</a>","<a href=""https://www.imdb.com/title/tt1068680"" target=""_blank"">Yes Man</a>"
"tt1041829","The Proposal",2009,3632,6.8,382501,108,"Anne Fletcher","Peter Chiarelli","Comedy, Drama, Romance","<a href=""https://www.imdb.com/title/tt1041829"" target=""_blank"">tt1041829</a>","<a href=""https://www.imdb.com/title/tt1041829"" target=""_blank"">The Proposal</a>"
"tt2798920","Annihilation",2018,3633,6.8,381649,115,"Alex Garland","Alex Garland, Jeff VanderMeer","Adventure, Drama, Horror","<a href=""https://www.imdb.com/title/tt2798920"" target=""_blank"">tt2798920</a>","<a href=""https://www.imdb.com/title/tt2798920"" target=""_blank"">Annihilation</a>"
"tt6857112","Us",2019,3634,6.8,370160,116,"Jordan Peele","Jordan Peele","Horror, Mystery, Thriller","<a href=""https://www.imdb.com/title/tt6857112"" target=""_blank"">tt6857112</a>","<a href=""https://www.imdb.com/title/tt6857112"" target=""_blank"">Us</a>"
"tt1104001","Tron: Legacy",2010,3635,6.8,368600,125,"Joseph Kosinski","Edward Kitsis, Adam Horowitz, Brian Klugman, Lee Sternthal, Steven Lisberger, Bonnie MacBird","Action, Adventure, Sci-Fi","<a href=""https://www.imdb.com/title/tt1104001"" target=""_blank"">tt1104001</a>","<a href=""https://www.imdb.com/title/tt1104001"" target=""_blank"">Tron: Legacy</a>"
"tt1591095","Insidious",2010,3636,6.8,354691,103,"James Wan","Leigh Whannell","Horror, Mystery, Thriller","<a href=""https://www.imdb.com/title/tt1591095"" target=""_blank"">tt1591095</a>","<a href=""https://www.imdb.com/title/tt1591095"" target=""_blank"">Insidious</a>"
"tt1037705","The Book of Eli",2010,3637,6.8,352630,118,"Albert Hughes, Allen Hughes","Gary Whitta","Action, Adventure, Drama","<a href=""https://www.imdb.com/title/tt1037705"" target=""_blank"">tt1037705</a>","<a href=""https://www.imdb.com/title/tt1037705"" target=""_blank"">The Book of Eli</a>"
"tt0399201","The Island",2005,3638,6.8,335015,136,"Michael Bay","Caspian Tredwell-Owen, Alex Kurtzman, Roberto Orci","Action, Sci-Fi, Thriller","<a href=""https://www.imdb.com/title/tt0399201"" target=""_blank"">tt0399201</a>","<a href=""https://www.imdb.com/title/tt0399201"" target=""_blank"">The Island</a>"
"tt0293662","The Transporter",2002,3639,6.8,331516,92,"Louis Leterrier, Corey Yuen","Luc Besson, Robert Mark Kamen","Action, Crime, Thriller","<a href=""https://www.imdb.com/title/tt0293662"" target=""_blank"">tt0293662</a>","<a href=""https://www.imdb.com/title/tt0293662"" target=""_blank"">The Transporter</a>"
"tt1598778","Contagion",2011,3640,6.8,325219,106,"Steven Soderbergh","Scott Z. Burns","Drama, Thriller","<a href=""https://www.imdb.com/title/tt1598778"" target=""_blank"">tt1598778</a>","<a href=""https://www.imdb.com/title/tt1598778"" target=""_blank"">Contagion</a>"
"tt1478338","Bridesmaids",2011,3641,6.8,317906,125,"Paul Feig","Kristen Wiig, Annie Mumolo","Comedy","<a href=""https://www.imdb.com/title/tt1478338"" target=""_blank"">tt1478338</a>","<a href=""https://www.imdb.com/title/tt1478338"" target=""_blank"">Bridesmaids</a>"
"tt0438097","Ice Age: The Meltdown",2006,3642,6.8,308986,91,"Carlos Saldanha","Peter Gaulke, Gerry Swallow, Jim Hecht, Michael J. Wilson","Adventure, Animation, Comedy","<a href=""https://www.imdb.com/title/tt0438097"" target=""_blank"">tt0438097</a>","<a href=""https://www.imdb.com/title/tt0438097"" target=""_blank"">Ice Age: The Meltdown</a>"
"tt0258000","Panic Room",2002,3643,6.8,307832,112,"David Fincher","David Koepp","Crime, Drama, Thriller","<a href=""https://www.imdb.com/title/tt0258000"" target=""_blank"">tt0258000</a>","<a href=""https://www.imdb.com/title/tt0258000"" target=""_blank"">Panic Room</a>"
"tt0112442","Bad Boys",1995,3644,6.8,306701,119,"Michael Bay","George Gallo, Michael Barrie, Jim Mulholland, Doug Richardson","Action, Comedy, Crime","<a href=""https://www.imdb.com/title/tt0112442"" target=""_blank"">tt0112442</a>","<a href=""https://www.imdb.com/title/tt0112442"" target=""_blank"">Bad Boys</a>"
"tt0212985","Hannibal",2001,3645,6.8,305800,131,"Ridley Scott","Thomas Harris, David Mamet, Steven Zaillian","Crime, Drama, Thriller","<a href=""https://www.imdb.com/title/tt0212985"" target=""_blank"">tt0212985</a>","<a href=""https://www.imdb.com/title/tt0212985"" target=""_blank"">Hannibal</a>"
"tt0450385","1408",2007,3646,6.8,305730,104,"Mikael Håfström","Matt Greenberg, Scott Alexander, Larry Karaszewski, Stephen King","Fantasy, Horror, Mystery","<a href=""https://www.imdb.com/title/tt0450385"" target=""_blank"">tt0450385</a>","<a href=""https://www.imdb.com/title/tt0450385"" target=""_blank"">1408</a>"
"tt10954984","Nope",2022,3647,6.8,301399,130,"Jordan Peele","Jordan Peele","Horror, Mystery, Sci-Fi","<a href=""https://www.imdb.com/title/tt10954984"" target=""_blank"">tt10954984</a>","<a href=""https://www.imdb.com/title/tt10954984"" target=""_blank"">Nope</a>"
"tt1922777","Sinister",2012,3648,6.8,301081,110,"Scott Derrickson","Scott Derrickson, C. Robert Cargill","Horror, Mystery, Thriller","<a href=""https://www.imdb.com/title/tt1922777"" target=""_blank"">tt1922777</a>","<a href=""https://www.imdb.com/title/tt1922777"" target=""_blank"">Sinister</a>"
"tt3235888","It Follows",2014,3649,6.8,288310,100,"David Robert Mitchell","David Robert Mitchell","Horror, Mystery, Thriller","<a href=""https://www.imdb.com/title/tt3235888"" target=""_blank"">tt3235888</a>","<a href=""https://www.imdb.com/title/tt3235888"" target=""_blank"">It Follows</a>"
"tt6105098","The Lion King",2019,3650,6.8,284365,118,"Jon Favreau","Jeff Nathanson, Irene Mecchi, Jonathan Roberts, Linda Woolverton","Adventure, Animation, Drama","<a href=""https://www.imdb.com/title/tt6105098"" target=""_blank"">tt6105098</a>","<a href=""https://www.imdb.com/title/tt6105098"" target=""_blank"">The Lion King</a>"
"tt0102057","Hook",1991,3651,6.8,283381,142,"Steven Spielberg","J.M. Barrie, James V. Hart, Nick Castle, Malia Scotch Marmo","Adventure, Comedy, Family","<a href=""https://www.imdb.com/title/tt0102057"" target=""_blank"">tt0102057</a>","<a href=""https://www.imdb.com/title/tt0102057"" target=""_blank"">Hook</a>"
"tt8936646","Extraction",2020,3652,6.8,279931,116,"Sam Hargrave","Joe Russo, Ande Parks, Anthony Russo, Fernando León González","Action, Crime, Thriller","<a href=""https://www.imdb.com/title/tt8936646"" target=""_blank"">tt8936646</a>","<a href=""https://www.imdb.com/title/tt8936646"" target=""_blank"">Extraction</a>"
"tt0243155","Bridget Jones's Diary",2001,3653,6.8,279119,97,"Sharon Maguire","Helen Fielding, Andrew Davies, Richard Curtis","Comedy, Drama, Romance","<a href=""https://www.imdb.com/title/tt0243155"" target=""_blank"">tt0243155</a>","<a href=""https://www.imdb.com/title/tt0243155"" target=""_blank"">Bridget Jones's Diary</a>"
"tt1823672","Chappie",2015,3654,6.8,278576,120,"Neill Blomkamp","Neill Blomkamp, Terri Tatchell","Action, Crime, Drama","<a href=""https://www.imdb.com/title/tt1823672"" target=""_blank"">tt1823672</a>","<a href=""https://www.imdb.com/title/tt1823672"" target=""_blank"">Chappie</a>"
"tt0478087","21",2008,3655,6.8,275069,123,"Robert Luketic","Peter Steinfeld, Allan Loeb, Ben Mezrich","Crime, Drama, Thriller","<a href=""https://www.imdb.com/title/tt0478087"" target=""_blank"">tt0478087</a>","<a href=""https://www.imdb.com/title/tt0478087"" target=""_blank"">21</a>"
"tt1401152","Unknown",2011,3656,6.8,273639,113,"Jaume Collet-Serra","Oliver Butcher, Stephen Cornwell, Didier Van Cauwelaert","Action, Mystery, Thriller","<a href=""https://www.imdb.com/title/tt1401152"" target=""_blank"">tt1401152</a>","<a href=""https://www.imdb.com/title/tt1401152"" target=""_blank"">Unknown</a>"
"tt0486822","Disturbia",2007,3657,6.8,266328,105,"D.J. Caruso","Christopher Landon, Carl Ellsworth","Crime, Drama, Mystery","<a href=""https://www.imdb.com/title/tt0486822"" target=""_blank"">tt0486822</a>","<a href=""https://www.imdb.com/title/tt0486822"" target=""_blank"">Disturbia</a>"
"tt2321549","The Babadook",2014,3658,6.8,262054,94,"Jennifer Kent","Jennifer Kent","Drama, Horror, Mystery","<a href=""https://www.imdb.com/title/tt2321549"" target=""_blank"">tt2321549</a>","<a href=""https://www.imdb.com/title/tt2321549"" target=""_blank"">The Babadook</a>"
"tt1289401","Ghostbusters",2016,3659,6.8,253726,117,"Paul Feig","Katie Dippold, Paul Feig, Ivan Reitman, Dan Aykroyd, Harold Ramis","Action, Comedy, Fantasy","<a href=""https://www.imdb.com/title/tt1289401"" target=""_blank"">tt1289401</a>","<a href=""https://www.imdb.com/title/tt1289401"" target=""_blank"">Ghostbusters</a>"
"tt1588173","Warm Bodies",2013,3660,6.8,250656,98,"Jonathan Levine","Isaac Marion, Jonathan Levine","Comedy, Horror, Romance","<a href=""https://www.imdb.com/title/tt1588173"" target=""_blank"">tt1588173</a>","<a href=""https://www.imdb.com/title/tt1588173"" target=""_blank"">Warm Bodies</a>"
"tt0430922","Role Models",2008,3661,6.8,246212,99,"David Wain","Timothy Dowling, William Blake Herron, Paul Rudd, David Wain, Ken Marino","Comedy","<a href=""https://www.imdb.com/title/tt0430922"" target=""_blank"">tt0430922</a>","<a href=""https://www.imdb.com/title/tt0430922"" target=""_blank"">Role Models</a>"
"tt0397892","Bolt",2008,3662,6.8,239870,96,"Byron Howard, Chris Williams","Dan Fogelman, Chris Williams","Adventure, Animation, Comedy","<a href=""https://www.imdb.com/title/tt0397892"" target=""_blank"">tt0397892</a>","<a href=""https://www.imdb.com/title/tt0397892"" target=""_blank"">Bolt</a>"
"tt0079501","Mad Max",1979,3663,6.8,239406,88,"George Miller","James McCausland, George Miller, Byron Kennedy","Action, Adventure, Sci-Fi","<a href=""https://www.imdb.com/title/tt0079501"" target=""_blank"">tt0079501</a>","<a href=""https://www.imdb.com/title/tt0079501"" target=""_blank"">Mad Max</a>"
"tt1605630","American Reunion",2012,3664,6.7,229860,113,"Jon Hurwitz, Hayden Schlossberg","Jon Hurwitz, Hayden Schlossberg, Adam Herz","Comedy","<a href=""https://www.imdb.com/title/tt1605630"" target=""_blank"">tt1605630</a>","<a href=""https://www.imdb.com/title/tt1605630"" target=""_blank"">American Reunion</a>"
"tt1684562","The Fall Guy",2024,3665,6.8,227340,126,"David Leitch","Glen A. Larson, Drew Pearce","Action, Comedy, Drama","<a href=""https://www.imdb.com/title/tt1684562"" target=""_blank"">tt1684562</a>","<a href=""https://www.imdb.com/title/tt1684562"" target=""_blank"">The Fall Guy</a>"
"tt0339291","A Series of Unfortunate Events",2004,3666,6.8,226987,108,"Brad Silberling","Robert Gordon, Daniel Handler","Adventure, Comedy, Family","<a href=""https://www.imdb.com/title/tt0339291"" target=""_blank"">tt0339291</a>","<a href=""https://www.imdb.com/title/tt0339291"" target=""_blank"">A Series of Unfortunate Events</a>"
"tt1321870","Gangster Squad",2013,3667,6.7,226458,113,"Ruben Fleischer","Will Beall, Paul Lieberman","Action, Crime, Drama","<a href=""https://www.imdb.com/title/tt1321870"" target=""_blank"">tt1321870</a>","<a href=""https://www.imdb.com/title/tt1321870"" target=""_blank"">Gangster Squad</a>"
"tt7798634","Ready or Not",2019,3668,6.8,218117,95,"Matt Bettinelli-Olpin, Tyler Gillett","Guy Busick, R. Christopher Murphy","Action, Comedy, Horror","<a href=""https://www.imdb.com/title/tt7798634"" target=""_blank"">tt7798634</a>","<a href=""https://www.imdb.com/title/tt7798634"" target=""_blank"">Ready or Not</a>"
"tt3766354","The Equalizer 2",2018,3669,6.7,217478,121,"Antoine Fuqua","Richard Wenk, Michael Sloan, Richard Lindheim","Action, Crime, Mystery","<a href=""https://www.imdb.com/title/tt3766354"" target=""_blank"">tt3766354</a>","<a href=""https://www.imdb.com/title/tt3766354"" target=""_blank"">The Equalizer 2</a>"
"tt1560220","Zombieland: Double Tap",2019,3670,6.7,216773,99,"Ruben Fleischer","Rhett Reese, Paul Wernick, Dave Callaham","Action, Comedy, Horror","<a href=""https://www.imdb.com/title/tt1560220"" target=""_blank"">tt1560220</a>","<a href=""https://www.imdb.com/title/tt1560220"" target=""_blank"">Zombieland: Double Tap</a>"
"tt2406566","Atomic Blonde",2017,3671,6.7,214874,115,"David Leitch","Kurt Johnstad, Antony Johnston, Sam Hart","Action, Thriller","<a href=""https://www.imdb.com/title/tt2406566"" target=""_blank"">tt2406566</a>","<a href=""https://www.imdb.com/title/tt2406566"" target=""_blank"">Atomic Blonde</a>"
"tt0139134","Cruel Intentions",1999,3672,6.8,214557,97,"Roger Kumble","Choderlos de Laclos, Roger Kumble","Drama, Romance","<a href=""https://www.imdb.com/title/tt0139134"" target=""_blank"">tt0139134</a>","<a href=""https://www.imdb.com/title/tt0139134"" target=""_blank"">Cruel Intentions</a>"
"tt0401855","Underworld: Evolution",2006,3673,6.7,214529,106,"Len Wiseman","Danny McBride, Len Wiseman, Kevin Grevioux","Action, Fantasy, Thriller","<a href=""https://www.imdb.com/title/tt0401855"" target=""_blank"">tt0401855</a>","<a href=""https://www.imdb.com/title/tt0401855"" target=""_blank"">Underworld: Evolution</a>"
"tt0477080","Unstoppable",2010,3674,6.8,214344,98,"Tony Scott","Mark Bomback","Action, Thriller","<a href=""https://www.imdb.com/title/tt0477080"" target=""_blank"">tt0477080</a>","<a href=""https://www.imdb.com/title/tt0477080"" target=""_blank"">Unstoppable</a>"
"tt0371724","The Hitchhiker's Guide to the Galaxy",2005,3675,6.7,213349,109,"Garth Jennings","Douglas Adams, Karey Kirkpatrick","Adventure, Comedy, Sci-Fi","<a href=""https://www.imdb.com/title/tt0371724"" target=""_blank"">tt0371724</a>","<a href=""https://www.imdb.com/title/tt0371724"" target=""_blank"">The Hitchhiker's Guide to the Galaxy</a>"
"tt1136617","The Killer",2023,3676,6.7,212398,118,"David Fincher","Alexis Nolent, Luc Jacamon, Andrew Kevin Walker","Action, Adventure, Crime","<a href=""https://www.imdb.com/title/tt1136617"" target=""_blank"">tt1136617</a>","<a href=""https://www.imdb.com/title/tt1136617"" target=""_blank"">The Killer</a>"
"tt0993842","Hanna",2011,3677,6.7,211735,111,"Joe Wright","Seth Lochhead, David Farr","Action, Adventure, Drama","<a href=""https://www.imdb.com/title/tt0993842"" target=""_blank"">tt0993842</a>","<a href=""https://www.imdb.com/title/tt0993842"" target=""_blank"">Hanna</a>"
"tt0114148","Pocahontas",1995,3678,6.7,211582,81,"Mike Gabriel, Eric Goldberg","Carl Binder, Susannah Grant, Philip LaZebnik, Glen Keane, Joe Grant, Ralph Zondag, Burny Mattinson, Ed Gombert, Kaan Kalyon, Francis Glebas, Rob Gibbs, Bruce Morris, Todd Kurosawa, Duncan Marjoribanks, Chris Buck, Andrew Chapman, Randy Cartwright, Will Finn, Broose Johnson, T. Daniel Hofstedt, David Pruiksma, Nik Ranieri, Vincent DeFrances, Tom Mazzocco, Don Dougherty, Jorgen Klubien, Mike Gabriel","Adventure, Animation, Drama","<a href=""https://www.imdb.com/title/tt0114148"" target=""_blank"">tt0114148</a>","<a href=""https://www.imdb.com/title/tt0114148"" target=""_blank"">Pocahontas</a>"
"tt1606389","The Vow",2012,3679,6.8,210182,104,"Michael Sucsy","Abby Kohn, Marc Silverstein, Jason Katims, Stuart Sender","Drama, Romance","<a href=""https://www.imdb.com/title/tt1606389"" target=""_blank"">tt1606389</a>","<a href=""https://www.imdb.com/title/tt1606389"" target=""_blank"">The Vow</a>"
"tt1277953","Madagascar 3: Europe's Most Wanted",2012,3680,6.8,209102,93,"Eric Darnell, Tom McGrath, Conrad Vernon","Eric Darnell, Noah Baumbach, Alejandro Bien-Willner","Adventure, Animation, Comedy","<a href=""https://www.imdb.com/title/tt1277953"" target=""_blank"">tt1277953</a>","<a href=""https://www.imdb.com/title/tt1277953"" target=""_blank"">Madagascar 3: Europe's Most Wanted</a>"
"tt4520988","Frozen II",2019,3681,6.8,208869,103,"Chris Buck, Jennifer Lee","Jennifer Lee, Hans Christian Andersen, Chris Buck, Marc Smith, Kristen Anderson-Lopez, Robert Lopez, Allison Schroeder","Adventure, Animation, Comedy","<a href=""https://www.imdb.com/title/tt4520988"" target=""_blank"">tt4520988</a>","<a href=""https://www.imdb.com/title/tt4520988"" target=""_blank"">Frozen II</a>"
"tt0142688","The Ninth Gate",1999,3682,6.7,205181,133,"Roman Polanski","Arturo Pérez-Reverte, John Brownjohn, Enrique Urbizu, Roman Polanski","Mystery, Thriller","<a href=""https://www.imdb.com/title/tt0142688"" target=""_blank"">tt0142688</a>","<a href=""https://www.imdb.com/title/tt0142688"" target=""_blank"">The Ninth Gate</a>"
"tt0120746","The Mask of Zorro",1998,3683,6.8,204910,136,"Martin Campbell","Johnston McCulley, Ted Elliott, Terry Rossio, Randall Jahnson, John Eskow","Action, Adventure, Comedy","<a href=""https://www.imdb.com/title/tt0120746"" target=""_blank"">tt0120746</a>","<a href=""https://www.imdb.com/title/tt0120746"" target=""_blank"">The Mask of Zorro</a>"
"tt0106697","Demolition Man",1993,3684,6.7,203371,115,"Marco Brambilla","Peter M. Lenkov, Robert Reneau, Daniel Waters","Action, Sci-Fi, Thriller","<a href=""https://www.imdb.com/title/tt0106697"" target=""_blank"">tt0106697</a>","<a href=""https://www.imdb.com/title/tt0106697"" target=""_blank"">Demolition Man</a>"
"tt1935859","Miss Peregrine's Home for Peculiar Children",2016,3685,6.7,201955,127,"Tim Burton","Ransom Riggs, Jane Goldman","Adventure, Drama, Family","<a href=""https://www.imdb.com/title/tt1935859"" target=""_blank"">tt1935859</a>","<a href=""https://www.imdb.com/title/tt1935859"" target=""_blank"">Miss Peregrine's Home for Peculiar Children</a>"
"tt10293406","The Power of the Dog",2021,3686,6.8,201005,126,"Jane Campion","Jane Campion, Thomas Savage","Drama, Western","<a href=""https://www.imdb.com/title/tt10293406"" target=""_blank"">tt10293406</a>","<a href=""https://www.imdb.com/title/tt10293406"" target=""_blank"">The Power of the Dog</a>"
"tt4701182","Bumblebee",2018,3687,6.7,200412,114,"Travis Knight","Christina Hodson","Action, Adventure, Sci-Fi","<a href=""https://www.imdb.com/title/tt4701182"" target=""_blank"">tt4701182</a>","<a href=""https://www.imdb.com/title/tt4701182"" target=""_blank"">Bumblebee</a>"
"tt0108160","Sleepless in Seattle",1993,3688,6.8,199574,105,"Nora Ephron","Jeff Arch, Nora Ephron, David S. Ward","Comedy, Drama, Romance","<a href=""https://www.imdb.com/title/tt0108160"" target=""_blank"">tt0108160</a>","<a href=""https://www.imdb.com/title/tt0108160"" target=""_blank"">Sleepless in Seattle</a>"
"tt1355683","Black Mass",2015,3689,6.8,198782,123,"Scott Cooper","Dick Lehr, Gerard O'Neill, Jez Butterworth, Mark Mallouk","Biography, Crime, Drama","<a href=""https://www.imdb.com/title/tt1355683"" target=""_blank"">tt1355683</a>","<a href=""https://www.imdb.com/title/tt1355683"" target=""_blank"">Black Mass</a>"
"tt0327084","Over the Hedge",2006,3690,6.7,197160,83,"Tim Johnson, Karey Kirkpatrick","Len Blum, Lorne Cameron, David Hoselton, Karey Kirkpatrick, Michael Fry, T. Lewis, Chris Poche, Eric Forsberg, Mike de Seve","Adventure, Animation, Comedy","<a href=""https://www.imdb.com/title/tt0327084"" target=""_blank"">tt0327084</a>","<a href=""https://www.imdb.com/title/tt0327084"" target=""_blank"">Over the Hedge</a>"
"tt0145681","The Bone Collector",1999,3691,6.7,194480,118,"Phillip Noyce","Jeffery Deaver, Jeremy Iacone","Crime, Drama, Mystery","<a href=""https://www.imdb.com/title/tt0145681"" target=""_blank"">tt0145681</a>","<a href=""https://www.imdb.com/title/tt0145681"" target=""_blank"">The Bone Collector</a>"
"tt7556122","The Old Guard",2020,3692,6.7,194359,125,"Gina Prince-Bythewood","Greg Rucka, Leandro Fernandez","Action, Thriller","<a href=""https://www.imdb.com/title/tt7556122"" target=""_blank"">tt7556122</a>","<a href=""https://www.imdb.com/title/tt7556122"" target=""_blank"">The Old Guard</a>"
"tt0478304","The Tree of Life",2011,3693,6.8,188813,139,"Terrence Malick","Terrence Malick","Drama, Fantasy","<a href=""https://www.imdb.com/title/tt0478304"" target=""_blank"">tt0478304</a>","<a href=""https://www.imdb.com/title/tt0478304"" target=""_blank"">The Tree of Life</a>"
"tt11858890","The Creator",2023,3694,6.7,187367,133,"Gareth Edwards","Gareth Edwards, Chris Weitz","Action, Adventure, Drama","<a href=""https://www.imdb.com/title/tt11858890"" target=""_blank"">tt11858890</a>","<a href=""https://www.imdb.com/title/tt11858890"" target=""_blank"">The Creator</a>"
"tt7040874","A Simple Favor",2018,3695,6.7,184964,117,"Paul Feig","Darcey Bell, Jessica Sharzer","Comedy, Crime, Mystery","<a href=""https://www.imdb.com/title/tt7040874"" target=""_blank"">tt7040874</a>","<a href=""https://www.imdb.com/title/tt7040874"" target=""_blank"">A Simple Favor</a>"
"tt0104714","Lethal Weapon 3",1992,3696,6.7,184434,118,"Richard Donner","Jeffrey Boam, Robert Mark Kamen, Shane Black","Action, Crime, Thriller","<a href=""https://www.imdb.com/title/tt0104714"" target=""_blank"">tt0104714</a>","<a href=""https://www.imdb.com/title/tt0104714"" target=""_blank"">Lethal Weapon 3</a>"
"tt0088944","Commando",1985,3697,6.7,182570,90,"Mark L. Lester","Jeph Loeb, Matthew Weisman, Steven E. de Souza","Action, Adventure, Thriller","<a href=""https://www.imdb.com/title/tt0088944"" target=""_blank"">tt0088944</a>","<a href=""https://www.imdb.com/title/tt0088944"" target=""_blank"">Commando</a>"
"tt0120681","From Hell",2001,3698,6.7,168748,122,"Albert Hughes, Allen Hughes","Alan Moore, Eddie Campbell, Terry Hayes, Rafael Yglesias","Crime, Horror, Mystery","<a href=""https://www.imdb.com/title/tt0120681"" target=""_blank"">tt0120681</a>","<a href=""https://www.imdb.com/title/tt0120681"" target=""_blank"">From Hell</a>"
"tt0122933","Analyze This",1999,3699,6.7,165821,103,"Harold Ramis","Kenneth Lonergan, Peter Tolan, Harold Ramis","Comedy, Crime","<a href=""https://www.imdb.com/title/tt0122933"" target=""_blank"">tt0122933</a>","<a href=""https://www.imdb.com/title/tt0122933"" target=""_blank"">Analyze This</a>"
"tt0120783","The Parent Trap",1998,3700,6.7,165512,128,"Nancy Meyers","Erich Kästner, David Swift, Nancy Meyers, Charles Shyer","Adventure, Comedy, Drama","<a href=""https://www.imdb.com/title/tt0120783"" target=""_blank"">tt0120783</a>","<a href=""https://www.imdb.com/title/tt0120783"" target=""_blank"">The Parent Trap</a>"
"tt1188729","Pandorum",2009,3701,6.7,164452,108,"Christian Alvart","Travis Milloy, Christian Alvart","Action, Horror, Mystery","<a href=""https://www.imdb.com/title/tt1188729"" target=""_blank"">tt1188729</a>","<a href=""https://www.imdb.com/title/tt1188729"" target=""_blank"">Pandorum</a>"
"tt1054606","The Imaginarium of Doctor Parnassus",2009,3702,6.7,156151,123,"Terry Gilliam","Terry Gilliam, Charles McKeown","Adventure, Comedy, Fantasy","<a href=""https://www.imdb.com/title/tt1054606"" target=""_blank"">tt1054606</a>","<a href=""https://www.imdb.com/title/tt1054606"" target=""_blank"">The Imaginarium of Doctor Parnassus</a>"
"tt0385880","Monster House",2006,3703,6.7,147934,91,"Gil Kenan","Dan Harmon, Rob Schrab, Pamela Pettler","Animation, Comedy, Family","<a href=""https://www.imdb.com/title/tt0385880"" target=""_blank"">tt0385880</a>","<a href=""https://www.imdb.com/title/tt0385880"" target=""_blank"">Monster House</a>"
"tt0327850","The Rundown",2003,3704,6.7,146843,104,"Peter Berg","R.J. Stewart, James Vanderbilt","Action, Adventure, Comedy","<a href=""https://www.imdb.com/title/tt0327850"" target=""_blank"">tt0327850</a>","<a href=""https://www.imdb.com/title/tt0327850"" target=""_blank"">The Rundown</a>"
"tt0404032","The Exorcism of Emily Rose",2005,3705,6.7,145449,119,"Scott Derrickson","Paul Harris Boardman, Scott Derrickson","Drama, Horror, Thriller","<a href=""https://www.imdb.com/title/tt0404032"" target=""_blank"">tt0404032</a>","<a href=""https://www.imdb.com/title/tt0404032"" target=""_blank"">The Exorcism of Emily Rose</a>"
"tt0087928","Police Academy",1984,3706,6.7,144527,96,"Hugh Wilson","Neal Israel, Pat Proft, Hugh Wilson, Paul Maslansky","Comedy","<a href=""https://www.imdb.com/title/tt0087928"" target=""_blank"">tt0087928</a>","<a href=""https://www.imdb.com/title/tt0087928"" target=""_blank"">Police Academy</a>"
"tt0427327","Hairspray",2007,3707,6.7,142954,117,"Adam Shankman","Leslie Dixon, John Waters, Mark O'Donnell, Thomas Meehan","Comedy, Drama, Musical","<a href=""https://www.imdb.com/title/tt0427327"" target=""_blank"">tt0427327</a>","<a href=""https://www.imdb.com/title/tt0427327"" target=""_blank"">Hairspray</a>"
"tt0104070","Death Becomes Her",1992,3708,6.7,142879,104,"Robert Zemeckis","Martin Donovan, David Koepp","Comedy, Fantasy, Horror","<a href=""https://www.imdb.com/title/tt0104070"" target=""_blank"">tt0104070</a>","<a href=""https://www.imdb.com/title/tt0104070"" target=""_blank"">Death Becomes Her</a>"
"tt0107977","Robin Hood: Men in Tights",1993,3709,6.7,142069,104,"Mel Brooks","J.D. Shapiro, Evan Chandler, Mel Brooks","Adventure, Comedy, Musical","<a href=""https://www.imdb.com/title/tt0107977"" target=""_blank"">tt0107977</a>","<a href=""https://www.imdb.com/title/tt0107977"" target=""_blank"">Robin Hood: Men in Tights</a>"
"tt0117438","Ransom",1996,3710,6.7,140300,121,"Ron Howard","Cyril Hume, Richard Maibaum, Richard Price, Alexander Ignon","Action, Crime, Drama","<a href=""https://www.imdb.com/title/tt0117438"" target=""_blank"">tt0117438</a>","<a href=""https://www.imdb.com/title/tt0117438"" target=""_blank"">Ransom</a>"
"tt3606752","Cars 3",2017,3711,6.7,138244,102,"Brian Fee","Brian Fee, Ben Queen, Eyal Podell, Jonathon E. Stewart, Kiel Murray, Bob Peterson, Mike Rich","Adventure, Animation, Comedy","<a href=""https://www.imdb.com/title/tt3606752"" target=""_blank"">tt3606752</a>","<a href=""https://www.imdb.com/title/tt3606752"" target=""_blank"">Cars 3</a>"
"tt0084827","Tron",1982,3712,6.7,134920,96,"Steven Lisberger","Steven Lisberger, Bonnie MacBird","Action, Adventure, Sci-Fi","<a href=""https://www.imdb.com/title/tt0084827"" target=""_blank"">tt0084827</a>","<a href=""https://www.imdb.com/title/tt0084827"" target=""_blank"">Tron</a>"
"tt1979388","The Good Dinosaur",2015,3713,6.7,134589,93,"Peter Sohn","Bob Peterson, Peter Sohn, Erik Benson, Meg LeFauve, Kelsey Mann, Peter Hedges, Adrian Molina","Action, Adventure, Animation","<a href=""https://www.imdb.com/title/tt1979388"" target=""_blank"">tt1979388</a>","<a href=""https://www.imdb.com/title/tt1979388"" target=""_blank"">The Good Dinosaur</a>"
"tt0337741","Something's Gotta Give",2003,3714,6.7,133600,128,"Nancy Meyers","Nancy Meyers","Comedy, Drama, Romance","<a href=""https://www.imdb.com/title/tt0337741"" target=""_blank"">tt0337741</a>","<a href=""https://www.imdb.com/title/tt0337741"" target=""_blank"">Something's Gotta Give</a>"
"tt0190138","The Whole Nine Yards",2000,3715,6.7,132999,98,"Jonathan Lynn","Mitchell Kapner","Comedy, Crime","<a href=""https://www.imdb.com/title/tt0190138"" target=""_blank"">tt0190138</a>","<a href=""https://www.imdb.com/title/tt0190138"" target=""_blank"">The Whole Nine Yards</a>"
"tt1911644","The Call",2013,3716,6.7,132588,94,"Brad Anderson","Richard D'Ovidio, Nicole D'Ovidio, Jon Bokenkamp","Drama, Horror, Thriller","<a href=""https://www.imdb.com/title/tt1911644"" target=""_blank"">tt1911644</a>","<a href=""https://www.imdb.com/title/tt1911644"" target=""_blank"">The Call</a>"
"tt5742374","You Were Never Really Here",2017,3717,6.7,132333,89,"Lynne Ramsay","Lynne Ramsay, Jonathan Ames","Crime, Drama, Thriller","<a href=""https://www.imdb.com/title/tt5742374"" target=""_blank"">tt5742374</a>","<a href=""https://www.imdb.com/title/tt5742374"" target=""_blank"">You Were Never Really Here</a>"
"tt0120632","City of Angels",1998,3718,6.7,131925,114,"Brad Silberling","Wim Wenders, Peter Handke, Richard Reitinger, Dana Stevens","Drama, Fantasy, Romance","<a href=""https://www.imdb.com/title/tt0120632"" target=""_blank"">tt0120632</a>","<a href=""https://www.imdb.com/title/tt0120632"" target=""_blank"">City of Angels</a>"
"tt1258197","Exam",2009,3719,6.7,131446,101,"Stuart Hazeldine","Stuart Hazeldine, Simon Garrity","Crime, Mystery, Thriller","<a href=""https://www.imdb.com/title/tt1258197"" target=""_blank"">tt1258197</a>","<a href=""https://www.imdb.com/title/tt1258197"" target=""_blank"">Exam</a>"
"tt13654226","The Gorge",2025,3720,6.7,130515,127,"Scott Derrickson","Zach Dean","Action, Adventure, Horror","<a href=""https://www.imdb.com/title/tt13654226"" target=""_blank"">tt13654226</a>","<a href=""https://www.imdb.com/title/tt13654226"" target=""_blank"">The Gorge</a>"
"tt1355630","If I Stay",2014,3721,6.7,130134,107,"R.J. Cutler","Shauna Cross, Gayle Forman","Drama, Fantasy, Music","<a href=""https://www.imdb.com/title/tt1355630"" target=""_blank"">tt1355630</a>","<a href=""https://www.imdb.com/title/tt1355630"" target=""_blank"">If I Stay</a>"
"tt1206543","Out of the Furnace",2013,3722,6.7,129033,116,"Scott Cooper","Brad Ingelsby, Scott Cooper","Crime, Drama, Thriller","<a href=""https://www.imdb.com/title/tt1206543"" target=""_blank"">tt1206543</a>","<a href=""https://www.imdb.com/title/tt1206543"" target=""_blank"">Out of the Furnace</a>"
"tt0094862","Child's Play",1988,3723,6.7,125744,87,"Tom Holland","Don Mancini, John Lafia, Tom Holland","Horror, Thriller","<a href=""https://www.imdb.com/title/tt0094862"" target=""_blank"">tt0094862</a>","<a href=""https://www.imdb.com/title/tt0094862"" target=""_blank"">Child's Play</a>"
"tt0467200","The Other Boleyn Girl",2008,3724,6.7,124190,115,"Justin Chadwick","Peter Morgan, Philippa Gregory","Biography, Drama, History","<a href=""https://www.imdb.com/title/tt0467200"" target=""_blank"">tt0467200</a>","<a href=""https://www.imdb.com/title/tt0467200"" target=""_blank"">The Other Boleyn Girl</a>"
"tt0425123","Just Like Heaven",2005,3725,6.7,122540,95,"Mark Waters","Peter Tolan, Leslie Dixon, Marc Lévy","Comedy, Drama, Fantasy","<a href=""https://www.imdb.com/title/tt0425123"" target=""_blank"">tt0425123</a>","<a href=""https://www.imdb.com/title/tt0425123"" target=""_blank"">Just Like Heaven</a>"
"tt1307068","Seeking a Friend for the End of the World",2012,3726,6.7,121628,101,"Lorene Scafaria","Lorene Scafaria","Adventure, Comedy, Drama","<a href=""https://www.imdb.com/title/tt1307068"" target=""_blank"">tt1307068</a>","<a href=""https://www.imdb.com/title/tt1307068"" target=""_blank"">Seeking a Friend for the End of the World</a>"
"tt0102059","Hot Shots!",1991,3727,6.7,121400,85,"Jim Abrahams","Jim Abrahams, Pat Proft","Action, Comedy","<a href=""https://www.imdb.com/title/tt0102059"" target=""_blank"">tt0102059</a>","<a href=""https://www.imdb.com/title/tt0102059"" target=""_blank"">Hot Shots!</a>"
"tt0070328","Live and Let Die",1973,3728,6.7,120085,121,"Guy Hamilton","Tom Mankiewicz, Ian Fleming","Action, Adventure, Thriller","<a href=""https://www.imdb.com/title/tt0070328"" target=""_blank"">tt0070328</a>","<a href=""https://www.imdb.com/title/tt0070328"" target=""_blank"">Live and Let Die</a>"
"tt0286499","Bend It Like Beckham",2002,3729,6.7,119820,112,"Gurinder Chadha","Gurinder Chadha, Guljit Bindra, Paul Mayeda Berges","Comedy, Drama, Romance","<a href=""https://www.imdb.com/title/tt0286499"" target=""_blank"">tt0286499</a>","<a href=""https://www.imdb.com/title/tt0286499"" target=""_blank"">Bend It Like Beckham</a>"
"tt1702439","Safe Haven",2013,3730,6.7,119308,115,"Lasse Hallström","Dana Stevens, Gage Lansky, Nicholas Sparks","Drama, Romance, Thriller","<a href=""https://www.imdb.com/title/tt1702439"" target=""_blank"">tt1702439</a>","<a href=""https://www.imdb.com/title/tt1702439"" target=""_blank"">Safe Haven</a>"
"tt0390384","Primer",2004,3731,6.7,118554,77,"Shane Carruth","Shane Carruth","Drama, Sci-Fi, Thriller","<a href=""https://www.imdb.com/title/tt0390384"" target=""_blank"">tt0390384</a>","<a href=""https://www.imdb.com/title/tt0390384"" target=""_blank"">Primer</a>"
"tt0071807","The Man with the Golden Gun",1974,3732,6.7,117438,125,"Guy Hamilton","Richard Maibaum, Tom Mankiewicz, Ian Fleming","Action, Adventure, Thriller","<a href=""https://www.imdb.com/title/tt0071807"" target=""_blank"">tt0071807</a>","<a href=""https://www.imdb.com/title/tt0071807"" target=""_blank"">The Man with the Golden Gun</a>"
"tt1682180","Stoker",2013,3733,6.7,117158,99,"Park Chan-wook","Wentworth Miller","Drama, Thriller","<a href=""https://www.imdb.com/title/tt1682180"" target=""_blank"">tt1682180</a>","<a href=""https://www.imdb.com/title/tt1682180"" target=""_blank"">Stoker</a>"
"tt0097742","Licence to Kill",1989,3734,6.7,116277,133,"John Glen","Michael G. Wilson, Richard Maibaum, Ian Fleming","Action, Adventure, Thriller","<a href=""https://www.imdb.com/title/tt0097742"" target=""_blank"">tt0097742</a>","<a href=""https://www.imdb.com/title/tt0097742"" target=""_blank"">Licence to Kill</a>"
"tt12003946","Violent Night",2022,3735,6.7,114529,112,"Tommy Wirkola","Pat Casey, Josh Miller","Action, Comedy, Thriller","<a href=""https://www.imdb.com/title/tt12003946"" target=""_blank"">tt12003946</a>","<a href=""https://www.imdb.com/title/tt12003946"" target=""_blank"">Violent Night</a>"
"tt0113101","Four Rooms",1995,3736,6.7,114521,98,"Allison Anders, Alexandre Rockwell, Robert Rodriguez, Quentin Tarantino, Chuck Jones","Allison Anders, Alexandre Rockwell, Robert Rodriguez, Quentin Tarantino","Comedy","<a href=""https://www.imdb.com/title/tt0113101"" target=""_blank"">tt0113101</a>","<a href=""https://www.imdb.com/title/tt0113101"" target=""_blank"">Four Rooms</a>"
"tt29268110","Smile 2",2024,3737,6.7,114481,127,"Parker Finn","Parker Finn","Horror, Mystery, Thriller","<a href=""https://www.imdb.com/title/tt29268110"" target=""_blank"">tt29268110</a>","<a href=""https://www.imdb.com/title/tt29268110"" target=""_blank"">Smile 2</a>"
"tt0082398","For Your Eyes Only",1981,3738,6.7,112357,127,"John Glen","Richard Maibaum, Michael G. Wilson, Ian Fleming","Action, Adventure, Thriller","<a href=""https://www.imdb.com/title/tt0082398"" target=""_blank"">tt0082398</a>","<a href=""https://www.imdb.com/title/tt0082398"" target=""_blank"">For Your Eyes Only</a>"
"tt2980592","The Guest",2014,3739,6.7,111820,100,"Adam Wingard","Simon Barrett","Action, Mystery, Thriller","<a href=""https://www.imdb.com/title/tt2980592"" target=""_blank"">tt2980592</a>","<a href=""https://www.imdb.com/title/tt2980592"" target=""_blank"">The Guest</a>"
"tt0118883","Conspiracy Theory",1997,3740,6.7,111091,135,"Richard Donner","Brian Helgeland","Action, Drama, Mystery","<a href=""https://www.imdb.com/title/tt0118883"" target=""_blank"">tt0118883</a>","<a href=""https://www.imdb.com/title/tt0118883"" target=""_blank"">Conspiracy Theory</a>"
"tt0343737","The Good Shepherd",2006,3741,6.7,110994,167,"Robert De Niro","Eric Roth","Drama, History, Thriller","<a href=""https://www.imdb.com/title/tt0343737"" target=""_blank"">tt0343737</a>","<a href=""https://www.imdb.com/title/tt0343737"" target=""_blank"">The Good Shepherd</a>"
"tt0386117","Where the Wild Things Are",2009,3742,6.7,110583,101,"Spike Jonze","Spike Jonze, Dave Eggers, Maurice Sendak","Adventure, Drama, Family","<a href=""https://www.imdb.com/title/tt0386117"" target=""_blank"">tt0386117</a>","<a href=""https://www.imdb.com/title/tt0386117"" target=""_blank"">Where the Wild Things Are</a>"
"tt0093428","The Living Daylights",1987,3743,6.7,110351,130,"John Glen","Richard Maibaum, Michael G. Wilson, Ian Fleming","Action, Adventure, Thriller","<a href=""https://www.imdb.com/title/tt0093428"" target=""_blank"">tt0093428</a>","<a href=""https://www.imdb.com/title/tt0093428"" target=""_blank"">The Living Daylights</a>"
"tt0862856","Trick 'r Treat",2007,3744,6.7,110122,82,"Michael Dougherty","Michael Dougherty","Comedy, Horror","<a href=""https://www.imdb.com/title/tt0862856"" target=""_blank"">tt0862856</a>","<a href=""https://www.imdb.com/title/tt0862856"" target=""_blank"">Trick 'r Treat</a>"
"tt0348333","Waiting...",2005,3745,6.7,110049,94,"Rob McKittrick","Rob McKittrick","Comedy","<a href=""https://www.imdb.com/title/tt0348333"" target=""_blank"">tt0348333</a>","<a href=""https://www.imdb.com/title/tt0348333"" target=""_blank"">Waiting...</a>"
"tt2481498","Extremely Wicked, Shockingly Evil and Vile",2019,3746,6.7,109408,110,"Joe Berlinger","Elizabeth Kendall, Michael Werwie","Biography, Crime, Drama","<a href=""https://www.imdb.com/title/tt2481498"" target=""_blank"">tt2481498</a>","<a href=""https://www.imdb.com/title/tt2481498"" target=""_blank"">Extremely Wicked, Shockingly Evil and Vile</a>"
"tt0395584","The Devil's Rejects",2005,3747,6.7,108938,107,"Rob Zombie","Rob Zombie","Crime, Drama, Horror","<a href=""https://www.imdb.com/title/tt0395584"" target=""_blank"">tt0395584</a>","<a href=""https://www.imdb.com/title/tt0395584"" target=""_blank"">The Devil's Rejects</a>"
"tt0248667","Ali",2001,3748,6.7,108465,157,"Michael Mann","Gregory Allen Howard, Stephen J. Rivele, Christopher Wilkinson, Eric Roth, Michael Mann","Biography, Drama, Sport","<a href=""https://www.imdb.com/title/tt0248667"" target=""_blank"">tt0248667</a>","<a href=""https://www.imdb.com/title/tt0248667"" target=""_blank"">Ali</a>"
"tt0098206","Road House",1989,3749,6.7,107889,114,"Rowdy Herrington","R. Lance Hill, Hilary Henkin","Action, Thriller","<a href=""https://www.imdb.com/title/tt0098206"" target=""_blank"">tt0098206</a>","<a href=""https://www.imdb.com/title/tt0098206"" target=""_blank"">Road House</a>"
"tt8633478","Run",2020,3750,6.7,106540,90,"Aneesh Chaganty","Aneesh Chaganty, Sev Ohanian","Drama, Horror, Mystery","<a href=""https://www.imdb.com/title/tt8633478"" target=""_blank"">tt8633478</a>","<a href=""https://www.imdb.com/title/tt8633478"" target=""_blank"">Run</a>"
"tt3072482","Hardcore Henry",2015,3751,6.7,106012,96,"Ilya Naishuller","Ilya Naishuller, Will Stewart","Action, Adventure, Sci-Fi","<a href=""https://www.imdb.com/title/tt3072482"" target=""_blank"">tt3072482</a>","<a href=""https://www.imdb.com/title/tt3072482"" target=""_blank"">Hardcore Henry</a>"
"tt0103919","Candyman",1992,3752,6.7,105793,99,"Bernard Rose","Clive Barker, Bernard Rose","Horror, Thriller","<a href=""https://www.imdb.com/title/tt0103919"" target=""_blank"">tt0103919</a>","<a href=""https://www.imdb.com/title/tt0103919"" target=""_blank"">Candyman</a>"
"tt0064757","On Her Majesty's Secret Service",1969,3753,6.7,103950,142,"Peter R. Hunt","Simon Raven, Richard Maibaum, Ian Fleming","Action, Adventure, Thriller","<a href=""https://www.imdb.com/title/tt0064757"" target=""_blank"">tt0064757</a>","<a href=""https://www.imdb.com/title/tt0064757"" target=""_blank"">On Her Majesty's Secret Service</a>"
"tt0250797","Unfaithful",2002,3754,6.7,103694,124,"Adrian Lyne","Claude Chabrol, Alvin Sargent, William Broyles Jr.","Drama, Romance, Thriller","<a href=""https://www.imdb.com/title/tt0250797"" target=""_blank"">tt0250797</a>","<a href=""https://www.imdb.com/title/tt0250797"" target=""_blank"">Unfaithful</a>"
"tt6292852","I Am Mother",2019,3755,6.7,103424,113,"Grant Sputore","Michael Lloyd Green, Grant Sputore","Drama, Mystery, Sci-Fi","<a href=""https://www.imdb.com/title/tt6292852"" target=""_blank"">tt6292852</a>","<a href=""https://www.imdb.com/title/tt6292852"" target=""_blank"">I Am Mother</a>"
"tt7456310","Anna",2019,3756,6.7,103329,118,"Luc Besson","Luc Besson","Action, Thriller","<a href=""https://www.imdb.com/title/tt7456310"" target=""_blank"">tt7456310</a>","<a href=""https://www.imdb.com/title/tt7456310"" target=""_blank"">Anna</a>"
"tt1020530","Eden Lake",2008,3757,6.7,103179,91,"James Watkins","James Watkins","Horror, Thriller","<a href=""https://www.imdb.com/title/tt1020530"" target=""_blank"">tt1020530</a>","<a href=""https://www.imdb.com/title/tt1020530"" target=""_blank"">Eden Lake</a>"
"tt11145118","Creed III",2023,3758,6.7,101304,116,"Michael B. Jordan","Keenan Coogler, Zach Baylin, Ryan Coogler, Sylvester Stallone","Action, Drama, Sport","<a href=""https://www.imdb.com/title/tt11145118"" target=""_blank"">tt11145118</a>","<a href=""https://www.imdb.com/title/tt11145118"" target=""_blank"">Creed III</a>"
"tt6924650","Midway",2019,3759,6.7,101213,138,"Roland Emmerich","Wes Tooke","Action, Drama, History","<a href=""https://www.imdb.com/title/tt6924650"" target=""_blank"">tt6924650</a>","<a href=""https://www.imdb.com/title/tt6924650"" target=""_blank"">Midway</a>"
"tt1034415","Suspiria",2018,3760,6.7,100408,152,"Luca Guadagnino","Dario Argento, Daria Nicolodi, David Kajganich","Drama, Fantasy, Horror","<a href=""https://www.imdb.com/title/tt1034415"" target=""_blank"">tt1034415</a>","<a href=""https://www.imdb.com/title/tt1034415"" target=""_blank"">Suspiria</a>"
"tt5028340","Mary Poppins Returns",2018,3761,6.7,98481,130,"Rob Marshall","P.L. Travers, David Magee, Rob Marshall, John DeLuca","Adventure, Comedy, Family","<a href=""https://www.imdb.com/title/tt5028340"" target=""_blank"">tt5028340</a>","<a href=""https://www.imdb.com/title/tt5028340"" target=""_blank"">Mary Poppins Returns</a>"
"tt0423294","Surf's Up",2007,3762,6.7,97472,85,"Ash Brannon, Chris Buck","Don Rhymer, Ash Brannon, Chris Buck, Christopher Jenkins, Christian Darren, Diego Garzon","Adventure, Animation, Comedy","<a href=""https://www.imdb.com/title/tt0423294"" target=""_blank"">tt0423294</a>","<a href=""https://www.imdb.com/title/tt0423294"" target=""_blank"">Surf's Up</a>"
"tt0230838","Sweet November",2001,3763,6.7,97087,119,"Pat O'Connor","Herman Raucher, Paul Yurick, Kurt Voelker","Drama, Romance","<a href=""https://www.imdb.com/title/tt0230838"" target=""_blank"">tt0230838</a>","<a href=""https://www.imdb.com/title/tt0230838"" target=""_blank"">Sweet November</a>"
"tt0787475","Hot Rod",2007,3764,6.7,96812,88,"Akiva Schaffer","Pam Brady","Comedy, Sport","<a href=""https://www.imdb.com/title/tt0787475"" target=""_blank"">tt0787475</a>","<a href=""https://www.imdb.com/title/tt0787475"" target=""_blank"">Hot Rod</a>"
"tt1781922","No Escape",2015,3765,6.7,96678,103,"John Erick Dowdle","John Erick Dowdle, Drew Dowdle","Action, Thriller","<a href=""https://www.imdb.com/title/tt1781922"" target=""_blank"">tt1781922</a>","<a href=""https://www.imdb.com/title/tt1781922"" target=""_blank"">No Escape</a>"
"tt0093629","A Nightmare on Elm Street 3: Dream Warriors",1987,3766,6.7,95757,96,"Chuck Russell","Wes Craven, Bruce Wagner, Frank Darabont, Chuck Russell","Fantasy, Horror","<a href=""https://www.imdb.com/title/tt0093629"" target=""_blank"">tt0093629</a>","<a href=""https://www.imdb.com/title/tt0093629"" target=""_blank"">A Nightmare on Elm Street 3: Dream Warriors</a>"
"tt0091790","Pretty in Pink",1986,3767,6.7,92734,97,"Howard Deutch","John Hughes","Comedy, Drama, Romance","<a href=""https://www.imdb.com/title/tt0091790"" target=""_blank"">tt0091790</a>","<a href=""https://www.imdb.com/title/tt0091790"" target=""_blank"">Pretty in Pink</a>"
"tt0402399","The New World",2005,3768,6.7,92307,135,"Terrence Malick","Terrence Malick","Biography, Drama, History","<a href=""https://www.imdb.com/title/tt0402399"" target=""_blank"">tt0402399</a>","<a href=""https://www.imdb.com/title/tt0402399"" target=""_blank"">The New World</a>"
"tt0101393","Backdraft",1991,3769,6.7,91273,137,"Ron Howard","Gregory Widen","Action, Drama, Mystery","<a href=""https://www.imdb.com/title/tt0101393"" target=""_blank"">tt0101393</a>","<a href=""https://www.imdb.com/title/tt0101393"" target=""_blank"">Backdraft</a>"
"tt0371257","Stay",2005,3770,6.7,90247,99,"Marc Forster","David Benioff","Drama, Mystery, Thriller","<a href=""https://www.imdb.com/title/tt0371257"" target=""_blank"">tt0371257</a>","<a href=""https://www.imdb.com/title/tt0371257"" target=""_blank"">Stay</a>"
"tt1716772","The Inbetweeners",2011,3771,6.7,89255,97,"Ben Palmer","Iain Morris, Damon Beesley","Comedy","<a href=""https://www.imdb.com/title/tt1716772"" target=""_blank"">tt1716772</a>","<a href=""https://www.imdb.com/title/tt1716772"" target=""_blank"">The Inbetweeners</a>"
"tt0088170","Star Trek III: The Search for Spock",1984,3772,6.7,88779,105,"Leonard Nimoy","Gene Roddenberry, Harve Bennett","Action, Adventure, Sci-Fi","<a href=""https://www.imdb.com/title/tt0088170"" target=""_blank"">tt0088170</a>","<a href=""https://www.imdb.com/title/tt0088170"" target=""_blank"">Star Trek III: The Search for Spock</a>"
"tt0317648","Hidalgo",2004,3773,6.7,87471,136,"Joe Johnston","John Fusco","Action, Adventure, Biography","<a href=""https://www.imdb.com/title/tt0317648"" target=""_blank"">tt0317648</a>","<a href=""https://www.imdb.com/title/tt0317648"" target=""_blank"">Hidalgo</a>"
"tt13403046","Fresh",2022,3774,6.7,86607,114,"Mimi Cave","Lauryn Kahn","Comedy, Horror, Romance","<a href=""https://www.imdb.com/title/tt13403046"" target=""_blank"">tt13403046</a>","<a href=""https://www.imdb.com/title/tt13403046"" target=""_blank"">Fresh</a>"
"tt6977338","Good Boys",2019,3775,6.7,86166,90,"Gene Stupnitsky","Lee Eisenberg, Gene Stupnitsky","Adventure, Comedy","<a href=""https://www.imdb.com/title/tt6977338"" target=""_blank"">tt6977338</a>","<a href=""https://www.imdb.com/title/tt6977338"" target=""_blank"">Good Boys</a>"
"tt1726669","Killer Joe",2011,3776,6.7,86081,102,"William Friedkin","Tracy Letts","Crime, Drama, Thriller","<a href=""https://www.imdb.com/title/tt1726669"" target=""_blank"">tt1726669</a>","<a href=""https://www.imdb.com/title/tt1726669"" target=""_blank"">Killer Joe</a>"
"tt1512235","Super",2010,3777,6.7,85546,96,"James Gunn","James Gunn","Action, Comedy, Crime","<a href=""https://www.imdb.com/title/tt1512235"" target=""_blank"">tt1512235</a>","<a href=""https://www.imdb.com/title/tt1512235"" target=""_blank"">Super</a>"
"tt9701940","Fear Street: Part Two - 1978",2021,3778,6.7,85324,109,"Leigh Janiak","Zak Olkewicz, Leigh Janiak, Phil Graziadei, R.L. Stine","Drama, Horror, Mystery","<a href=""https://www.imdb.com/title/tt9701940"" target=""_blank"">tt9701940</a>","<a href=""https://www.imdb.com/title/tt9701940"" target=""_blank"">Fear Street: Part Two - 1978</a>"
"tt1972571","A Most Wanted Man",2014,3779,6.7,82933,122,"Anton Corbijn","Andrew Bovell, John le Carré, Stephen Cornwell","Crime, Drama, Thriller","<a href=""https://www.imdb.com/title/tt1972571"" target=""_blank"">tt1972571</a>","<a href=""https://www.imdb.com/title/tt1972571"" target=""_blank"">A Most Wanted Man</a>"
"tt15428134","Dunki",2023,3780,6.7,82105,160,"Rajkumar Hirani","Abhijat Joshi, Rajkumar Hirani, Kanika Dhillon","Action, Adventure, Comedy","<a href=""https://www.imdb.com/title/tt15428134"" target=""_blank"">tt15428134</a>","<a href=""https://www.imdb.com/title/tt15428134"" target=""_blank"">Dunki</a>"
"tt0864835","Mr. Peabody & Sherman",2014,3781,6.7,81507,92,"Rob Minkoff","Jay Ward, Craig Wright, Robert Ben Garant, Thomas Lennon, Jason Clark, Ted Key, Michael McCullers, Rob Minkoff","Adventure, Animation, Comedy","<a href=""https://www.imdb.com/title/tt0864835"" target=""_blank"">tt0864835</a>","<a href=""https://www.imdb.com/title/tt0864835"" target=""_blank"">Mr. Peabody & Sherman</a>"
"tt0338095","High Tension",2003,3782,6.7,80876,91,"Alexandre Aja","Alexandre Aja, Grégory Levasseur","Horror","<a href=""https://www.imdb.com/title/tt0338095"" target=""_blank"">tt0338095</a>","<a href=""https://www.imdb.com/title/tt0338095"" target=""_blank"">High Tension</a>"
"tt1972779","The Best of Me",2014,3783,6.7,79624,118,"Michael Hoffman","Nicholas Sparks, Will Fetters, J. Mills Goodloe","Drama, Romance","<a href=""https://www.imdb.com/title/tt1972779"" target=""_blank"">tt1972779</a>","<a href=""https://www.imdb.com/title/tt1972779"" target=""_blank"">The Best of Me</a>"
"tt0995039","Ghost Town",2008,3784,6.7,79560,102,"David Koepp","David Koepp, John Kamps","Comedy, Drama, Fantasy","<a href=""https://www.imdb.com/title/tt0995039"" target=""_blank"">tt0995039</a>","<a href=""https://www.imdb.com/title/tt0995039"" target=""_blank"">Ghost Town</a>"
"tt7068946","The Accountant 2",2025,3785,6.7,79072,132,"Gavin O'Connor","Bill Dubuque","Action, Crime, Drama","<a href=""https://www.imdb.com/title/tt7068946"" target=""_blank"">tt7068946</a>","<a href=""https://www.imdb.com/title/tt7068946"" target=""_blank"">The Accountant 2</a>"
"tt9100054","The Lost Daughter",2021,3786,6.7,78883,121,"Maggie Gyllenhaal","Maggie Gyllenhaal, Elena Ferrante","Drama","<a href=""https://www.imdb.com/title/tt9100054"" target=""_blank"">tt9100054</a>","<a href=""https://www.imdb.com/title/tt9100054"" target=""_blank"">The Lost Daughter</a>"
"tt0219699","The Gift",2000,3787,6.7,78379,111,"Sam Raimi","Billy Bob Thornton, Tom Epperson","Drama, Fantasy, Horror","<a href=""https://www.imdb.com/title/tt0219699"" target=""_blank"">tt0219699</a>","<a href=""https://www.imdb.com/title/tt0219699"" target=""_blank"">The Gift</a>"
"tt0109446","The Client",1994,3788,6.7,77268,119,"Joel Schumacher","John Grisham, Akiva Goldsman, Robert Getchell","Crime, Drama, Mystery","<a href=""https://www.imdb.com/title/tt0109446"" target=""_blank"">tt0109446</a>","<a href=""https://www.imdb.com/title/tt0109446"" target=""_blank"">The Client</a>"
"tt0116683","James and the Giant Peach",1996,3789,6.7,76715,79,"Henry Selick","Roald Dahl, Karey Kirkpatrick, Jonathan Roberts, Steve Bloom","Adventure, Animation, Family","<a href=""https://www.imdb.com/title/tt0116683"" target=""_blank"">tt0116683</a>","<a href=""https://www.imdb.com/title/tt0116683"" target=""_blank"">James and the Giant Peach</a>"
"tt0804461","Death Sentence",2007,3790,6.7,76479,105,"James Wan","Ian Mackenzie Jeffers, Brian Garfield","Action, Crime, Thriller","<a href=""https://www.imdb.com/title/tt0804461"" target=""_blank"">tt0804461</a>","<a href=""https://www.imdb.com/title/tt0804461"" target=""_blank"">Death Sentence</a>"
"tt13927994","Salaar",2023,3791,6.6,75739,175,"Prashanth Neel","Sandeep Reddy Bandla, Manish Bhavan, Choudary Hanuman, Riya Mukherjee, Prashanth Neel, D.R. Suri","Action, Crime, Drama","<a href=""https://www.imdb.com/title/tt13927994"" target=""_blank"">tt13927994</a>","<a href=""https://www.imdb.com/title/tt13927994"" target=""_blank"">Salaar</a>"
"tt0112722","Copycat",1995,3792,6.6,74887,123,"Jon Amiel","Ann Biderman, David Madsen","Drama, Mystery, Thriller","<a href=""https://www.imdb.com/title/tt0112722"" target=""_blank"">tt0112722</a>","<a href=""https://www.imdb.com/title/tt0112722"" target=""_blank"">Copycat</a>"
"tt10696784","The Harder They Fall",2021,3793,6.6,74829,139,"Jeymes Samuel","Jeymes Samuel, Boaz Yakin","Action, Drama, Western","<a href=""https://www.imdb.com/title/tt10696784"" target=""_blank"">tt10696784</a>","<a href=""https://www.imdb.com/title/tt10696784"" target=""_blank"">The Harder They Fall</a>"
"tt0124298","Blast from the Past",1999,3794,6.7,74703,112,"Hugh Wilson","Bill Kelly, Hugh Wilson","Comedy, Drama, Romance","<a href=""https://www.imdb.com/title/tt0124298"" target=""_blank"">tt0124298</a>","<a href=""https://www.imdb.com/title/tt0124298"" target=""_blank"">Blast from the Past</a>"
"tt0104868","The Mighty Ducks",1992,3795,6.6,74547,104,"Stephen Herek","Steven Brill","Comedy, Drama, Family","<a href=""https://www.imdb.com/title/tt0104868"" target=""_blank"">tt0104868</a>","<a href=""https://www.imdb.com/title/tt0104868"" target=""_blank"">The Mighty Ducks</a>"
"tt0120148","Sliding Doors",1998,3796,6.7,73688,99,"Peter Howitt","Peter Howitt","Comedy, Drama, Fantasy","<a href=""https://www.imdb.com/title/tt0120148"" target=""_blank"">tt0120148</a>","<a href=""https://www.imdb.com/title/tt0120148"" target=""_blank"">Sliding Doors</a>"
"tt0237572","The Pledge",2001,3797,6.7,73666,124,"Sean Penn","Friedrich Dürrenmatt, Jerzy Kromolowski, Mary Olson-Kromolowski","Crime, Drama, Mystery","<a href=""https://www.imdb.com/title/tt0237572"" target=""_blank"">tt0237572</a>","<a href=""https://www.imdb.com/title/tt0237572"" target=""_blank"">The Pledge</a>"
"tt2025690","The Finest Hours",2016,3798,6.7,73044,117,"Craig Gillespie","Scott Silver, Paul Tamasy, Eric Johnson, Casey Sherman, Michael J. Tougias","Action, Drama, History","<a href=""https://www.imdb.com/title/tt2025690"" target=""_blank"">tt2025690</a>","<a href=""https://www.imdb.com/title/tt2025690"" target=""_blank"">The Finest Hours</a>"
"tt13521006","Beau Is Afraid",2023,3799,6.6,72725,179,"Ari Aster","Ari Aster","Comedy, Drama","<a href=""https://www.imdb.com/title/tt13521006"" target=""_blank"">tt13521006</a>","<a href=""https://www.imdb.com/title/tt13521006"" target=""_blank"">Beau Is Afraid</a>"
"tt0391304","A Lot Like Love",2005,3800,6.6,72598,107,"Nigel Cole","Colin Patrick Lynch","Comedy, Drama, Romance","<a href=""https://www.imdb.com/title/tt0391304"" target=""_blank"">tt0391304</a>","<a href=""https://www.imdb.com/title/tt0391304"" target=""_blank"">A Lot Like Love</a>"
"tt0191397","The Replacements",2000,3801,6.6,72397,118,"Howard Deutch","Vince McKewin","Comedy, Sport","<a href=""https://www.imdb.com/title/tt0191397"" target=""_blank"">tt0191397</a>","<a href=""https://www.imdb.com/title/tt0191397"" target=""_blank"">The Replacements</a>"
"tt1800302","Gold",2016,3802,6.7,72182,120,"Stephen Gaghan","Patrick Massett, John Zinman","Biography, Crime, Drama","<a href=""https://www.imdb.com/title/tt1800302"" target=""_blank"">tt1800302</a>","<a href=""https://www.imdb.com/title/tt1800302"" target=""_blank"">Gold</a>"
"tt3960412","Popstar: Never Stop Never Stopping",2016,3803,6.7,71785,87,"Akiva Schaffer, Jorma Taccone","Andy Samberg, Akiva Schaffer, Jorma Taccone","Comedy, Drama, Music","<a href=""https://www.imdb.com/title/tt3960412"" target=""_blank"">tt3960412</a>","<a href=""https://www.imdb.com/title/tt3960412"" target=""_blank"">Popstar: Never Stop Never Stopping</a>"
"tt0088933","Cocoon",1985,3804,6.7,71386,117,"Ron Howard","Tom Benedek, David Saperstein","Comedy, Drama, Sci-Fi","<a href=""https://www.imdb.com/title/tt0088933"" target=""_blank"">tt0088933</a>","<a href=""https://www.imdb.com/title/tt0088933"" target=""_blank"">Cocoon</a>"
"tt9701942","Fear Street: Part Three - 1666",2021,3805,6.6,71252,114,"Leigh Janiak","Phil Graziadei, Leigh Janiak, Kate Trefry, R.L. Stine","Horror, Mystery","<a href=""https://www.imdb.com/title/tt9701942"" target=""_blank"">tt9701942</a>","<a href=""https://www.imdb.com/title/tt9701942"" target=""_blank"">Fear Street: Part Three - 1666</a>"
"tt13186482","Mufasa: The Lion King",2024,3806,6.6,71229,118,"Barry Jenkins","Jeff Nathanson","Adventure, Animation, Drama","<a href=""https://www.imdb.com/title/tt13186482"" target=""_blank"">tt13186482</a>","<a href=""https://www.imdb.com/title/tt13186482"" target=""_blank"">Mufasa: The Lion King</a>"
"tt0104231","Far and Away",1992,3807,6.6,70815,140,"Ron Howard","Bob Dolman, Ron Howard","Adventure, Drama, Romance","<a href=""https://www.imdb.com/title/tt0104231"" target=""_blank"">tt0104231</a>","<a href=""https://www.imdb.com/title/tt0104231"" target=""_blank"">Far and Away</a>"
"tt1586752","Machine Gun Preacher",2011,3808,6.7,70354,129,"Marc Forster","Jason Keller, Ian Urbina","Action, Biography, Crime","<a href=""https://www.imdb.com/title/tt1586752"" target=""_blank"">tt1586752</a>","<a href=""https://www.imdb.com/title/tt1586752"" target=""_blank"">Machine Gun Preacher</a>"
"tt0267626","K-19: The Widowmaker",2002,3809,6.7,70036,138,"Kathryn Bigelow","Louis Nowra, Christopher Kyle","Drama, History, Thriller","<a href=""https://www.imdb.com/title/tt0267626"" target=""_blank"">tt0267626</a>","<a href=""https://www.imdb.com/title/tt0267626"" target=""_blank"">K-19: The Widowmaker</a>"
"tt21454134","The Bikeriders",2023,3810,6.6,69978,116,"Jeff Nichols","Jeff Nichols, Danny Lyon","Crime, Drama","<a href=""https://www.imdb.com/title/tt21454134"" target=""_blank"">tt21454134</a>","<a href=""https://www.imdb.com/title/tt21454134"" target=""_blank"">The Bikeriders</a>"
"tt4244998","Alpha",2018,3811,6.6,69786,96,"Albert Hughes","Daniele Wiedenhaupt, Albert Hughes","Adventure, Drama","<a href=""https://www.imdb.com/title/tt4244998"" target=""_blank"">tt4244998</a>","<a href=""https://www.imdb.com/title/tt4244998"" target=""_blank"">Alpha</a>"
"tt0120693","Half Baked",1998,3812,6.6,69722,82,"Tamra Davis","Dave Chappelle, Neal Brennan","Comedy, Crime","<a href=""https://www.imdb.com/title/tt0120693"" target=""_blank"">tt0120693</a>","<a href=""https://www.imdb.com/title/tt0120693"" target=""_blank"">Half Baked</a>"
"tt13651794","May December",2023,3813,6.7,69571,117,"Todd Haynes","Samy Burch, Alex Mechanik","Drama","<a href=""https://www.imdb.com/title/tt13651794"" target=""_blank"">tt13651794</a>","<a href=""https://www.imdb.com/title/tt13651794"" target=""_blank"">May December</a>"
"tt9198364","Three Thousand Years of Longing",2022,3814,6.7,69246,108,"George Miller","George Miller, Augusta Gore, A.S. Byatt","Drama, Fantasy, Romance","<a href=""https://www.imdb.com/title/tt9198364"" target=""_blank"">tt9198364</a>","<a href=""https://www.imdb.com/title/tt9198364"" target=""_blank"">Three Thousand Years of Longing</a>"
"tt3715320","Irrational Man",2015,3815,6.6,69216,95,"Woody Allen","Woody Allen","Comedy, Crime, Drama","<a href=""https://www.imdb.com/title/tt3715320"" target=""_blank"">tt3715320</a>","<a href=""https://www.imdb.com/title/tt3715320"" target=""_blank"">Irrational Man</a>"
"tt0091949","Short Circuit",1986,3816,6.6,68845,98,"John Badham","S.S. Wilson, Brent Maddock, Jay Tarses","Comedy, Family, Sci-Fi","<a href=""https://www.imdb.com/title/tt0091949"" target=""_blank"">tt0091949</a>","<a href=""https://www.imdb.com/title/tt0091949"" target=""_blank"">Short Circuit</a>"
"tt0271027","Kiss of the Dragon",2001,3817,6.6,68378,98,"Chris Nahon","Jet Li, Luc Besson, Robert Mark Kamen","Action, Crime, Thriller","<a href=""https://www.imdb.com/title/tt0271027"" target=""_blank"">tt0271027</a>","<a href=""https://www.imdb.com/title/tt0271027"" target=""_blank"">Kiss of the Dragon</a>"
"tt3411444","Ferdinand",2017,3818,6.7,68303,108,"Carlos Saldanha","Robert L. Baird, Tim Federle, Brad Copeland, Ron Burch, David Kidd, Don Rhymer, Munro Leaf, Robert Lawson","Adventure, Animation, Comedy","<a href=""https://www.imdb.com/title/tt3411444"" target=""_blank"">tt3411444</a>","<a href=""https://www.imdb.com/title/tt3411444"" target=""_blank"">Ferdinand</a>"
"tt0472160","Penelope",2006,3819,6.7,68251,104,"Mark Palansky","Leslie Caveny","Comedy, Fantasy, Romance","<a href=""https://www.imdb.com/title/tt0472160"" target=""_blank"">tt0472160</a>","<a href=""https://www.imdb.com/title/tt0472160"" target=""_blank"">Penelope</a>"
"tt1210042","Brooklyn's Finest",2009,3820,6.7,67802,132,"Antoine Fuqua","Michael C. Martin","Crime, Drama, Thriller","<a href=""https://www.imdb.com/title/tt1210042"" target=""_blank"">tt1210042</a>","<a href=""https://www.imdb.com/title/tt1210042"" target=""_blank"">Brooklyn's Finest</a>"
"tt3758172","Jungle",2017,3821,6.7,67719,115,"Greg McLean","Yossi Ghinsberg, Justin Monjo","Adventure, Biography, Drama","<a href=""https://www.imdb.com/title/tt3758172"" target=""_blank"">tt3758172</a>","<a href=""https://www.imdb.com/title/tt3758172"" target=""_blank"">Jungle</a>"
"tt9214832","Emma.",2020,3822,6.7,67679,124,"Autumn de Wilde","Eleanor Catton, Jane Austen","Comedy, Drama, Romance","<a href=""https://www.imdb.com/title/tt9214832"" target=""_blank"">tt9214832</a>","<a href=""https://www.imdb.com/title/tt9214832"" target=""_blank"">Emma.</a>"
"tt0380389","Goal! The Dream Begins",2005,3823,6.7,67573,118,"Danny Cannon","Mike Jefferies, Adrian Butchart, Dick Clement, Ian La Frenais","Drama, Romance, Sport","<a href=""https://www.imdb.com/title/tt0380389"" target=""_blank"">tt0380389</a>","<a href=""https://www.imdb.com/title/tt0380389"" target=""_blank"">Goal! The Dream Begins</a>"
"tt4547056","The Girl with All the Gifts",2016,3824,6.6,67037,111,"Colm McCarthy","Mike Carey","Action, Adventure, Drama","<a href=""https://www.imdb.com/title/tt4547056"" target=""_blank"">tt4547056</a>","<a href=""https://www.imdb.com/title/tt4547056"" target=""_blank"">The Girl with All the Gifts</a>"
"tt0800308","Appaloosa",2008,3825,6.7,66660,115,"Ed Harris","Robert Knott, Ed Harris, Robert B. Parker","Crime, Drama, Romance","<a href=""https://www.imdb.com/title/tt0800308"" target=""_blank"">tt0800308</a>","<a href=""https://www.imdb.com/title/tt0800308"" target=""_blank"">Appaloosa</a>"
"tt0112950","Empire Records",1995,3826,6.7,66073,90,"Allan Moyle","Carol Heikkinen","Comedy, Drama, Music","<a href=""https://www.imdb.com/title/tt0112950"" target=""_blank"">tt0112950</a>","<a href=""https://www.imdb.com/title/tt0112950"" target=""_blank"">Empire Records</a>"
"tt0120913","Titan A.E.",2000,3827,6.6,65529,94,"Don Bluth, Gary Goldman","Hans Bauer, Randall McCormick, Ben Edlund, John August, Joss Whedon","Action, Adventure, Animation","<a href=""https://www.imdb.com/title/tt0120913"" target=""_blank"">tt0120913</a>","<a href=""https://www.imdb.com/title/tt0120913"" target=""_blank"">Titan A.E.</a>"
"tt0081455","Scanners",1981,3828,6.7,65258,103,"David Cronenberg","David Cronenberg","Horror, Sci-Fi, Thriller","<a href=""https://www.imdb.com/title/tt0081455"" target=""_blank"">tt0081455</a>","<a href=""https://www.imdb.com/title/tt0081455"" target=""_blank"">Scanners</a>"
"tt7737800","Woman of the Hour",2023,3829,6.6,65138,95,"Anna Kendrick","Ian McDonald","Crime, Drama, Mystery","<a href=""https://www.imdb.com/title/tt7737800"" target=""_blank"">tt7737800</a>","<a href=""https://www.imdb.com/title/tt7737800"" target=""_blank"">Woman of the Hour</a>"
"tt0476964","The Brave One",2007,3830,6.7,65089,122,"Neil Jordan","Roderick Taylor, Bruce A. Taylor, Cynthia Mort","Crime, Drama, Thriller","<a href=""https://www.imdb.com/title/tt0476964"" target=""_blank"">tt0476964</a>","<a href=""https://www.imdb.com/title/tt0476964"" target=""_blank"">The Brave One</a>"
"tt7374948","Always Be My Maybe",2019,3831,6.7,65076,101,"Nahnatchka Khan","Ali Wong, Randall Park, Michael Golamco","Comedy, Romance","<a href=""https://www.imdb.com/title/tt7374948"" target=""_blank"">tt7374948</a>","<a href=""https://www.imdb.com/title/tt7374948"" target=""_blank"">Always Be My Maybe</a>"
"tt0482572","Pride and Glory",2008,3832,6.6,64827,130,"Gavin O'Connor","Joe Carnahan, Gavin O'Connor, Greg O'Connor, Robert Hopes","Crime, Drama, Thriller","<a href=""https://www.imdb.com/title/tt0482572"" target=""_blank"">tt0482572</a>","<a href=""https://www.imdb.com/title/tt0482572"" target=""_blank"">Pride and Glory</a>"
"tt4614584","Purple Hearts",2022,3833,6.7,64441,122,"Elizabeth Allen Rosenbaum","Kyle Jarrow, Liz W. Garcia","Drama, Music, Romance","<a href=""https://www.imdb.com/title/tt4614584"" target=""_blank"">tt4614584</a>","<a href=""https://www.imdb.com/title/tt4614584"" target=""_blank"">Purple Hearts</a>"
"tt6306064","Adrift",2018,3834,6.6,64375,96,"Baltasar Kormákur","Aaron Kandell, Jordan Kandell, David Branson Smith, Tami Ashcraft, Susea McGearhart","Action, Adventure, Biography","<a href=""https://www.imdb.com/title/tt6306064"" target=""_blank"">tt6306064</a>","<a href=""https://www.imdb.com/title/tt6306064"" target=""_blank"">Adrift</a>"
"tt15255876","Emily the Criminal",2022,3835,6.7,64326,97,"John Patton Ford","John Patton Ford","Crime, Drama, Mystery","<a href=""https://www.imdb.com/title/tt15255876"" target=""_blank"">tt15255876</a>","<a href=""https://www.imdb.com/title/tt15255876"" target=""_blank"">Emily the Criminal</a>"
"tt0102803","The Rocketeer",1991,3836,6.6,64098,108,"Joe Johnston","Dave Stevens, Danny Bilson, Paul De Meo, William Dear","Action, Adventure, Family","<a href=""https://www.imdb.com/title/tt0102803"" target=""_blank"">tt0102803</a>","<a href=""https://www.imdb.com/title/tt0102803"" target=""_blank"">The Rocketeer</a>"
"tt1758692","Like Crazy",2011,3837,6.6,64090,86,"Drake Doremus","Drake Doremus, Ben York Jones","Drama, Romance","<a href=""https://www.imdb.com/title/tt1758692"" target=""_blank"">tt1758692</a>","<a href=""https://www.imdb.com/title/tt1758692"" target=""_blank"">Like Crazy</a>"
"tt2788732","Pete's Dragon",2016,3838,6.7,63205,102,"David Lowery","David Lowery, Toby Halbrooks, Malcolm Marmorstein, Seton I. Miller, S.S. Field","Action, Adventure, Comedy","<a href=""https://www.imdb.com/title/tt2788732"" target=""_blank"">tt2788732</a>","<a href=""https://www.imdb.com/title/tt2788732"" target=""_blank"">Pete's Dragon</a>"
"tt0328589","Under the Tuscan Sun",2003,3839,6.7,63177,113,"Audrey Wells","Frances Mayes, Audrey Wells","Comedy, Drama, Romance","<a href=""https://www.imdb.com/title/tt0328589"" target=""_blank"">tt0328589</a>","<a href=""https://www.imdb.com/title/tt0328589"" target=""_blank"">Under the Tuscan Sun</a>"
"tt0118548","Absolute Power",1997,3840,6.7,63109,121,"Clint Eastwood","David Baldacci, William Goldman","Action, Crime, Drama","<a href=""https://www.imdb.com/title/tt0118548"" target=""_blank"">tt0118548</a>","<a href=""https://www.imdb.com/title/tt0118548"" target=""_blank"">Absolute Power</a>"
"tt3086442","Goodnight Mommy",2014,3841,6.7,62516,99,"Severin Fiala, Veronika Franz","Veronika Franz, Severin Fiala","Horror, Mystery, Thriller","<a href=""https://www.imdb.com/title/tt3086442"" target=""_blank"">tt3086442</a>","<a href=""https://www.imdb.com/title/tt3086442"" target=""_blank"">Goodnight Mommy</a>"
"tt0096933","Black Rain",1989,3842,6.6,62380,125,"Ridley Scott","Craig Bolotin, Warren Lewis","Action, Crime, Drama","<a href=""https://www.imdb.com/title/tt0096933"" target=""_blank"">tt0096933</a>","<a href=""https://www.imdb.com/title/tt0096933"" target=""_blank"">Black Rain</a>"
"tt0165982","Sinbad: Legend of the Seven Seas",2003,3843,6.7,62301,86,"Patrick Gilmore, Tim Johnson","John Logan","Adventure, Animation, Comedy","<a href=""https://www.imdb.com/title/tt0165982"" target=""_blank"">tt0165982</a>","<a href=""https://www.imdb.com/title/tt0165982"" target=""_blank"">Sinbad: Legend of the Seven Seas</a>"
"tt4622512","Battle of the Sexes",2017,3844,6.7,62161,121,"Jonathan Dayton, Valerie Faris","Simon Beaufoy","Biography, Comedy, Drama","<a href=""https://www.imdb.com/title/tt4622512"" target=""_blank"">tt4622512</a>","<a href=""https://www.imdb.com/title/tt4622512"" target=""_blank"">Battle of the Sexes</a>"
"tt0115956","Courage Under Fire",1996,3845,6.6,61980,116,"Edward Zwick","Patrick Sheane Duncan","Action, Drama, Mystery","<a href=""https://www.imdb.com/title/tt0115956"" target=""_blank"">tt0115956</a>","<a href=""https://www.imdb.com/title/tt0115956"" target=""_blank"">Courage Under Fire</a>"
"tt10696896","Stillwater",2021,3846,6.6,61925,139,"Tom McCarthy","Tom McCarthy, Marcus Hinchey, Thomas Bidegain, Noé Debré","Crime, Drama, Mystery","<a href=""https://www.imdb.com/title/tt10696896"" target=""_blank"">tt10696896</a>","<a href=""https://www.imdb.com/title/tt10696896"" target=""_blank"">Stillwater</a>"
"tt7504726","The Call of the Wild",2020,3847,6.7,61621,100,"Chris Sanders","Michael Green, Jack London","Adventure, Drama, Family","<a href=""https://www.imdb.com/title/tt7504726"" target=""_blank"">tt7504726</a>","<a href=""https://www.imdb.com/title/tt7504726"" target=""_blank"">The Call of the Wild</a>"
"tt2176013","Jab Tak Hai Jaan",2012,3848,6.7,60979,176,"Yash Chopra","Aditya Chopra, Devika Bhagat","Drama, Romance","<a href=""https://www.imdb.com/title/tt2176013"" target=""_blank"">tt2176013</a>","<a href=""https://www.imdb.com/title/tt2176013"" target=""_blank"">Jab Tak Hai Jaan</a>"
"tt0146984","The Legend of Bagger Vance",2000,3849,6.7,60968,126,"Robert Redford","Steven Pressfield, Jeremy Leven","Drama, Sport","<a href=""https://www.imdb.com/title/tt0146984"" target=""_blank"">tt0146984</a>","<a href=""https://www.imdb.com/title/tt0146984"" target=""_blank"">The Legend of Bagger Vance</a>"
"tt0250223","Asterix & Obelix: Mission Cleopatra",2002,3850,6.7,60865,107,"Alain Chabat","René Goscinny, Albert Uderzo, Alain Chabat","Adventure, Comedy, Family","<a href=""https://www.imdb.com/title/tt0250223"" target=""_blank"">tt0250223</a>","<a href=""https://www.imdb.com/title/tt0250223"" target=""_blank"">Asterix & Obelix: Mission Cleopatra</a>"
"tt2884018","Macbeth",2015,3851,6.6,60850,113,"Justin Kurzel","Todd Louiso, Jacob Koskoff, Michael Lesslie, William Shakespeare","Drama, History, War","<a href=""https://www.imdb.com/title/tt2884018"" target=""_blank"">tt2884018</a>","<a href=""https://www.imdb.com/title/tt2884018"" target=""_blank"">Macbeth</a>"
"tt0107302","Kalifornia",1993,3852,6.7,60630,117,"Dominic Sena","Stephen Levy, Tim Metcalfe","Crime, Drama, Thriller","<a href=""https://www.imdb.com/title/tt0107302"" target=""_blank"">tt0107302</a>","<a href=""https://www.imdb.com/title/tt0107302"" target=""_blank"">Kalifornia</a>"
"tt0088000","Revenge of the Nerds",1984,3853,6.6,60609,90,"Jeff Kanew","Tim Metcalfe, Miguel Tejada-Flores, Steve Zacharias, Jeff Buhai","Comedy","<a href=""https://www.imdb.com/title/tt0088000"" target=""_blank"">tt0088000</a>","<a href=""https://www.imdb.com/title/tt0088000"" target=""_blank"">Revenge of the Nerds</a>"
"tt14253846","Speak No Evil",2022,3854,6.6,58771,97,"Christian Tafdrup","Christian Tafdrup, Mads Tafdrup","Drama, Horror, Mystery","<a href=""https://www.imdb.com/title/tt14253846"" target=""_blank"">tt14253846</a>","<a href=""https://www.imdb.com/title/tt14253846"" target=""_blank"">Speak No Evil</a>"
"tt19637052","Love Lies Bleeding",2024,3855,6.6,58750,104,"Rose Glass","Rose Glass, Weronika Tofilska","Crime, Drama, Mystery","<a href=""https://www.imdb.com/title/tt19637052"" target=""_blank"">tt19637052</a>","<a href=""https://www.imdb.com/title/tt19637052"" target=""_blank"">Love Lies Bleeding</a>"
"tt3553442","Whiskey Tango Foxtrot",2016,3856,6.6,58277,112,"Glenn Ficarra, John Requa","Robert Carlock, Kim Barker","Biography, Comedy, Drama","<a href=""https://www.imdb.com/title/tt3553442"" target=""_blank"">tt3553442</a>","<a href=""https://www.imdb.com/title/tt3553442"" target=""_blank"">Whiskey Tango Foxtrot</a>"
"tt0765120","My Blueberry Nights",2007,3857,6.6,57887,95,"Wong Kar-Wai","Wong Kar-Wai, Lawrence Block","Drama, Romance","<a href=""https://www.imdb.com/title/tt0765120"" target=""_blank"">tt0765120</a>","<a href=""https://www.imdb.com/title/tt0765120"" target=""_blank"">My Blueberry Nights</a>"
"tt2170299","Bad Words",2013,3858,6.6,56939,89,"Jason Bateman","Andrew Dodge","Comedy, Drama","<a href=""https://www.imdb.com/title/tt2170299"" target=""_blank"">tt2170299</a>","<a href=""https://www.imdb.com/title/tt2170299"" target=""_blank"">Bad Words</a>"
"tt1764183","Arbitrage",2012,3859,6.6,56614,107,"Nicholas Jarecki","Nicholas Jarecki","Drama, Thriller","<a href=""https://www.imdb.com/title/tt1764183"" target=""_blank"">tt1764183</a>","<a href=""https://www.imdb.com/title/tt1764183"" target=""_blank"">Arbitrage</a>"
"tt0066434","THX 1138",1971,3860,6.6,56428,86,"George Lucas","George Lucas, Walter Murch","Drama, Sci-Fi, Thriller","<a href=""https://www.imdb.com/title/tt0066434"" target=""_blank"">tt0066434</a>","<a href=""https://www.imdb.com/title/tt0066434"" target=""_blank"">THX 1138</a>"
"tt0110950","Reality Bites",1994,3861,6.6,55985,99,"Ben Stiller","Helen Childress","Comedy, Drama, Romance","<a href=""https://www.imdb.com/title/tt0110950"" target=""_blank"">tt0110950</a>","<a href=""https://www.imdb.com/title/tt0110950"" target=""_blank"">Reality Bites</a>"
"tt10999120","Spirited",2022,3862,6.6,55828,127,"Sean Anders","Sean Anders, John Morris, Charles Dickens","Comedy, Family, Fantasy","<a href=""https://www.imdb.com/title/tt10999120"" target=""_blank"">tt10999120</a>","<a href=""https://www.imdb.com/title/tt10999120"" target=""_blank"">Spirited</a>"
"tt0800241","Transsiberian",2008,3863,6.6,55774,111,"Brad Anderson","Brad Anderson, Will Conroy","Crime, Drama, Mystery","<a href=""https://www.imdb.com/title/tt0800241"" target=""_blank"">tt0800241</a>","<a href=""https://www.imdb.com/title/tt0800241"" target=""_blank"">Transsiberian</a>"
"tt0095776","Oliver & Company",1988,3864,6.6,55367,74,"George Scribner","Jim Cox, Tim Disney, James Mangold, Vance Gerry, Mike Gabriel, Joe Ranft, Jim Mitchell, Chris Bailey, Kirk Wise, Dave Michener, Roger Allers, Gary Trousdale, Kevin Lima, Michael Cedeno, Peter Young, Leon Joosen, Charles Dickens, Gerrit Graham, Sam Graham, Chris Hubbell, Steve Hulett, Danny Mann, Bill Berg","Adventure, Animation, Comedy","<a href=""https://www.imdb.com/title/tt0095776"" target=""_blank"">tt0095776</a>","<a href=""https://www.imdb.com/title/tt0095776"" target=""_blank"">Oliver & Company</a>"
"tt0113117","French Kiss",1995,3865,6.6,55339,111,"Lawrence Kasdan","Adam Brooks","Comedy, Drama, Romance","<a href=""https://www.imdb.com/title/tt0113117"" target=""_blank"">tt0113117</a>","<a href=""https://www.imdb.com/title/tt0113117"" target=""_blank"">French Kiss</a>"
"tt0795493","Cassandra's Dream",2007,3866,6.6,54784,108,"Woody Allen","Woody Allen","Crime, Drama, Romance","<a href=""https://www.imdb.com/title/tt0795493"" target=""_blank"">tt0795493</a>","<a href=""https://www.imdb.com/title/tt0795493"" target=""_blank"">Cassandra's Dream</a>"
"tt0292644","The Rules of Attraction",2002,3867,6.6,54592,110,"Roger Avary","Bret Easton Ellis, Roger Avary","Comedy, Drama, Romance","<a href=""https://www.imdb.com/title/tt0292644"" target=""_blank"">tt0292644</a>","<a href=""https://www.imdb.com/title/tt0292644"" target=""_blank"">The Rules of Attraction</a>"
"tt0095253","The Great Outdoors",1988,3868,6.6,54440,91,"Howard Deutch","John Hughes","Comedy","<a href=""https://www.imdb.com/title/tt0095253"" target=""_blank"">tt0095253</a>","<a href=""https://www.imdb.com/title/tt0095253"" target=""_blank"">The Great Outdoors</a>"
"tt19864802","Land of Bad",2024,3869,6.6,53060,113,"William Eubank","David Frigerio, William Eubank","Action, Thriller","<a href=""https://www.imdb.com/title/tt19864802"" target=""_blank"">tt19864802</a>","<a href=""https://www.imdb.com/title/tt19864802"" target=""_blank"">Land of Bad</a>"
"tt10275534","To Catch a Killer",2023,3870,6.6,52664,119,"Damián Szifron","Damián Szifron, Jonathan Wakeham","Action, Crime, Drama","<a href=""https://www.imdb.com/title/tt10275534"" target=""_blank"">tt10275534</a>","<a href=""https://www.imdb.com/title/tt10275534"" target=""_blank"">To Catch a Killer</a>"
"tt3405236","Raees",2017,3871,6.6,52623,143,"Rahul Dholakia","Rahul Dholakia, Harit Mehta, Niraj Shukla, Ashish Vashi","Action, Crime, Drama","<a href=""https://www.imdb.com/title/tt3405236"" target=""_blank"">tt3405236</a>","<a href=""https://www.imdb.com/title/tt3405236"" target=""_blank"">Raees</a>"
"tt15257160","Pain Hustlers",2023,3872,6.6,52621,123,"David Yates","Wells Tower, Evan Hughes","Crime, Drama","<a href=""https://www.imdb.com/title/tt15257160"" target=""_blank"">tt15257160</a>","<a href=""https://www.imdb.com/title/tt15257160"" target=""_blank"">Pain Hustlers</a>"
"tt7557108","Saint Maud",2019,3873,6.6,52551,84,"Rose Glass","Rose Glass","Drama, Horror, Mystery","<a href=""https://www.imdb.com/title/tt7557108"" target=""_blank"">tt7557108</a>","<a href=""https://www.imdb.com/title/tt7557108"" target=""_blank"">Saint Maud</a>"
"tt1896747","Fly Me to the Moon",2024,3874,6.6,52120,132,"Greg Berlanti","Keenan Flynn, Bill Kirstein, Rose Gilroy","Comedy, Romance","<a href=""https://www.imdb.com/title/tt1896747"" target=""_blank"">tt1896747</a>","<a href=""https://www.imdb.com/title/tt1896747"" target=""_blank"">Fly Me to the Moon</a>"
"tt0083564","Annie",1982,3875,6.6,51749,127,"John Huston","Carol Sobieski, Thomas Meehan, Martin Charnin, Harold Gray","Comedy, Drama, Family","<a href=""https://www.imdb.com/title/tt0083564"" target=""_blank"">tt0083564</a>","<a href=""https://www.imdb.com/title/tt0083564"" target=""_blank"">Annie</a>"
"tt5208252","Operation Finale",2018,3876,6.6,51644,122,"Chris Weitz","Matthew Orton","Biography, Drama, History","<a href=""https://www.imdb.com/title/tt5208252"" target=""_blank"">tt5208252</a>","<a href=""https://www.imdb.com/title/tt5208252"" target=""_blank"">Operation Finale</a>"
"tt1321860","The Beaver",2011,3877,6.6,51604,91,"Jodie Foster","Kyle Killen","Drama","<a href=""https://www.imdb.com/title/tt1321860"" target=""_blank"">tt1321860</a>","<a href=""https://www.imdb.com/title/tt1321860"" target=""_blank"">The Beaver</a>"
"tt5117670","Peter Rabbit",2018,3878,6.6,50912,95,"Will Gluck","Rob Lieber, Will Gluck, Beatrix Potter","Adventure, Animation, Comedy","<a href=""https://www.imdb.com/title/tt5117670"" target=""_blank"">tt5117670</a>","<a href=""https://www.imdb.com/title/tt5117670"" target=""_blank"">Peter Rabbit</a>"
"tt0086383","Sudden Impact",1983,3879,6.6,50911,117,"Clint Eastwood","Harry Julian Fink, Rita M. Fink, Joseph Stinson, Earl E. Smith, Charles B. Pierce, Chuck Pfarrer","Action, Crime, Thriller","<a href=""https://www.imdb.com/title/tt0086383"" target=""_blank"">tt0086383</a>","<a href=""https://www.imdb.com/title/tt0086383"" target=""_blank"">Sudden Impact</a>"
"tt8522006","Happiest Season",2020,3880,6.6,50898,102,"Clea DuVall","Clea DuVall, Mary Holland","Comedy, Romance","<a href=""https://www.imdb.com/title/tt8522006"" target=""_blank"">tt8522006</a>","<a href=""https://www.imdb.com/title/tt8522006"" target=""_blank"">Happiest Season</a>"
"tt5962210","Ingrid Goes West",2017,3881,6.6,50334,98,"Matt Spicer","David Branson Smith, Matt Spicer","Comedy, Drama","<a href=""https://www.imdb.com/title/tt5962210"" target=""_blank"">tt5962210</a>","<a href=""https://www.imdb.com/title/tt5962210"" target=""_blank"">Ingrid Goes West</a>"
"tt1462769","The Odd Life of Timothy Green",2012,3882,6.6,49627,105,"Peter Hedges","Peter Hedges, Ahmet Zappa","Comedy, Drama, Family","<a href=""https://www.imdb.com/title/tt1462769"" target=""_blank"">tt1462769</a>","<a href=""https://www.imdb.com/title/tt1462769"" target=""_blank"">The Odd Life of Timothy Green</a>"
"tt0093886","Roxanne",1987,3883,6.6,49096,107,"Fred Schepisi","Edmond Rostand, Steve Martin","Comedy, Romance","<a href=""https://www.imdb.com/title/tt0093886"" target=""_blank"">tt0093886</a>","<a href=""https://www.imdb.com/title/tt0093886"" target=""_blank"">Roxanne</a>"
"tt5649108","Thoroughbreds",2017,3884,6.6,47933,92,"Cory Finley","Cory Finley","Comedy, Crime, Drama","<a href=""https://www.imdb.com/title/tt5649108"" target=""_blank"">tt5649108</a>","<a href=""https://www.imdb.com/title/tt5649108"" target=""_blank"">Thoroughbreds</a>"
"tt0110527","Miracle on 34th Street",1994,3885,6.6,47403,114,"Les Mayfield","Valentine Davies, George Seaton, John Hughes","Drama, Family, Fantasy","<a href=""https://www.imdb.com/title/tt0110527"" target=""_blank"">tt0110527</a>","<a href=""https://www.imdb.com/title/tt0110527"" target=""_blank"">Miracle on 34th Street</a>"
"tt9288822","The Wonder",2022,3886,6.6,47306,108,"Sebastián Lelio","Emma Donoghue, Sebastián Lelio, Alice Birch","Drama, Mystery, Thriller","<a href=""https://www.imdb.com/title/tt9288822"" target=""_blank"">tt9288822</a>","<a href=""https://www.imdb.com/title/tt9288822"" target=""_blank"">The Wonder</a>"
"tt1316536","The Loved Ones",2009,3887,6.6,46021,84,"Sean Byrne","Sean Byrne","Crime, Horror","<a href=""https://www.imdb.com/title/tt1316536"" target=""_blank"">tt1316536</a>","<a href=""https://www.imdb.com/title/tt1316536"" target=""_blank"">The Loved Ones</a>"
"tt6000478","Roman J. Israel, Esq.",2017,3888,6.5,46014,122,"Dan Gilroy","Dan Gilroy","Crime, Drama, Thriller","<a href=""https://www.imdb.com/title/tt6000478"" target=""_blank"">tt6000478</a>","<a href=""https://www.imdb.com/title/tt6000478"" target=""_blank"">Roman J. Israel, Esq.</a>"
"tt0454824","Flyboys",2006,3889,6.5,45600,140,"Tony Bill","Phil Sears, Blake T. Evans, David S. Ward","Action, Drama, History","<a href=""https://www.imdb.com/title/tt0454824"" target=""_blank"">tt0454824</a>","<a href=""https://www.imdb.com/title/tt0454824"" target=""_blank"">Flyboys</a>"
"tt9873892","They Cloned Tyrone",2023,3890,6.6,45465,122,"Juel Taylor","Tony Rettenmaier, Juel Taylor","Comedy, Mystery, Sci-Fi","<a href=""https://www.imdb.com/title/tt9873892"" target=""_blank"">tt9873892</a>","<a href=""https://www.imdb.com/title/tt9873892"" target=""_blank"">They Cloned Tyrone</a>"
"tt12749596","Host",2020,3891,6.5,45359,57,"Rob Savage","Gemma Hurley, Rob Savage, Jed Shepherd","Horror, Mystery","<a href=""https://www.imdb.com/title/tt12749596"" target=""_blank"">tt12749596</a>","<a href=""https://www.imdb.com/title/tt12749596"" target=""_blank"">Host</a>"
"tt0088850","Brewster's Millions",1985,3892,6.5,45230,102,"Walter Hill","George Barr McCutcheon, Herschel Weingrod, Timothy Harris","Comedy","<a href=""https://www.imdb.com/title/tt0088850"" target=""_blank"">tt0088850</a>","<a href=""https://www.imdb.com/title/tt0088850"" target=""_blank"">Brewster's Millions</a>"
"tt4733624","Fatherhood",2021,3893,6.6,45123,109,"Paul Weitz","Dana Stevens, Paul Weitz, Matt Logelin","Comedy, Drama","<a href=""https://www.imdb.com/title/tt4733624"" target=""_blank"">tt4733624</a>","<a href=""https://www.imdb.com/title/tt4733624"" target=""_blank"">Fatherhood</a>"
"tt3616916","The Wave",2015,3894,6.6,44992,105,"Roar Uthaug","Martin Sundland, John Kåre Raake, Roar Uthaug, Harald Rosenløw-Eeg","Action, Drama, Thriller","<a href=""https://www.imdb.com/title/tt3616916"" target=""_blank"">tt3616916</a>","<a href=""https://www.imdb.com/title/tt3616916"" target=""_blank"">The Wave</a>"
"tt1833116","The Informer",2019,3895,6.6,44770,113,"Andrea Di Stefano","Matt Cook, Rowan Joffe, Andrea Di Stefano, Anders Roslund, Börge Hellström","Action, Crime, Drama","<a href=""https://www.imdb.com/title/tt1833116"" target=""_blank"">tt1833116</a>","<a href=""https://www.imdb.com/title/tt1833116"" target=""_blank"">The Informer</a>"
"tt0281364","Wasabi",2001,3896,6.6,44524,94,"Gérard Krawczyk","Luc Besson","Action, Comedy, Crime","<a href=""https://www.imdb.com/title/tt0281364"" target=""_blank"">tt0281364</a>","<a href=""https://www.imdb.com/title/tt0281364"" target=""_blank"">Wasabi</a>"
"tt0108174","So I Married an Axe Murderer",1993,3897,6.5,44477,93,"Thomas Schlamme","Robbie Fox","Comedy, Romance","<a href=""https://www.imdb.com/title/tt0108174"" target=""_blank"">tt0108174</a>","<a href=""https://www.imdb.com/title/tt0108174"" target=""_blank"">So I Married an Axe Murderer</a>"
"tt6182908","Smallfoot",2018,3898,6.6,44471,96,"Karey Kirkpatrick, Jason Reisig","Karey Kirkpatrick, Clare Sera, John Requa, Glenn Ficarra, Sergio Pablos, Eyal Podell, Jonathon E. Stewart, Chris Poche","Adventure, Animation, Comedy","<a href=""https://www.imdb.com/title/tt6182908"" target=""_blank"">tt6182908</a>","<a href=""https://www.imdb.com/title/tt6182908"" target=""_blank"">Smallfoot</a>"
"tt14577874","It's What's Inside",2024,3899,6.6,44185,103,"Greg Jardin","Greg Jardin","Comedy, Mystery, Sci-Fi","<a href=""https://www.imdb.com/title/tt14577874"" target=""_blank"">tt14577874</a>","<a href=""https://www.imdb.com/title/tt14577874"" target=""_blank"">It's What's Inside</a>"
"tt0079714","Phantasm",1979,3900,6.6,43277,89,"Don Coscarelli","Don Coscarelli","Horror, Sci-Fi","<a href=""https://www.imdb.com/title/tt0079714"" target=""_blank"">tt0079714</a>","<a href=""https://www.imdb.com/title/tt0079714"" target=""_blank"">Phantasm</a>"
"tt0116191","Emma",1996,3901,6.6,43164,120,"Douglas McGrath","Jane Austen, Douglas McGrath","Comedy, Drama, Romance","<a href=""https://www.imdb.com/title/tt0116191"" target=""_blank"">tt0116191</a>","<a href=""https://www.imdb.com/title/tt0116191"" target=""_blank"">Emma</a>"
"tt1035736","Coco Before Chanel",2009,3902,6.6,43036,105,"Anne Fontaine","Edmonde Charles-Roux, Anne Fontaine, Camille Fontaine","Biography, Drama","<a href=""https://www.imdb.com/title/tt1035736"" target=""_blank"">tt1035736</a>","<a href=""https://www.imdb.com/title/tt1035736"" target=""_blank"">Coco Before Chanel</a>"
"tt0119668","Midnight in the Garden of Good and Evil",1997,3903,6.6,42781,155,"Clint Eastwood","John Berendt, John Lee Hancock","Crime, Drama, Mystery","<a href=""https://www.imdb.com/title/tt0119668"" target=""_blank"">tt0119668</a>","<a href=""https://www.imdb.com/title/tt0119668"" target=""_blank"">Midnight in the Garden of Good and Evil</a>"
"tt0303361","May",2002,3904,6.6,42752,93,"Lucky McKee","Lucky McKee","Drama, Horror","<a href=""https://www.imdb.com/title/tt0303361"" target=""_blank"">tt0303361</a>","<a href=""https://www.imdb.com/title/tt0303361"" target=""_blank"">May</a>"
"tt6107548","Late Night",2019,3905,6.5,42634,102,"Nisha Ganatra","Mindy Kaling","Comedy, Drama","<a href=""https://www.imdb.com/title/tt6107548"" target=""_blank"">tt6107548</a>","<a href=""https://www.imdb.com/title/tt6107548"" target=""_blank"">Late Night</a>"
"tt12676326","Malcolm & Marie",2021,3906,6.6,42583,106,"Sam Levinson","Sam Levinson","Drama, Romance","<a href=""https://www.imdb.com/title/tt12676326"" target=""_blank"">tt12676326</a>","<a href=""https://www.imdb.com/title/tt12676326"" target=""_blank"">Malcolm & Marie</a>"
"tt7339248","The Art of Self-Defense",2019,3907,6.6,42493,104,"Riley Stearns","Riley Stearns","Comedy, Crime, Drama","<a href=""https://www.imdb.com/title/tt7339248"" target=""_blank"">tt7339248</a>","<a href=""https://www.imdb.com/title/tt7339248"" target=""_blank"">The Art of Self-Defense</a>"
"tt0082533","The Howling",1981,3908,6.5,42266,91,"Joe Dante","Gary Brandner, John Sayles, Terence H. Winkless","Horror","<a href=""https://www.imdb.com/title/tt0082533"" target=""_blank"">tt0082533</a>","<a href=""https://www.imdb.com/title/tt0082533"" target=""_blank"">The Howling</a>"
"tt3907584","All the Bright Places",2020,3909,6.6,42044,107,"Brett Haley","Jennifer Niven, Liz Hannah","Drama, Romance","<a href=""https://www.imdb.com/title/tt3907584"" target=""_blank"">tt3907584</a>","<a href=""https://www.imdb.com/title/tt3907584"" target=""_blank"">All the Bright Places</a>"
"tt0099528","The Exorcist III",1990,3910,6.5,41473,110,"William Peter Blatty","William Peter Blatty","Drama, Horror, Mystery","<a href=""https://www.imdb.com/title/tt0099528"" target=""_blank"">tt0099528</a>","<a href=""https://www.imdb.com/title/tt0099528"" target=""_blank"">The Exorcist III</a>"
"tt17505010","Horizon: An American Saga - Chapter 1",2024,3911,6.6,41434,181,"Kevin Costner","Jon Baird, Kevin Costner, Mark Kasdan","Drama, Western","<a href=""https://www.imdb.com/title/tt17505010"" target=""_blank"">tt17505010</a>","<a href=""https://www.imdb.com/title/tt17505010"" target=""_blank"">Horizon: An American Saga - Chapter 1</a>"
"tt1879016","Operation Mincemeat",2021,3912,6.6,41116,128,"John Madden","Michelle Ashford, Ben Macintyre","Drama, War","<a href=""https://www.imdb.com/title/tt1879016"" target=""_blank"">tt1879016</a>","<a href=""https://www.imdb.com/title/tt1879016"" target=""_blank"">Operation Mincemeat</a>"
"tt6495056","Migration",2023,3913,6.6,41020,83,"Benjamin Renner, Guylo Homsy","Mike White, Benjamin Renner, Ken Daurio, Greg Kalleres","Adventure, Animation, Comedy","<a href=""https://www.imdb.com/title/tt6495056"" target=""_blank"">tt6495056</a>","<a href=""https://www.imdb.com/title/tt6495056"" target=""_blank"">Migration</a>"
"tt9115530","The Eyes of Tammy Faye",2021,3914,6.6,40937,126,"Michael Showalter","Fenton Bailey, Randy Barbato, Abe Sylvia","Biography, Drama, Romance","<a href=""https://www.imdb.com/title/tt9115530"" target=""_blank"">tt9115530</a>","<a href=""https://www.imdb.com/title/tt9115530"" target=""_blank"">The Eyes of Tammy Faye</a>"
"tt0102526","New Jack City",1991,3915,6.6,40829,97,"Mario Van Peebles","Thomas Lee Wright, Barry Michael Cooper","Action, Crime, Drama","<a href=""https://www.imdb.com/title/tt0102526"" target=""_blank"">tt0102526</a>","<a href=""https://www.imdb.com/title/tt0102526"" target=""_blank"">New Jack City</a>"
"tt0100994","Young Guns II",1990,3916,6.5,40655,104,"Geoff Murphy","John Fusco","Action, Drama, Western","<a href=""https://www.imdb.com/title/tt0100994"" target=""_blank"">tt0100994</a>","<a href=""https://www.imdb.com/title/tt0100994"" target=""_blank"">Young Guns II</a>"
"tt0408985","Last Holiday",2006,3917,6.6,40604,112,"Wayne Wang","Jeffrey Price, Peter S. Seaman, J.B. Priestley","Comedy, Drama, Romance","<a href=""https://www.imdb.com/title/tt0408985"" target=""_blank"">tt0408985</a>","<a href=""https://www.imdb.com/title/tt0408985"" target=""_blank"">Last Holiday</a>"
"tt0338188","The Missing",2003,3918,6.5,40563,137,"Ron Howard","Thomas Eidson, Ken Kaufman","Adventure, Drama, Thriller","<a href=""https://www.imdb.com/title/tt0338188"" target=""_blank"">tt0338188</a>","<a href=""https://www.imdb.com/title/tt0338188"" target=""_blank"">The Missing</a>"
"tt2091473","Promised Land",2012,3919,6.6,40547,106,"Gus Van Sant","John Krasinski, Matt Damon, Dave Eggers","Drama","<a href=""https://www.imdb.com/title/tt2091473"" target=""_blank"">tt2091473</a>","<a href=""https://www.imdb.com/title/tt2091473"" target=""_blank"">Promised Land</a>"
"tt0252503","Heist",2001,3920,6.5,40526,109,"David Mamet","David Mamet","Action, Crime, Drama","<a href=""https://www.imdb.com/title/tt0252503"" target=""_blank"">tt0252503</a>","<a href=""https://www.imdb.com/title/tt0252503"" target=""_blank"">Heist</a>"
"tt0119237","Gummo",1997,3921,6.6,40476,89,"Harmony Korine","Harmony Korine","Comedy, Drama","<a href=""https://www.imdb.com/title/tt0119237"" target=""_blank"">tt0119237</a>","<a href=""https://www.imdb.com/title/tt0119237"" target=""_blank"">Gummo</a>"
"tt9130508","Cherry",2021,3922,6.6,40339,142,"Anthony Russo, Joe Russo","Angela Russo-Otstot, Jessica Goldberg, Nico Walker","Biography, Crime, Drama","<a href=""https://www.imdb.com/title/tt9130508"" target=""_blank"">tt9130508</a>","<a href=""https://www.imdb.com/title/tt9130508"" target=""_blank"">Cherry</a>"
"tt0082509","Heavy Metal",1981,3923,6.6,40226,86,"Gerald Potterton, John Bruno, John Halas, Julian Harris, Jimmy T. Murakami, Barrie Nelson, Paul Sabella, Jack Stokes, Pino Van Lamsweerde, Harold Whitaker","Daniel Goldberg, Len Blum, Dan O'Bannon, Richard Corben, Bernie Wrightson, Angus McKie, Jean 'Moebius' Giraud","Adventure, Animation, Fantasy","<a href=""https://www.imdb.com/title/tt0082509"" target=""_blank"">tt0082509</a>","<a href=""https://www.imdb.com/title/tt0082509"" target=""_blank"">Heavy Metal</a>"
"tt0139668","True Crime",1999,3924,6.6,40051,127,"Clint Eastwood","Andrew Klavan, Larry Gross, Paul Brickman, Stephen Schiff","Crime, Drama, Mystery","<a href=""https://www.imdb.com/title/tt0139668"" target=""_blank"">tt0139668</a>","<a href=""https://www.imdb.com/title/tt0139668"" target=""_blank"">True Crime</a>"
"tt1650043","Diary of a Wimpy Kid: Rodrick Rules",2011,3925,6.6,39763,99,"David Bowers","Gabe Sachs, Jeff Judah, Jeff Kinney","Comedy, Family","<a href=""https://www.imdb.com/title/tt1650043"" target=""_blank"">tt1650043</a>","<a href=""https://www.imdb.com/title/tt1650043"" target=""_blank"">Diary of a Wimpy Kid: Rodrick Rules</a>"
"tt2870708","Wish I Was Here",2014,3926,6.6,39483,106,"Zach Braff","Adam J. Braff, Zach Braff","Comedy, Drama","<a href=""https://www.imdb.com/title/tt2870708"" target=""_blank"">tt2870708</a>","<a href=""https://www.imdb.com/title/tt2870708"" target=""_blank"">Wish I Was Here</a>"
"tt6141246","The Aeronauts",2019,3927,6.6,39215,100,"Tom Harper","Richard Holmes, Tom Harper, Jack Thorne","Action, Adventure, Drama","<a href=""https://www.imdb.com/title/tt6141246"" target=""_blank"">tt6141246</a>","<a href=""https://www.imdb.com/title/tt6141246"" target=""_blank"">The Aeronauts</a>"
"tt0126916","For Love of the Game",1999,3928,6.6,39155,137,"Sam Raimi","Michael Shaara, Dana Stevens","Drama, Romance, Sport","<a href=""https://www.imdb.com/title/tt0126916"" target=""_blank"">tt0126916</a>","<a href=""https://www.imdb.com/title/tt0126916"" target=""_blank"">For Love of the Game</a>"
"tt0092494","*batteries not included",1987,3929,6.6,39118,107,"Matthew Robbins","Mick Garris, Brad Bird, Matthew Robbins, Brent Maddock, S.S. Wilson","Comedy, Family, Fantasy","<a href=""https://www.imdb.com/title/tt0092494"" target=""_blank"">tt0092494</a>","<a href=""https://www.imdb.com/title/tt0092494"" target=""_blank"">*batteries not included</a>"
"tt4878482","Dumplin'",2018,3930,6.5,39039,110,"Anne Fletcher","Kristin Hahn, Julie Murphy","Comedy, Drama","<a href=""https://www.imdb.com/title/tt4878482"" target=""_blank"">tt4878482</a>","<a href=""https://www.imdb.com/title/tt4878482"" target=""_blank"">Dumplin'</a>"
"tt0899043","The Amateur",2025,3931,6.5,38869,122,"James Hawes","Robert Littell, Ken Nolan, Gary Spinelli","Action, Thriller","<a href=""https://www.imdb.com/title/tt0899043"" target=""_blank"">tt0899043</a>","<a href=""https://www.imdb.com/title/tt0899043"" target=""_blank"">The Amateur</a>"
"tt6108178","Disobedience",2017,3932,6.6,38728,114,"Sebastián Lelio","Sebastián Lelio, Rebecca Lenkiewicz, Naomi Alderman","Drama","<a href=""https://www.imdb.com/title/tt6108178"" target=""_blank"">tt6108178</a>","<a href=""https://www.imdb.com/title/tt6108178"" target=""_blank"">Disobedience</a>"
"tt6269368","The Clovehitch Killer",2018,3933,6.5,38698,109,"Duncan Skiles","Christopher Ford","Crime, Drama, Horror","<a href=""https://www.imdb.com/title/tt6269368"" target=""_blank"">tt6269368</a>","<a href=""https://www.imdb.com/title/tt6269368"" target=""_blank"">The Clovehitch Killer</a>"
"tt4799066","Midnight Sun",2018,3934,6.6,38651,91,"Scott Speer","Eric Kirsten","Drama, Romance","<a href=""https://www.imdb.com/title/tt4799066"" target=""_blank"">tt4799066</a>","<a href=""https://www.imdb.com/title/tt4799066"" target=""_blank"">Midnight Sun</a>"
"tt0093936","The Secret of My Success",1987,3935,6.5,38560,111,"Herbert Ross","Jim Cash, Jack Epps Jr., AJ Carothers","Comedy, Romance","<a href=""https://www.imdb.com/title/tt0093936"" target=""_blank"">tt0093936</a>","<a href=""https://www.imdb.com/title/tt0093936"" target=""_blank"">The Secret of My Success</a>"
"tt2560078","Boston Strangler",2023,3936,6.5,38526,112,"Matt Ruskin","Matt Ruskin","Crime, Drama, History","<a href=""https://www.imdb.com/title/tt2560078"" target=""_blank"">tt2560078</a>","<a href=""https://www.imdb.com/title/tt2560078"" target=""_blank"">Boston Strangler</a>"
"tt1462900","The Grandmaster",2013,3937,6.6,37866,130,"Wong Kar-Wai","Wong Kar-Wai, Jingzhi Zou, Haofeng Xu","Action, Biography, Drama","<a href=""https://www.imdb.com/title/tt1462900"" target=""_blank"">tt1462900</a>","<a href=""https://www.imdb.com/title/tt1462900"" target=""_blank"">The Grandmaster</a>"
"tt2398231","The Homesman",2014,3938,6.6,37503,122,"Tommy Lee Jones","Tommy Lee Jones, Kieran Fitzgerald, Wesley A. Oliver, Glendon Swarthout","Drama, Western","<a href=""https://www.imdb.com/title/tt2398231"" target=""_blank"">tt2398231</a>","<a href=""https://www.imdb.com/title/tt2398231"" target=""_blank"">The Homesman</a>"
"tt1167638","22 Bullets",2010,3939,6.6,37320,117,"Richard Berry","Franz-Olivier Giesbert, Richard Berry, Matthieu Delaporte, Alexandre de La Patellière, Eric Assous","Action, Crime, Drama","<a href=""https://www.imdb.com/title/tt1167638"" target=""_blank"">tt1167638</a>","<a href=""https://www.imdb.com/title/tt1167638"" target=""_blank"">22 Bullets</a>"
"tt1226681","Pontypool",2008,3940,6.5,37286,93,"Bruce McDonald","Tony Burgess","Horror, Sci-Fi","<a href=""https://www.imdb.com/title/tt1226681"" target=""_blank"">tt1226681</a>","<a href=""https://www.imdb.com/title/tt1226681"" target=""_blank"">Pontypool</a>"
"tt0060153","Batman: The Movie",1966,3941,6.5,37051,105,"Leslie H. Martinson","Lorenzo Semple Jr., Bob Kane, William Dozier","Action, Adventure, Comedy","<a href=""https://www.imdb.com/title/tt0060153"" target=""_blank"">tt0060153</a>","<a href=""https://www.imdb.com/title/tt0060153"" target=""_blank"">Batman: The Movie</a>"
"tt2555736","The Second Best Exotic Marigold Hotel",2015,3942,6.5,37028,122,"John Madden","Ol Parker, John Madden","Comedy, Drama, Romance","<a href=""https://www.imdb.com/title/tt2555736"" target=""_blank"">tt2555736</a>","<a href=""https://www.imdb.com/title/tt2555736"" target=""_blank"">The Second Best Exotic Marigold Hotel</a>"
"tt0427969","Hollywoodland",2006,3943,6.5,36659,126,"Allen Coulter","Paul Bernbaum","Biography, Crime, Drama","<a href=""https://www.imdb.com/title/tt0427969"" target=""_blank"">tt0427969</a>","<a href=""https://www.imdb.com/title/tt0427969"" target=""_blank"">Hollywoodland</a>"
"tt0202677","The Way of the Gun",2000,3944,6.6,36354,119,"Christopher McQuarrie","Christopher McQuarrie","Action, Crime, Drama","<a href=""https://www.imdb.com/title/tt0202677"" target=""_blank"">tt0202677</a>","<a href=""https://www.imdb.com/title/tt0202677"" target=""_blank"">The Way of the Gun</a>"
"tt0240510","The Four Feathers",2002,3945,6.5,36174,132,"Shekhar Kapur","A.E.W. Mason, Michael Schiffer, Hossein Amini","Adventure, Drama, Romance","<a href=""https://www.imdb.com/title/tt0240510"" target=""_blank"">tt0240510</a>","<a href=""https://www.imdb.com/title/tt0240510"" target=""_blank"">The Four Feathers</a>"
"tt2084989","Upstream Color",2013,3946,6.5,35667,96,"Shane Carruth","Shane Carruth","Drama, Mystery, Sci-Fi","<a href=""https://www.imdb.com/title/tt2084989"" target=""_blank"">tt2084989</a>","<a href=""https://www.imdb.com/title/tt2084989"" target=""_blank"">Upstream Color</a>"
"tt0102603","Oscar",1991,3947,6.5,35640,109,"John Landis","Claude Magnier, Michael Barrie, Jim Mulholland","Comedy, Crime","<a href=""https://www.imdb.com/title/tt0102603"" target=""_blank"">tt0102603</a>","<a href=""https://www.imdb.com/title/tt0102603"" target=""_blank"">Oscar</a>"
"tt0128278","Instinct",1999,3948,6.5,34966,126,"Jon Turteltaub","Gerald Di Pego, Daniel Quinn","Drama, Thriller","<a href=""https://www.imdb.com/title/tt0128278"" target=""_blank"">tt0128278</a>","<a href=""https://www.imdb.com/title/tt0128278"" target=""_blank"">Instinct</a>"
"tt14439896","Father Stu",2022,3949,6.5,34334,124,"Rosalind Ross","Rosalind Ross","Biography, Drama","<a href=""https://www.imdb.com/title/tt14439896"" target=""_blank"">tt14439896</a>","<a href=""https://www.imdb.com/title/tt14439896"" target=""_blank"">Father Stu</a>"
"tt0308152","Dead End",2003,3950,6.5,34102,85,"Jean-Baptiste Andrea, Fabrice Canepa","Jean-Baptiste Andrea, Fabrice Canepa","Adventure, Horror, Mystery","<a href=""https://www.imdb.com/title/tt0308152"" target=""_blank"">tt0308152</a>","<a href=""https://www.imdb.com/title/tt0308152"" target=""_blank"">Dead End</a>"
"tt0360009","Spartan",2004,3951,6.5,33911,106,"David Mamet","David Mamet","Action, Crime, Drama","<a href=""https://www.imdb.com/title/tt0360009"" target=""_blank"">tt0360009</a>","<a href=""https://www.imdb.com/title/tt0360009"" target=""_blank"">Spartan</a>"
"tt1894476","How I Live Now",2013,3952,6.4,32830,101,"Kevin Macdonald","Meg Rosoff, Jeremy Brock, Penelope Skinner, Tony Grisoni, Jack Thorne","Action, Adventure, Drama","<a href=""https://www.imdb.com/title/tt1894476"" target=""_blank"">tt1894476</a>","<a href=""https://www.imdb.com/title/tt1894476"" target=""_blank"">How I Live Now</a>"
"tt2494280","Stretch",2014,3953,6.5,32503,94,"Joe Carnahan","Joe Carnahan, Jerry Corley, Rob Rose","Comedy, Crime","<a href=""https://www.imdb.com/title/tt2494280"" target=""_blank"">tt2494280</a>","<a href=""https://www.imdb.com/title/tt2494280"" target=""_blank"">Stretch</a>"
"tt3278330","Tale of Tales",2015,3954,6.4,32479,134,"Matteo Garrone","Edoardo Albinati, Ugo Chiti, Matteo Garrone, Massimo Gaudioso, Giambattista Basile","Drama, Fantasy, Horror","<a href=""https://www.imdb.com/title/tt3278330"" target=""_blank"">tt3278330</a>","<a href=""https://www.imdb.com/title/tt3278330"" target=""_blank"">Tale of Tales</a>"
"tt2140507","The Current War",2017,3955,6.5,32477,102,"Alfonso Gomez-Rejon","Michael Mitnick","Biography, Drama, History","<a href=""https://www.imdb.com/title/tt2140507"" target=""_blank"">tt2140507</a>","<a href=""https://www.imdb.com/title/tt2140507"" target=""_blank"">The Current War</a>"
"tt0110364","Little Giants",1994,3956,6.5,32191,107,"Duwayne Dunham","James Ferguson, Robert Shallcross, Tommy Swerdlow, Michael Goldberg","Comedy, Family, Sport","<a href=""https://www.imdb.com/title/tt0110364"" target=""_blank"">tt0110364</a>","<a href=""https://www.imdb.com/title/tt0110364"" target=""_blank"">Little Giants</a>"
"tt0450340","Unknown",2006,3957,6.4,32043,85,"Simon Brand","Matthew Waynee","Crime, Drama, Mystery","<a href=""https://www.imdb.com/title/tt0450340"" target=""_blank"">tt0450340</a>","<a href=""https://www.imdb.com/title/tt0450340"" target=""_blank"">Unknown</a>"
"tt0120654","Dirty Work",1998,3958,6.4,31945,82,"Bob Saget","Frank Sebastiano, Norm MacDonald, Fred Wolf","Comedy","<a href=""https://www.imdb.com/title/tt0120654"" target=""_blank"">tt0120654</a>","<a href=""https://www.imdb.com/title/tt0120654"" target=""_blank"">Dirty Work</a>"
"tt0110638","Nell",1994,3959,6.5,31825,112,"Michael Apted","Mark Handley, William Nicholson","Drama","<a href=""https://www.imdb.com/title/tt0110638"" target=""_blank"">tt0110638</a>","<a href=""https://www.imdb.com/title/tt0110638"" target=""_blank"">Nell</a>"
"tt0117737","Stealing Beauty",1996,3960,6.5,31659,118,"Bernardo Bertolucci","Bernardo Bertolucci, Susan Minot","Drama, Mystery, Romance","<a href=""https://www.imdb.com/title/tt0117737"" target=""_blank"">tt0117737</a>","<a href=""https://www.imdb.com/title/tt0117737"" target=""_blank"">Stealing Beauty</a>"
"tt0113501","Just Cause",1995,3961,6.4,31542,102,"Arne Glimcher","John Katzenbach, Jeb Stuart, Peter Stone","Action, Crime, Drama","<a href=""https://www.imdb.com/title/tt0113501"" target=""_blank"">tt0113501</a>","<a href=""https://www.imdb.com/title/tt0113501"" target=""_blank"">Just Cause</a>"
"tt0430634","Stick It",2006,3962,6.4,31450,103,"Jessica Bendinger","Jessica Bendinger","Comedy, Drama, Sport","<a href=""https://www.imdb.com/title/tt0430634"" target=""_blank"">tt0430634</a>","<a href=""https://www.imdb.com/title/tt0430634"" target=""_blank"">Stick It</a>"
"tt4267026","Hell House LLC",2015,3963,6.4,31394,93,"Stephen Cognetti","Stephen Cognetti","Horror, Mystery","<a href=""https://www.imdb.com/title/tt4267026"" target=""_blank"">tt4267026</a>","<a href=""https://www.imdb.com/title/tt4267026"" target=""_blank"">Hell House LLC</a>"
"tt0200027","Riding in Cars with Boys",2001,3964,6.5,31290,132,"Penny Marshall","Beverly Donofrio, Morgan Ward","Biography, Comedy, Drama","<a href=""https://www.imdb.com/title/tt0200027"" target=""_blank"">tt0200027</a>","<a href=""https://www.imdb.com/title/tt0200027"" target=""_blank"">Riding in Cars with Boys</a>"
"tt2023690","Sightseers",2012,3965,6.5,31044,88,"Ben Wheatley","Alice Lowe, Steve Oram, Amy Jump","Adventure, Comedy, Crime","<a href=""https://www.imdb.com/title/tt2023690"" target=""_blank"">tt2023690</a>","<a href=""https://www.imdb.com/title/tt2023690"" target=""_blank"">Sightseers</a>"
"tt0073631","Rollerball",1975,3966,6.5,31032,125,"Norman Jewison","William Harrison","Action, Sci-Fi, Sport","<a href=""https://www.imdb.com/title/tt0073631"" target=""_blank"">tt0073631</a>","<a href=""https://www.imdb.com/title/tt0073631"" target=""_blank"">Rollerball</a>"
"tt1178665","A Walk in the Woods",2015,3967,6.4,30997,104,"Ken Kwapis","Michael Arndt, Bill Holderman, Bill Bryson","Adventure, Biography, Comedy","<a href=""https://www.imdb.com/title/tt1178665"" target=""_blank"">tt1178665</a>","<a href=""https://www.imdb.com/title/tt1178665"" target=""_blank"">A Walk in the Woods</a>"
"tt0830558","The Girl Next Door",2007,3968,6.5,30985,91,"Gregory Wilson","Daniel Farrands, Philip Nutman, Jack Ketchum","Crime, Drama, Horror","<a href=""https://www.imdb.com/title/tt0830558"" target=""_blank"">tt0830558</a>","<a href=""https://www.imdb.com/title/tt0830558"" target=""_blank"">The Girl Next Door</a>"
"tt1592281","Take This Waltz",2011,3969,6.5,30906,116,"Sarah Polley","Sarah Polley","Comedy, Drama","<a href=""https://www.imdb.com/title/tt1592281"" target=""_blank"">tt1592281</a>","<a href=""https://www.imdb.com/title/tt1592281"" target=""_blank"">Take This Waltz</a>"
"tt2238050","White Bird in a Blizzard",2014,3970,6.4,30819,91,"Gregg Araki","Gregg Araki, Laura Kasischke","Drama, Mystery, Thriller","<a href=""https://www.imdb.com/title/tt2238050"" target=""_blank"">tt2238050</a>","<a href=""https://www.imdb.com/title/tt2238050"" target=""_blank"">White Bird in a Blizzard</a>"
"tt8372298","Swallow",2019,3971,6.5,30809,94,"Carlo Mirabella-Davis","Carlo Mirabella-Davis","Drama, Thriller","<a href=""https://www.imdb.com/title/tt8372298"" target=""_blank"">tt8372298</a>","<a href=""https://www.imdb.com/title/tt8372298"" target=""_blank"">Swallow</a>"
"tt0080569","Cruising",1980,3972,6.5,30474,102,"William Friedkin","William Friedkin, Gerald Walker","Crime, Drama, Mystery","<a href=""https://www.imdb.com/title/tt0080569"" target=""_blank"">tt0080569</a>","<a href=""https://www.imdb.com/title/tt0080569"" target=""_blank"">Cruising</a>"
"tt2452200","Son of a Gun",2014,3973,6.4,30454,108,"Julius Avery","Julius Avery, John Collee","Action, Crime, Drama","<a href=""https://www.imdb.com/title/tt2452200"" target=""_blank"">tt2452200</a>","<a href=""https://www.imdb.com/title/tt2452200"" target=""_blank"">Son of a Gun</a>"
"tt0106912","Fire in the Sky",1993,3974,6.5,30295,109,"Robert Lieberman","Travis Walton, Tracy Tormé","Biography, Drama, Fantasy","<a href=""https://www.imdb.com/title/tt0106912"" target=""_blank"">tt0106912</a>","<a href=""https://www.imdb.com/title/tt0106912"" target=""_blank"">Fire in the Sky</a>"
"tt13873302","Against the Ice",2022,3975,6.5,30246,102,"Peter Flinth","Nikolaj Coster-Waldau, Joe Derrick, Ejnar Mikkelsen","Adventure, Drama, History","<a href=""https://www.imdb.com/title/tt13873302"" target=""_blank"">tt13873302</a>","<a href=""https://www.imdb.com/title/tt13873302"" target=""_blank"">Against the Ice</a>"
"tt12838766","Space Sweepers",2021,3976,6.5,30202,136,"Sung-hee Jo","Sung-hee Jo, Seung-min Yoon, Seo-ae Yoo-Kang","Action, Adventure, Drama","<a href=""https://www.imdb.com/title/tt12838766"" target=""_blank"">tt12838766</a>","<a href=""https://www.imdb.com/title/tt12838766"" target=""_blank"">Space Sweepers</a>"
"tt1932718","Thanks for Sharing",2012,3977,6.4,30036,112,"Stuart Blumberg","Stuart Blumberg, Matt Winston","Comedy, Drama, Romance","<a href=""https://www.imdb.com/title/tt1932718"" target=""_blank"">tt1932718</a>","<a href=""https://www.imdb.com/title/tt1932718"" target=""_blank"">Thanks for Sharing</a>"
"tt0164212","Under Suspicion",2000,3978,6.4,29739,110,"Stephen Hopkins","John Wainwright, Claude Miller, Jean Herman, Michel Audiard, Tom Provost, W. Peter Iliff","Crime, Drama, Thriller","<a href=""https://www.imdb.com/title/tt0164212"" target=""_blank"">tt0164212</a>","<a href=""https://www.imdb.com/title/tt0164212"" target=""_blank"">Under Suspicion</a>"
"tt0107497","Malice",1993,3979,6.5,29488,107,"Harold Becker","Aaron Sorkin, Jonas McCord, Scott Frank","Crime, Mystery, Thriller","<a href=""https://www.imdb.com/title/tt0107497"" target=""_blank"">tt0107497</a>","<a href=""https://www.imdb.com/title/tt0107497"" target=""_blank"">Malice</a>"
"tt10767052","Next Goal Wins",2023,3980,6.5,29478,104,"Taika Waititi","Taika Waititi, Iain Morris","Comedy, Drama, Sport","<a href=""https://www.imdb.com/title/tt10767052"" target=""_blank"">tt10767052</a>","<a href=""https://www.imdb.com/title/tt10767052"" target=""_blank"">Next Goal Wins</a>"
"tt0294357","Beyond Borders",2003,3981,6.4,29467,127,"Martin Campbell","Caspian Tredwell-Owen","Adventure, Drama, Romance","<a href=""https://www.imdb.com/title/tt0294357"" target=""_blank"">tt0294357</a>","<a href=""https://www.imdb.com/title/tt0294357"" target=""_blank"">Beyond Borders</a>"
"tt0101329","An American Tail: Fievel Goes West",1991,3982,6.5,29459,75,"Phil Nibbelink, Simon Wells","David Kirschner, Charles Swenson, Flint Dille","Adventure, Animation, Family","<a href=""https://www.imdb.com/title/tt0101329"" target=""_blank"">tt0101329</a>","<a href=""https://www.imdb.com/title/tt0101329"" target=""_blank"">An American Tail: Fievel Goes West</a>"
"tt0096071","The Serpent and the Rainbow",1988,3983,6.4,28911,98,"Wes Craven","Wade Davis, Richard Maxwell, Adam Rodman","Fantasy, Horror","<a href=""https://www.imdb.com/title/tt0096071"" target=""_blank"">tt0096071</a>","<a href=""https://www.imdb.com/title/tt0096071"" target=""_blank"">The Serpent and the Rainbow</a>"
"tt0286751","Pulse",2001,3984,6.5,28893,119,"Kiyoshi Kurosawa","Kiyoshi Kurosawa","Horror, Mystery, Sci-Fi","<a href=""https://www.imdb.com/title/tt0286751"" target=""_blank"">tt0286751</a>","<a href=""https://www.imdb.com/title/tt0286751"" target=""_blank"">Pulse</a>"
"tt11905962","Sputnik",2020,3985,6.4,28888,113,"Egor Abramenko","Oleg Malovichko, Andrey Zolotarev","Drama, Horror, Mystery","<a href=""https://www.imdb.com/title/tt11905962"" target=""_blank"">tt11905962</a>","<a href=""https://www.imdb.com/title/tt11905962"" target=""_blank"">Sputnik</a>"
"tt0277941","Ned Kelly",2003,3986,6.4,28772,110,"Gregor Jordan","Robert Drewe, John Michael McDonagh","Action, Adventure, Biography","<a href=""https://www.imdb.com/title/tt0277941"" target=""_blank"">tt0277941</a>","<a href=""https://www.imdb.com/title/tt0277941"" target=""_blank"">Ned Kelly</a>"
"tt9766332","Atrangi Re",2021,3987,6.5,28763,138,"Aanand L. Rai","Himanshu Sharma","Comedy, Drama, Fantasy","<a href=""https://www.imdb.com/title/tt9766332"" target=""_blank"">tt9766332</a>","<a href=""https://www.imdb.com/title/tt9766332"" target=""_blank"">Atrangi Re</a>"
"tt0085894","The Man with Two Brains",1983,3988,6.4,28760,93,"Carl Reiner","George Gipe, Steve Martin, Carl Reiner","Comedy, Romance, Sci-Fi","<a href=""https://www.imdb.com/title/tt0085894"" target=""_blank"">tt0085894</a>","<a href=""https://www.imdb.com/title/tt0085894"" target=""_blank"">The Man with Two Brains</a>"
"tt0278823","Hollywood Ending",2002,3989,6.5,28690,112,"Woody Allen","Woody Allen","Comedy, Romance","<a href=""https://www.imdb.com/title/tt0278823"" target=""_blank"">tt0278823</a>","<a href=""https://www.imdb.com/title/tt0278823"" target=""_blank"">Hollywood Ending</a>"
"tt3864056","The Goldfinch",2019,3990,6.4,28649,149,"John Crowley","Peter Straughan, Donna Tartt","Crime, Drama, Mystery","<a href=""https://www.imdb.com/title/tt3864056"" target=""_blank"">tt3864056</a>","<a href=""https://www.imdb.com/title/tt3864056"" target=""_blank"">The Goldfinch</a>"
"tt7390646","Black and Blue",2019,3991,6.4,28623,108,"Deon Taylor","Peter A. Dowling","Action, Thriller","<a href=""https://www.imdb.com/title/tt7390646"" target=""_blank"">tt7390646</a>","<a href=""https://www.imdb.com/title/tt7390646"" target=""_blank"">Black and Blue</a>"
"tt1151359","Leaves of Grass",2009,3992,6.4,28392,105,"Tim Blake Nelson","Tim Blake Nelson","Comedy, Crime, Drama","<a href=""https://www.imdb.com/title/tt1151359"" target=""_blank"">tt1151359</a>","<a href=""https://www.imdb.com/title/tt1151359"" target=""_blank"">Leaves of Grass</a>"
"tt9684220","Bad Trip",2021,3993,6.5,28376,86,"Kitao Sakurai","Eric André, Kitao Sakurai, Andrew Barchilon, Dan Curry, Derrick Beckles, Jenna Park, Kathryn Borel","Comedy","<a href=""https://www.imdb.com/title/tt9684220"" target=""_blank"">tt9684220</a>","<a href=""https://www.imdb.com/title/tt9684220"" target=""_blank"">Bad Trip</a>"
"tt0111333","The Swan Princess",1994,3994,6.4,28297,90,"Richard Rich","Richard Rich, Brian Nissen","Adventure, Animation, Comedy","<a href=""https://www.imdb.com/title/tt0111333"" target=""_blank"">tt0111333</a>","<a href=""https://www.imdb.com/title/tt0111333"" target=""_blank"">The Swan Princess</a>"
"tt2355495","Barefoot",2014,3995,6.5,28244,90,"Andrew Fleming","Stephen Zotnowski","Comedy, Drama, Romance","<a href=""https://www.imdb.com/title/tt2355495"" target=""_blank"">tt2355495</a>","<a href=""https://www.imdb.com/title/tt2355495"" target=""_blank"">Barefoot</a>"
"tt2784678","Top Five",2014,3996,6.4,28162,102,"Chris Rock","Chris Rock","Comedy, Romance","<a href=""https://www.imdb.com/title/tt2784678"" target=""_blank"">tt2784678</a>","<a href=""https://www.imdb.com/title/tt2784678"" target=""_blank"">Top Five</a>"
"tt6882604","Archive",2020,3997,6.4,28103,109,"Gavin Rothery","Gavin Rothery","Drama, Mystery, Sci-Fi","<a href=""https://www.imdb.com/title/tt6882604"" target=""_blank"">tt6882604</a>","<a href=""https://www.imdb.com/title/tt6882604"" target=""_blank"">Archive</a>"
"tt4348012","Mayhem",2017,3998,6.4,27987,86,"Joe Lynch","Matias Caruso","Action, Comedy, Horror","<a href=""https://www.imdb.com/title/tt4348012"" target=""_blank"">tt4348012</a>","<a href=""https://www.imdb.com/title/tt4348012"" target=""_blank"">Mayhem</a>"
"tt0100260","Nightbreed",1990,3999,6.5,27919,102,"Clive Barker","Clive Barker","Action, Fantasy, Horror","<a href=""https://www.imdb.com/title/tt0100260"" target=""_blank"">tt0100260</a>","<a href=""https://www.imdb.com/title/tt0100260"" target=""_blank"">Nightbreed</a>"
"tt9054192","Queenpins",2021,4000,6.4,27828,110,"Aron Gaudet, Gita Pullapilly","Aron Gaudet, Gita Pullapilly","Comedy, Crime","<a href=""https://www.imdb.com/title/tt9054192"" target=""_blank"">tt9054192</a>","<a href=""https://www.imdb.com/title/tt9054192"" target=""_blank"">Queenpins</a>"
"tt2131532","Hidden",2015,4001,6.4,27790,84,"Matt Duffer, Ross Duffer","Matt Duffer, Ross Duffer","Horror, Sci-Fi, Thriller","<a href=""https://www.imdb.com/title/tt2131532"" target=""_blank"">tt2131532</a>","<a href=""https://www.imdb.com/title/tt2131532"" target=""_blank"">Hidden</a>"
"tt0110737","Only You",1994,4002,6.5,27778,109,"Norman Jewison","Diane Drake","Comedy, Romance","<a href=""https://www.imdb.com/title/tt0110737"" target=""_blank"">tt0110737</a>","<a href=""https://www.imdb.com/title/tt0110737"" target=""_blank"">Only You</a>"
"tt0140379","A Midsummer Night's Dream",1999,4003,6.4,27755,116,"Michael Hoffman","William Shakespeare, Michael Hoffman","Comedy, Fantasy, Romance","<a href=""https://www.imdb.com/title/tt0140379"" target=""_blank"">tt0140379</a>","<a href=""https://www.imdb.com/title/tt0140379"" target=""_blank"">A Midsummer Night's Dream</a>"
"tt0071577","The Great Gatsby",1974,4004,6.4,27710,144,"Jack Clayton","F. Scott Fitzgerald, Francis Ford Coppola","Drama, Romance","<a href=""https://www.imdb.com/title/tt0071577"" target=""_blank"">tt0071577</a>","<a href=""https://www.imdb.com/title/tt0071577"" target=""_blank"">The Great Gatsby</a>"
"tt0963194","Repo! The Genetic Opera",2008,4005,6.4,27589,98,"Darren Lynn Bousman","Darren Smith, Terrance Zdunich","Horror, Musical, Sci-Fi","<a href=""https://www.imdb.com/title/tt0963194"" target=""_blank"">tt0963194</a>","<a href=""https://www.imdb.com/title/tt0963194"" target=""_blank"">Repo! The Genetic Opera</a>"
"tt15268244","Joy Ride",2023,4006,6.4,27576,95,"Adele Lim","Cherry Chevapravatdumrong, Teresa Hsiao, Adele Lim","Comedy","<a href=""https://www.imdb.com/title/tt15268244"" target=""_blank"">tt15268244</a>","<a href=""https://www.imdb.com/title/tt15268244"" target=""_blank"">Joy Ride</a>"
"tt15782690","In the Land of Saints and Sinners",2023,4007,6.4,27414,106,"Robert Lorenz","Mark Michael McNally, Terry Loane","Action, Crime, Thriller","<a href=""https://www.imdb.com/title/tt15782690"" target=""_blank"">tt15782690</a>","<a href=""https://www.imdb.com/title/tt15782690"" target=""_blank"">In the Land of Saints and Sinners</a>"
"tt7549892","Terrified",2017,4008,6.5,27402,87,"Demián Rugna","Demián Rugna","Horror","<a href=""https://www.imdb.com/title/tt7549892"" target=""_blank"">tt7549892</a>","<a href=""https://www.imdb.com/title/tt7549892"" target=""_blank"">Terrified</a>"
"tt3203528","Bad Samaritan",2018,4009,6.4,27372,110,"Dean Devlin","Brandon Boyce","Crime, Drama, Horror","<a href=""https://www.imdb.com/title/tt3203528"" target=""_blank"">tt3203528</a>","<a href=""https://www.imdb.com/title/tt3203528"" target=""_blank"">Bad Samaritan</a>"
"tt0048254","Killer's Kiss",1955,4010,6.5,27268,67,"Stanley Kubrick","Stanley Kubrick, Howard Sackler","Crime, Drama, Film-Noir","<a href=""https://www.imdb.com/title/tt0048254"" target=""_blank"">tt0048254</a>","<a href=""https://www.imdb.com/title/tt0048254"" target=""_blank"">Killer's Kiss</a>"
"tt3068194","Love & Friendship",2016,4011,6.4,27124,90,"Whit Stillman","Whit Stillman, Jane Austen","Comedy, Drama, Romance","<a href=""https://www.imdb.com/title/tt3068194"" target=""_blank"">tt3068194</a>","<a href=""https://www.imdb.com/title/tt3068194"" target=""_blank"">Love & Friendship</a>"
"tt2349144","Mississippi Grind",2015,4012,6.4,27114,108,"Anna Boden, Ryan Fleck","Anna Boden, Ryan Fleck","Comedy, Drama","<a href=""https://www.imdb.com/title/tt2349144"" target=""_blank"">tt2349144</a>","<a href=""https://www.imdb.com/title/tt2349144"" target=""_blank"">Mississippi Grind</a>"
"tt4943322","The Ottoman Lieutenant",2017,4013,6.4,26961,106,"Joseph Ruben","Jeff Stockwell","Drama, History, War","<a href=""https://www.imdb.com/title/tt4943322"" target=""_blank"">tt4943322</a>","<a href=""https://www.imdb.com/title/tt4943322"" target=""_blank"">The Ottoman Lieutenant</a>"
"tt2365580","Where'd You Go, Bernadette",2019,4014,6.5,26834,109,"Richard Linklater","Richard Linklater, Holly Gent, Vincent Palmo Jr., Maria Semple","Comedy, Crime, Drama","<a href=""https://www.imdb.com/title/tt2365580"" target=""_blank"">tt2365580</a>","<a href=""https://www.imdb.com/title/tt2365580"" target=""_blank"">Where'd You Go, Bernadette</a>"
"tt0076070","The Gauntlet",1977,4015,6.4,26560,109,"Clint Eastwood","Michael Butler, Dennis Shryack","Action, Crime, Thriller","<a href=""https://www.imdb.com/title/tt0076070"" target=""_blank"">tt0076070</a>","<a href=""https://www.imdb.com/title/tt0076070"" target=""_blank"">The Gauntlet</a>"
"tt0054135","Ocean's Eleven",1960,4016,6.5,26388,127,"Lewis Milestone","Harry Brown, Charles Lederer, George Clayton Johnson, Jack Golden Russell, Billy Wilder","Comedy, Crime, Music","<a href=""https://www.imdb.com/title/tt0054135"" target=""_blank"">tt0054135</a>","<a href=""https://www.imdb.com/title/tt0054135"" target=""_blank"">Ocean's Eleven</a>"
"tt2639254","A Little Chaos",2014,4017,6.5,26318,117,"Alan Rickman","Jeremy Brock, Alison Deegan, Alan Rickman","Drama, Romance","<a href=""https://www.imdb.com/title/tt2639254"" target=""_blank"">tt2639254</a>","<a href=""https://www.imdb.com/title/tt2639254"" target=""_blank"">A Little Chaos</a>"
"tt0119115","Fierce Creatures",1997,4018,6.4,26227,93,"Robert Young, Fred Schepisi","John Cleese, Iain Johnstone, Terry Jones, Michael Palin","Comedy","<a href=""https://www.imdb.com/title/tt0119115"" target=""_blank"">tt0119115</a>","<a href=""https://www.imdb.com/title/tt0119115"" target=""_blank"">Fierce Creatures</a>"
"tt6462958","I Want You Back",2022,4019,6.5,26159,116,"Jason Orley","Isaac Aptaker, Elizabeth Berger","Comedy, Romance","<a href=""https://www.imdb.com/title/tt6462958"" target=""_blank"">tt6462958</a>","<a href=""https://www.imdb.com/title/tt6462958"" target=""_blank"">I Want You Back</a>"
"tt0250224","Crazy/Beautiful",2001,4020,6.4,26148,99,"John Stockwell","Phil Hay, Matt Manfredi","Drama, Romance","<a href=""https://www.imdb.com/title/tt0250224"" target=""_blank"">tt0250224</a>","<a href=""https://www.imdb.com/title/tt0250224"" target=""_blank"">Crazy/Beautiful</a>"
"tt27995594","Munjya",2024,4021,6.5,26105,123,"Aditya Sarpotdar","Niren Bhatt, Yogesh Chandekar, Tushar Ajgaonkar","Comedy, Horror","<a href=""https://www.imdb.com/title/tt27995594"" target=""_blank"">tt27995594</a>","<a href=""https://www.imdb.com/title/tt27995594"" target=""_blank"">Munjya</a>"
"tt0432637","Krrish",2006,4022,6.5,26076,154,"Rakesh Roshan","Robin Bhatt, Sachin Bhowmick, Honey Irani, Akarsh Khurana, Sanjay Masoomm, Rakesh Roshan","Action, Sci-Fi","<a href=""https://www.imdb.com/title/tt0432637"" target=""_blank"">tt0432637</a>","<a href=""https://www.imdb.com/title/tt0432637"" target=""_blank"">Krrish</a>"
"tt12718300","Confess, Fletch",2022,4023,6.4,26073,98,"Greg Mottola","Gregory McDonald, Greg Mottola, Zev Borow","Comedy, Crime, Mystery","<a href=""https://www.imdb.com/title/tt12718300"" target=""_blank"">tt12718300</a>","<a href=""https://www.imdb.com/title/tt12718300"" target=""_blank"">Confess, Fletch</a>"
"tt4669264","Beirut",2018,4024,6.5,26030,109,"Brad Anderson","Tony Gilroy","Action, Adventure, Crime","<a href=""https://www.imdb.com/title/tt4669264"" target=""_blank"">tt4669264</a>","<a href=""https://www.imdb.com/title/tt4669264"" target=""_blank"">Beirut</a>"
"tt1715336","Anna",2013,4025,6.4,26011,99,"Jorge Dorado","Guy Holmes, Martha Holmes","Drama, Mystery, Sci-Fi","<a href=""https://www.imdb.com/title/tt1715336"" target=""_blank"">tt1715336</a>","<a href=""https://www.imdb.com/title/tt1715336"" target=""_blank"">Anna</a>"
"tt3416536","Hot Summer Nights",2017,4026,6.4,25895,107,"Elijah Bynum","Elijah Bynum","Crime, Drama, Romance","<a href=""https://www.imdb.com/title/tt3416536"" target=""_blank"">tt3416536</a>","<a href=""https://www.imdb.com/title/tt3416536"" target=""_blank"">Hot Summer Nights</a>"
"tt3297330","Good Kill",2014,4027,6.4,25468,102,"Andrew Niccol","Andrew Niccol","Drama, Thriller, War","<a href=""https://www.imdb.com/title/tt3297330"" target=""_blank"">tt3297330</a>","<a href=""https://www.imdb.com/title/tt3297330"" target=""_blank"">Good Kill</a>"
"tt0449061","London",2005,4028,6.3,25287,92,"Hunter Richards","Hunter Richards","Drama, Romance","<a href=""https://www.imdb.com/title/tt0449061"" target=""_blank"">tt0449061</a>","<a href=""https://www.imdb.com/title/tt0449061"" target=""_blank"">London</a>"
"tt0338427","Shopgirl",2005,4029,6.3,25100,106,"Anand Tucker","Steve Martin","Drama, Romance","<a href=""https://www.imdb.com/title/tt0338427"" target=""_blank"">tt0338427</a>","<a href=""https://www.imdb.com/title/tt0338427"" target=""_blank"">Shopgirl</a>"
"tt1129423","Fireproof",2008,4030,6.4,25048,122,"Alex Kendrick","Alex Kendrick, Stephen Kendrick","Drama, Romance","<a href=""https://www.imdb.com/title/tt1129423"" target=""_blank"">tt1129423</a>","<a href=""https://www.imdb.com/title/tt1129423"" target=""_blank"">Fireproof</a>"
"tt5977276","The Aftermath",2019,4031,6.4,25032,108,"James Kent","Joe Shrapnel, Anna Waterhouse, Rhidian Brook","Drama, Romance, War","<a href=""https://www.imdb.com/title/tt5977276"" target=""_blank"">tt5977276</a>","<a href=""https://www.imdb.com/title/tt5977276"" target=""_blank"">The Aftermath</a>"
"tt1981115","Thor: The Dark World",2013,4032,6.7,754819,112,"Alan Taylor","Christopher L. Yost, Christopher Markus, Stephen McFeely, Don Payne, Robert Rodat, Stan Lee, Larry Lieber, Jack Kirby, Walter Simonson","Action, Adventure, Fantasy","<a href=""https://www.imdb.com/title/tt1981115"" target=""_blank"">tt1981115</a>","<a href=""https://www.imdb.com/title/tt1981115"" target=""_blank"">Thor: The Dark World</a>"
"tt4154664","Captain Marvel",2019,4033,6.7,639986,123,"Anna Boden, Ryan Fleck","Anna Boden, Ryan Fleck, Geneva Robertson-Dworet, Nicole Perlman, Meg LeFauve","Action, Adventure, Sci-Fi","<a href=""https://www.imdb.com/title/tt4154664"" target=""_blank"">tt4154664</a>","<a href=""https://www.imdb.com/title/tt4154664"" target=""_blank"">Captain Marvel</a>"
"tt0242653","The Matrix Revolutions",2003,4034,6.7,562457,129,"Lana Wachowski, Lilly Wachowski","Lilly Wachowski, Lana Wachowski","Action, Sci-Fi","<a href=""https://www.imdb.com/title/tt0242653"" target=""_blank"">tt0242653</a>","<a href=""https://www.imdb.com/title/tt0242653"" target=""_blank"">The Matrix Revolutions</a>"
"tt0367594","Charlie and the Chocolate Factory",2005,4035,6.7,553353,115,"Tim Burton","Roald Dahl, John August","Adventure, Comedy, Family","<a href=""https://www.imdb.com/title/tt0367594"" target=""_blank"">tt0367594</a>","<a href=""https://www.imdb.com/title/tt0367594"" target=""_blank"">Charlie and the Chocolate Factory</a>"
"tt1430132","The Wolverine",2013,4036,6.7,513402,126,"James Mangold","Mark Bomback, Scott Frank","Action, Sci-Fi","<a href=""https://www.imdb.com/title/tt1430132"" target=""_blank"">tt1430132</a>","<a href=""https://www.imdb.com/title/tt1430132"" target=""_blank"">The Wolverine</a>"
"tt1637688","In Time",2011,4037,6.7,469258,109,"Andrew Niccol","Andrew Niccol","Action, Sci-Fi, Thriller","<a href=""https://www.imdb.com/title/tt1637688"" target=""_blank"">tt1637688</a>","<a href=""https://www.imdb.com/title/tt1637688"" target=""_blank"">In Time</a>"
"tt0120591","Armageddon",1998,4038,6.7,467731,151,"Michael Bay","Jonathan Hensleigh, J.J. Abrams, Tony Gilroy, Shane Salerno, Robert Roy Pool","Action, Adventure, Sci-Fi","<a href=""https://www.imdb.com/title/tt0120591"" target=""_blank"">tt0120591</a>","<a href=""https://www.imdb.com/title/tt0120591"" target=""_blank"">Armageddon</a>"
"tt0493464","Wanted",2008,4039,6.7,420886,110,"Timur Bekmambetov","Michael Brandt, Derek Haas, Chris Morgan, Mark Millar, J.G. Jones","Action, Crime, Thriller","<a href=""https://www.imdb.com/title/tt0493464"" target=""_blank"">tt0493464</a>","<a href=""https://www.imdb.com/title/tt0493464"" target=""_blank"">Wanted</a>"
"tt4649466","Kingsman: The Golden Circle",2017,4040,6.7,388126,141,"Matthew Vaughn","Jane Goldman, Matthew Vaughn, Mark Millar, Dave Gibbons","Action, Adventure, Comedy","<a href=""https://www.imdb.com/title/tt4649466"" target=""_blank"">tt4649466</a>","<a href=""https://www.imdb.com/title/tt4649466"" target=""_blank"">Kingsman: The Golden Circle</a>"
"tt3731562","Kong: Skull Island",2017,4041,6.7,364530,118,"Jordan Vogt-Roberts","Dan Gilroy, Max Borenstein, Derek Connolly, John Gatins","Action, Adventure, Fantasy","<a href=""https://www.imdb.com/title/tt3731562"" target=""_blank"">tt3731562</a>","<a href=""https://www.imdb.com/title/tt3731562"" target=""_blank"">Kong: Skull Island</a>"
"tt0808151","Angels & Demons",2009,4042,6.7,319170,138,"Ron Howard","David Koepp, Akiva Goldsman, Dan Brown","Mystery, Thriller","<a href=""https://www.imdb.com/title/tt0808151"" target=""_blank"">tt0808151</a>","<a href=""https://www.imdb.com/title/tt0808151"" target=""_blank"">Angels & Demons</a>"
"tt0195714","Final Destination",2000,4043,6.7,314913,98,"James Wong","Glen Morgan, James Wong, Jeffrey Reddick","Horror, Thriller","<a href=""https://www.imdb.com/title/tt0195714"" target=""_blank"">tt0195714</a>","<a href=""https://www.imdb.com/title/tt0195714"" target=""_blank"">Final Destination</a>"
"tt1386588","The Other Guys",2010,4044,6.7,300346,107,"Adam McKay","Adam McKay, Chris Henchy","Action, Comedy, Crime","<a href=""https://www.imdb.com/title/tt1386588"" target=""_blank"">tt1386588</a>","<a href=""https://www.imdb.com/title/tt1386588"" target=""_blank"">The Other Guys</a>"
"tt0803096","Warcraft",2016,4045,6.7,289781,123,"Duncan Jones","Charles Leavitt, Duncan Jones","Action, Adventure, Fantasy","<a href=""https://www.imdb.com/title/tt0803096"" target=""_blank"">tt0803096</a>","<a href=""https://www.imdb.com/title/tt0803096"" target=""_blank"">Warcraft</a>"
"tt0364725","Dodgeball: A True Underdog Story",2004,4046,6.7,277016,92,"Rawson Marshall Thurber","Rawson Marshall Thurber","Comedy, Sport","<a href=""https://www.imdb.com/title/tt0364725"" target=""_blank"">tt0364725</a>","<a href=""https://www.imdb.com/title/tt0364725"" target=""_blank"">Dodgeball: A True Underdog Story</a>"
"tt0429493","The A-Team",2010,4047,6.7,273510,117,"Joe Carnahan","Joe Carnahan, Brian Bloom, Skip Woods, Frank Lupo, Stephen J. Cannell","Action, Adventure, Crime","<a href=""https://www.imdb.com/title/tt0429493"" target=""_blank"">tt0429493</a>","<a href=""https://www.imdb.com/title/tt0429493"" target=""_blank"">The A-Team</a>"
"tt1601913","The Grey",2011,4048,6.7,269649,117,"Joe Carnahan","Joe Carnahan, Ian Mackenzie Jeffers","Action, Adventure, Drama","<a href=""https://www.imdb.com/title/tt1601913"" target=""_blank"">tt1601913</a>","<a href=""https://www.imdb.com/title/tt1601913"" target=""_blank"">The Grey</a>"
"tt5442430","Life",2017,4049,6.6,268961,104,"Daniel Espinosa","Rhett Reese, Paul Wernick","Horror, Sci-Fi, Thriller","<a href=""https://www.imdb.com/title/tt5442430"" target=""_blank"">tt5442430</a>","<a href=""https://www.imdb.com/title/tt5442430"" target=""_blank"">Life</a>"
"tt1211956","Escape Plan",2013,4050,6.7,265687,115,"Mikael Håfström","Miles Chapman, Jason Keller","Action, Thriller","<a href=""https://www.imdb.com/title/tt1211956"" target=""_blank"">tt1211956</a>","<a href=""https://www.imdb.com/title/tt1211956"" target=""_blank"">Escape Plan</a>"
"tt4630562","The Fate of the Furious",2017,4051,6.6,265476,136,"F. Gary Gray","Gary Scott Thompson, Chris Morgan","Action, Crime, Thriller","<a href=""https://www.imdb.com/title/tt4630562"" target=""_blank"">tt4630562</a>","<a href=""https://www.imdb.com/title/tt4630562"" target=""_blank"">The Fate of the Furious</a>"
"tt0163978","The Beach",2000,4052,6.6,262150,119,"Danny Boyle","John Hodge, Alex Garland","Adventure, Drama, Romance","<a href=""https://www.imdb.com/title/tt0163978"" target=""_blank"">tt0163978</a>","<a href=""https://www.imdb.com/title/tt0163978"" target=""_blank"">The Beach</a>"
"tt0479952","Madagascar: Escape 2 Africa",2008,4053,6.6,261074,89,"Eric Darnell, Tom McGrath","Etan Cohen, Eric Darnell, Tom McGrath","Adventure, Animation, Comedy","<a href=""https://www.imdb.com/title/tt0479952"" target=""_blank"">tt0479952</a>","<a href=""https://www.imdb.com/title/tt0479952"" target=""_blank"">Madagascar: Escape 2 Africa</a>"
"tt1731141","Ender's Game",2013,4054,6.6,261047,114,"Gavin Hood","Gavin Hood, Orson Scott Card","Action, Adventure, Sci-Fi","<a href=""https://www.imdb.com/title/tt1731141"" target=""_blank"">tt1731141</a>","<a href=""https://www.imdb.com/title/tt1731141"" target=""_blank"">Ender's Game</a>"
"tt5109784","Mother!",2017,4055,6.6,260374,121,"Darren Aronofsky","Darren Aronofsky","Drama, Horror, Mystery","<a href=""https://www.imdb.com/title/tt5109784"" target=""_blank"">tt5109784</a>","<a href=""https://www.imdb.com/title/tt5109784"" target=""_blank"">Mother!</a>"
"tt0183505","Me, Myself & Irene",2000,4056,6.6,259686,116,"Bobby Farrelly, Peter Farrelly","Peter Farrelly, Mike Cerrone, Bobby Farrelly","Comedy","<a href=""https://www.imdb.com/title/tt0183505"" target=""_blank"">tt0183505</a>","<a href=""https://www.imdb.com/title/tt0183505"" target=""_blank"">Me, Myself & Irene</a>"
"tt0338348","The Polar Express",2004,4057,6.6,258170,100,"Robert Zemeckis","Chris Van Allsburg, Robert Zemeckis, William Broyles Jr.","Adventure, Animation, Family","<a href=""https://www.imdb.com/title/tt0338348"" target=""_blank"">tt0338348</a>","<a href=""https://www.imdb.com/title/tt0338348"" target=""_blank"">The Polar Express</a>"
"tt0145660","Austin Powers: The Spy Who Shagged Me",1999,4058,6.7,257047,95,"Jay Roach","Mike Myers, Michael McCullers","Action, Adventure, Comedy","<a href=""https://www.imdb.com/title/tt0145660"" target=""_blank"">tt0145660</a>","<a href=""https://www.imdb.com/title/tt0145660"" target=""_blank"">Austin Powers: The Spy Who Shagged Me</a>"
"tt0265208","The Girl Next Door",2004,4059,6.7,253732,109,"Luke Greenfield","David Wagner, Brent Goldberg, Stuart Blumberg","Comedy, Drama, Romance","<a href=""https://www.imdb.com/title/tt0265208"" target=""_blank"">tt0265208</a>","<a href=""https://www.imdb.com/title/tt0265208"" target=""_blank"">The Girl Next Door</a>"
"tt0117509","Romeo + Juliet",1996,4060,6.7,252941,120,"Baz Luhrmann","William Shakespeare, Craig Pearce, Baz Luhrmann","Drama, Romance","<a href=""https://www.imdb.com/title/tt0117509"" target=""_blank"">tt0117509</a>","<a href=""https://www.imdb.com/title/tt0117509"" target=""_blank"">Romeo + Juliet</a>"
"tt0266915","Rush Hour 2",2001,4061,6.7,251079,90,"Brett Ratner","Ross LaManna, Jeff Nathanson","Action, Comedy, Crime","<a href=""https://www.imdb.com/title/tt0266915"" target=""_blank"">tt0266915</a>","<a href=""https://www.imdb.com/title/tt0266915"" target=""_blank"">Rush Hour 2</a>"
"tt4196776","Jason Bourne",2016,4062,6.6,251019,123,"Paul Greengrass","Paul Greengrass, Christopher Rouse, Robert Ludlum","Action, Thriller","<a href=""https://www.imdb.com/title/tt4196776"" target=""_blank"">tt4196776</a>","<a href=""https://www.imdb.com/title/tt4196776"" target=""_blank"">Jason Bourne</a>"
"tt0296572","The Chronicles of Riddick",2004,4063,6.6,248172,119,"David Twohy","Jim Wheat, Ken Wheat, David Twohy","Action, Adventure, Sci-Fi","<a href=""https://www.imdb.com/title/tt0296572"" target=""_blank"">tt0296572</a>","<a href=""https://www.imdb.com/title/tt0296572"" target=""_blank"">The Chronicles of Riddick</a>"
"tt2463208","The Adam Project",2022,4064,6.7,247920,106,"Shawn Levy","Jonathan Tropper, T.S. Nowlin, Jennifer Flackett, Mark Levin","Action, Adventure, Comedy","<a href=""https://www.imdb.com/title/tt2463208"" target=""_blank"">tt2463208</a>","<a href=""https://www.imdb.com/title/tt2463208"" target=""_blank"">The Adam Project</a>"
"tt1636826","Project X",2012,4065,6.7,247188,88,"Nima Nourizadeh","Matt Drake, Michael Bacall","Comedy","<a href=""https://www.imdb.com/title/tt1636826"" target=""_blank"">tt1636826</a>","<a href=""https://www.imdb.com/title/tt1636826"" target=""_blank"">Project X</a>"
"tt0187738","Blade II",2002,4066,6.7,245885,117,"Guillermo del Toro","Marv Wolfman, Gene Colan, David S. Goyer","Action, Horror, Sci-Fi","<a href=""https://www.imdb.com/title/tt0187738"" target=""_blank"">tt0187738</a>","<a href=""https://www.imdb.com/title/tt0187738"" target=""_blank"">Blade II</a>"
"tt0117998","Twister",1996,4067,6.6,245284,113,"Jan de Bont","Michael Crichton, Anne-Marie Martin","Action, Adventure, Thriller","<a href=""https://www.imdb.com/title/tt0117998"" target=""_blank"">tt0117998</a>","<a href=""https://www.imdb.com/title/tt0117998"" target=""_blank"">Twister</a>"
"tt1599348","Safe House",2012,4068,6.7,244666,115,"Daniel Espinosa","David Guggenheim","Action, Thriller","<a href=""https://www.imdb.com/title/tt1599348"" target=""_blank"">tt1599348</a>","<a href=""https://www.imdb.com/title/tt1599348"" target=""_blank"">Safe House</a>"
"tt9777666","The Tomorrow War",2021,4069,6.6,242689,138,"Chris McKay","Zach Dean","Action, Adventure, Drama","<a href=""https://www.imdb.com/title/tt9777666"" target=""_blank"">tt9777666</a>","<a href=""https://www.imdb.com/title/tt9777666"" target=""_blank"">The Tomorrow War</a>"
"tt1972591","King Arthur: Legend of the Sword",2017,4070,6.7,241440,126,"Guy Ritchie","Joby Harold, Guy Ritchie, Lionel Wigram, David Dobkin","Action, Adventure, Drama","<a href=""https://www.imdb.com/title/tt1972591"" target=""_blank"">tt1972591</a>","<a href=""https://www.imdb.com/title/tt1972591"" target=""_blank"">King Arthur: Legend of the Sword</a>"
"tt0128853","You've Got Mail",1998,4071,6.7,238515,119,"Nora Ephron","Miklós László, Nora Ephron, Delia Ephron","Comedy, Drama, Romance","<a href=""https://www.imdb.com/title/tt0128853"" target=""_blank"">tt0128853</a>","<a href=""https://www.imdb.com/title/tt0128853"" target=""_blank"">You've Got Mail</a>"
"tt0758752","Love & Other Drugs",2010,4072,6.7,238089,112,"Edward Zwick","Charles Randolph, Edward Zwick, Marshall Herskovitz, Jamie Reidy","Comedy, Drama, Romance","<a href=""https://www.imdb.com/title/tt0758752"" target=""_blank"">tt0758752</a>","<a href=""https://www.imdb.com/title/tt0758752"" target=""_blank"">Love & Other Drugs</a>"
"tt0356150","EuroTrip",2004,4073,6.6,235659,92,"Jeff Schaffer, Alec Berg, David Mandel","Alec Berg, David Mandel, Jeff Schaffer","Comedy","<a href=""https://www.imdb.com/title/tt0356150"" target=""_blank"">tt0356150</a>","<a href=""https://www.imdb.com/title/tt0356150"" target=""_blank"">EuroTrip</a>"
"tt7846844","Enola Holmes",2020,4074,6.6,234778,123,"Harry Bradbeer","Jack Thorne, Nancy Springer, Arthur Conan Doyle","Adventure, Crime, Drama","<a href=""https://www.imdb.com/title/tt7846844"" target=""_blank"">tt7846844</a>","<a href=""https://www.imdb.com/title/tt7846844"" target=""_blank"">Enola Holmes</a>"
"tt0439572","The Flash",2023,4075,6.6,234724,144,"Andy Muschietti","Christina Hodson, John Francis Daley, Jonathan Goldstein, Joby Harold, Harry Lampert, Gardner Fox, Robert Kanigher, Carmine Infantino, Jerry Siegel, Joe Shuster, Bob Kane, Bill Finger, William Moulton Marston","Action, Adventure, Fantasy","<a href=""https://www.imdb.com/title/tt0439572"" target=""_blank"">tt0439572</a>","<a href=""https://www.imdb.com/title/tt0439572"" target=""_blank"">The Flash</a>"
"tt0097428","Ghostbusters II",1989,4076,6.6,234180,108,"Ivan Reitman","Dan Aykroyd, Harold Ramis","Action, Comedy, Fantasy","<a href=""https://www.imdb.com/title/tt0097428"" target=""_blank"">tt0097428</a>","<a href=""https://www.imdb.com/title/tt0097428"" target=""_blank"">Ghostbusters II</a>"
"tt1272878","2 Guns",2013,4077,6.7,232771,109,"Baltasar Kormákur","Blake Masters, Steven Grant","Action, Comedy, Crime","<a href=""https://www.imdb.com/title/tt1272878"" target=""_blank"">tt1272878</a>","<a href=""https://www.imdb.com/title/tt1272878"" target=""_blank"">2 Guns</a>"
"tt1127180","Drag Me to Hell",2009,4078,6.6,225034,99,"Sam Raimi","Sam Raimi, Ivan Raimi","Horror","<a href=""https://www.imdb.com/title/tt1127180"" target=""_blank"">tt1127180</a>","<a href=""https://www.imdb.com/title/tt1127180"" target=""_blank"">Drag Me to Hell</a>"
"tt0870154","Jungle Cruise",2021,4079,6.6,222192,127,"Jaume Collet-Serra","Michael Green, Glenn Ficarra, John Requa, John Norville, Josh Goldstein","Action, Adventure, Comedy","<a href=""https://www.imdb.com/title/tt0870154"" target=""_blank"">tt0870154</a>","<a href=""https://www.imdb.com/title/tt0870154"" target=""_blank"">Jungle Cruise</a>"
"tt2873282","Red Sparrow",2018,4080,6.6,212683,140,"Francis Lawrence","Justin Haythe, Jason Matthews","Action, Drama, Thriller","<a href=""https://www.imdb.com/title/tt2873282"" target=""_blank"">tt2873282</a>","<a href=""https://www.imdb.com/title/tt2873282"" target=""_blank"">Red Sparrow</a>"
"tt0415306","Talladega Nights: The Ballad of Ricky Bobby",2006,4081,6.6,207928,108,"Adam McKay","Will Ferrell, Adam McKay","Comedy, Sport","<a href=""https://www.imdb.com/title/tt0415306"" target=""_blank"">tt0415306</a>","<a href=""https://www.imdb.com/title/tt0415306"" target=""_blank"">Talladega Nights: The Ballad of Ricky Bobby</a>"
"tt0985694","Machete",2010,4082,6.6,207599,105,"Ethan Maniquis, Robert Rodriguez","Robert Rodriguez, Álvaro Rodríguez","Action, Crime, Thriller","<a href=""https://www.imdb.com/title/tt0985694"" target=""_blank"">tt0985694</a>","<a href=""https://www.imdb.com/title/tt0985694"" target=""_blank"">Machete</a>"
"tt0119081","Event Horizon",1997,4083,6.6,206914,96,"Paul W.S. Anderson","Philip Eisner","Horror, Sci-Fi, Thriller","<a href=""https://www.imdb.com/title/tt0119081"" target=""_blank"">tt0119081</a>","<a href=""https://www.imdb.com/title/tt0119081"" target=""_blank"">Event Horizon</a>"
"tt0448694","Puss in Boots",2011,4084,6.6,202978,90,"Chris Miller","Tom Wheeler, Brian Lynch, William Davies, Andrew Adamson, Charles Perrault, David H. Steinberg","Action, Adventure, Animation","<a href=""https://www.imdb.com/title/tt0448694"" target=""_blank"">tt0448694</a>","<a href=""https://www.imdb.com/title/tt0448694"" target=""_blank"">Puss in Boots</a>"
"tt1059786","Eagle Eye",2008,4085,6.6,198894,118,"D.J. Caruso","John Glenn, Travis Wright, Hillary Seitz, Dan McDermott","Action, Mystery, Thriller","<a href=""https://www.imdb.com/title/tt1059786"" target=""_blank"">tt1059786</a>","<a href=""https://www.imdb.com/title/tt1059786"" target=""_blank"">Eagle Eye</a>"
"tt2226417","Insidious: Chapter 2",2013,4086,6.6,196801,106,"James Wan","Leigh Whannell, James Wan","Horror, Mystery, Thriller","<a href=""https://www.imdb.com/title/tt2226417"" target=""_blank"">tt2226417</a>","<a href=""https://www.imdb.com/title/tt2226417"" target=""_blank"">Insidious: Chapter 2</a>"
"tt0389722","30 Days of Night",2007,4087,6.6,196154,113,"David Slade","Steve Niles, Stuart Beattie, Brian Nelson, Ben Templesmith","Horror, Thriller","<a href=""https://www.imdb.com/title/tt0389722"" target=""_blank"">tt0389722</a>","<a href=""https://www.imdb.com/title/tt0389722"" target=""_blank"">30 Days of Night</a>"
"tt23468450","Longlegs",2024,4088,6.6,193802,101,"Osgood Perkins","Osgood Perkins","Crime, Horror, Mystery","<a href=""https://www.imdb.com/title/tt23468450"" target=""_blank"">tt23468450</a>","<a href=""https://www.imdb.com/title/tt23468450"" target=""_blank"">Longlegs</a>"
"tt0380510","The Lovely Bones",2009,4089,6.6,186660,135,"Peter Jackson","Fran Walsh, Philippa Boyens, Peter Jackson, Alice Sebold","Drama, Fantasy, Thriller","<a href=""https://www.imdb.com/title/tt0380510"" target=""_blank"">tt0380510</a>","<a href=""https://www.imdb.com/title/tt0380510"" target=""_blank"">The Lovely Bones</a>"
"tt1821694","RED 2",2013,4090,6.6,185657,116,"Dean Parisot","Jon Hoeber, Erich Hoeber, Warren Ellis, Cully Hamner","Action, Comedy, Crime","<a href=""https://www.imdb.com/title/tt1821694"" target=""_blank"">tt1821694</a>","<a href=""https://www.imdb.com/title/tt1821694"" target=""_blank"">RED 2</a>"
"tt2404463","The Heat",2013,4091,6.6,185558,117,"Paul Feig","Katie Dippold","Action, Comedy, Crime","<a href=""https://www.imdb.com/title/tt2404463"" target=""_blank"">tt2404463</a>","<a href=""https://www.imdb.com/title/tt2404463"" target=""_blank"">The Heat</a>"
"tt5308322","Happy Death Day",2017,4092,6.6,177374,96,"Christopher Landon","Scott Lobdell","Comedy, Horror, Mystery","<a href=""https://www.imdb.com/title/tt5308322"" target=""_blank"">tt5308322</a>","<a href=""https://www.imdb.com/title/tt5308322"" target=""_blank"">Happy Death Day</a>"
"tt0122151","Lethal Weapon 4",1998,4093,6.6,177158,127,"Richard Donner","Shane Black, Jonathan Lemkin, Alfred Gough, Miles Millar, Channing Gibson","Action, Crime, Thriller","<a href=""https://www.imdb.com/title/tt0122151"" target=""_blank"">tt0122151</a>","<a href=""https://www.imdb.com/title/tt0122151"" target=""_blank"">Lethal Weapon 4</a>"
"tt0093894","The Running Man",1987,4094,6.6,175221,101,"Paul Michael Glaser","Stephen King, Steven E. de Souza","Action, Sci-Fi, Thriller","<a href=""https://www.imdb.com/title/tt0093894"" target=""_blank"">tt0093894</a>","<a href=""https://www.imdb.com/title/tt0093894"" target=""_blank"">The Running Man</a>"
"tt11214590","House of Gucci",2021,4095,6.6,169314,158,"Ridley Scott","Becky Johnston, Roberto Bentivegna, Sara Gay Forden","Biography, Crime, Drama","<a href=""https://www.imdb.com/title/tt11214590"" target=""_blank"">tt11214590</a>","<a href=""https://www.imdb.com/title/tt11214590"" target=""_blank"">House of Gucci</a>"
"tt10545296","The Hunger Games: The Ballad of Songbirds & Snakes",2023,4096,6.6,163859,157,"Francis Lawrence","Michael Lesslie, Michael Arndt, Suzanne Collins","Action, Adventure, Drama","<a href=""https://www.imdb.com/title/tt10545296"" target=""_blank"">tt10545296</a>","<a href=""https://www.imdb.com/title/tt10545296"" target=""_blank"">The Hunger Games: The Ballad of Songbirds & Snakes</a>"
"tt5022702","Hush",2016,4097,6.6,163429,82,"Mike Flanagan","Mike Flanagan, Kate Siegel","Horror, Thriller","<a href=""https://www.imdb.com/title/tt5022702"" target=""_blank"">tt5022702</a>","<a href=""https://www.imdb.com/title/tt5022702"" target=""_blank"">Hush</a>"
"tt1568338","Man on a Ledge",2012,4098,6.6,160843,102,"Asger Leth","Pablo F. Fenjves","Action, Crime, Thriller","<a href=""https://www.imdb.com/title/tt1568338"" target=""_blank"">tt1568338</a>","<a href=""https://www.imdb.com/title/tt1568338"" target=""_blank"">Man on a Ledge</a>"
"tt13143964","Borat Subsequent Moviefilm",2020,4099,6.6,160484,95,"Jason Woliner","Sacha Baron Cohen, Anthony Hines, Dan Swimer, Peter Baynham, Erica Rivinoja, Dan Mazer, Jena Friedman, Lee Kern, Nina Pedrad","Comedy","<a href=""https://www.imdb.com/title/tt13143964"" target=""_blank"">tt13143964</a>","<a href=""https://www.imdb.com/title/tt13143964"" target=""_blank"">Borat Subsequent Moviefilm</a>"
"tt0465602","Shoot 'Em Up",2007,4100,6.6,157484,86,"Michael Davis","Michael Davis","Action, Comedy, Thriller","<a href=""https://www.imdb.com/title/tt0465602"" target=""_blank"">tt0465602</a>","<a href=""https://www.imdb.com/title/tt0465602"" target=""_blank"">Shoot 'Em Up</a>"
"tt0443274","Vantage Point",2008,4101,6.6,156073,90,"Pete Travis","Barry L. Levy","Action, Drama, Thriller","<a href=""https://www.imdb.com/title/tt0443274"" target=""_blank"">tt0443274</a>","<a href=""https://www.imdb.com/title/tt0443274"" target=""_blank"">Vantage Point</a>"
"tt0475394","Smokin' Aces",2006,4102,6.6,155460,108,"Joe Carnahan","Joe Carnahan","Action, Comedy, Crime","<a href=""https://www.imdb.com/title/tt0475394"" target=""_blank"">tt0475394</a>","<a href=""https://www.imdb.com/title/tt0475394"" target=""_blank"">Smokin' Aces</a>"
"tt2049403","Beetlejuice Beetlejuice",2024,4103,6.6,154937,105,"Tim Burton","Michael McDowell, Larry Wilson, Alfred Gough, Miles Millar, Seth Grahame-Smith","Comedy, Fantasy, Horror","<a href=""https://www.imdb.com/title/tt2049403"" target=""_blank"">tt2049403</a>","<a href=""https://www.imdb.com/title/tt2049403"" target=""_blank"">Beetlejuice Beetlejuice</a>"
"tt2510894","Hotel Transylvania 2",2015,4104,6.6,153829,89,"Genndy Tartakovsky","Robert Smigel, Adam Sandler, Todd Durham","Adventure, Animation, Comedy","<a href=""https://www.imdb.com/title/tt2510894"" target=""_blank"">tt2510894</a>","<a href=""https://www.imdb.com/title/tt2510894"" target=""_blank"">Hotel Transylvania 2</a>"
"tt2446980","Joy",2015,4105,6.6,149917,124,"David O. Russell","David O. Russell, Annie Mumolo","Biography, Drama","<a href=""https://www.imdb.com/title/tt2446980"" target=""_blank"">tt2446980</a>","<a href=""https://www.imdb.com/title/tt2446980"" target=""_blank"">Joy</a>"
"tt0259446","My Big Fat Greek Wedding",2002,4106,6.6,148810,95,"Joel Zwick","Nia Vardalos","Comedy, Drama, Romance","<a href=""https://www.imdb.com/title/tt0259446"" target=""_blank"">tt0259446</a>","<a href=""https://www.imdb.com/title/tt0259446"" target=""_blank"">My Big Fat Greek Wedding</a>"
"tt0134273","8MM",1999,4107,6.6,148064,123,"Joel Schumacher","Andrew Kevin Walker","Crime, Drama, Mystery","<a href=""https://www.imdb.com/title/tt0134273"" target=""_blank"">tt0134273</a>","<a href=""https://www.imdb.com/title/tt0134273"" target=""_blank"">8MM</a>"
"tt8244784","The Hunt",2020,4108,6.6,145270,90,"Craig Zobel","Nick Cuse, Damon Lindelof","Action, Horror, Thriller","<a href=""https://www.imdb.com/title/tt8244784"" target=""_blank"">tt8244784</a>","<a href=""https://www.imdb.com/title/tt8244784"" target=""_blank"">The Hunt</a>"
"tt0292506","The Recruit",2003,4109,6.6,145181,115,"Roger Donaldson","Roger Towne, Kurt Wimmer, Mitch Glazer","Action, Thriller","<a href=""https://www.imdb.com/title/tt0292506"" target=""_blank"">tt0292506</a>","<a href=""https://www.imdb.com/title/tt0292506"" target=""_blank"">The Recruit</a>"
"tt0424095","Flushed Away",2006,4110,6.6,145167,85,"David Bowers, Sam Fell","Dick Clement, Ian La Frenais, Christopher Lloyd, Joe Keenan, William Davies, Sam Fell, Peter Lord, David Bowers, Paul Fisher, Robert Nelson Jacobs, Simon Nye, Tim Sullivan","Action, Adventure, Animation","<a href=""https://www.imdb.com/title/tt0424095"" target=""_blank"">tt0424095</a>","<a href=""https://www.imdb.com/title/tt0424095"" target=""_blank"">Flushed Away</a>"
"tt0092644","Beverly Hills Cop II",1987,4111,6.6,144077,103,"Tony Scott","Danilo Bach, Daniel Petrie Jr., Eddie Murphy, Robert D. Wachs, Larry Ferguson, Warren Skaaren","Action, Comedy, Crime","<a href=""https://www.imdb.com/title/tt0092644"" target=""_blank"">tt0092644</a>","<a href=""https://www.imdb.com/title/tt0092644"" target=""_blank"">Beverly Hills Cop II</a>"
"tt0114069","Outbreak",1995,4112,6.6,142847,127,"Wolfgang Petersen","Laurence Dworet, Robert Roy Pool","Action, Drama, Thriller","<a href=""https://www.imdb.com/title/tt0114069"" target=""_blank"">tt0114069</a>","<a href=""https://www.imdb.com/title/tt0114069"" target=""_blank"">Outbreak</a>"
"tt0133751","The Faculty",1998,4113,6.6,142424,104,"Robert Rodriguez","David Wechter, Bruce Kimmel, Kevin Williamson","Horror, Mystery, Sci-Fi","<a href=""https://www.imdb.com/title/tt0133751"" target=""_blank"">tt0133751</a>","<a href=""https://www.imdb.com/title/tt0133751"" target=""_blank"">The Faculty</a>"
"tt0111070","The Santa Clause",1994,4114,6.6,141114,97,"John Pasquin","Leo Benvenuti, Steve Rudnick","Comedy, Drama, Family","<a href=""https://www.imdb.com/title/tt0111070"" target=""_blank"">tt0111070</a>","<a href=""https://www.imdb.com/title/tt0111070"" target=""_blank"">The Santa Clause</a>"
"tt0161081","What Lies Beneath",2000,4115,6.6,141091,130,"Robert Zemeckis","Clark Gregg, Sarah Kernochan","Drama, Horror, Mystery","<a href=""https://www.imdb.com/title/tt0161081"" target=""_blank"">tt0161081</a>","<a href=""https://www.imdb.com/title/tt0161081"" target=""_blank"">What Lies Beneath</a>"
"tt0184894","Shanghai Noon",2000,4116,6.6,139299,110,"Tom Dey","Miles Millar, Alfred Gough","Action, Adventure, Comedy","<a href=""https://www.imdb.com/title/tt0184894"" target=""_blank"">tt0184894</a>","<a href=""https://www.imdb.com/title/tt0184894"" target=""_blank"">Shanghai Noon</a>"
"tt1204975","Last Vegas",2013,4117,6.6,138885,105,"Jon Turteltaub","Dan Fogelman","Comedy","<a href=""https://www.imdb.com/title/tt1204975"" target=""_blank"">tt1204975</a>","<a href=""https://www.imdb.com/title/tt1204975"" target=""_blank"">Last Vegas</a>"
"tt2503944","Burnt",2015,4118,6.6,138774,101,"John Wells","Steven Knight, Michael Kalesniko","Comedy, Drama","<a href=""https://www.imdb.com/title/tt2503944"" target=""_blank"">tt2503944</a>","<a href=""https://www.imdb.com/title/tt2503944"" target=""_blank"">Burnt</a>"
"tt0120890","Wild Things",1998,4119,6.6,136939,108,"John McNaughton","Stephen Peters","Crime, Drama, Mystery","<a href=""https://www.imdb.com/title/tt0120890"" target=""_blank"">tt0120890</a>","<a href=""https://www.imdb.com/title/tt0120890"" target=""_blank"">Wild Things</a>"
"tt0450232","16 Blocks",2006,4120,6.6,136913,102,"Richard Donner","Richard Wenk","Action, Drama, Thriller","<a href=""https://www.imdb.com/title/tt0450232"" target=""_blank"">tt0450232</a>","<a href=""https://www.imdb.com/title/tt0450232"" target=""_blank"">16 Blocks</a>"
"tt0120657","The 13th Warrior",1999,4121,6.6,136460,102,"John McTiernan","Michael Crichton, William Wisher, Warren Lewis","Action, Adventure, History","<a href=""https://www.imdb.com/title/tt0120657"" target=""_blank"">tt0120657</a>","<a href=""https://www.imdb.com/title/tt0120657"" target=""_blank"">The 13th Warrior</a>"
"tt0314353","Tears of the Sun",2003,4122,6.6,134987,121,"Antoine Fuqua","Alex Lasker, Patrick Cirillo","Action, Drama, Thriller","<a href=""https://www.imdb.com/title/tt0314353"" target=""_blank"">tt0314353</a>","<a href=""https://www.imdb.com/title/tt0314353"" target=""_blank"">Tears of the Sun</a>"
"tt14138650","The Pale Blue Eye",2022,4123,6.6,134090,128,"Scott Cooper","Scott Cooper, Louis Bayard","Crime, Horror, Mystery","<a href=""https://www.imdb.com/title/tt14138650"" target=""_blank"">tt14138650</a>","<a href=""https://www.imdb.com/title/tt14138650"" target=""_blank"">The Pale Blue Eye</a>"
"tt0455824","Australia",2008,4124,6.6,132279,165,"Baz Luhrmann","Stuart Beattie, Baz Luhrmann, Ronald Harwood, Richard Flanagan","Adventure, Drama, Romance","<a href=""https://www.imdb.com/title/tt0455824"" target=""_blank"">tt0455824</a>","<a href=""https://www.imdb.com/title/tt0455824"" target=""_blank"">Australia</a>"
"tt4777008","Maleficent: Mistress of Evil",2019,4125,6.6,126812,119,"Joachim Rønning","Linda Woolverton, Noah Harpster, Micah Fitzerman-Blue, Charles Perrault, Milt Banta, Winston Hibler, Bill Peet, Erdman Penner, Joe Rinaldi, Ted Sears, Ralph Wright","Adventure, Drama, Family","<a href=""https://www.imdb.com/title/tt4777008"" target=""_blank"">tt4777008</a>","<a href=""https://www.imdb.com/title/tt4777008"" target=""_blank"">Maleficent: Mistress of Evil</a>"
"tt9243804","The Green Knight",2021,4126,6.6,126686,130,"David Lowery","David Lowery, The Gawain Poet","Adventure, Drama, Fantasy","<a href=""https://www.imdb.com/title/tt9243804"" target=""_blank"">tt9243804</a>","<a href=""https://www.imdb.com/title/tt9243804"" target=""_blank"">The Green Knight</a>"
"tt2400463","The Invitation",2015,4127,6.6,124709,100,"Karyn Kusama","Phil Hay, Matt Manfredi","Drama, Horror, Mystery","<a href=""https://www.imdb.com/title/tt2400463"" target=""_blank"">tt2400463</a>","<a href=""https://www.imdb.com/title/tt2400463"" target=""_blank"">The Invitation</a>"
"tt0368008","The Manchurian Candidate",2004,4128,6.6,120832,129,"Jonathan Demme","Richard Condon, George Axelrod, Daniel Pyne, Dean Georgaris","Drama, Mystery, Sci-Fi","<a href=""https://www.imdb.com/title/tt0368008"" target=""_blank"">tt0368008</a>","<a href=""https://www.imdb.com/title/tt0368008"" target=""_blank"">The Manchurian Candidate</a>"
"tt0090555","Crocodile Dundee",1986,4129,6.6,120780,97,"Peter Faiman","Paul Hogan, Ken Shadie, John Cornell","Adventure, Comedy","<a href=""https://www.imdb.com/title/tt0090555"" target=""_blank"">tt0090555</a>","<a href=""https://www.imdb.com/title/tt0090555"" target=""_blank"">Crocodile Dundee</a>"
"tt2199571","Run All Night",2015,4130,6.6,118294,114,"Jaume Collet-Serra","Brad Ingelsby","Action, Crime, Thriller","<a href=""https://www.imdb.com/title/tt2199571"" target=""_blank"">tt2199571</a>","<a href=""https://www.imdb.com/title/tt2199571"" target=""_blank"">Run All Night</a>"
"tt0120873","U.S. Marshals",1998,4131,6.6,118071,131,"Stuart Baird","Roy Huggins, John Pogue","Action, Crime, Thriller","<a href=""https://www.imdb.com/title/tt0120873"" target=""_blank"">tt0120873</a>","<a href=""https://www.imdb.com/title/tt0120873"" target=""_blank"">U.S. Marshals</a>"
"tt6911608","Mamma Mia! Here We Go Again",2018,4132,6.6,116227,114,"Ol Parker","Ol Parker, Richard Curtis, Catherine Johnson, Judy Craymer, ABBA","Comedy, Musical, Romance","<a href=""https://www.imdb.com/title/tt6911608"" target=""_blank"">tt6911608</a>","<a href=""https://www.imdb.com/title/tt6911608"" target=""_blank"">Mamma Mia! Here We Go Again</a>"
"tt1853739","You're Next",2011,4133,6.6,115679,95,"Adam Wingard","Simon Barrett","Drama, Horror, Mystery","<a href=""https://www.imdb.com/title/tt1853739"" target=""_blank"">tt1853739</a>","<a href=""https://www.imdb.com/title/tt1853739"" target=""_blank"">You're Next</a>"
"tt1791528","Inherent Vice",2014,4134,6.6,114760,148,"Paul Thomas Anderson","Paul Thomas Anderson, Thomas Pynchon","Comedy, Crime, Drama","<a href=""https://www.imdb.com/title/tt1791528"" target=""_blank"">tt1791528</a>","<a href=""https://www.imdb.com/title/tt1791528"" target=""_blank"">Inherent Vice</a>"
"tt1478964","Attack the Block",2011,4135,6.6,113992,88,"Joe Cornish","Joe Cornish","Action, Adventure, Comedy","<a href=""https://www.imdb.com/title/tt1478964"" target=""_blank"">tt1478964</a>","<a href=""https://www.imdb.com/title/tt1478964"" target=""_blank"">Attack the Block</a>"
"tt0848537","Epic",2013,4136,6.6,112523,102,"Chris Wedge","James V. Hart, William Joyce, Daniel Shere, Tom J. Astle, Matt Ember, Chris Wedge","Action, Adventure, Animation","<a href=""https://www.imdb.com/title/tt0848537"" target=""_blank"">tt0848537</a>","<a href=""https://www.imdb.com/title/tt0848537"" target=""_blank"">Epic</a>"
"tt4530422","Overlord",2018,4137,6.6,111641,110,"Julius Avery","Billy Ray, Mark L. Smith","Action, Horror, Sci-Fi","<a href=""https://www.imdb.com/title/tt4530422"" target=""_blank"">tt4530422</a>","<a href=""https://www.imdb.com/title/tt4530422"" target=""_blank"">Overlord</a>"
"tt1781769","Anna Karenina",2012,4138,6.6,110149,129,"Joe Wright","Tom Stoppard, Lev Tolstoy","Drama, Romance","<a href=""https://www.imdb.com/title/tt1781769"" target=""_blank"">tt1781769</a>","<a href=""https://www.imdb.com/title/tt1781769"" target=""_blank"">Anna Karenina</a>"
"tt1911658","Penguins of Madagascar",2014,4139,6.6,109733,92,"Eric Darnell, Simon J. Smith","Michael Colton, John Aboud, Brandon Sawyer, Alan Schoolcraft, Brent Simons","Action, Adventure, Animation","<a href=""https://www.imdb.com/title/tt1911658"" target=""_blank"">tt1911658</a>","<a href=""https://www.imdb.com/title/tt1911658"" target=""_blank"">Penguins of Madagascar</a>"
"tt13622970","Moana 2",2024,4140,6.6,109627,100,"David G. Derrick Jr., Jason Hand, Dana Ledoux Miller","Jared Bush, Dana Ledoux Miller, Bek Smith, Bryson Chun","Adventure, Animation, Comedy","<a href=""https://www.imdb.com/title/tt13622970"" target=""_blank"">tt13622970</a>","<a href=""https://www.imdb.com/title/tt13622970"" target=""_blank"">Moana 2</a>"
"tt0322802","Jackass: The Movie",2002,4141,6.6,104547,85,"Jeff Tremaine","Jeff Tremaine, Spike Jonze, Johnny Knoxville, Bam Margera, Steve-O, Preston Lacy, Chris Pontius, Dave England, Ryan Dunn, Ehren McGhehey, Brandon DiCamillo, Dimitry Elyashkevich, Whitey McConnaughy, Sean Cliver, Loomis Fall, Tim Payne, Anne Zogby, Phil Clapp, Vernon Chatman","Action, Comedy, Documentary","<a href=""https://www.imdb.com/title/tt0322802"" target=""_blank"">tt0322802</a>","<a href=""https://www.imdb.com/title/tt0322802"" target=""_blank"">Jackass: The Movie</a>"
"tt1212428","The Lost City of Z",2016,4142,6.6,103176,141,"James Gray","James Gray, David Grann","Adventure, Biography, Drama","<a href=""https://www.imdb.com/title/tt1212428"" target=""_blank"">tt1212428</a>","<a href=""https://www.imdb.com/title/tt1212428"" target=""_blank"">The Lost City of Z</a>"
"tt0090305","Weird Science",1985,4143,6.6,102505,94,"John Hughes","John Hughes, Al Feldstein, William M. Gaines","Comedy, Romance, Sci-Fi","<a href=""https://www.imdb.com/title/tt0090305"" target=""_blank"">tt0090305</a>","<a href=""https://www.imdb.com/title/tt0090305"" target=""_blank"">Weird Science</a>"
"tt1045772","I Love You Phillip Morris",2009,4144,6.6,101930,98,"Glenn Ficarra, John Requa","John Requa, Glenn Ficarra, Steve McVicker","Biography, Comedy, Crime","<a href=""https://www.imdb.com/title/tt1045772"" target=""_blank"">tt1045772</a>","<a href=""https://www.imdb.com/title/tt1045772"" target=""_blank"">I Love You Phillip Morris</a>"
"tt1226273","Edge of Darkness",2010,4145,6.6,101781,117,"Martin Campbell","William Monahan, Andrew Bovell, Troy Kennedy Martin","Action, Adventure, Drama","<a href=""https://www.imdb.com/title/tt1226273"" target=""_blank"">tt1226273</a>","<a href=""https://www.imdb.com/title/tt1226273"" target=""_blank"">Edge of Darkness</a>"
"tt2382009","Nymphomaniac: Vol. II",2013,4146,6.6,101329,124,"Lars von Trier","Lars von Trier","Drama","<a href=""https://www.imdb.com/title/tt2382009"" target=""_blank"">tt2382009</a>","<a href=""https://www.imdb.com/title/tt2382009"" target=""_blank"">Nymphomaniac: Vol. II</a>"
"tt0107144","Hot Shots! Part Deux",1993,4147,6.6,101101,86,"Jim Abrahams","Jim Abrahams, Pat Proft","Action, Comedy","<a href=""https://www.imdb.com/title/tt0107144"" target=""_blank"">tt0107144</a>","<a href=""https://www.imdb.com/title/tt0107144"" target=""_blank"">Hot Shots! Part Deux</a>"
"tt0107798","The Pelican Brief",1993,4148,6.6,100645,141,"Alan J. Pakula","John Grisham, Alan J. Pakula","Crime, Drama, Mystery","<a href=""https://www.imdb.com/title/tt0107798"" target=""_blank"">tt0107798</a>","<a href=""https://www.imdb.com/title/tt0107798"" target=""_blank"">The Pelican Brief</a>"
"tt0087277","Footloose",1984,4149,6.6,98562,107,"Herbert Ross","Dean Pitchford","Drama, Music, Romance","<a href=""https://www.imdb.com/title/tt0087277"" target=""_blank"">tt0087277</a>","<a href=""https://www.imdb.com/title/tt0087277"" target=""_blank"">Footloose</a>"
"tt0981227","Nick and Norah's Infinite Playlist",2008,4150,6.6,96584,90,"Peter Sollett","Lorene Scafaria, Rachel Cohn, David Levithan","Comedy, Drama, Music","<a href=""https://www.imdb.com/title/tt0981227"" target=""_blank"">tt0981227</a>","<a href=""https://www.imdb.com/title/tt0981227"" target=""_blank"">Nick and Norah's Infinite Playlist</a>"
"tt0099582","Flatliners",1990,4151,6.6,96573,115,"Joel Schumacher","Peter Filardi","Drama, Horror, Sci-Fi","<a href=""https://www.imdb.com/title/tt0099582"" target=""_blank"">tt0099582</a>","<a href=""https://www.imdb.com/title/tt0099582"" target=""_blank"">Flatliners</a>"
"tt2568862","Going in Style",2017,4152,6.6,96147,96,"Zach Braff","Theodore Melfi, Edward Cannon","Comedy, Crime","<a href=""https://www.imdb.com/title/tt2568862"" target=""_blank"">tt2568862</a>","<a href=""https://www.imdb.com/title/tt2568862"" target=""_blank"">Going in Style</a>"
"tt0304415","Mona Lisa Smile",2003,4153,6.6,96112,117,"Mike Newell","Lawrence Konner, Mark Rosenthal","Drama","<a href=""https://www.imdb.com/title/tt0304415"" target=""_blank"">tt0304415</a>","<a href=""https://www.imdb.com/title/tt0304415"" target=""_blank"">Mona Lisa Smile</a>"
"tt0119468","Kiss the Girls",1997,4154,6.6,95812,115,"Gary Fleder","James Patterson, David Klass","Crime, Drama, Mystery","<a href=""https://www.imdb.com/title/tt0119468"" target=""_blank"">tt0119468</a>","<a href=""https://www.imdb.com/title/tt0119468"" target=""_blank"">Kiss the Girls</a>"
"tt0120787","A Perfect Murder",1998,4155,6.6,95743,107,"Andrew Davis","Frederick Knott, Patrick Smith Kelly","Crime, Drama, Thriller","<a href=""https://www.imdb.com/title/tt0120787"" target=""_blank"">tt0120787</a>","<a href=""https://www.imdb.com/title/tt0120787"" target=""_blank"">A Perfect Murder</a>"
"tt1371150","This Is Where I Leave You",2014,4156,6.6,92472,103,"Shawn Levy","Jonathan Tropper","Comedy, Drama","<a href=""https://www.imdb.com/title/tt1371150"" target=""_blank"">tt1371150</a>","<a href=""https://www.imdb.com/title/tt1371150"" target=""_blank"">This Is Where I Leave You</a>"
"tt0439815","Slither",2006,4157,6.5,92334,95,"James Gunn","James Gunn","Comedy, Horror, Sci-Fi","<a href=""https://www.imdb.com/title/tt0439815"" target=""_blank"">tt0439815</a>","<a href=""https://www.imdb.com/title/tt0439815"" target=""_blank"">Slither</a>"
"tt21807222","Saw X",2023,4158,6.6,90813,118,"Kevin Greutert","Pete Goldfinger, Josh Stolberg","Horror, Mystery, Thriller","<a href=""https://www.imdb.com/title/tt21807222"" target=""_blank"">tt21807222</a>","<a href=""https://www.imdb.com/title/tt21807222"" target=""_blank"">Saw X</a>"
"tt0141926","U-571",2000,4159,6.6,90124,116,"Jonathan Mostow","Jonathan Mostow, Sam Montgomery, David Ayer","Action, War","<a href=""https://www.imdb.com/title/tt0141926"" target=""_blank"">tt0141926</a>","<a href=""https://www.imdb.com/title/tt0141926"" target=""_blank"">U-571</a>"
"tt0111280","Star Trek: Generations",1994,4160,6.6,89467,118,"David Carson","Gene Roddenberry, Rick Berman, Ronald D. Moore, Brannon Braga","Action, Adventure, Mystery","<a href=""https://www.imdb.com/title/tt0111280"" target=""_blank"">tt0111280</a>","<a href=""https://www.imdb.com/title/tt0111280"" target=""_blank"">Star Trek: Generations</a>"
"tt0457513","Scoop",2006,4161,6.6,89430,96,"Woody Allen","Woody Allen","Comedy, Crime, Fantasy","<a href=""https://www.imdb.com/title/tt0457513"" target=""_blank"">tt0457513</a>","<a href=""https://www.imdb.com/title/tt0457513"" target=""_blank"">Scoop</a>"
"tt0186566","Space Cowboys",2000,4162,6.5,89262,130,"Clint Eastwood","Ken Kaufman, Howard Klausner","Action, Adventure, Thriller","<a href=""https://www.imdb.com/title/tt0186566"" target=""_blank"">tt0186566</a>","<a href=""https://www.imdb.com/title/tt0186566"" target=""_blank"">Space Cowboys</a>"
"tt0092086","Three Amigos!",1986,4163,6.5,89228,104,"John Landis","Steve Martin, Lorne Michaels, Randy Newman","Comedy, Western","<a href=""https://www.imdb.com/title/tt0092086"" target=""_blank"">tt0092086</a>","<a href=""https://www.imdb.com/title/tt0092086"" target=""_blank"">Three Amigos!</a>"
"tt0396752","Nanny McPhee",2005,4164,6.6,89097,97,"Kirk Jones","Emma Thompson, Christianna Brand","Comedy, Family, Fantasy","<a href=""https://www.imdb.com/title/tt0396752"" target=""_blank"">tt0396752</a>","<a href=""https://www.imdb.com/title/tt0396752"" target=""_blank"">Nanny McPhee</a>"
"tt0101862","Father of the Bride",1991,4165,6.6,88435,105,"Charles Shyer","Frances Goodrich, Albert Hackett, Nancy Meyers, Charles Shyer","Comedy, Family, Romance","<a href=""https://www.imdb.com/title/tt0101862"" target=""_blank"">tt0101862</a>","<a href=""https://www.imdb.com/title/tt0101862"" target=""_blank"">Father of the Bride</a>"
"tt14257582","Wolfs",2024,4166,6.5,88288,108,"Jon Watts","Jon Watts","Crime, Thriller","<a href=""https://www.imdb.com/title/tt14257582"" target=""_blank"">tt14257582</a>","<a href=""https://www.imdb.com/title/tt14257582"" target=""_blank"">Wolfs</a>"
"tt2649554","Midnight Special",2016,4167,6.6,85690,112,"Jeff Nichols","Jeff Nichols","Drama, Mystery, Sci-Fi","<a href=""https://www.imdb.com/title/tt2649554"" target=""_blank"">tt2649554</a>","<a href=""https://www.imdb.com/title/tt2649554"" target=""_blank"">Midnight Special</a>"
"tt1619029","Jackie",2016,4168,6.6,85622,100,"Pablo Larraín","Noah Oppenheim","Biography, Drama","<a href=""https://www.imdb.com/title/tt1619029"" target=""_blank"">tt1619029</a>","<a href=""https://www.imdb.com/title/tt1619029"" target=""_blank"">Jackie</a>"
"tt1126618","Morning Glory",2010,4169,6.5,85619,107,"Roger Michell","Aline Brosh McKenna","Comedy, Drama, Romance","<a href=""https://www.imdb.com/title/tt1126618"" target=""_blank"">tt1126618</a>","<a href=""https://www.imdb.com/title/tt1126618"" target=""_blank"">Morning Glory</a>"
"tt0384680","The Weather Man",2005,4170,6.5,85029,102,"Gore Verbinski","Steve Conrad","Comedy, Drama","<a href=""https://www.imdb.com/title/tt0384680"" target=""_blank"">tt0384680</a>","<a href=""https://www.imdb.com/title/tt0384680"" target=""_blank"">The Weather Man</a>"
"tt1674771","Entourage",2015,4171,6.5,84558,104,"Doug Ellin","Doug Ellin, Rob Weiss","Comedy, Drama","<a href=""https://www.imdb.com/title/tt1674771"" target=""_blank"">tt1674771</a>","<a href=""https://www.imdb.com/title/tt1674771"" target=""_blank"">Entourage</a>"
"tt0211933","Awake",2007,4172,6.5,83630,84,"Joby Harold","Joby Harold","Crime, Drama, Mystery","<a href=""https://www.imdb.com/title/tt0211933"" target=""_blank"">tt0211933</a>","<a href=""https://www.imdb.com/title/tt0211933"" target=""_blank"">Awake</a>"
"tt4513674","Café Society",2016,4173,6.6,83480,96,"Woody Allen","Woody Allen","Comedy, Drama, Romance","<a href=""https://www.imdb.com/title/tt4513674"" target=""_blank"">tt4513674</a>","<a href=""https://www.imdb.com/title/tt4513674"" target=""_blank"">Café Society</a>"
"tt1095217","Bad Lieutenant: Port of Call New Orleans",2009,4174,6.6,83211,122,"Werner Herzog","William M. Finkelstein","Crime, Drama, Mystery","<a href=""https://www.imdb.com/title/tt1095217"" target=""_blank"">tt1095217</a>","<a href=""https://www.imdb.com/title/tt1095217"" target=""_blank"">Bad Lieutenant: Port of Call New Orleans</a>"
"tt0884732","The Wedding Ringer",2015,4175,6.6,83096,101,"Jeremy Garelick","Jeremy Garelick, Jay Lavender","Comedy, Romance","<a href=""https://www.imdb.com/title/tt0884732"" target=""_blank"">tt0884732</a>","<a href=""https://www.imdb.com/title/tt0884732"" target=""_blank"">The Wedding Ringer</a>"
"tt1245112","[Rec]²",2009,4176,6.5,82016,85,"Jaume Balagueró, Paco Plaza","Jaume Balagueró, Manu Díaz, Paco Plaza, Amèlia Mora","Horror, Thriller","<a href=""https://www.imdb.com/title/tt1245112"" target=""_blank"">tt1245112</a>","<a href=""https://www.imdb.com/title/tt1245112"" target=""_blank"">[Rec]²</a>"
"tt3513498","The Lego Movie 2: The Second Part",2019,4177,6.5,81535,107,"Mike Mitchell","Phil Lord, Christopher Miller, Matthew Fogel, Jerry Siegel, Joe Shuster, Bob Kane, Bill Finger, William Moulton Marston","Adventure, Animation, Comedy","<a href=""https://www.imdb.com/title/tt3513498"" target=""_blank"">tt3513498</a>","<a href=""https://www.imdb.com/title/tt3513498"" target=""_blank"">The Lego Movie 2: The Second Part</a>"
"tt0094332","The Witches of Eastwick",1987,4178,6.6,81436,118,"George Miller","John Updike, Michael Cristofer","Comedy, Fantasy, Horror","<a href=""https://www.imdb.com/title/tt0094332"" target=""_blank"">tt0094332</a>","<a href=""https://www.imdb.com/title/tt0094332"" target=""_blank"">The Witches of Eastwick</a>"
"tt12536294","Spencer",2021,4179,6.5,80141,117,"Pablo Larraín","Steven Knight","Biography, Drama","<a href=""https://www.imdb.com/title/tt12536294"" target=""_blank"">tt12536294</a>","<a href=""https://www.imdb.com/title/tt12536294"" target=""_blank"">Spencer</a>"
"tt0206314","Joy Ride",2001,4180,6.6,79507,97,"John Dahl","Clay Tarver, J.J. Abrams","Drama, Mystery, Thriller","<a href=""https://www.imdb.com/title/tt0206314"" target=""_blank"">tt0206314</a>","<a href=""https://www.imdb.com/title/tt0206314"" target=""_blank"">Joy Ride</a>"
"tt0443489","Dreamgirls",2006,4181,6.6,79271,130,"Bill Condon","Tom Eyen, Bill Condon","Drama, Musical","<a href=""https://www.imdb.com/title/tt0443489"" target=""_blank"">tt0443489</a>","<a href=""https://www.imdb.com/title/tt0443489"" target=""_blank"">Dreamgirls</a>"
"tt0971209","A Perfect Getaway",2009,4182,6.5,78892,98,"David Twohy","David Twohy","Drama, Mystery, Thriller","<a href=""https://www.imdb.com/title/tt0971209"" target=""_blank"">tt0971209</a>","<a href=""https://www.imdb.com/title/tt0971209"" target=""_blank"">A Perfect Getaway</a>"
"tt0099052","Arachnophobia",1990,4183,6.5,78681,109,"Frank Marshall","Don Jakoby, Al Williams, Wesley Strick","Comedy, Horror, Thriller","<a href=""https://www.imdb.com/title/tt0099052"" target=""_blank"">tt0099052</a>","<a href=""https://www.imdb.com/title/tt0099052"" target=""_blank"">Arachnophobia</a>"
"tt8688634","21 Bridges",2019,4184,6.6,78631,99,"Brian Kirk","Adam Mervis, Matthew Michael Carnahan","Action, Adventure, Crime","<a href=""https://www.imdb.com/title/tt8688634"" target=""_blank"">tt8688634</a>","<a href=""https://www.imdb.com/title/tt8688634"" target=""_blank"">21 Bridges</a>"
"tt1846589","Hunter Killer",2018,4185,6.6,78144,121,"Donovan Marsh","Arne Schmidt, Jamie Moss, George Wallace, Don Keith","Action, Thriller","<a href=""https://www.imdb.com/title/tt1846589"" target=""_blank"">tt1846589</a>","<a href=""https://www.imdb.com/title/tt1846589"" target=""_blank"">Hunter Killer</a>"
"tt0398017","Derailed",2005,4186,6.6,77975,108,"Mikael Håfström","Stuart Beattie, James Siegel","Crime, Drama, Thriller","<a href=""https://www.imdb.com/title/tt0398017"" target=""_blank"">tt0398017</a>","<a href=""https://www.imdb.com/title/tt0398017"" target=""_blank"">Derailed</a>"
"tt0264472","Changing Lanes",2002,4187,6.5,76728,98,"Roger Michell","Chap Taylor, Michael Tolkin","Drama, Thriller","<a href=""https://www.imdb.com/title/tt0264472"" target=""_blank"">tt0264472</a>","<a href=""https://www.imdb.com/title/tt0264472"" target=""_blank"">Changing Lanes</a>"
"tt0861689","Blindness",2008,4188,6.5,76385,121,"Fernando Meirelles","José Saramago, Don McKellar","Drama, Mystery, Thriller","<a href=""https://www.imdb.com/title/tt0861689"" target=""_blank"">tt0861689</a>","<a href=""https://www.imdb.com/title/tt0861689"" target=""_blank"">Blindness</a>"
"tt0131325","Bowfinger",1999,4189,6.5,76340,97,"Frank Oz","Steve Martin","Comedy","<a href=""https://www.imdb.com/title/tt0131325"" target=""_blank"">tt0131325</a>","<a href=""https://www.imdb.com/title/tt0131325"" target=""_blank"">Bowfinger</a>"
"tt6850820","Peppermint",2018,4190,6.5,73836,101,"Pierre Morel","Chad St. John","Action, Thriller","<a href=""https://www.imdb.com/title/tt6850820"" target=""_blank"">tt6850820</a>","<a href=""https://www.imdb.com/title/tt6850820"" target=""_blank"">Peppermint</a>"
"tt0219965","Bandits",2001,4191,6.5,72855,123,"Barry Levinson","Harley Peyton","Action, Comedy, Crime","<a href=""https://www.imdb.com/title/tt0219965"" target=""_blank"">tt0219965</a>","<a href=""https://www.imdb.com/title/tt0219965"" target=""_blank"">Bandits</a>"
"tt2870756","Magic in the Moonlight",2014,4192,6.5,72476,97,"Woody Allen","Woody Allen","Comedy, Drama, Romance","<a href=""https://www.imdb.com/title/tt2870756"" target=""_blank"">tt2870756</a>","<a href=""https://www.imdb.com/title/tt2870756"" target=""_blank"">Magic in the Moonlight</a>"
"tt5304992","Set It Up",2018,4193,6.5,71330,105,"Claire Scanlon","Katie Silberman","Comedy, Romance","<a href=""https://www.imdb.com/title/tt5304992"" target=""_blank"">tt5304992</a>","<a href=""https://www.imdb.com/title/tt5304992"" target=""_blank"">Set It Up</a>"
"tt1687901","The Awakening",2011,4194,6.5,70769,102,"Nick Murphy","Stephen Volk, Nick Murphy","Drama, Horror, Mystery","<a href=""https://www.imdb.com/title/tt1687901"" target=""_blank"">tt1687901</a>","<a href=""https://www.imdb.com/title/tt1687901"" target=""_blank"">The Awakening</a>"
"tt0425413","Run Fatboy Run",2007,4195,6.5,70638,100,"David Schwimmer","Michael Ian Black, Simon Pegg","Comedy, Romance, Sport","<a href=""https://www.imdb.com/title/tt0425413"" target=""_blank"">tt0425413</a>","<a href=""https://www.imdb.com/title/tt0425413"" target=""_blank"">Run Fatboy Run</a>"
"tt13640696","See How They Run",2022,4196,6.5,70501,98,"Tom George","Mark Chappell","Comedy, Crime, Mystery","<a href=""https://www.imdb.com/title/tt13640696"" target=""_blank"">tt13640696</a>","<a href=""https://www.imdb.com/title/tt13640696"" target=""_blank"">See How They Run</a>"
"tt0443536","Hoodwinked",2005,4197,6.5,69310,80,"Cory Edwards, Todd Edwards, Tony Leech","Cory Edwards, Todd Edwards, Tony Leech","Adventure, Animation, Comedy","<a href=""https://www.imdb.com/title/tt0443536"" target=""_blank"">tt0443536</a>","<a href=""https://www.imdb.com/title/tt0443536"" target=""_blank"">Hoodwinked</a>"
"tt0313443","Out of Time",2003,4198,6.5,69007,105,"Carl Franklin","Dave Collard","Crime, Drama, Mystery","<a href=""https://www.imdb.com/title/tt0313443"" target=""_blank"">tt0313443</a>","<a href=""https://www.imdb.com/title/tt0313443"" target=""_blank"">Out of Time</a>"
"tt1130080","The Informant!",2009,4199,6.5,68901,108,"Steven Soderbergh","Scott Z. Burns, Kurt Eichenwald","Biography, Comedy, Crime","<a href=""https://www.imdb.com/title/tt1130080"" target=""_blank"">tt1130080</a>","<a href=""https://www.imdb.com/title/tt1130080"" target=""_blank"">The Informant!</a>"
"tt0131857","BASEketball",1998,4200,6.5,68057,103,"David Zucker","David Zucker, Robert LoCash, Lewis Friedman, Jeff Wright","Comedy, Sport","<a href=""https://www.imdb.com/title/tt0131857"" target=""_blank"">tt0131857</a>","<a href=""https://www.imdb.com/title/tt0131857"" target=""_blank"">BASEketball</a>"
"tt2388771","Mowgli: Legend of the Jungle",2018,4201,6.5,67930,104,"Andy Serkis","Callie Kloves, Rudyard Kipling","Adventure, Drama, Fantasy","<a href=""https://www.imdb.com/title/tt2388771"" target=""_blank"">tt2388771</a>","<a href=""https://www.imdb.com/title/tt2388771"" target=""_blank"">Mowgli: Legend of the Jungle</a>"
"tt5535276","Maestro",2023,4202,6.5,67432,129,"Bradley Cooper","Bradley Cooper, Josh Singer","Biography, Drama, History","<a href=""https://www.imdb.com/title/tt5535276"" target=""_blank"">tt5535276</a>","<a href=""https://www.imdb.com/title/tt5535276"" target=""_blank"">Maestro</a>"
"tt0099329","Cry-Baby",1990,4203,6.5,67319,85,"John Waters","John Waters","Comedy, Musical","<a href=""https://www.imdb.com/title/tt0099329"" target=""_blank"">tt0099329</a>","<a href=""https://www.imdb.com/title/tt0099329"" target=""_blank"">Cry-Baby</a>"
"tt0356721","I Heart Huckabees",2004,4204,6.5,67114,107,"David O. Russell","David O. Russell, Jeff Baena","Comedy","<a href=""https://www.imdb.com/title/tt0356721"" target=""_blank"">tt0356721</a>","<a href=""https://www.imdb.com/title/tt0356721"" target=""_blank"">I Heart Huckabees</a>"
"tt0403508","The Sisterhood of the Traveling Pants",2005,4205,6.5,67108,119,"Ken Kwapis","Ann Brashares, Delia Ephron, Elizabeth Chandler","Comedy, Drama, Romance","<a href=""https://www.imdb.com/title/tt0403508"" target=""_blank"">tt0403508</a>","<a href=""https://www.imdb.com/title/tt0403508"" target=""_blank"">The Sisterhood of the Traveling Pants</a>"
"tt0388125","In Her Shoes",2005,4206,6.5,66611,130,"Curtis Hanson","Jennifer Weiner, Susannah Grant","Comedy, Drama, Romance","<a href=""https://www.imdb.com/title/tt0388125"" target=""_blank"">tt0388125</a>","<a href=""https://www.imdb.com/title/tt0388125"" target=""_blank"">In Her Shoes</a>"
"tt5672290","The First Omen",2024,4207,6.5,65997,119,"Arkasha Stevenson","Tim Smith, Arkasha Stevenson, Keith Thomas, Ben Jacoby, David Seltzer","Horror","<a href=""https://www.imdb.com/title/tt5672290"" target=""_blank"">tt5672290</a>","<a href=""https://www.imdb.com/title/tt5672290"" target=""_blank"">The First Omen</a>"
"tt0116126","Don't Be a Menace to South Central While Drinking Your Juice in the Hood",1996,4208,6.5,65052,89,"Paris Barclay","Shawn Wayans, Marlon Wayans, Phil Beauman","Comedy, Crime","<a href=""https://www.imdb.com/title/tt0116126"" target=""_blank"">tt0116126</a>","<a href=""https://www.imdb.com/title/tt0116126"" target=""_blank"">Don't Be a Menace to South Central While Drinking Your Juice in the Hood</a>"
"tt0080745","Flash Gordon",1980,4209,6.5,64272,111,"Mike Hodges","Lorenzo Semple Jr., Michael Allin, Alex Raymond","Action, Adventure, Sci-Fi","<a href=""https://www.imdb.com/title/tt0080745"" target=""_blank"">tt0080745</a>","<a href=""https://www.imdb.com/title/tt0080745"" target=""_blank"">Flash Gordon</a>"
"tt0116253","Executive Decision",1996,4210,6.5,63768,133,"Stuart Baird","Jim Thomas, John Thomas","Action, Adventure, Thriller","<a href=""https://www.imdb.com/title/tt0116253"" target=""_blank"">tt0116253</a>","<a href=""https://www.imdb.com/title/tt0116253"" target=""_blank"">Executive Decision</a>"
"tt11426232","Totally Killer",2023,4211,6.5,63611,106,"Nahnatchka Khan","David Matalon, Sasha Perl-Raver, Jen D'Angelo","Comedy, Horror, Sci-Fi","<a href=""https://www.imdb.com/title/tt11426232"" target=""_blank"">tt11426232</a>","<a href=""https://www.imdb.com/title/tt11426232"" target=""_blank"">Totally Killer</a>"
"tt10944760","Titane",2021,4212,6.5,63051,108,"Julia Ducournau","Julia Ducournau, Jacques Akchoti, Simonetta Greggio, Jean-Christophe Bouzy","Drama, Horror, Sci-Fi","<a href=""https://www.imdb.com/title/tt10944760"" target=""_blank"">tt10944760</a>","<a href=""https://www.imdb.com/title/tt10944760"" target=""_blank"">Titane</a>"
"tt0119715","Mousehunt",1997,4213,6.5,62982,98,"Gore Verbinski","Adam Rifkin","Comedy","<a href=""https://www.imdb.com/title/tt0119715"" target=""_blank"">tt0119715</a>","<a href=""https://www.imdb.com/title/tt0119715"" target=""_blank"">Mousehunt</a>"
"tt0489049","Fanboys",2009,4214,6.5,62362,90,"Kyle Newman","Ernest Cline, Adam F. Goldberg, Dan Pulick","Adventure, Comedy, Crime","<a href=""https://www.imdb.com/title/tt0489049"" target=""_blank"">tt0489049</a>","<a href=""https://www.imdb.com/title/tt0489049"" target=""_blank"">Fanboys</a>"
"tt0243655","Wet Hot American Summer",2001,4215,6.5,62321,97,"David Wain","Michael Showalter, David Wain","Comedy, Romance","<a href=""https://www.imdb.com/title/tt0243655"" target=""_blank"">tt0243655</a>","<a href=""https://www.imdb.com/title/tt0243655"" target=""_blank"">Wet Hot American Summer</a>"
"tt1645080","The Art of Getting By",2011,4216,6.5,61758,83,"Gavin Wiesen","Gavin Wiesen","Comedy, Drama, Family","<a href=""https://www.imdb.com/title/tt1645080"" target=""_blank"">tt1645080</a>","<a href=""https://www.imdb.com/title/tt1645080"" target=""_blank"">The Art of Getting By</a>"
"tt0183869","Taxi 2",2000,4217,6.5,61357,88,"Gérard Krawczyk","Luc Besson","Action, Comedy, Crime","<a href=""https://www.imdb.com/title/tt0183869"" target=""_blank"">tt0183869</a>","<a href=""https://www.imdb.com/title/tt0183869"" target=""_blank"">Taxi 2</a>"
"tt22408160","Kinds of Kindness",2024,4218,6.5,61270,164,"Yorgos Lanthimos","Yorgos Lanthimos, Efthimis Filippou","Comedy, Drama, Horror","<a href=""https://www.imdb.com/title/tt22408160"" target=""_blank"">tt22408160</a>","<a href=""https://www.imdb.com/title/tt22408160"" target=""_blank"">Kinds of Kindness</a>"
"tt0349710","Ladder 49",2004,4219,6.5,60400,115,"Jay Russell","Lewis Colick","Action, Drama, Thriller","<a href=""https://www.imdb.com/title/tt0349710"" target=""_blank"">tt0349710</a>","<a href=""https://www.imdb.com/title/tt0349710"" target=""_blank"">Ladder 49</a>"
"tt0112792","Dangerous Minds",1995,4220,6.5,59421,99,"John N. Smith","LouAnne Johnson, Ron Bass","Biography, Drama","<a href=""https://www.imdb.com/title/tt0112792"" target=""_blank"">tt0112792</a>","<a href=""https://www.imdb.com/title/tt0112792"" target=""_blank"">Dangerous Minds</a>"
"tt0385267","In Good Company",2004,4221,6.5,57518,109,"Paul Weitz","Paul Weitz","Comedy, Drama, Romance","<a href=""https://www.imdb.com/title/tt0385267"" target=""_blank"">tt0385267</a>","<a href=""https://www.imdb.com/title/tt0385267"" target=""_blank"">In Good Company</a>"
"tt0402894","Casanova",2005,4222,6.5,57405,112,"Lasse Hallström","Jeffrey Hatcher, Kimberly Simi, Michael Cristofer","Adventure, Comedy, Drama","<a href=""https://www.imdb.com/title/tt0402894"" target=""_blank"">tt0402894</a>","<a href=""https://www.imdb.com/title/tt0402894"" target=""_blank"">Casanova</a>"
"tt0116313","The First Wives Club",1996,4223,6.5,56893,103,"Hugh Wilson","Olivia Goldsmith, Robert Harling","Comedy","<a href=""https://www.imdb.com/title/tt0116313"" target=""_blank"">tt0116313</a>","<a href=""https://www.imdb.com/title/tt0116313"" target=""_blank"">The First Wives Club</a>"
"tt9777644","Da 5 Bloods",2020,4224,6.5,56438,154,"Spike Lee","Danny Bilson, Paul De Meo, Kevin Willmott, Spike Lee, Matthew Billingsly","Adventure, Drama, War","<a href=""https://www.imdb.com/title/tt9777644"" target=""_blank"">tt9777644</a>","<a href=""https://www.imdb.com/title/tt9777644"" target=""_blank"">Da 5 Bloods</a>"
"tt5691670","Under the Silver Lake",2018,4225,6.5,56260,139,"David Robert Mitchell","David Robert Mitchell","Crime, Drama, Mystery","<a href=""https://www.imdb.com/title/tt5691670"" target=""_blank"">tt5691670</a>","<a href=""https://www.imdb.com/title/tt5691670"" target=""_blank"">Under the Silver Lake</a>"
"tt0127723","Can't Hardly Wait",1998,4226,6.5,55996,100,"Harry Elfont, Deborah Kaplan","Deborah Kaplan, Harry Elfont","Comedy, Romance","<a href=""https://www.imdb.com/title/tt0127723"" target=""_blank"">tt0127723</a>","<a href=""https://www.imdb.com/title/tt0127723"" target=""_blank"">Can't Hardly Wait</a>"
"tt5783956","When We First Met",2018,4227,6.4,55797,97,"Ari Sandel","John Whittington","Comedy, Fantasy, Romance","<a href=""https://www.imdb.com/title/tt5783956"" target=""_blank"">tt5783956</a>","<a href=""https://www.imdb.com/title/tt5783956"" target=""_blank"">When We First Met</a>"
"tt2118624","The Final Girls",2015,4228,6.5,55010,91,"Todd Strauss-Schulson","M.A. Fortin, Joshua John Miller","Comedy, Fantasy, Horror","<a href=""https://www.imdb.com/title/tt2118624"" target=""_blank"">tt2118624</a>","<a href=""https://www.imdb.com/title/tt2118624"" target=""_blank"">The Final Girls</a>"
"tt0117918","Tin Cup",1996,4229,6.4,54983,135,"Ron Shelton","John Norville, Ron Shelton","Comedy, Drama, Romance","<a href=""https://www.imdb.com/title/tt0117918"" target=""_blank"">tt0117918</a>","<a href=""https://www.imdb.com/title/tt0117918"" target=""_blank"">Tin Cup</a>"
"tt0090056","Spies Like Us",1985,4230,6.4,54658,102,"John Landis","Dan Aykroyd, Dave Thomas, Lowell Ganz, Babaloo Mandel","Adventure, Comedy","<a href=""https://www.imdb.com/title/tt0090056"" target=""_blank"">tt0090056</a>","<a href=""https://www.imdb.com/title/tt0090056"" target=""_blank"">Spies Like Us</a>"
"tt29603959","Novocaine",2025,4231,6.5,54496,110,"Dan Berk, Robert Olsen","Lars Jacobson","Action, Comedy, Crime","<a href=""https://www.imdb.com/title/tt29603959"" target=""_blank"">tt29603959</a>","<a href=""https://www.imdb.com/title/tt29603959"" target=""_blank"">Novocaine</a>"
"tt1825157","The Double",2013,4232,6.4,54478,93,"Richard Ayoade","Fyodor Dostoevsky, Richard Ayoade, Avi Korine","Comedy, Drama, Mystery","<a href=""https://www.imdb.com/title/tt1825157"" target=""_blank"">tt1825157</a>","<a href=""https://www.imdb.com/title/tt1825157"" target=""_blank"">The Double</a>"
"tt1531663","Everything Must Go",2010,4233,6.4,54336,97,"Dan Rush","Dan Rush, Raymond Carver","Comedy, Drama","<a href=""https://www.imdb.com/title/tt1531663"" target=""_blank"">tt1531663</a>","<a href=""https://www.imdb.com/title/tt1531663"" target=""_blank"">Everything Must Go</a>"
"tt0171433","Keeping the Faith",2000,4234,6.4,53924,128,"Edward Norton","Stuart Blumberg","Comedy, Drama, Romance","<a href=""https://www.imdb.com/title/tt0171433"" target=""_blank"">tt0171433</a>","<a href=""https://www.imdb.com/title/tt0171433"" target=""_blank"">Keeping the Faith</a>"
"tt3986820","The Endless",2017,4235,6.5,53742,111,"Justin Benson, Aaron Moorhead","Justin Benson","Horror, Mystery, Sci-Fi","<a href=""https://www.imdb.com/title/tt3986820"" target=""_blank"">tt3986820</a>","<a href=""https://www.imdb.com/title/tt3986820"" target=""_blank"">The Endless</a>"
"tt1181791","Black Death",2010,4236,6.4,53293,102,"Christopher Smith","Dario Poloni, Christopher Smith","Action, Drama, History","<a href=""https://www.imdb.com/title/tt1181791"" target=""_blank"">tt1181791</a>","<a href=""https://www.imdb.com/title/tt1181791"" target=""_blank"">Black Death</a>"
"tt2345737","The Rover",2014,4237,6.4,53160,103,"David Michôd","David Michôd, Joel Edgerton","Action, Crime, Drama","<a href=""https://www.imdb.com/title/tt2345737"" target=""_blank"">tt2345737</a>","<a href=""https://www.imdb.com/title/tt2345737"" target=""_blank"">The Rover</a>"
"tt0110997","The River Wild",1994,4238,6.5,52751,111,"Curtis Hanson","Denis O'Neill","Adventure, Crime, Thriller","<a href=""https://www.imdb.com/title/tt0110997"" target=""_blank"">tt0110997</a>","<a href=""https://www.imdb.com/title/tt0110997"" target=""_blank"">The River Wild</a>"
"tt13818368","Fighter",2024,4239,6.4,52635,166,"Siddharth Anand","Siddharth Anand, Ramon Chibb, Abbas Dalal, Hussain Dalal, Biswapati Sarkar","Action, Drama","<a href=""https://www.imdb.com/title/tt13818368"" target=""_blank"">tt13818368</a>","<a href=""https://www.imdb.com/title/tt13818368"" target=""_blank"">Fighter</a>"
"tt11045422","Toofaan",2021,4240,6.4,52513,163,"Rakeysh Omprakash Mehra","Vijay Maurya, Anjum Rajabali","Drama, Sport","<a href=""https://www.imdb.com/title/tt11045422"" target=""_blank"">tt11045422</a>","<a href=""https://www.imdb.com/title/tt11045422"" target=""_blank"">Toofaan</a>"
"tt4781612","Imperium",2016,4241,6.5,52140,109,"Daniel Ragussis","Michael German, Joe Turner Lin, Daniel Ragussis","Crime, Drama, Mystery","<a href=""https://www.imdb.com/title/tt4781612"" target=""_blank"">tt4781612</a>","<a href=""https://www.imdb.com/title/tt4781612"" target=""_blank"">Imperium</a>"
"tt7153766","Unsane",2018,4242,6.4,52006,98,"Steven Soderbergh","Jonathan Bernstein, James Greer","Drama, Horror, Mystery","<a href=""https://www.imdb.com/title/tt7153766"" target=""_blank"">tt7153766</a>","<a href=""https://www.imdb.com/title/tt7153766"" target=""_blank"">Unsane</a>"
"tt1017451","The Runaways",2010,4243,6.5,51957,106,"Floria Sigismondi","Floria Sigismondi, Cherie Currie","Biography, Drama, Music","<a href=""https://www.imdb.com/title/tt1017451"" target=""_blank"">tt1017451</a>","<a href=""https://www.imdb.com/title/tt1017451"" target=""_blank"">The Runaways</a>"
"tt8508734","His House",2020,4244,6.4,51831,93,"Remi Weekes","Remi Weekes, Felicity Evans, Toby Venables","Drama, Horror, Thriller","<a href=""https://www.imdb.com/title/tt8508734"" target=""_blank"">tt8508734</a>","<a href=""https://www.imdb.com/title/tt8508734"" target=""_blank"">His House</a>"
"tt1621045","Think Like a Man",2012,4245,6.5,51820,122,"Tim Story","Keith Merryman, David A. Newman, Steve Harvey","Comedy, Romance","<a href=""https://www.imdb.com/title/tt1621045"" target=""_blank"">tt1621045</a>","<a href=""https://www.imdb.com/title/tt1621045"" target=""_blank"">Think Like a Man</a>"
"tt27989067","Lust Stories 2",2023,4246,6.4,51791,132,"R Balki, Sujoy Ghosh, Amit Ravindernath Sharma, Konkona Sen Sharma","Sujoy Ghosh, R Balki, Rishi Virmani, Pooja Tolani, Konkona Sen Sharma, Saurabh Choudhary, Amit Ravindernath Sharma, Ankit Dahiya","Drama, Romance","<a href=""https://www.imdb.com/title/tt27989067"" target=""_blank"">tt27989067</a>","<a href=""https://www.imdb.com/title/tt27989067"" target=""_blank"">Lust Stories 2</a>"
"tt0160797","Rules of Engagement",2000,4247,6.4,51706,128,"William Friedkin","Jim Webb, Stephen Gaghan","Drama, Thriller, War","<a href=""https://www.imdb.com/title/tt0160797"" target=""_blank"">tt0160797</a>","<a href=""https://www.imdb.com/title/tt0160797"" target=""_blank"">Rules of Engagement</a>"
"tt1294688","Last Night",2010,4248,6.5,51705,93,"Massy Tadjedin","Massy Tadjedin","Drama, Romance","<a href=""https://www.imdb.com/title/tt1294688"" target=""_blank"">tt1294688</a>","<a href=""https://www.imdb.com/title/tt1294688"" target=""_blank"">Last Night</a>"
"tt2669336","Time Lapse",2014,4249,6.5,51595,104,"Bradley King","Bradley King, Bp Cooper","Mystery, Sci-Fi, Thriller","<a href=""https://www.imdb.com/title/tt2669336"" target=""_blank"">tt2669336</a>","<a href=""https://www.imdb.com/title/tt2669336"" target=""_blank"">Time Lapse</a>"
"tt0104291","Forever Young",1992,4250,6.4,51551,102,"Steve Miner","J.J. Abrams","Drama, Romance, Sci-Fi","<a href=""https://www.imdb.com/title/tt0104291"" target=""_blank"">tt0104291</a>","<a href=""https://www.imdb.com/title/tt0104291"" target=""_blank"">Forever Young</a>"
"tt27028399","Murder Mubarak",2024,4251,6.5,51159,140,"Homi Adajania","Anuja Chauhan, Gazal Dhaliwal, Suprotim Sengupta","Comedy, Horror, Mystery","<a href=""https://www.imdb.com/title/tt27028399"" target=""_blank"">tt27028399</a>","<a href=""https://www.imdb.com/title/tt27028399"" target=""_blank"">Murder Mubarak</a>"
"tt5918982","Possessor",2020,4252,6.5,51013,103,"Brandon Cronenberg","Brandon Cronenberg","Horror, Mystery, Sci-Fi","<a href=""https://www.imdb.com/title/tt5918982"" target=""_blank"">tt5918982</a>","<a href=""https://www.imdb.com/title/tt5918982"" target=""_blank"">Possessor</a>"
"tt0139699","Varsity Blues",1999,4253,6.5,50936,106,"Brian Robbins","W. Peter Iliff","Comedy, Drama, Romance","<a href=""https://www.imdb.com/title/tt0139699"" target=""_blank"">tt0139699</a>","<a href=""https://www.imdb.com/title/tt0139699"" target=""_blank"">Varsity Blues</a>"
"tt0092610","Bad Taste",1987,4254,6.5,50474,91,"Peter Jackson","Peter Jackson, Tony Hiles, Ken Hammon","Comedy, Horror, Sci-Fi","<a href=""https://www.imdb.com/title/tt0092610"" target=""_blank"">tt0092610</a>","<a href=""https://www.imdb.com/title/tt0092610"" target=""_blank"">Bad Taste</a>"
"tt0090060","St. Elmo's Fire",1985,4255,6.4,50255,110,"Joel Schumacher","Joel Schumacher, Carl Kurlander","Drama, Romance","<a href=""https://www.imdb.com/title/tt0090060"" target=""_blank"">tt0090060</a>","<a href=""https://www.imdb.com/title/tt0090060"" target=""_blank"">St. Elmo's Fire</a>"
"tt0257756","High Crimes",2002,4256,6.4,50138,115,"Carl Franklin","Joseph Finder, Yuri Zeltser, Grace Cary Bickley","Crime, Drama, Mystery","<a href=""https://www.imdb.com/title/tt0257756"" target=""_blank"">tt0257756</a>","<a href=""https://www.imdb.com/title/tt0257756"" target=""_blank"">High Crimes</a>"
"tt3165612","Sleeping with Other People",2015,4257,6.5,50045,101,"Leslye Headland","Leslye Headland","Comedy, Drama, Romance","<a href=""https://www.imdb.com/title/tt3165612"" target=""_blank"">tt3165612</a>","<a href=""https://www.imdb.com/title/tt3165612"" target=""_blank"">Sleeping with Other People</a>"
"tt11252248","Dog",2022,4258,6.5,49811,101,"Reid Carolin, Channing Tatum","Reid Carolin, Brett Rodriguez","Comedy, Drama","<a href=""https://www.imdb.com/title/tt11252248"" target=""_blank"">tt11252248</a>","<a href=""https://www.imdb.com/title/tt11252248"" target=""_blank"">Dog</a>"
"tt0117247","One Fine Day",1996,4259,6.5,49779,108,"Michael Hoffman","Terrel Seltzer, Ellen Simon","Comedy, Drama, Romance","<a href=""https://www.imdb.com/title/tt0117247"" target=""_blank"">tt0117247</a>","<a href=""https://www.imdb.com/title/tt0117247"" target=""_blank"">One Fine Day</a>"
"tt0309377","Blood Work",2002,4260,6.4,49657,110,"Clint Eastwood","Michael Connelly, Brian Helgeland","Action, Crime, Drama","<a href=""https://www.imdb.com/title/tt0309377"" target=""_blank"">tt0309377</a>","<a href=""https://www.imdb.com/title/tt0309377"" target=""_blank"">Blood Work</a>"
"tt4443658","Better Watch Out",2016,4261,6.5,49607,89,"Chris Peckover","Zack Kahn, Chris Peckover","Comedy, Horror, Thriller","<a href=""https://www.imdb.com/title/tt4443658"" target=""_blank"">tt4443658</a>","<a href=""https://www.imdb.com/title/tt4443658"" target=""_blank"">Better Watch Out</a>"
"tt0279113","The Good Girl",2002,4262,6.4,49073,93,"Miguel Arteta","Mike White","Drama, Romance","<a href=""https://www.imdb.com/title/tt0279113"" target=""_blank"">tt0279113</a>","<a href=""https://www.imdb.com/title/tt0279113"" target=""_blank"">The Good Girl</a>"
"tt0097770","Lock Up",1989,4263,6.4,48403,109,"John Flynn","Richard Smith, Jeb Stuart, Henry Rosenbaum","Action, Crime, Drama","<a href=""https://www.imdb.com/title/tt0097770"" target=""_blank"">tt0097770</a>","<a href=""https://www.imdb.com/title/tt0097770"" target=""_blank"">Lock Up</a>"
"tt22041854","Priscilla",2023,4264,6.5,48307,113,"Sofia Coppola","Priscilla Presley, Sandra Harmon, Sofia Coppola","Biography, Drama, Music","<a href=""https://www.imdb.com/title/tt22041854"" target=""_blank"">tt22041854</a>","<a href=""https://www.imdb.com/title/tt22041854"" target=""_blank"">Priscilla</a>"
"tt3797868","The Choice",2016,4265,6.5,48182,111,"Ross Katz","Bryan Sipe, Nicholas Sparks","Drama, Romance","<a href=""https://www.imdb.com/title/tt3797868"" target=""_blank"">tt3797868</a>","<a href=""https://www.imdb.com/title/tt3797868"" target=""_blank"">The Choice</a>"
"tt3097204","The Inbetweeners 2",2014,4266,6.4,48049,96,"Damon Beesley, Iain Morris","Damon Beesley, Iain Morris","Comedy","<a href=""https://www.imdb.com/title/tt3097204"" target=""_blank"">tt3097204</a>","<a href=""https://www.imdb.com/title/tt3097204"" target=""_blank"">The Inbetweeners 2</a>"
"tt1788391","Kill List",2011,4267,6.4,47859,95,"Ben Wheatley","Ben Wheatley, Amy Jump","Crime, Drama, Horror","<a href=""https://www.imdb.com/title/tt1788391"" target=""_blank"">tt1788391</a>","<a href=""https://www.imdb.com/title/tt1788391"" target=""_blank"">Kill List</a>"
"tt0107034","The Good Son",1993,4268,6.4,47573,87,"Joseph Ruben","Ian McEwan","Drama, Thriller","<a href=""https://www.imdb.com/title/tt0107034"" target=""_blank"">tt0107034</a>","<a href=""https://www.imdb.com/title/tt0107034"" target=""_blank"">The Good Son</a>"
"tt1531901","Byzantium",2012,4269,6.5,47400,118,"Neil Jordan","Moira Buffini","Drama, Fantasy, Horror","<a href=""https://www.imdb.com/title/tt1531901"" target=""_blank"">tt1531901</a>","<a href=""https://www.imdb.com/title/tt1531901"" target=""_blank"">Byzantium</a>"
"tt1247640","District 13: Ultimatum",2009,4270,6.5,47158,101,"Patrick Alessandrin","Luc Besson","Action, Crime, Thriller","<a href=""https://www.imdb.com/title/tt1247640"" target=""_blank"">tt1247640</a>","<a href=""https://www.imdb.com/title/tt1247640"" target=""_blank"">District 13: Ultimatum</a>"
"tt0110167","It Could Happen to You",1994,4271,6.4,46952,101,"Andrew Bergman","Jane Anderson","Comedy, Drama, Romance","<a href=""https://www.imdb.com/title/tt0110167"" target=""_blank"">tt0110167</a>","<a href=""https://www.imdb.com/title/tt0110167"" target=""_blank"">It Could Happen to You</a>"
"tt6341832","Oxygen",2021,4272,6.5,46727,100,"Alexandre Aja","Christie LeBlanc","Drama, Fantasy, Sci-Fi","<a href=""https://www.imdb.com/title/tt6341832"" target=""_blank"">tt6341832</a>","<a href=""https://www.imdb.com/title/tt6341832"" target=""_blank"">Oxygen</a>"
"tt2034031","Laggies",2014,4273,6.4,46717,99,"Lynn Shelton","Andrea Seigel","Comedy, Drama, Romance","<a href=""https://www.imdb.com/title/tt2034031"" target=""_blank"">tt2034031</a>","<a href=""https://www.imdb.com/title/tt2034031"" target=""_blank"">Laggies</a>"
"tt4537896","White Boy Rick",2018,4274,6.5,46675,111,"Yann Demange","Andy Weiss, Logan Miller, Noah Miller","Crime, Drama","<a href=""https://www.imdb.com/title/tt4537896"" target=""_blank"">tt4537896</a>","<a href=""https://www.imdb.com/title/tt4537896"" target=""_blank"">White Boy Rick</a>"
"tt4995540","Being the Ricardos",2021,4275,6.5,46261,131,"Aaron Sorkin","Aaron Sorkin","Biography, Drama","<a href=""https://www.imdb.com/title/tt4995540"" target=""_blank"">tt4995540</a>","<a href=""https://www.imdb.com/title/tt4995540"" target=""_blank"">Being the Ricardos</a>"
"tt0119360","In & Out",1997,4276,6.4,45626,90,"Frank Oz","Paul Rudnick","Comedy, Romance","<a href=""https://www.imdb.com/title/tt0119360"" target=""_blank"">tt0119360</a>","<a href=""https://www.imdb.com/title/tt0119360"" target=""_blank"">In & Out</a>"
"tt1464580","Stake Land",2010,4277,6.4,45199,98,"Jim Mickle","Nick Damici, Jim Mickle","Drama, Horror","<a href=""https://www.imdb.com/title/tt1464580"" target=""_blank"">tt1464580</a>","<a href=""https://www.imdb.com/title/tt1464580"" target=""_blank"">Stake Land</a>"
"tt16304446","Fair Play",2023,4278,6.4,44696,113,"Chloe Domont","Chloe Domont","Drama, Thriller","<a href=""https://www.imdb.com/title/tt16304446"" target=""_blank"">tt16304446</a>","<a href=""https://www.imdb.com/title/tt16304446"" target=""_blank"">Fair Play</a>"
"tt0105414","Single White Female",1992,4279,6.4,44236,107,"Barbet Schroeder","John Lutz, Don Roos","Drama, Thriller","<a href=""https://www.imdb.com/title/tt0105414"" target=""_blank"">tt0105414</a>","<a href=""https://www.imdb.com/title/tt0105414"" target=""_blank"">Single White Female</a>"
"tt0760329","The Water Horse",2007,4280,6.4,43987,112,"Jay Russell","Robert Nelson Jacobs, Dick King-Smith","Adventure, Family, Fantasy","<a href=""https://www.imdb.com/title/tt0760329"" target=""_blank"">tt0760329</a>","<a href=""https://www.imdb.com/title/tt0760329"" target=""_blank"">The Water Horse</a>"
"tt6195094","Incident in a Ghostland",2018,4281,6.4,43903,91,"Pascal Laugier","Pascal Laugier","Drama, Horror, Mystery","<a href=""https://www.imdb.com/title/tt6195094"" target=""_blank"">tt6195094</a>","<a href=""https://www.imdb.com/title/tt6195094"" target=""_blank"">Incident in a Ghostland</a>"
"tt11525644","No Sudden Move",2021,4282,6.4,43420,115,"Steven Soderbergh","Ed Solomon","Crime, Drama, Mystery","<a href=""https://www.imdb.com/title/tt11525644"" target=""_blank"">tt11525644</a>","<a href=""https://www.imdb.com/title/tt11525644"" target=""_blank"">No Sudden Move</a>"
"tt0086491","Twilight Zone: The Movie",1983,4283,6.4,43226,101,"Joe Dante, John Landis, George Miller, Steven Spielberg","John Landis, George Clayton Johnson, Richard Matheson, Melissa Mathison, Jerome Bixby, Rod Serling, Robert Garland","Horror, Sci-Fi","<a href=""https://www.imdb.com/title/tt0086491"" target=""_blank"">tt0086491</a>","<a href=""https://www.imdb.com/title/tt0086491"" target=""_blank"">Twilight Zone: The Movie</a>"
"tt0291341","Mean Machine",2001,4284,6.4,43097,99,"Barry Skolnick","Tracy Keenan Wynn, Charlie Fletcher, Chris Baker, Andrew Day","Comedy, Crime, Drama","<a href=""https://www.imdb.com/title/tt0291341"" target=""_blank"">tt0291341</a>","<a href=""https://www.imdb.com/title/tt0291341"" target=""_blank"">Mean Machine</a>"
"tt0091738","Peggy Sue Got Married",1986,4285,6.4,42783,103,"Francis Ford Coppola","Jerry Leichtling, Arlene Sarner","Comedy, Drama, Fantasy","<a href=""https://www.imdb.com/title/tt0091738"" target=""_blank"">tt0091738</a>","<a href=""https://www.imdb.com/title/tt0091738"" target=""_blank"">Peggy Sue Got Married</a>"
"tt0434139","The Last Kiss",2006,4286,6.4,42566,104,"Tony Goldwyn","Paul Haggis, Gabriele Muccino","Comedy, Drama, Romance","<a href=""https://www.imdb.com/title/tt0434139"" target=""_blank"">tt0434139</a>","<a href=""https://www.imdb.com/title/tt0434139"" target=""_blank"">The Last Kiss</a>"
"tt1311071","Kill Your Darlings",2013,4287,6.4,42549,104,"John Krokidas","Austin Bunn, John Krokidas","Biography, Drama, Romance","<a href=""https://www.imdb.com/title/tt1311071"" target=""_blank"">tt1311071</a>","<a href=""https://www.imdb.com/title/tt1311071"" target=""_blank"">Kill Your Darlings</a>"
"tt1285309","The Joneses",2009,4288,6.4,42466,96,"Derrick Borte","Randy T. Dinzler, Derrick Borte","Comedy, Drama","<a href=""https://www.imdb.com/title/tt1285309"" target=""_blank"">tt1285309</a>","<a href=""https://www.imdb.com/title/tt1285309"" target=""_blank"">The Joneses</a>"
"tt2261331","Black Sea",2014,4289,6.4,42440,114,"Kevin Macdonald","Dennis Kelly","Adventure, Drama, Thriller","<a href=""https://www.imdb.com/title/tt2261331"" target=""_blank"">tt2261331</a>","<a href=""https://www.imdb.com/title/tt2261331"" target=""_blank"">Black Sea</a>"
"tt0464196","Severance",2006,4290,6.4,42133,96,"Christopher Smith","James Moran, Christopher Smith","Comedy, Horror","<a href=""https://www.imdb.com/title/tt0464196"" target=""_blank"">tt0464196</a>","<a href=""https://www.imdb.com/title/tt0464196"" target=""_blank"">Severance</a>"
"tt0105121","The People Under the Stairs",1991,4291,6.4,42101,102,"Wes Craven","Wes Craven","Comedy, Horror, Mystery","<a href=""https://www.imdb.com/title/tt0105121"" target=""_blank"">tt0105121</a>","<a href=""https://www.imdb.com/title/tt0105121"" target=""_blank"">The People Under the Stairs</a>"
"tt1734493","Unlocked",2017,4292,6.3,40013,98,"Michael Apted","Peter O'Brien","Action, Thriller","<a href=""https://www.imdb.com/title/tt1734493"" target=""_blank"">tt1734493</a>","<a href=""https://www.imdb.com/title/tt1734493"" target=""_blank"">Unlocked</a>"
"tt13449624","Jug Jugg Jeeyo",2022,4293,6.4,39754,148,"Raj Mehta","Sumit Batheja, Rishabh Sharma, Anurag Singh, Neeraj Udhwani","Comedy, Drama, Family","<a href=""https://www.imdb.com/title/tt13449624"" target=""_blank"">tt13449624</a>","<a href=""https://www.imdb.com/title/tt13449624"" target=""_blank"">Jug Jugg Jeeyo</a>"
"tt8242084","My Spy",2020,4294,6.4,39753,99,"Peter Segal","Erich Hoeber, Jon Hoeber","Action, Comedy","<a href=""https://www.imdb.com/title/tt8242084"" target=""_blank"">tt8242084</a>","<a href=""https://www.imdb.com/title/tt8242084"" target=""_blank"">My Spy</a>"
"tt1971352","Compliance",2012,4295,6.4,39623,90,"Craig Zobel","Craig Zobel","Crime, Drama, Thriller","<a href=""https://www.imdb.com/title/tt1971352"" target=""_blank"">tt1971352</a>","<a href=""https://www.imdb.com/title/tt1971352"" target=""_blank"">Compliance</a>"
"tt3442006","Cake",2014,4296,6.4,39517,102,"Daniel Barnz","Patrick Tobin","Drama","<a href=""https://www.imdb.com/title/tt3442006"" target=""_blank"">tt3442006</a>","<a href=""https://www.imdb.com/title/tt3442006"" target=""_blank"">Cake</a>"
"tt6095472","The Angry Birds Movie 2",2019,4297,6.4,39285,97,"Thurop Van Orman, John Rice","Peter Ackerman, Eyal Podell, Jonathon E. Stewart","Action, Adventure, Animation","<a href=""https://www.imdb.com/title/tt6095472"" target=""_blank"">tt6095472</a>","<a href=""https://www.imdb.com/title/tt6095472"" target=""_blank"">The Angry Birds Movie 2</a>"
"tt5516328","Ghost Stories",2017,4298,6.4,38803,98,"Jeremy Dyson, Andy Nyman","Jeremy Dyson, Andy Nyman","Drama, Horror, Mystery","<a href=""https://www.imdb.com/title/tt5516328"" target=""_blank"">tt5516328</a>","<a href=""https://www.imdb.com/title/tt5516328"" target=""_blank"">Ghost Stories</a>"
"tt0116250","Evita",1996,4299,6.3,38678,135,"Alan Parker","Tim Rice, Alan Parker, Oliver Stone","Biography, Drama, History","<a href=""https://www.imdb.com/title/tt0116250"" target=""_blank"">tt0116250</a>","<a href=""https://www.imdb.com/title/tt0116250"" target=""_blank"">Evita</a>"
"tt9606374","On the Rocks",2020,4300,6.4,38567,96,"Sofia Coppola","Sofia Coppola","Comedy, Drama, Romance","<a href=""https://www.imdb.com/title/tt9606374"" target=""_blank"">tt9606374</a>","<a href=""https://www.imdb.com/title/tt9606374"" target=""_blank"">On the Rocks</a>"
"tt7946422","Prospect",2018,4301,6.3,38379,100,"Christopher Caldwell, Zeek Earl","Christopher Caldwell, Zeek Earl","Adventure, Drama, Sci-Fi","<a href=""https://www.imdb.com/title/tt7946422"" target=""_blank"">tt7946422</a>","<a href=""https://www.imdb.com/title/tt7946422"" target=""_blank"">Prospect</a>"
"tt9731598","Bros",2022,4302,6.3,38367,115,"Nicholas Stoller","Billy Eichner, Nicholas Stoller","Comedy, Romance","<a href=""https://www.imdb.com/title/tt9731598"" target=""_blank"">tt9731598</a>","<a href=""https://www.imdb.com/title/tt9731598"" target=""_blank"">Bros</a>"
"tt2281587","Muppets Most Wanted",2014,4303,6.4,38357,107,"James Bobin","James Bobin, Nicholas Stoller, Jim Henson","Adventure, Comedy, Crime","<a href=""https://www.imdb.com/title/tt2281587"" target=""_blank"">tt2281587</a>","<a href=""https://www.imdb.com/title/tt2281587"" target=""_blank"">Muppets Most Wanted</a>"
"tt0119535","A Life Less Ordinary",1997,4304,6.3,37905,103,"Danny Boyle","John Hodge","Comedy, Crime, Fantasy","<a href=""https://www.imdb.com/title/tt0119535"" target=""_blank"">tt0119535</a>","<a href=""https://www.imdb.com/title/tt0119535"" target=""_blank"">A Life Less Ordinary</a>"
"tt7149730","The Silencing",2020,4305,6.3,37251,93,"Robin Pront","Micah Ranum","Action, Crime, Mystery","<a href=""https://www.imdb.com/title/tt7149730"" target=""_blank"">tt7149730</a>","<a href=""https://www.imdb.com/title/tt7149730"" target=""_blank"">The Silencing</a>"
"tt1336617","Cyrus",2010,4306,6.3,37241,91,"Jay Duplass, Mark Duplass","Mark Duplass, Jay Duplass","Comedy, Drama, Romance","<a href=""https://www.imdb.com/title/tt1336617"" target=""_blank"">tt1336617</a>","<a href=""https://www.imdb.com/title/tt1336617"" target=""_blank"">Cyrus</a>"
"tt10676012","To All the Boys: Always and Forever",2021,4307,6.3,36965,116,"Michael Fimognari","Katie Lovejoy, Jenny Han","Comedy, Drama, Romance","<a href=""https://www.imdb.com/title/tt10676012"" target=""_blank"">tt10676012</a>","<a href=""https://www.imdb.com/title/tt10676012"" target=""_blank"">To All the Boys: Always and Forever</a>"
"tt3654796","Creep 2",2017,4308,6.4,36822,78,"Patrick Brice","Mark Duplass, Patrick Brice","Horror, Thriller","<a href=""https://www.imdb.com/title/tt3654796"" target=""_blank"">tt3654796</a>","<a href=""https://www.imdb.com/title/tt3654796"" target=""_blank"">Creep 2</a>"
"tt0171580","Nurse Betty",2000,4309,6.3,36772,110,"Neil LaBute","John C. Richards, James Flamberg","Comedy, Crime, Drama","<a href=""https://www.imdb.com/title/tt0171580"" target=""_blank"">tt0171580</a>","<a href=""https://www.imdb.com/title/tt0171580"" target=""_blank"">Nurse Betty</a>"
"tt13923084","Boy Kills World",2023,4310,6.3,36745,111,"Moritz Mohr","Tyler Burton Smith, Arend Remmers, Moritz Mohr","Action, Comedy, Crime","<a href=""https://www.imdb.com/title/tt13923084"" target=""_blank"">tt13923084</a>","<a href=""https://www.imdb.com/title/tt13923084"" target=""_blank"">Boy Kills World</a>"
"tt1381404","The Company You Keep",2012,4311,6.4,36650,125,"Robert Redford","Lem Dobbs, Neil Gordon","Drama, Thriller","<a href=""https://www.imdb.com/title/tt1381404"" target=""_blank"">tt1381404</a>","<a href=""https://www.imdb.com/title/tt1381404"" target=""_blank"">The Company You Keep</a>"
"tt0367027","Shortbus",2006,4312,6.4,36439,101,"John Cameron Mitchell","John Cameron Mitchell","Comedy, Drama, Romance","<a href=""https://www.imdb.com/title/tt0367027"" target=""_blank"">tt0367027</a>","<a href=""https://www.imdb.com/title/tt0367027"" target=""_blank"">Shortbus</a>"
"tt3813310","Cop Car",2015,4313,6.3,36131,88,"Jon Watts","Jon Watts, Christopher Ford","Crime, Thriller","<a href=""https://www.imdb.com/title/tt3813310"" target=""_blank"">tt3813310</a>","<a href=""https://www.imdb.com/title/tt3813310"" target=""_blank"">Cop Car</a>"
"tt0409904","Day Watch",2006,4314,6.4,35946,132,"Timur Bekmambetov","Timur Bekmambetov, Sergey Lukyanenko, Alexander Talal","Action, Fantasy, Horror","<a href=""https://www.imdb.com/title/tt0409904"" target=""_blank"">tt0409904</a>","<a href=""https://www.imdb.com/title/tt0409904"" target=""_blank"">Day Watch</a>"
"tt1620719","Dabangg",2010,4315,6.3,35853,126,"Abhinav Kashyap","Dilip Shukla, Abhinav Kashyap","Action, Comedy, Crime","<a href=""https://www.imdb.com/title/tt1620719"" target=""_blank"">tt1620719</a>","<a href=""https://www.imdb.com/title/tt1620719"" target=""_blank"">Dabangg</a>"
"tt15153532","Strays",2023,4316,6.3,35852,93,"Josh Greenbaum","Dan Perrault","Adventure, Comedy","<a href=""https://www.imdb.com/title/tt15153532"" target=""_blank"">tt15153532</a>","<a href=""https://www.imdb.com/title/tt15153532"" target=""_blank"">Strays</a>"
"tt0410764","Tideland",2005,4317,6.3,35463,120,"Terry Gilliam","Tony Grisoni, Terry Gilliam, Mitch Cullin","Drama, Fantasy, Horror","<a href=""https://www.imdb.com/title/tt0410764"" target=""_blank"">tt0410764</a>","<a href=""https://www.imdb.com/title/tt0410764"" target=""_blank"">Tideland</a>"
"tt0100054","Lord of the Flies",1990,4318,6.4,35406,90,"Harry Hook","William Golding, Jay Presson Allen","Adventure, Drama, Thriller","<a href=""https://www.imdb.com/title/tt0100054"" target=""_blank"">tt0100054</a>","<a href=""https://www.imdb.com/title/tt0100054"" target=""_blank"">Lord of the Flies</a>"
"tt6436726","7500",2019,4319,6.3,35367,93,"Patrick Vollrath","Patrick Vollrath, Senad Halilbasic","Drama, Thriller","<a href=""https://www.imdb.com/title/tt6436726"" target=""_blank"">tt6436726</a>","<a href=""https://www.imdb.com/title/tt6436726"" target=""_blank"">7500</a>"
"tt0067525","The Omega Man",1971,4320,6.4,35305,98,"Boris Sagal","John William Corrington, Joyce Hooper Corrington, Richard Matheson","Action, Drama, Sci-Fi","<a href=""https://www.imdb.com/title/tt0067525"" target=""_blank"">tt0067525</a>","<a href=""https://www.imdb.com/title/tt0067525"" target=""_blank"">The Omega Man</a>"
"tt2056771","A Bigger Splash",2015,4321,6.4,35220,125,"Luca Guadagnino","David Kajganich, Jacques Deray, Alain Page, Jean-Claude Carrière","Drama, Music, Thriller","<a href=""https://www.imdb.com/title/tt2056771"" target=""_blank"">tt2056771</a>","<a href=""https://www.imdb.com/title/tt2056771"" target=""_blank"">A Bigger Splash</a>"
"tt0458413","A Long Way Down",2014,4322,6.3,35204,96,"Pascal Chaumeil","Nick Hornby, Jack Thorne","Comedy, Drama","<a href=""https://www.imdb.com/title/tt0458413"" target=""_blank"">tt0458413</a>","<a href=""https://www.imdb.com/title/tt0458413"" target=""_blank"">A Long Way Down</a>"
"tt0180734","Hardball",2001,4323,6.4,35072,106,"Brian Robbins","Daniel Coyle, John Gatins","Comedy, Drama, Sport","<a href=""https://www.imdb.com/title/tt0180734"" target=""_blank"">tt0180734</a>","<a href=""https://www.imdb.com/title/tt0180734"" target=""_blank"">Hardball</a>"
"tt0095690","Mystic Pizza",1988,4324,6.4,35044,104,"Donald Petrie","Amy Holden Jones, Perry Howze, Randy Howze, Alfred Uhry","Comedy, Drama, Romance","<a href=""https://www.imdb.com/title/tt0095690"" target=""_blank"">tt0095690</a>","<a href=""https://www.imdb.com/title/tt0095690"" target=""_blank"">Mystic Pizza</a>"
"tt14537248","Nefarious",2023,4325,6.4,34976,97,"Chuck Konzelman, Cary Solomon","Cary Solomon, Chuck Konzelman, Steve Deace","Drama, Horror, Thriller","<a href=""https://www.imdb.com/title/tt14537248"" target=""_blank"">tt14537248</a>","<a href=""https://www.imdb.com/title/tt14537248"" target=""_blank"">Nefarious</a>"
"tt0303714","Barbershop",2002,4326,6.3,34858,102,"Tim Story","Mark Brown, Don D. Scott, Marshall Todd","Comedy, Drama","<a href=""https://www.imdb.com/title/tt0303714"" target=""_blank"">tt0303714</a>","<a href=""https://www.imdb.com/title/tt0303714"" target=""_blank"">Barbershop</a>"
"tt2275946","Redirected",2014,4327,6.4,34805,99,"Emilis Velyvis","Jonas Banys, Lewis Britnell, Emilis Velyvis","Action, Comedy, Crime","<a href=""https://www.imdb.com/title/tt2275946"" target=""_blank"">tt2275946</a>","<a href=""https://www.imdb.com/title/tt2275946"" target=""_blank"">Redirected</a>"
"tt1541160","Flypaper",2011,4328,6.3,34657,87,"Rob Minkoff","Jon Lucas, Scott Moore","Comedy, Crime, Mystery","<a href=""https://www.imdb.com/title/tt1541160"" target=""_blank"">tt1541160</a>","<a href=""https://www.imdb.com/title/tt1541160"" target=""_blank"">Flypaper</a>"
"tt0114194","The Prophecy",1995,4329,6.4,34637,98,"Gregory Widen","Gregory Widen","Action, Crime, Drama","<a href=""https://www.imdb.com/title/tt0114194"" target=""_blank"">tt0114194</a>","<a href=""https://www.imdb.com/title/tt0114194"" target=""_blank"">The Prophecy</a>"
"tt1024715","Choke",2008,4330,6.4,34438,92,"Clark Gregg","Clark Gregg, Chuck Palahniuk","Comedy, Drama","<a href=""https://www.imdb.com/title/tt1024715"" target=""_blank"">tt1024715</a>","<a href=""https://www.imdb.com/title/tt1024715"" target=""_blank"">Choke</a>"
"tt0096794","Always",1989,4331,6.4,34394,122,"Steven Spielberg","Jerry Belson, Dalton Trumbo, Frederick Hazlitt Brennan, Chandler Sprague, David Boehm","Drama, Fantasy, Romance","<a href=""https://www.imdb.com/title/tt0096794"" target=""_blank"">tt0096794</a>","<a href=""https://www.imdb.com/title/tt0096794"" target=""_blank"">Always</a>"
"tt0103594","1492: Conquest of Paradise",1992,4332,6.4,34200,154,"Ridley Scott","Rose Bosch","Adventure, Biography, Drama","<a href=""https://www.imdb.com/title/tt0103594"" target=""_blank"">tt0103594</a>","<a href=""https://www.imdb.com/title/tt0103594"" target=""_blank"">1492: Conquest of Paradise</a>"
"tt1174954","Resident Evil: Degeneration",2008,4333,6.4,34061,98,"Makoto Kamiya","Shotaro Suga, Shinji Mikami, Tokuro Fujiwara, Kenichi Iwao, Takahiro Arimitsu, Hiroyuki Kobayashi, Yoshiaki Hirabayashi, Noboru Sugimura, Hideki Kamiya, Father","Action, Animation, Horror","<a href=""https://www.imdb.com/title/tt1174954"" target=""_blank"">tt1174954</a>","<a href=""https://www.imdb.com/title/tt1174954"" target=""_blank"">Resident Evil: Degeneration</a>"
"tt8008948","Den of Thieves: Pantera",2025,4334,6.3,33994,144,"Christian Gudegast","Christian Gudegast, Paul T. Scheuring","Action, Crime, Drama","<a href=""https://www.imdb.com/title/tt8008948"" target=""_blank"">tt8008948</a>","<a href=""https://www.imdb.com/title/tt8008948"" target=""_blank"">Den of Thieves: Pantera</a>"
"tt9742794","The Vault",2021,4335,6.4,33901,118,"Jaume Balagueró","Rafa Martínez, Andrés M. Koppel, Borja Glez. Santaolalla, Michel Gaztambide, Rowan Athale","Action, Thriller","<a href=""https://www.imdb.com/title/tt9742794"" target=""_blank"">tt9742794</a>","<a href=""https://www.imdb.com/title/tt9742794"" target=""_blank"">The Vault</a>"
"tt0090021","Silver Bullet",1985,4336,6.4,33815,95,"Daniel Attias","Stephen King","Horror","<a href=""https://www.imdb.com/title/tt0090021"" target=""_blank"">tt0090021</a>","<a href=""https://www.imdb.com/title/tt0090021"" target=""_blank"">Silver Bullet</a>"
"tt0378947","Melinda and Melinda",2004,4337,6.4,33766,99,"Woody Allen","Woody Allen","Comedy, Drama, Romance","<a href=""https://www.imdb.com/title/tt0378947"" target=""_blank"">tt0378947</a>","<a href=""https://www.imdb.com/title/tt0378947"" target=""_blank"">Melinda and Melinda</a>"
"tt0313792","Anything Else",2003,4338,6.3,33567,108,"Woody Allen","Woody Allen","Comedy, Romance","<a href=""https://www.imdb.com/title/tt0313792"" target=""_blank"">tt0313792</a>","<a href=""https://www.imdb.com/title/tt0313792"" target=""_blank"">Anything Else</a>"
"tt0857265","Sleuth",2007,4339,6.3,33536,88,"Kenneth Branagh","Anthony Shaffer, Harold Pinter","Crime, Drama, Mystery","<a href=""https://www.imdb.com/title/tt0857265"" target=""_blank"">tt0857265</a>","<a href=""https://www.imdb.com/title/tt0857265"" target=""_blank"">Sleuth</a>"
"tt0419843","In the Land of Women",2007,4340,6.4,33236,97,"Jonathan Kasdan","Jonathan Kasdan","Comedy, Drama, Romance","<a href=""https://www.imdb.com/title/tt0419843"" target=""_blank"">tt0419843</a>","<a href=""https://www.imdb.com/title/tt0419843"" target=""_blank"">In the Land of Women</a>"
"tt14824600","The Lord of the Rings: The War of the Rohirrim",2024,4341,6.3,33192,134,"Kenji Kamiyama","Jeffrey Addiss, Will Matthews, Phoebe Gittins, Arty Papageorgiou, J.R.R. Tolkien, Philippa Boyens","Action, Adventure, Animation","<a href=""https://www.imdb.com/title/tt14824600"" target=""_blank"">tt14824600</a>","<a href=""https://www.imdb.com/title/tt14824600"" target=""_blank"">The Lord of the Rings: The War of the Rohirrim</a>"
"tt0465203","Them",2006,4342,6.3,33190,77,"David Moreau, Xavier Palud","David Moreau, Xavier Palud","Horror, Thriller","<a href=""https://www.imdb.com/title/tt0465203"" target=""_blank"">tt0465203</a>","<a href=""https://www.imdb.com/title/tt0465203"" target=""_blank"">Them</a>"
"tt7214954","Luck",2022,4343,6.4,33189,105,"Peggy Holmes, Javier Abad","Kiel Murray, Jonathan Aibel, Glenn Berger, Rebeca Carrasco, Juan De Dios, Julian Muñoz Romero, Julia Miranda","Adventure, Animation, Comedy","<a href=""https://www.imdb.com/title/tt7214954"" target=""_blank"">tt7214954</a>","<a href=""https://www.imdb.com/title/tt7214954"" target=""_blank"">Luck</a>"
"tt3626476","Vacation Friends",2021,4344,6.3,32359,103,"Clay Tarver","Tom Mullen, Tim Mullen, Clay Tarver, Jonathan Goldstein, John Francis Daley","Adventure, Comedy","<a href=""https://www.imdb.com/title/tt3626476"" target=""_blank"">tt3626476</a>","<a href=""https://www.imdb.com/title/tt3626476"" target=""_blank"">Vacation Friends</a>"
"tt3231054","Risen",2016,4345,6.3,32240,107,"Kevin Reynolds","Kevin Reynolds, Paul Aiello","Action, Drama, History","<a href=""https://www.imdb.com/title/tt3231054"" target=""_blank"">tt3231054</a>","<a href=""https://www.imdb.com/title/tt3231054"" target=""_blank"">Risen</a>"
"tt2023453","Diary of a Wimpy Kid: Dog Days",2012,4346,6.3,32166,94,"David Bowers","Maya Forbes, Wallace Wolodarsky, Jeff Kinney","Comedy, Family","<a href=""https://www.imdb.com/title/tt2023453"" target=""_blank"">tt2023453</a>","<a href=""https://www.imdb.com/title/tt2023453"" target=""_blank"">Diary of a Wimpy Kid: Dog Days</a>"
"tt0077523","Every Which Way But Loose",1978,4347,6.3,31516,114,"James Fargo","Jeremy Joe Kronsberg","Action, Comedy","<a href=""https://www.imdb.com/title/tt0077523"" target=""_blank"">tt0077523</a>","<a href=""https://www.imdb.com/title/tt0077523"" target=""_blank"">Every Which Way But Loose</a>"
"tt2094018","Hours",2013,4348,6.3,31500,97,"Eric Heisserer","Eric Heisserer","Drama, Thriller","<a href=""https://www.imdb.com/title/tt2094018"" target=""_blank"">tt2094018</a>","<a href=""https://www.imdb.com/title/tt2094018"" target=""_blank"">Hours</a>"
"tt0963743","Angus, Thongs and Perfect Snogging",2008,4349,6.3,31205,100,"Gurinder Chadha","Gurinder Chadha, Paul Mayeda Berges, Will McRobb, Chris Viscardi, Louise Rennison","Comedy, Drama, Romance","<a href=""https://www.imdb.com/title/tt0963743"" target=""_blank"">tt0963743</a>","<a href=""https://www.imdb.com/title/tt0963743"" target=""_blank"">Angus, Thongs and Perfect Snogging</a>"
"tt0080365","American Gigolo",1980,4350,6.3,31099,117,"Paul Schrader","Paul Schrader","Crime, Drama, Mystery","<a href=""https://www.imdb.com/title/tt0080365"" target=""_blank"">tt0080365</a>","<a href=""https://www.imdb.com/title/tt0080365"" target=""_blank"">American Gigolo</a>"
"tt0051418","The Blob",1958,4351,6.3,31052,86,"Irvin S. Yeaworth Jr., Russell S. Doughten Jr.","Theodore Simonson, Kay Linaker, Irvine H. Millgate","Horror, Sci-Fi","<a href=""https://www.imdb.com/title/tt0051418"" target=""_blank"">tt0051418</a>","<a href=""https://www.imdb.com/title/tt0051418"" target=""_blank"">The Blob</a>"
"tt0114367","Screamers",1995,4352,6.3,30851,108,"Christian Duguay","Philip K. Dick, Dan O'Bannon, Miguel Tejada-Flores","Horror, Sci-Fi, Thriller","<a href=""https://www.imdb.com/title/tt0114367"" target=""_blank"">tt0114367</a>","<a href=""https://www.imdb.com/title/tt0114367"" target=""_blank"">Screamers</a>"
"tt2011311","The Outsider",2018,4353,6.2,30729,120,"Martin Zandvliet","Andrew Baldwin","Crime, Drama, Thriller","<a href=""https://www.imdb.com/title/tt2011311"" target=""_blank"">tt2011311</a>","<a href=""https://www.imdb.com/title/tt2011311"" target=""_blank"">The Outsider</a>"
"tt1196948","Charlie Countryman",2013,4354,6.3,30401,103,"Fredrik Bond","Matt Drake","Comedy, Drama, Romance","<a href=""https://www.imdb.com/title/tt1196948"" target=""_blank"">tt1196948</a>","<a href=""https://www.imdb.com/title/tt1196948"" target=""_blank"">Charlie Countryman</a>"
"tt1440161","A Little Bit of Heaven",2011,4355,6.2,30307,106,"Nicole Kassell","Gren Wells","Comedy, Drama, Fantasy","<a href=""https://www.imdb.com/title/tt1440161"" target=""_blank"">tt1440161</a>","<a href=""https://www.imdb.com/title/tt1440161"" target=""_blank"">A Little Bit of Heaven</a>"
"tt0117786","Mr. Nice Guy",1997,4356,6.2,30159,88,"Sammo Kam-Bo Hung","Fibe Ma, Edward Tang","Action, Adventure, Comedy","<a href=""https://www.imdb.com/title/tt0117786"" target=""_blank"">tt0117786</a>","<a href=""https://www.imdb.com/title/tt0117786"" target=""_blank"">Mr. Nice Guy</a>"
"tt0814685","Frontier(s)",2007,4357,6.2,29981,108,"Xavier Gens","Xavier Gens","Horror","<a href=""https://www.imdb.com/title/tt0814685"" target=""_blank"">tt0814685</a>","<a href=""https://www.imdb.com/title/tt0814685"" target=""_blank"">Frontier(s)</a>"
"tt2343793","Third Person",2013,4358,6.3,29977,137,"Paul Haggis","Paul Haggis","Drama, Romance","<a href=""https://www.imdb.com/title/tt2343793"" target=""_blank"">tt2343793</a>","<a href=""https://www.imdb.com/title/tt2343793"" target=""_blank"">Third Person</a>"
"tt0081375","Private Benjamin",1980,4359,6.2,29929,109,"Howard Zieff","Nancy Meyers, Charles Shyer, Harvey Miller","Comedy, War","<a href=""https://www.imdb.com/title/tt0081375"" target=""_blank"">tt0081375</a>","<a href=""https://www.imdb.com/title/tt0081375"" target=""_blank"">Private Benjamin</a>"
"tt1959332","American Mary",2012,4360,6.2,29904,103,"Jen Soska, Sylvia Soska","Jen Soska, Sylvia Soska","Drama, Horror","<a href=""https://www.imdb.com/title/tt1959332"" target=""_blank"">tt1959332</a>","<a href=""https://www.imdb.com/title/tt1959332"" target=""_blank"">American Mary</a>"
"tt0095925","Pumpkinhead",1988,4361,6.2,29796,86,"Stan Winston","Ed Justin, Mark Patrick Carducci, Stan Winston, Richard Weinman, Gary Gerani","Fantasy, Horror","<a href=""https://www.imdb.com/title/tt0095925"" target=""_blank"">tt0095925</a>","<a href=""https://www.imdb.com/title/tt0095925"" target=""_blank"">Pumpkinhead</a>"
"tt12530246","Emancipation",2022,4362,6.2,29788,132,"Antoine Fuqua","Bill Collage","Action, Thriller","<a href=""https://www.imdb.com/title/tt12530246"" target=""_blank"">tt12530246</a>","<a href=""https://www.imdb.com/title/tt12530246"" target=""_blank"">Emancipation</a>"
"tt0117979","The Truth About Cats & Dogs",1996,4363,6.3,29777,97,"Michael Lehmann","Audrey Wells","Comedy, Romance","<a href=""https://www.imdb.com/title/tt0117979"" target=""_blank"">tt0117979</a>","<a href=""https://www.imdb.com/title/tt0117979"" target=""_blank"">The Truth About Cats & Dogs</a>"
"tt5121816","The Bar",2017,4364,6.3,29682,102,"Álex de la Iglesia","Jorge Guerricaechevarría, Álex de la Iglesia","Thriller","<a href=""https://www.imdb.com/title/tt5121816"" target=""_blank"">tt5121816</a>","<a href=""https://www.imdb.com/title/tt5121816"" target=""_blank"">The Bar</a>"
"tt5097410","Noelle",2019,4365,6.3,29625,100,"Marc Lawrence","Marc Lawrence","Comedy, Family, Fantasy","<a href=""https://www.imdb.com/title/tt5097410"" target=""_blank"">tt5097410</a>","<a href=""https://www.imdb.com/title/tt5097410"" target=""_blank"">Noelle</a>"
"tt0088889","Cat's Eye",1985,4366,6.3,29528,94,"Lewis Teague","Stephen King","Comedy, Drama, Horror","<a href=""https://www.imdb.com/title/tt0088889"" target=""_blank"">tt0088889</a>","<a href=""https://www.imdb.com/title/tt0088889"" target=""_blank"">Cat's Eye</a>"
"tt0108473","The Vanishing",1993,4367,6.3,29354,109,"George Sluizer","Tim Krabbé, Todd Graff","Drama, Horror, Mystery","<a href=""https://www.imdb.com/title/tt0108473"" target=""_blank"">tt0108473</a>","<a href=""https://www.imdb.com/title/tt0108473"" target=""_blank"">The Vanishing</a>"
"tt2582576","Sand Castle",2017,4368,6.3,29326,113,"Fernando Coimbra","Chris Roessner","Action, Drama, War","<a href=""https://www.imdb.com/title/tt2582576"" target=""_blank"">tt2582576</a>","<a href=""https://www.imdb.com/title/tt2582576"" target=""_blank"">Sand Castle</a>"
"tt3440298","Descendants",2015,4369,6.3,29254,112,"Kenny Ortega","Josann McGibbon, Sara Parriott","Comedy, Family, Fantasy","<a href=""https://www.imdb.com/title/tt3440298"" target=""_blank"">tt3440298</a>","<a href=""https://www.imdb.com/title/tt3440298"" target=""_blank"">Descendants</a>"
"tt0120533","Celebrity",1998,4370,6.3,29214,113,"Woody Allen","Woody Allen","Comedy, Drama","<a href=""https://www.imdb.com/title/tt0120533"" target=""_blank"">tt0120533</a>","<a href=""https://www.imdb.com/title/tt0120533"" target=""_blank"">Celebrity</a>"
"tt11456054","Run Hide Fight",2020,4371,6.3,29208,109,"Kyle Rankin","Kyle Rankin","Action, Crime, Drama","<a href=""https://www.imdb.com/title/tt11456054"" target=""_blank"">tt11456054</a>","<a href=""https://www.imdb.com/title/tt11456054"" target=""_blank"">Run Hide Fight</a>"
"tt1869347","Crooked House",2017,4372,6.3,29139,115,"Gilles Paquet-Brenner","Julian Fellowes, Tim Rose Price, Gilles Paquet-Brenner, Agatha Christie","Crime, Drama, Mystery","<a href=""https://www.imdb.com/title/tt1869347"" target=""_blank"">tt1869347</a>","<a href=""https://www.imdb.com/title/tt1869347"" target=""_blank"">Crooked House</a>"
"tt0107665","Needful Things",1993,4373,6.3,29124,121,"Fraser C. Heston","Stephen King, W.D. Richter","Crime, Drama, Fantasy","<a href=""https://www.imdb.com/title/tt0107665"" target=""_blank"">tt0107665</a>","<a href=""https://www.imdb.com/title/tt0107665"" target=""_blank"">Needful Things</a>"
"tt0116130","Down Periscope",1996,4374,6.2,28671,92,"David S. Ward","Hugh Wilson, Andrew Kurtzman, Eliot Wald","Comedy","<a href=""https://www.imdb.com/title/tt0116130"" target=""_blank"">tt0116130</a>","<a href=""https://www.imdb.com/title/tt0116130"" target=""_blank"">Down Periscope</a>"
"tt3335606","Berlin Syndrome",2017,4375,6.3,28654,116,"Cate Shortland","Shaun Grant, Melanie Joosten, Cate Shortland","Drama, Horror, Mystery","<a href=""https://www.imdb.com/title/tt3335606"" target=""_blank"">tt3335606</a>","<a href=""https://www.imdb.com/title/tt3335606"" target=""_blank"">Berlin Syndrome</a>"
"tt10309902","Chehre",2021,4376,6.3,28393,139,"Rumi Jaffery","Rumi Jaffery, Ranjit Kapoor","Drama, Mystery, Thriller","<a href=""https://www.imdb.com/title/tt10309902"" target=""_blank"">tt10309902</a>","<a href=""https://www.imdb.com/title/tt10309902"" target=""_blank"">Chehre</a>"
"tt0104452","HouseSitter",1992,4377,6.2,27963,102,"Frank Oz","Mark Stein, Brian Grazer","Comedy, Romance","<a href=""https://www.imdb.com/title/tt0104452"" target=""_blank"">tt0104452</a>","<a href=""https://www.imdb.com/title/tt0104452"" target=""_blank"">HouseSitter</a>"
"tt9000224","The Assistant",2019,4378,6.3,27934,87,"Kitty Green","Kitty Green","Drama","<a href=""https://www.imdb.com/title/tt9000224"" target=""_blank"">tt9000224</a>","<a href=""https://www.imdb.com/title/tt9000224"" target=""_blank"">The Assistant</a>"
"tt1032751","The Warrior's Way",2010,4379,6.2,27726,100,"Sngmoo Lee","Sngmoo Lee, Scott Reynolds","Action, Drama, Fantasy","<a href=""https://www.imdb.com/title/tt1032751"" target=""_blank"">tt1032751</a>","<a href=""https://www.imdb.com/title/tt1032751"" target=""_blank"">The Warrior's Way</a>"
"tt14209618","Game Changer",2025,4380,6.2,27719,165,"S. Shankar","Ranjeet Bahadur, Sai Madhav Burra, Rajendra Sapre, S. Shankar, Karthik Subbaraj, Vivek","Action, Drama, Thriller","<a href=""https://www.imdb.com/title/tt14209618"" target=""_blank"">tt14209618</a>","<a href=""https://www.imdb.com/title/tt14209618"" target=""_blank"">Game Changer</a>"
"tt1487118","Chalet Girl",2011,4381,6.3,27547,97,"Phil Traill","Tom Williams","Comedy, Romance, Sport","<a href=""https://www.imdb.com/title/tt1487118"" target=""_blank"">tt1487118</a>","<a href=""https://www.imdb.com/title/tt1487118"" target=""_blank"">Chalet Girl</a>"
"tt0076538","Pete's Dragon",1977,4382,6.3,27502,128,"Don Chaffey, Don Bluth","Malcolm Marmorstein, Seton I. Miller, S.S. Field","Adventure, Animation, Comedy","<a href=""https://www.imdb.com/title/tt0076538"" target=""_blank"">tt0076538</a>","<a href=""https://www.imdb.com/title/tt0076538"" target=""_blank"">Pete's Dragon</a>"
"tt21261712","Back to Black",2024,4383,6.3,27415,122,"Sam Taylor-Johnson","Matt Greenhalgh","Biography, Drama, Music","<a href=""https://www.imdb.com/title/tt21261712"" target=""_blank"">tt21261712</a>","<a href=""https://www.imdb.com/title/tt21261712"" target=""_blank"">Back to Black</a>"
"tt8337264","Chicken Run: Dawn of the Nugget",2023,4384,6.3,27341,98,"Sam Fell, Jeff Newitt","Karey Kirkpatrick, John O'Farrell, Rachel Tunnard, Mark Burton, Holly Walsh, Lynn Ferguson, Ben Willbond, Laurence Rickard, David Bowers, Peter Peake","Adventure, Animation, Comedy","<a href=""https://www.imdb.com/title/tt8337264"" target=""_blank"">tt8337264</a>","<a href=""https://www.imdb.com/title/tt8337264"" target=""_blank"">Chicken Run: Dawn of the Nugget</a>"
"tt0110099","I.Q.",1994,4385,6.2,27205,100,"Fred Schepisi","Andy Breckman, Michael Leeson","Comedy, Romance","<a href=""https://www.imdb.com/title/tt0110099"" target=""_blank"">tt0110099</a>","<a href=""https://www.imdb.com/title/tt0110099"" target=""_blank"">I.Q.</a>"
"tt3289724","Welcome to Marwen",2018,4386,6.2,27086,116,"Robert Zemeckis","Robert Zemeckis, Caroline Thompson","Biography, Comedy, Drama","<a href=""https://www.imdb.com/title/tt3289724"" target=""_blank"">tt3289724</a>","<a href=""https://www.imdb.com/title/tt3289724"" target=""_blank"">Welcome to Marwen</a>"
"tt0110763","The Pagemaster",1994,4387,6.2,26794,80,"Pixote Hunt, Joe Johnston","David Kirschner, David Casci, Ernie Contreras","Adventure, Animation, Comedy","<a href=""https://www.imdb.com/title/tt0110763"" target=""_blank"">tt0110763</a>","<a href=""https://www.imdb.com/title/tt0110763"" target=""_blank"">The Pagemaster</a>"
"tt0099699","Green Card",1990,4388,6.3,26791,107,"Peter Weir","Peter Weir","Comedy, Drama, Romance","<a href=""https://www.imdb.com/title/tt0099699"" target=""_blank"">tt0099699</a>","<a href=""https://www.imdb.com/title/tt0099699"" target=""_blank"">Green Card</a>"
"tt2309961","Afflicted",2013,4389,6.2,26787,85,"Derek Lee, Clif Prowse","Derek Lee, Clif Prowse","Horror, Mystery, Thriller","<a href=""https://www.imdb.com/title/tt2309961"" target=""_blank"">tt2309961</a>","<a href=""https://www.imdb.com/title/tt2309961"" target=""_blank"">Afflicted</a>"
"tt2172985","The Art of the Steal",2013,4390,6.3,26784,90,"Jonathan Sobol","Jonathan Sobol","Comedy, Crime, Thriller","<a href=""https://www.imdb.com/title/tt2172985"" target=""_blank"">tt2172985</a>","<a href=""https://www.imdb.com/title/tt2172985"" target=""_blank"">The Art of the Steal</a>"
"tt0082782","My Bloody Valentine",1981,4391,6.3,26770,90,"George Mihalka","Stephen A. Miller, John Beaird","Horror, Mystery, Thriller","<a href=""https://www.imdb.com/title/tt0082782"" target=""_blank"">tt0082782</a>","<a href=""https://www.imdb.com/title/tt0082782"" target=""_blank"">My Bloody Valentine</a>"
"tt11140488","The Wolf of Snow Hollow",2020,4392,6.2,26738,85,"Jim Cummings","Jim Cummings","Comedy, Horror, Mystery","<a href=""https://www.imdb.com/title/tt11140488"" target=""_blank"">tt11140488</a>","<a href=""https://www.imdb.com/title/tt11140488"" target=""_blank"">The Wolf of Snow Hollow</a>"
"tt8075260","Someone Great",2019,4393,6.2,26634,92,"Jennifer Kaytin Robinson","Jennifer Kaytin Robinson","Comedy, Romance","<a href=""https://www.imdb.com/title/tt8075260"" target=""_blank"">tt8075260</a>","<a href=""https://www.imdb.com/title/tt8075260"" target=""_blank"">Someone Great</a>"
"tt3111426","Lost Girls",2020,4394,6.2,26592,95,"Liz Garbus","Michael Werwie, Robert Kolker","Crime, Drama, Mystery","<a href=""https://www.imdb.com/title/tt3111426"" target=""_blank"">tt3111426</a>","<a href=""https://www.imdb.com/title/tt3111426"" target=""_blank"">Lost Girls</a>"
"tt0083630","The Beastmaster",1982,4395,6.2,26434,118,"Don Coscarelli","Don Coscarelli, Paul Pepperman, Andre Norton","Action, Adventure, Fantasy","<a href=""https://www.imdb.com/title/tt0083630"" target=""_blank"">tt0083630</a>","<a href=""https://www.imdb.com/title/tt0083630"" target=""_blank"">The Beastmaster</a>"
"tt7488208","Over the Moon",2020,4396,6.3,26159,95,"Glen Keane, John Kahrs","Audrey Wells, Jennifer Yee McDevitt, Alice Wu","Adventure, Animation, Comedy","<a href=""https://www.imdb.com/title/tt7488208"" target=""_blank"">tt7488208</a>","<a href=""https://www.imdb.com/title/tt7488208"" target=""_blank"">Over the Moon</a>"
"tt4703048","6 Days",2017,4397,6.2,26063,94,"Toa Fraser","Glenn Standring, Rusty Firmin","Action, Drama, History","<a href=""https://www.imdb.com/title/tt4703048"" target=""_blank"">tt4703048</a>","<a href=""https://www.imdb.com/title/tt4703048"" target=""_blank"">6 Days</a>"
"tt2258345","Fading Gigolo",2013,4398,6.2,25945,90,"John Turturro","John Turturro","Comedy, Romance","<a href=""https://www.imdb.com/title/tt2258345"" target=""_blank"">tt2258345</a>","<a href=""https://www.imdb.com/title/tt2258345"" target=""_blank"">Fading Gigolo</a>"
"tt0095188","Funny Farm",1988,4399,6.2,25944,101,"George Roy Hill","Jay Cronley, Jeffrey Boam","Comedy","<a href=""https://www.imdb.com/title/tt0095188"" target=""_blank"">tt0095188</a>","<a href=""https://www.imdb.com/title/tt0095188"" target=""_blank"">Funny Farm</a>"
"tt18968540","Incantation",2022,4400,6.2,25876,110,"Kevin Ko","Che-Wei Chang, Kevin Ko","Horror, Mystery","<a href=""https://www.imdb.com/title/tt18968540"" target=""_blank"">tt18968540</a>","<a href=""https://www.imdb.com/title/tt18968540"" target=""_blank"">Incantation</a>"
"tt0087799","Night of the Comet",1984,4401,6.3,25796,95,"Thom Eberhardt","Thom Eberhardt","Comedy, Horror, Sci-Fi","<a href=""https://www.imdb.com/title/tt0087799"" target=""_blank"">tt0087799</a>","<a href=""https://www.imdb.com/title/tt0087799"" target=""_blank"">Night of the Comet</a>"
"tt14298328","Look Both Ways",2022,4402,6.3,25771,110,"Wanuri Kahiu","April Prosser","Comedy, Drama, Fantasy","<a href=""https://www.imdb.com/title/tt14298328"" target=""_blank"">tt14298328</a>","<a href=""https://www.imdb.com/title/tt14298328"" target=""_blank"">Look Both Ways</a>"
"tt0460792","Fast Food Nation",2006,4403,6.3,25763,116,"Richard Linklater","Eric Schlosser, Richard Linklater","Comedy, Drama","<a href=""https://www.imdb.com/title/tt0460792"" target=""_blank"">tt0460792</a>","<a href=""https://www.imdb.com/title/tt0460792"" target=""_blank"">Fast Food Nation</a>"
"tt8096832","Lady and the Tramp",2019,4404,6.2,25726,111,"Charlie Bean","Andrew Bujalski, Kari Granlund, Ward Greene, Erdman Penner, Joe Rinaldi, Ralph Wright, Don DaGradi","Adventure, Comedy, Family","<a href=""https://www.imdb.com/title/tt8096832"" target=""_blank"">tt8096832</a>","<a href=""https://www.imdb.com/title/tt8096832"" target=""_blank"">Lady and the Tramp</a>"
"tt0400525","The Ice Harvest",2005,4405,6.2,25515,92,"Harold Ramis","Richard Russo, Robert Benton, Scott Phillips","Comedy, Crime, Drama","<a href=""https://www.imdb.com/title/tt0400525"" target=""_blank"">tt0400525</a>","<a href=""https://www.imdb.com/title/tt0400525"" target=""_blank"">The Ice Harvest</a>"
"tt8485364","The Room",2019,4406,6.1,25471,100,"Christian Volckman","Christian Volckman, Eric Forestier, Gaia Guasti, Sabrina B. Karine, Vincent Ravalec","Drama, Fantasy, Horror","<a href=""https://www.imdb.com/title/tt8485364"" target=""_blank"">tt8485364</a>","<a href=""https://www.imdb.com/title/tt8485364"" target=""_blank"">The Room</a>"
"tt0112572","The Brady Bunch Movie",1995,4407,6.2,25448,90,"Betty Thomas","Sherwood Schwartz, Laurice Elehwany, Rick Copp, Bonnie Turner, Terry Turner","Comedy","<a href=""https://www.imdb.com/title/tt0112572"" target=""_blank"">tt0112572</a>","<a href=""https://www.imdb.com/title/tt0112572"" target=""_blank"">The Brady Bunch Movie</a>"
"tt0489235","My Name Is Bruce",2007,4408,6.1,25444,84,"Bruce Campbell","Mark Verheiden","Comedy, Fantasy, Horror","<a href=""https://www.imdb.com/title/tt0489235"" target=""_blank"">tt0489235</a>","<a href=""https://www.imdb.com/title/tt0489235"" target=""_blank"">My Name Is Bruce</a>"
"tt0211465","Knockaround Guys",2001,4409,6.1,25405,92,"Brian Koppelman, David Levien","Brian Koppelman, David Levien","Crime, Drama, Thriller","<a href=""https://www.imdb.com/title/tt0211465"" target=""_blank"">tt0211465</a>","<a href=""https://www.imdb.com/title/tt0211465"" target=""_blank"">Knockaround Guys</a>"
"tt0083722","Cat People",1982,4410,6.2,25363,118,"Paul Schrader","DeWitt Bodeen, Alan Ormsby, Paul Schrader","Fantasy, Horror, Thriller","<a href=""https://www.imdb.com/title/tt0083722"" target=""_blank"">tt0083722</a>","<a href=""https://www.imdb.com/title/tt0083722"" target=""_blank"">Cat People</a>"
"tt0276816","Below",2002,4411,6.1,25303,105,"David Twohy","Lucas Sussman, Darren Aronofsky, David Twohy","Action, Horror, Mystery","<a href=""https://www.imdb.com/title/tt0276816"" target=""_blank"">tt0276816</a>","<a href=""https://www.imdb.com/title/tt0276816"" target=""_blank"">Below</a>"
"tt0079540","Meatballs",1979,4412,6.2,25203,94,"Ivan Reitman","Len Blum, Daniel Goldberg, Janis Allen, Harold Ramis","Comedy","<a href=""https://www.imdb.com/title/tt0079540"" target=""_blank"">tt0079540</a>","<a href=""https://www.imdb.com/title/tt0079540"" target=""_blank"">Meatballs</a>"
"tt0160399","Impostor",2001,4413,6.1,25031,95,"Gary Fleder","Philip K. Dick, Scott Rosenberg, Caroline Case, Ehren Kruger, David Twohy","Drama, Mystery, Sci-Fi","<a href=""https://www.imdb.com/title/tt0160399"" target=""_blank"">tt0160399</a>","<a href=""https://www.imdb.com/title/tt0160399"" target=""_blank"">Impostor</a>"
"tt0121765","Star Wars: Episode II - Attack of the Clones",2002,4414,6.6,794417,142,"George Lucas","George Lucas, Jonathan Hales","Action, Adventure, Fantasy","<a href=""https://www.imdb.com/title/tt0121765"" target=""_blank"">tt0121765</a>","<a href=""https://www.imdb.com/title/tt0121765"" target=""_blank"">Star Wars: Episode II - Attack of the Clones</a>"
"tt1298650","Pirates of the Caribbean: On Stranger Tides",2011,4415,6.6,589063,136,"Rob Marshall","Ted Elliott, Terry Rossio, Stuart Beattie, Jay Wolpert, Tim Powers","Action, Adventure, Fantasy","<a href=""https://www.imdb.com/title/tt1298650"" target=""_blank"">tt1298650</a>","<a href=""https://www.imdb.com/title/tt1298650"" target=""_blank"">Pirates of the Caribbean: On Stranger Tides</a>"
"tt1270797","Venom",2018,4416,6.6,581240,112,"Ruben Fleischer","Jeff Pinkner, Scott Rosenberg, Kelly Marcel, Todd McFarlane, David Michelinie","Action, Adventure, Sci-Fi","<a href=""https://www.imdb.com/title/tt1270797"" target=""_blank"">tt1270797</a>","<a href=""https://www.imdb.com/title/tt1270797"" target=""_blank"">Venom</a>"
"tt1872181","The Amazing Spider-Man 2",2014,4417,6.6,566393,142,"Marc Webb","Alex Kurtzman, Roberto Orci, Jeff Pinkner, James Vanderbilt, Stan Lee, Steve Ditko","Action, Adventure, Sci-Fi","<a href=""https://www.imdb.com/title/tt1872181"" target=""_blank"">tt1872181</a>","<a href=""https://www.imdb.com/title/tt1872181"" target=""_blank"">The Amazing Spider-Man 2</a>"
"tt0376994","X-Men: The Last Stand",2006,4418,6.6,561473,104,"Brett Ratner","Simon Kinberg, Zak Penn","Action, Adventure, Sci-Fi","<a href=""https://www.imdb.com/title/tt0376994"" target=""_blank"">tt0376994</a>","<a href=""https://www.imdb.com/title/tt0376994"" target=""_blank"">X-Men: The Last Stand</a>"
"tt0800080","The Incredible Hulk",2008,4419,6.6,546892,112,"Louis Leterrier","Zak Penn, Stan Lee, Jack Kirby","Action, Adventure, Sci-Fi","<a href=""https://www.imdb.com/title/tt0800080"" target=""_blank"">tt0800080</a>","<a href=""https://www.imdb.com/title/tt0800080"" target=""_blank"">The Incredible Hulk</a>"
"tt1951265","The Hunger Games: Mockingjay - Part 1",2014,4420,6.6,527195,123,"Francis Lawrence","Peter Craig, Danny Strong, Suzanne Collins","Action, Adventure, Sci-Fi","<a href=""https://www.imdb.com/title/tt1951265"" target=""_blank"">tt1951265</a>","<a href=""https://www.imdb.com/title/tt1951265"" target=""_blank"">The Hunger Games: Mockingjay - Part 1</a>"
"tt1840309","Divergent",2014,4421,6.6,507248,139,"Neil Burger","Evan Daugherty, Vanessa Taylor, Veronica Roth","Action, Adventure, Drama","<a href=""https://www.imdb.com/title/tt1840309"" target=""_blank"">tt1840309</a>","<a href=""https://www.imdb.com/title/tt1840309"" target=""_blank"">Divergent</a>"
"tt0407304","War of the Worlds",2005,4422,6.6,492407,117,"Steven Spielberg","Josh Friedman, David Koepp, H.G. Wells","Action, Adventure, Sci-Fi","<a href=""https://www.imdb.com/title/tt0407304"" target=""_blank"">tt0407304</a>","<a href=""https://www.imdb.com/title/tt0407304"" target=""_blank"">War of the Worlds</a>"
"tt1535108","Elysium",2013,4423,6.6,483379,109,"Neill Blomkamp","Neill Blomkamp","Action, Drama, Sci-Fi","<a href=""https://www.imdb.com/title/tt1535108"" target=""_blank"">tt1535108</a>","<a href=""https://www.imdb.com/title/tt1535108"" target=""_blank"">Elysium</a>"
"tt0382625","The Da Vinci Code",2006,4424,6.6,474351,149,"Ron Howard","Akiva Goldsman, Dan Brown","Mystery, Thriller","<a href=""https://www.imdb.com/title/tt0382625"" target=""_blank"">tt0382625</a>","<a href=""https://www.imdb.com/title/tt0382625"" target=""_blank"">The Da Vinci Code</a>"
"tt0119567","The Lost World: Jurassic Park",1997,4425,6.6,461278,129,"Steven Spielberg","Michael Crichton, David Koepp","Action, Adventure, Sci-Fi","<a href=""https://www.imdb.com/title/tt0119567"" target=""_blank"">tt0119567</a>","<a href=""https://www.imdb.com/title/tt0119567"" target=""_blank"">The Lost World: Jurassic Park</a>"
"tt3480822","Black Widow",2021,4426,6.6,456392,134,"Cate Shortland","Eric Pearson, Jac Schaeffer, Ned Benson","Action, Adventure, Sci-Fi","<a href=""https://www.imdb.com/title/tt3480822"" target=""_blank"">tt3480822</a>","<a href=""https://www.imdb.com/title/tt3480822"" target=""_blank"">Black Widow</a>"
"tt1245492","This Is the End",2013,4427,6.6,446219,107,"Evan Goldberg, Seth Rogen","Seth Rogen, Evan Goldberg, Jason Stone","Comedy, Fantasy","<a href=""https://www.imdb.com/title/tt1245492"" target=""_blank"">tt1245492</a>","<a href=""https://www.imdb.com/title/tt1245492"" target=""_blank"">This Is the End</a>"
"tt2737304","Bird Box",2018,4428,6.6,408343,124,"Susanne Bier","Eric Heisserer, Josh Malerman","Horror, Mystery, Sci-Fi","<a href=""https://www.imdb.com/title/tt2737304"" target=""_blank"">tt2737304</a>","<a href=""https://www.imdb.com/title/tt2737304"" target=""_blank"">Bird Box</a>"
"tt1951266","The Hunger Games: Mockingjay - Part 2",2015,4429,6.6,396439,137,"Francis Lawrence","Peter Craig, Danny Strong, Suzanne Collins","Action, Adventure, Sci-Fi","<a href=""https://www.imdb.com/title/tt1951266"" target=""_blank"">tt1951266</a>","<a href=""https://www.imdb.com/title/tt1951266"" target=""_blank"">The Hunger Games: Mockingjay - Part 2</a>"
"tt0386588","Hitch",2005,4430,6.6,343403,118,"Andy Tennant","Kevin Bisch","Comedy, Romance","<a href=""https://www.imdb.com/title/tt0386588"" target=""_blank"">tt0386588</a>","<a href=""https://www.imdb.com/title/tt0386588"" target=""_blank"">Hitch</a>"
"tt9114286","Black Panther: Wakanda Forever",2022,4431,6.6,334673,161,"Ryan Coogler","Ryan Coogler, Joe Robert Cole, Stan Lee, Jack Kirby","Action, Adventure, Drama","<a href=""https://www.imdb.com/title/tt9114286"" target=""_blank"">tt9114286</a>","<a href=""https://www.imdb.com/title/tt9114286"" target=""_blank"">Black Panther: Wakanda Forever</a>"
"tt1764651","The Expendables 2",2012,4432,6.6,329557,103,"Simon West","Richard Wenk, Sylvester Stallone, Ken Kaufman, David Agosto, Dave Callaham","Action, Adventure, Thriller","<a href=""https://www.imdb.com/title/tt1764651"" target=""_blank"">tt1764651</a>","<a href=""https://www.imdb.com/title/tt1764651"" target=""_blank"">The Expendables 2</a>"
"tt7349950","It: Chapter Two",2019,4433,6.5,326489,169,"Andy Muschietti","Stephen King, Gary Dauberman","Drama, Fantasy, Horror","<a href=""https://www.imdb.com/title/tt7349950"" target=""_blank"">tt7349950</a>","<a href=""https://www.imdb.com/title/tt7349950"" target=""_blank"">It: Chapter Two</a>"
"tt1013752","Fast & Furious",2009,4434,6.5,324798,107,"Justin Lin","Chris Morgan, Gary Scott Thompson","Action, Thriller","<a href=""https://www.imdb.com/title/tt1013752"" target=""_blank"">tt1013752</a>","<a href=""https://www.imdb.com/title/tt1013752"" target=""_blank"">Fast & Furious</a>"
"tt1194173","The Bourne Legacy",2012,4435,6.6,322767,135,"Tony Gilroy","Tony Gilroy, Dan Gilroy, Robert Ludlum","Action, Adventure, Thriller","<a href=""https://www.imdb.com/title/tt1194173"" target=""_blank"">tt1194173</a>","<a href=""https://www.imdb.com/title/tt1194173"" target=""_blank"">The Bourne Legacy</a>"
"tt4123430","Fantastic Beasts: The Crimes of Grindelwald",2018,4436,6.5,322583,134,"David Yates","J.K. Rowling","Adventure, Family, Fantasy","<a href=""https://www.imdb.com/title/tt4123430"" target=""_blank"">tt4123430</a>","<a href=""https://www.imdb.com/title/tt4123430"" target=""_blank"">Fantastic Beasts: The Crimes of Grindelwald</a>"
"tt0473075","Prince of Persia: The Sands of Time",2010,4437,6.5,312324,116,"Mike Newell","Boaz Yakin, Doug Miro, Carlo Bernard, Jordan Mechner","Action, Adventure, Fantasy","<a href=""https://www.imdb.com/title/tt0473075"" target=""_blank"">tt0473075</a>","<a href=""https://www.imdb.com/title/tt0473075"" target=""_blank"">Prince of Persia: The Sands of Time</a>"
"tt3402236","Murder on the Orient Express",2017,4438,6.5,312076,114,"Kenneth Branagh","Michael Green, Agatha Christie","Crime, Drama, Mystery","<a href=""https://www.imdb.com/title/tt3402236"" target=""_blank"">tt3402236</a>","<a href=""https://www.imdb.com/title/tt3402236"" target=""_blank"">Murder on the Orient Express</a>"
"tt0196229","Zoolander",2001,4439,6.5,306997,90,"Ben Stiller","Drake Sather, Ben Stiller, John Hamburg","Comedy","<a href=""https://www.imdb.com/title/tt0196229"" target=""_blank"">tt0196229</a>","<a href=""https://www.imdb.com/title/tt0196229"" target=""_blank"">Zoolander</a>"
"tt7975244","Jumanji: The Next Level",2019,4440,6.6,305737,123,"Jake Kasdan","Jake Kasdan, Jeff Pinkner, Scott Rosenberg, Chris Van Allsburg","Action, Adventure, Comedy","<a href=""https://www.imdb.com/title/tt7975244"" target=""_blank"">tt7975244</a>","<a href=""https://www.imdb.com/title/tt7975244"" target=""_blank"">Jumanji: The Next Level</a>"
"tt0187078","Gone in 60 Seconds",2000,4441,6.5,303880,118,"Dominic Sena","H.B. Halicki, Scott Rosenberg","Action, Crime, Thriller","<a href=""https://www.imdb.com/title/tt0187078"" target=""_blank"">tt0187078</a>","<a href=""https://www.imdb.com/title/tt0187078"" target=""_blank"">Gone in 60 Seconds</a>"
"tt0185937","The Blair Witch Project",1999,4442,6.5,303670,81,"Daniel Myrick, Eduardo Sánchez","Daniel Myrick, Eduardo Sánchez, Heather Donahue","Horror, Mystery","<a href=""https://www.imdb.com/title/tt0185937"" target=""_blank"">tt0185937</a>","<a href=""https://www.imdb.com/title/tt0185937"" target=""_blank"">The Blair Witch Project</a>"
"tt2302755","Olympus Has Fallen",2013,4443,6.5,300940,119,"Antoine Fuqua","Creighton Rothenberger, Katrin Benedikt","Action, Thriller","<a href=""https://www.imdb.com/title/tt2302755"" target=""_blank"">tt2302755</a>","<a href=""https://www.imdb.com/title/tt2302755"" target=""_blank"">Olympus Has Fallen</a>"
"tt0251127","How to Lose a Guy in 10 Days",2003,4444,6.5,300682,116,"Donald Petrie","Michele Alexander, Jeannie Long, Kristen Buckley, Brian Regan, Burr Steers","Comedy, Romance","<a href=""https://www.imdb.com/title/tt0251127"" target=""_blank"">tt0251127</a>","<a href=""https://www.imdb.com/title/tt0251127"" target=""_blank"">How to Lose a Guy in 10 Days</a>"
"tt0120804","Resident Evil",2002,4445,6.6,300654,100,"Paul W.S. Anderson","Paul W.S. Anderson","Action, Horror, Sci-Fi","<a href=""https://www.imdb.com/title/tt0120804"" target=""_blank"">tt0120804</a>","<a href=""https://www.imdb.com/title/tt0120804"" target=""_blank"">Resident Evil</a>"
"tt1650554","Kick-Ass 2",2013,4446,6.5,295769,103,"Jeff Wadlow","Jeff Wadlow, Mark Millar, John Romita Jr.","Action, Comedy, Crime","<a href=""https://www.imdb.com/title/tt1650554"" target=""_blank"">tt1650554</a>","<a href=""https://www.imdb.com/title/tt1650554"" target=""_blank"">Kick-Ass 2</a>"
"tt6823368","Glass",2019,4447,6.6,294289,129,"M. Night Shyamalan","M. Night Shyamalan","Drama, Horror, Sci-Fi","<a href=""https://www.imdb.com/title/tt6823368"" target=""_blank"">tt6823368</a>","<a href=""https://www.imdb.com/title/tt6823368"" target=""_blank"">Glass</a>"
"tt0401729","John Carter",2012,4448,6.6,293769,132,"Andrew Stanton","Andrew Stanton, Mark Andrews, Michael Chabon, Edgar Rice Burroughs","Action, Adventure, Sci-Fi","<a href=""https://www.imdb.com/title/tt0401729"" target=""_blank"">tt0401729</a>","<a href=""https://www.imdb.com/title/tt0401729"" target=""_blank"">John Carter</a>"
"tt0795421","Mamma Mia!",2008,4449,6.5,292813,108,"Phyllida Lloyd","Catherine Johnson, Melvin Frank, Sheldon Keller, Denis Norden","Comedy, Musical, Romance","<a href=""https://www.imdb.com/title/tt0795421"" target=""_blank"">tt0795421</a>","<a href=""https://www.imdb.com/title/tt0795421"" target=""_blank"">Mamma Mia!</a>"
"tt0955308","Robin Hood",2010,4450,6.6,291320,140,"Ridley Scott","Brian Helgeland, Ethan Reiff, Cyrus Voris","Action, Adventure, Drama","<a href=""https://www.imdb.com/title/tt0955308"" target=""_blank"">tt0955308</a>","<a href=""https://www.imdb.com/title/tt0955308"" target=""_blank"">Robin Hood</a>"
"tt0368447","The Village",2004,4451,6.6,289439,108,"M. Night Shyamalan","M. Night Shyamalan","Drama, Mystery, Thriller","<a href=""https://www.imdb.com/title/tt0368447"" target=""_blank"">tt0368447</a>","<a href=""https://www.imdb.com/title/tt0368447"" target=""_blank"">The Village</a>"
"tt0432348","Saw II",2005,4452,6.6,288917,93,"Darren Lynn Bousman","Leigh Whannell, Darren Lynn Bousman","Horror, Mystery","<a href=""https://www.imdb.com/title/tt0432348"" target=""_blank"">tt0432348</a>","<a href=""https://www.imdb.com/title/tt0432348"" target=""_blank"">Saw II</a>"
"tt2381941","Focus",2015,4453,6.6,287667,105,"Glenn Ficarra, John Requa","Glenn Ficarra, John Requa","Comedy, Crime, Drama","<a href=""https://www.imdb.com/title/tt2381941"" target=""_blank"">tt2381941</a>","<a href=""https://www.imdb.com/title/tt2381941"" target=""_blank"">Focus</a>"
"tt0172156","Bad Boys II",2003,4454,6.6,281934,147,"Michael Bay","George Gallo, Marianne Wibberley, Cormac Wibberley, Ron Shelton, Jerry Stahl","Action, Comedy, Crime","<a href=""https://www.imdb.com/title/tt0172156"" target=""_blank"">tt0172156</a>","<a href=""https://www.imdb.com/title/tt0172156"" target=""_blank"">Bad Boys II</a>"
"tt0252866","American Pie 2",2001,4455,6.5,280043,108,"J.B. Rogers","Adam Herz, David H. Steinberg","Comedy","<a href=""https://www.imdb.com/title/tt0252866"" target=""_blank"">tt0252866</a>","<a href=""https://www.imdb.com/title/tt0252866"" target=""_blank"">American Pie 2</a>"
"tt2935510","Ad Astra",2019,4456,6.5,271341,123,"James Gray","James Gray, Ethan Gross","Adventure, Drama, Mystery","<a href=""https://www.imdb.com/title/tt2935510"" target=""_blank"">tt2935510</a>","<a href=""https://www.imdb.com/title/tt2935510"" target=""_blank"">Ad Astra</a>"
"tt0250494","Legally Blonde",2001,4457,6.5,269676,96,"Robert Luketic","Amanda Brown, Karen McCullah, Kirsten Smith","Comedy, Romance","<a href=""https://www.imdb.com/title/tt0250494"" target=""_blank"">tt0250494</a>","<a href=""https://www.imdb.com/title/tt0250494"" target=""_blank"">Legally Blonde</a>"
"tt0465234","National Treasure: Book of Secrets",2007,4458,6.5,262130,124,"Jon Turteltaub","Marianne Wibberley, Cormac Wibberley, Gregory Poirier, Ted Elliott, Terry Rossio, Jim Kouf, Oren Aviv, Charles Segars","Action, Adventure, Mystery","<a href=""https://www.imdb.com/title/tt0465234"" target=""_blank"">tt0465234</a>","<a href=""https://www.imdb.com/title/tt0465234"" target=""_blank"">National Treasure: Book of Secrets</a>"
"tt1649418","The Gray Man",2022,4459,6.5,260205,122,"Joe Russo, Anthony Russo","Joe Russo, Christopher Markus, Stephen McFeely, Mark Greaney","Action, Mystery, Thriller","<a href=""https://www.imdb.com/title/tt1649418"" target=""_blank"">tt1649418</a>","<a href=""https://www.imdb.com/title/tt1649418"" target=""_blank"">The Gray Man</a>"
"tt9218128","Gladiator II",2024,4460,6.5,254075,148,"Ridley Scott","David Franzoni, Peter Craig, David Scarpa","Action, Adventure, Drama","<a href=""https://www.imdb.com/title/tt9218128"" target=""_blank"">tt9218128</a>","<a href=""https://www.imdb.com/title/tt9218128"" target=""_blank"">Gladiator II</a>"
"tt0384537","Silent Hill",2006,4461,6.5,253587,125,"Christophe Gans","Roger Avary","Horror, Mystery","<a href=""https://www.imdb.com/title/tt0384537"" target=""_blank"">tt0384537</a>","<a href=""https://www.imdb.com/title/tt0384537"" target=""_blank"">Silent Hill</a>"
"tt2229499","Don Jon",2013,4462,6.5,251786,90,"Joseph Gordon-Levitt","Joseph Gordon-Levitt","Comedy, Drama, Romance","<a href=""https://www.imdb.com/title/tt2229499"" target=""_blank"">tt2229499</a>","<a href=""https://www.imdb.com/title/tt2229499"" target=""_blank"">Don Jon</a>"
"tt6806448","Fast & Furious Presents: Hobbs & Shaw",2019,4463,6.5,249394,137,"David Leitch","Chris Morgan, Drew Pearce, Gary Scott Thompson","Action, Adventure, Thriller","<a href=""https://www.imdb.com/title/tt6806448"" target=""_blank"">tt6806448</a>","<a href=""https://www.imdb.com/title/tt6806448"" target=""_blank"">Fast & Furious Presents: Hobbs & Shaw</a>"
"tt1667889","Ice Age: Continental Drift",2012,4464,6.5,235902,88,"Steve Martino, Michael Thurmeier","Michael Berg, Jason Fuchs, Lori Forte","Adventure, Animation, Comedy","<a href=""https://www.imdb.com/title/tt1667889"" target=""_blank"">tt1667889</a>","<a href=""https://www.imdb.com/title/tt1667889"" target=""_blank"">Ice Age: Continental Drift</a>"
"tt0425061","Get Smart",2008,4465,6.5,233804,110,"Peter Segal","Tom J. Astle, Matt Ember, Mel Brooks, Buck Henry","Action, Adventure, Comedy","<a href=""https://www.imdb.com/title/tt0425061"" target=""_blank"">tt0425061</a>","<a href=""https://www.imdb.com/title/tt0425061"" target=""_blank"">Get Smart</a>"
"tt0499448","The Chronicles of Narnia: Prince Caspian",2008,4466,6.5,233579,150,"Andrew Adamson","Andrew Adamson, Christopher Markus, Stephen McFeely, C.S. Lewis","Action, Adventure, Family","<a href=""https://www.imdb.com/title/tt0499448"" target=""_blank"">tt0499448</a>","<a href=""https://www.imdb.com/title/tt0499448"" target=""_blank"">The Chronicles of Narnia: Prince Caspian</a>"
"tt0207201","What Women Want",2000,4467,6.5,231900,127,"Nancy Meyers","Josh Goldsmith, Cathy Yuspa, Diane Drake","Comedy, Fantasy, Romance","<a href=""https://www.imdb.com/title/tt0207201"" target=""_blank"">tt0207201</a>","<a href=""https://www.imdb.com/title/tt0207201"" target=""_blank"">What Women Want</a>"
"tt2709768","The Secret Life of Pets",2016,4468,6.5,228444,86,"Chris Renaud","Cinco Paul, Ken Daurio, Brian Lynch","Adventure, Animation, Comedy","<a href=""https://www.imdb.com/title/tt2709768"" target=""_blank"">tt2709768</a>","<a href=""https://www.imdb.com/title/tt2709768"" target=""_blank"">The Secret Life of Pets</a>"
"tt0117705","Space Jam",1996,4469,6.5,223480,88,"Joe Pytka","Leo Benvenuti, Steve Rudnick, Timothy Harris, Herschel Weingrod","Adventure, Animation, Comedy","<a href=""https://www.imdb.com/title/tt0117705"" target=""_blank"">tt0117705</a>","<a href=""https://www.imdb.com/title/tt0117705"" target=""_blank"">Space Jam</a>"
"tt1462764","Indiana Jones and the Dial of Destiny",2023,4470,6.5,221693,154,"James Mangold","Jez Butterworth, John-Henry Butterworth, David Koepp, James Mangold, George Lucas, Philip Kaufman","Action, Adventure, Sci-Fi","<a href=""https://www.imdb.com/title/tt1462764"" target=""_blank"">tt1462764</a>","<a href=""https://www.imdb.com/title/tt1462764"" target=""_blank"">Indiana Jones and the Dial of Destiny</a>"
"tt0118571","Air Force One",1997,4471,6.5,218759,124,"Wolfgang Petersen","Andrew W. Marlowe","Action, Crime, Drama","<a href=""https://www.imdb.com/title/tt0118571"" target=""_blank"">tt0118571</a>","<a href=""https://www.imdb.com/title/tt0118571"" target=""_blank"">Air Force One</a>"
"tt15474916","Smile",2022,4472,6.5,218621,115,"Parker Finn","Parker Finn","Horror, Mystery, Thriller","<a href=""https://www.imdb.com/title/tt15474916"" target=""_blank"">tt15474916</a>","<a href=""https://www.imdb.com/title/tt15474916"" target=""_blank"">Smile</a>"
"tt0363988","Secret Window",2004,4473,6.5,216685,96,"David Koepp","Stephen King, David Koepp","Drama, Mystery, Thriller","<a href=""https://www.imdb.com/title/tt0363988"" target=""_blank"">tt0363988</a>","<a href=""https://www.imdb.com/title/tt0363988"" target=""_blank"">Secret Window</a>"
"tt13560574","X",2022,4474,6.5,210881,105,"Ti West","Ti West","Horror, Mystery, Thriller","<a href=""https://www.imdb.com/title/tt13560574"" target=""_blank"">tt13560574</a>","<a href=""https://www.imdb.com/title/tt13560574"" target=""_blank"">X</a>"
"tt0120347","Tomorrow Never Dies",1997,4475,6.5,210498,119,"Roger Spottiswoode","Bruce Feirstein, Ian Fleming","Action, Adventure, Thriller","<a href=""https://www.imdb.com/title/tt0120347"" target=""_blank"">tt0120347</a>","<a href=""https://www.imdb.com/title/tt0120347"" target=""_blank"">Tomorrow Never Dies</a>"
"tt1288558","Evil Dead",2013,4476,6.5,206741,91,"Fede Alvarez","Fede Alvarez, Rodo Sayagues, Sam Raimi","Horror","<a href=""https://www.imdb.com/title/tt1288558"" target=""_blank"">tt1288558</a>","<a href=""https://www.imdb.com/title/tt1288558"" target=""_blank"">Evil Dead</a>"
"tt3631112","The Girl on the Train",2016,4477,6.5,206344,112,"Tate Taylor","Erin Cressida Wilson, Paula Hawkins","Crime, Drama, Mystery","<a href=""https://www.imdb.com/title/tt3631112"" target=""_blank"">tt3631112</a>","<a href=""https://www.imdb.com/title/tt3631112"" target=""_blank"">The Girl on the Train</a>"
"tt0387808","Idiocracy",2006,4478,6.5,201946,84,"Mike Judge","Mike Judge, Etan Cohen","Adventure, Comedy, Sci-Fi","<a href=""https://www.imdb.com/title/tt0387808"" target=""_blank"">tt0387808</a>","<a href=""https://www.imdb.com/title/tt0387808"" target=""_blank"">Idiocracy</a>"
"tt0244244","Swordfish",2001,4479,6.5,200566,99,"Dominic Sena","Skip Woods","Action, Crime, Thriller","<a href=""https://www.imdb.com/title/tt0244244"" target=""_blank"">tt0244244</a>","<a href=""https://www.imdb.com/title/tt0244244"" target=""_blank"">Swordfish</a>"
"tt5884052","Pokémon: Detective Pikachu",2019,4480,6.5,191599,104,"Rob Letterman","Dan Hernandez, Benji Samit, Rob Letterman, Derek Connolly, Nicole Perlman, Satoshi Tajiri, Ken Sugimori, Jun'ichi Masuda, Hiroyuki Jinnai","Adventure, Comedy, Family","<a href=""https://www.imdb.com/title/tt5884052"" target=""_blank"">tt5884052</a>","<a href=""https://www.imdb.com/title/tt5884052"" target=""_blank"">Pokémon: Detective Pikachu</a>"
"tt1502397","Bad Boys for Life",2020,4481,6.5,191350,124,"Adil El Arbi, Bilall Fallah","Peter Craig, Joe Carnahan, Chris Bremner, George Gallo","Action, Comedy, Crime","<a href=""https://www.imdb.com/title/tt1502397"" target=""_blank"">tt1502397</a>","<a href=""https://www.imdb.com/title/tt1502397"" target=""_blank"">Bad Boys for Life</a>"
"tt0089880","Rambo: First Blood Part II",1985,4482,6.5,190445,96,"George P. Cosmatos","David Morrell, Kevin Jarre, Sylvester Stallone, James Cameron","Action, Adventure, Thriller","<a href=""https://www.imdb.com/title/tt0089880"" target=""_blank"">tt0089880</a>","<a href=""https://www.imdb.com/title/tt0089880"" target=""_blank"">Rambo: First Blood Part II</a>"
"tt0120744","The Man in the Iron Mask",1998,4483,6.5,185000,132,"Randall Wallace","Alexandre Dumas, Randall Wallace","Action, Adventure, Drama","<a href=""https://www.imdb.com/title/tt0120744"" target=""_blank"">tt0120744</a>","<a href=""https://www.imdb.com/title/tt0120744"" target=""_blank"">The Man in the Iron Mask</a>"
"tt1007028","Zack and Miri Make a Porno",2008,4484,6.5,184917,101,"Kevin Smith","Kevin Smith","Comedy, Romance","<a href=""https://www.imdb.com/title/tt1007028"" target=""_blank"">tt1007028</a>","<a href=""https://www.imdb.com/title/tt1007028"" target=""_blank"">Zack and Miri Make a Porno</a>"
"tt0177971","The Perfect Storm",2000,4485,6.5,184348,130,"Wolfgang Petersen","Sebastian Junger, William D. Wittliff","Action, Adventure, Drama","<a href=""https://www.imdb.com/title/tt0177971"" target=""_blank"">tt0177971</a>","<a href=""https://www.imdb.com/title/tt0177971"" target=""_blank"">The Perfect Storm</a>"
"tt0215129","Road Trip",2000,4486,6.5,184148,93,"Todd Phillips","Todd Phillips, Scot Armstrong","Comedy","<a href=""https://www.imdb.com/title/tt0215129"" target=""_blank"">tt0215129</a>","<a href=""https://www.imdb.com/title/tt0215129"" target=""_blank"">Road Trip</a>"
"tt3794354","Sonic the Hedgehog",2020,4487,6.5,183027,99,"Jeff Fowler","Pat Casey, Josh Miller, Yuji Naka, Naoto Ohshima, Hirokazu Yasuhara","Action, Adventure, Comedy","<a href=""https://www.imdb.com/title/tt3794354"" target=""_blank"">tt3794354</a>","<a href=""https://www.imdb.com/title/tt3794354"" target=""_blank"">Sonic the Hedgehog</a>"
"tt1502407","Halloween",2018,4488,6.5,179558,106,"David Gordon Green","John Carpenter, Debra Hill, Jeff Fradley, Danny McBride, David Gordon Green","Crime, Drama, Horror","<a href=""https://www.imdb.com/title/tt1502407"" target=""_blank"">tt1502407</a>","<a href=""https://www.imdb.com/title/tt1502407"" target=""_blank"">Halloween</a>"
"tt0472399","The Mechanic",2011,4489,6.5,179076,93,"Simon West","Richard Wenk, Lewis John Carlino","Action, Crime, Thriller","<a href=""https://www.imdb.com/title/tt0472399"" target=""_blank"">tt0472399</a>","<a href=""https://www.imdb.com/title/tt0472399"" target=""_blank"">The Mechanic</a>"
"tt12584954","Twisters",2024,4490,6.5,176115,122,"Lee Isaac Chung","Mark L. Smith, Joseph Kosinski, Michael Crichton, Anne-Marie Martin","Action, Adventure, Thriller","<a href=""https://www.imdb.com/title/tt12584954"" target=""_blank"">tt12584954</a>","<a href=""https://www.imdb.com/title/tt12584954"" target=""_blank"">Twisters</a>"
"tt0458481","Sin City: A Dame to Kill For",2014,4491,6.5,175347,102,"Frank Miller, Robert Rodriguez","Frank Miller","Action, Crime, Thriller","<a href=""https://www.imdb.com/title/tt0458481"" target=""_blank"">tt0458481</a>","<a href=""https://www.imdb.com/title/tt0458481"" target=""_blank"">Sin City: A Dame to Kill For</a>"
"tt21382296","Carry-On",2024,4492,6.5,172452,119,"Jaume Collet-Serra","T.J. Fixman","Action, Crime, Thriller","<a href=""https://www.imdb.com/title/tt21382296"" target=""_blank"">tt21382296</a>","<a href=""https://www.imdb.com/title/tt21382296"" target=""_blank"">Carry-On</a>"
"tt0834001","Underworld: Rise of the Lycans",2009,4493,6.5,172280,92,"Patrick Tatopoulos","Danny McBride, Dirk Blackman, Howard McCain, Len Wiseman, Robert Orr, Kevin Grevioux","Action, Fantasy, Thriller","<a href=""https://www.imdb.com/title/tt0834001"" target=""_blank"">tt0834001</a>","<a href=""https://www.imdb.com/title/tt0834001"" target=""_blank"">Underworld: Rise of the Lycans</a>"
"tt0107362","Last Action Hero",1993,4494,6.5,169969,130,"John McTiernan","Zak Penn, Adam Leff, Shane Black, David Arnott","Action, Adventure, Comedy","<a href=""https://www.imdb.com/title/tt0107362"" target=""_blank"">tt0107362</a>","<a href=""https://www.imdb.com/title/tt0107362"" target=""_blank"">Last Action Hero</a>"
"tt0120587","Antz",1998,4495,6.5,168120,83,"Eric Darnell, Tim Johnson, Lawrence Guterman","Todd Alcott, Chris Weitz, Paul Weitz","Adventure, Animation, Comedy","<a href=""https://www.imdb.com/title/tt0120587"" target=""_blank"">tt0120587</a>","<a href=""https://www.imdb.com/title/tt0120587"" target=""_blank"">Antz</a>"
"tt2554274","Crimson Peak",2015,4496,6.5,164162,119,"Guillermo del Toro","Guillermo del Toro, Matthew Robbins","Drama, Horror, Mystery","<a href=""https://www.imdb.com/title/tt2554274"" target=""_blank"">tt2554274</a>","<a href=""https://www.imdb.com/title/tt2554274"" target=""_blank"">Crimson Peak</a>"
"tt5140878","Annabelle: Creation",2017,4497,6.5,160470,109,"David F. Sandberg","Gary Dauberman","Horror, Mystery, Thriller","<a href=""https://www.imdb.com/title/tt5140878"" target=""_blank"">tt5140878</a>","<a href=""https://www.imdb.com/title/tt5140878"" target=""_blank"">Annabelle: Creation</a>"
"tt13345606","Evil Dead Rise",2023,4498,6.5,157284,96,"Lee Cronin","Lee Cronin","Horror","<a href=""https://www.imdb.com/title/tt13345606"" target=""_blank"">tt13345606</a>","<a href=""https://www.imdb.com/title/tt13345606"" target=""_blank"">Evil Dead Rise</a>"
"tt2854926","Tag",2018,4499,6.5,156262,100,"Jeff Tomsic","Rob McKittrick, Mark Steilen, Russell Adams","Action, Comedy","<a href=""https://www.imdb.com/title/tt2854926"" target=""_blank"">tt2854926</a>","<a href=""https://www.imdb.com/title/tt2854926"" target=""_blank"">Tag</a>"
"tt1488606","Triple Frontier",2019,4500,6.5,155146,125,"J.C. Chandor","Mark Boal, J.C. Chandor","Action, Adventure, Thriller","<a href=""https://www.imdb.com/title/tt1488606"" target=""_blank"">tt1488606</a>","<a href=""https://www.imdb.com/title/tt1488606"" target=""_blank"">Triple Frontier</a>"
"tt1086772","Blended",2014,4501,6.5,152688,117,"Frank Coraci","Ivan Menchell, Clare Sera","Comedy, Romance","<a href=""https://www.imdb.com/title/tt1086772"" target=""_blank"">tt1086772</a>","<a href=""https://www.imdb.com/title/tt1086772"" target=""_blank"">Blended</a>"
"tt2388715","Oculus",2013,4502,6.5,145751,104,"Mike Flanagan","Mike Flanagan, Jeff Howard, Jeff Seidman","Horror, Mystery, Thriller","<a href=""https://www.imdb.com/title/tt2388715"" target=""_blank"">tt2388715</a>","<a href=""https://www.imdb.com/title/tt2388715"" target=""_blank"">Oculus</a>"
"tt0106582","Cliffhanger",1993,4503,6.5,145071,113,"Renny Harlin","John Long, Michael France, Sylvester Stallone","Action, Adventure, Thriller","<a href=""https://www.imdb.com/title/tt0106582"" target=""_blank"">tt0106582</a>","<a href=""https://www.imdb.com/title/tt0106582"" target=""_blank"">Cliffhanger</a>"
"tt3531824","Nerve",2016,4504,6.5,144511,96,"Henry Joost, Ariel Schulman","Jessica Sharzer, Jeanne Ryan","Adventure, Crime, Drama","<a href=""https://www.imdb.com/title/tt3531824"" target=""_blank"">tt3531824</a>","<a href=""https://www.imdb.com/title/tt3531824"" target=""_blank"">Nerve</a>"
"tt0481536","Harold & Kumar Escape from Guantanamo Bay",2008,4505,6.5,144377,114,"Jon Hurwitz, Hayden Schlossberg","Jon Hurwitz, Hayden Schlossberg","Adventure, Comedy","<a href=""https://www.imdb.com/title/tt0481536"" target=""_blank"">tt0481536</a>","<a href=""https://www.imdb.com/title/tt0481536"" target=""_blank"">Harold & Kumar Escape from Guantanamo Bay</a>"
"tt1055292","Life as We Know It",2010,4506,6.5,142355,114,"Greg Berlanti","Ian Deitchman, Kristin Rusk Robinson","Comedy, Drama, Romance","<a href=""https://www.imdb.com/title/tt1055292"" target=""_blank"">tt1055292</a>","<a href=""https://www.imdb.com/title/tt1055292"" target=""_blank"">Life as We Know It</a>"
"tt0870984","Antichrist",2009,4507,6.5,141491,108,"Lars von Trier","Lars von Trier","Drama, Horror, Thriller","<a href=""https://www.imdb.com/title/tt0870984"" target=""_blank"">tt0870984</a>","<a href=""https://www.imdb.com/title/tt0870984"" target=""_blank"">Antichrist</a>"
"tt2312718","Homefront",2013,4508,6.5,137155,100,"Gary Fleder","Sylvester Stallone, Chuck Logan","Action, Crime, Thriller","<a href=""https://www.imdb.com/title/tt2312718"" target=""_blank"">tt2312718</a>","<a href=""https://www.imdb.com/title/tt2312718"" target=""_blank"">Homefront</a>"
"tt3748172","Gerald's Game",2017,4509,6.5,136906,103,"Mike Flanagan","Mike Flanagan, Jeff Howard, Stephen King","Drama, Horror, Thriller","<a href=""https://www.imdb.com/title/tt3748172"" target=""_blank"">tt3748172</a>","<a href=""https://www.imdb.com/title/tt3748172"" target=""_blank"">Gerald's Game</a>"
"tt1616195","J. Edgar",2011,4510,6.5,136079,137,"Clint Eastwood","Dustin Lance Black","Biography, Drama, Romance","<a href=""https://www.imdb.com/title/tt1616195"" target=""_blank"">tt1616195</a>","<a href=""https://www.imdb.com/title/tt1616195"" target=""_blank"">J. Edgar</a>"
"tt0455407","The Crazies",2010,4511,6.5,134159,101,"Breck Eisner","Scott Kosar, Ray Wright, George A. Romero","Horror","<a href=""https://www.imdb.com/title/tt0455407"" target=""_blank"">tt0455407</a>","<a href=""https://www.imdb.com/title/tt0455407"" target=""_blank"">The Crazies</a>"
"tt22687790","A Haunting in Venice",2023,4512,6.5,133153,103,"Kenneth Branagh","Michael Green, Agatha Christie","Crime, Drama, Horror","<a href=""https://www.imdb.com/title/tt22687790"" target=""_blank"">tt22687790</a>","<a href=""https://www.imdb.com/title/tt22687790"" target=""_blank"">A Haunting in Venice</a>"
"tt0462590","Step Up",2006,4513,6.5,131045,104,"Anne Fletcher","Duane Adler, Melissa Rosenberg","Crime, Drama, Music","<a href=""https://www.imdb.com/title/tt0462590"" target=""_blank"">tt0462590</a>","<a href=""https://www.imdb.com/title/tt0462590"" target=""_blank"">Step Up</a>"
"tt0365907","A Walk Among the Tombstones",2014,4514,6.5,130149,114,"Scott Frank","Lawrence Block, Scott Frank","Action, Crime, Drama","<a href=""https://www.imdb.com/title/tt0365907"" target=""_blank"">tt0365907</a>","<a href=""https://www.imdb.com/title/tt0365907"" target=""_blank"">A Walk Among the Tombstones</a>"
"tt0164184","The Sum of All Fears",2002,4515,6.5,129664,124,"Phil Alden Robinson","Tom Clancy, Paul Attanasio, Daniel Pyne","Action, Drama, Thriller","<a href=""https://www.imdb.com/title/tt0164184"" target=""_blank"">tt0164184</a>","<a href=""https://www.imdb.com/title/tt0164184"" target=""_blank"">The Sum of All Fears</a>"
"tt0397101","The Skeleton Key",2005,4516,6.5,128098,104,"Iain Softley","Ehren Kruger","Drama, Horror, Mystery","<a href=""https://www.imdb.com/title/tt0397101"" target=""_blank"">tt0397101</a>","<a href=""https://www.imdb.com/title/tt0397101"" target=""_blank"">The Skeleton Key</a>"
"tt0422720","Marie Antoinette",2006,4517,6.5,127833,123,"Sofia Coppola","Sofia Coppola","Biography, Drama, History","<a href=""https://www.imdb.com/title/tt0422720"" target=""_blank"">tt0422720</a>","<a href=""https://www.imdb.com/title/tt0422720"" target=""_blank"">Marie Antoinette</a>"
"tt0250687","Rat Race",2001,4518,6.5,127319,112,"Jerry Zucker","Andy Breckman","Action, Adventure, Comedy","<a href=""https://www.imdb.com/title/tt0250687"" target=""_blank"">tt0250687</a>","<a href=""https://www.imdb.com/title/tt0250687"" target=""_blank"">Rat Race</a>"
"tt1656190","Safe",2012,4519,6.5,122304,94,"Boaz Yakin","Boaz Yakin","Action, Crime, Thriller","<a href=""https://www.imdb.com/title/tt1656190"" target=""_blank"">tt1656190</a>","<a href=""https://www.imdb.com/title/tt1656190"" target=""_blank"">Safe</a>"
"tt1547234","Premium Rush",2012,4520,6.5,120625,91,"David Koepp","David Koepp, John Kamps","Action, Thriller","<a href=""https://www.imdb.com/title/tt1547234"" target=""_blank"">tt1547234</a>","<a href=""https://www.imdb.com/title/tt1547234"" target=""_blank"">Premium Rush</a>"
"tt0098084","Pet Sematary",1989,4521,6.5,120090,103,"Mary Lambert","Stephen King","Fantasy, Horror, Thriller","<a href=""https://www.imdb.com/title/tt0098084"" target=""_blank"">tt0098084</a>","<a href=""https://www.imdb.com/title/tt0098084"" target=""_blank"">Pet Sematary</a>"
"tt0066995","Diamonds Are Forever",1971,4522,6.5,118663,120,"Guy Hamilton","Richard Maibaum, Tom Mankiewicz, Ian Fleming","Action, Adventure, Thriller","<a href=""https://www.imdb.com/title/tt0066995"" target=""_blank"">tt0066995</a>","<a href=""https://www.imdb.com/title/tt0066995"" target=""_blank"">Diamonds Are Forever</a>"
"tt0110622","Naked Gun 33 1/3: The Final Insult",1994,4523,6.5,117262,83,"Peter Segal","Pat Proft, David Zucker, Robert LoCash, Jim Abrahams, Jerry Zucker","Comedy, Crime","<a href=""https://www.imdb.com/title/tt0110622"" target=""_blank"">tt0110622</a>","<a href=""https://www.imdb.com/title/tt0110622"" target=""_blank"">Naked Gun 33 1/3: The Final Insult</a>"
"tt0086034","Octopussy",1983,4524,6.5,117079,131,"John Glen","George MacDonald Fraser, Richard Maibaum, Michael G. Wilson, Ian Fleming","Action, Adventure, Thriller","<a href=""https://www.imdb.com/title/tt0086034"" target=""_blank"">tt0086034</a>","<a href=""https://www.imdb.com/title/tt0086034"" target=""_blank"">Octopussy</a>"
"tt2224026","Home",2015,4525,6.5,117021,94,"Tim Johnson","Tom J. Astle, Matt Ember, Adam Rex","Adventure, Animation, Comedy","<a href=""https://www.imdb.com/title/tt2224026"" target=""_blank"">tt2224026</a>","<a href=""https://www.imdb.com/title/tt2224026"" target=""_blank"">Home</a>"
"tt0115963","The Craft",1996,4526,6.5,115159,101,"Andrew Fleming","Peter Filardi, Andrew Fleming","Drama, Fantasy, Horror","<a href=""https://www.imdb.com/title/tt0115963"" target=""_blank"">tt0115963</a>","<a href=""https://www.imdb.com/title/tt0115963"" target=""_blank"">The Craft</a>"
"tt0340163","Hostage",2005,4527,6.5,115126,113,"Florent-Emilio Siri","Robert Crais, Doug Richardson","Action, Crime, Drama","<a href=""https://www.imdb.com/title/tt0340163"" target=""_blank"">tt0340163</a>","<a href=""https://www.imdb.com/title/tt0340163"" target=""_blank"">Hostage</a>"
"tt0105417","Sister Act",1992,4528,6.5,114137,100,"Emile Ardolino","Paul Rudnick","Comedy, Family, Music","<a href=""https://www.imdb.com/title/tt0105417"" target=""_blank"">tt0105417</a>","<a href=""https://www.imdb.com/title/tt0105417"" target=""_blank"">Sister Act</a>"
"tt0118689","Bean",1997,4529,6.5,114092,89,"Mel Smith","Rowan Atkinson, Richard Curtis, Robin Driscoll","Adventure, Comedy, Family","<a href=""https://www.imdb.com/title/tt0118689"" target=""_blank"">tt0118689</a>","<a href=""https://www.imdb.com/title/tt0118689"" target=""_blank"">Bean</a>"
"tt0865556","The Forbidden Kingdom",2008,4530,6.5,111933,104,"Rob Minkoff","John Fusco","Action, Adventure, Fantasy","<a href=""https://www.imdb.com/title/tt0865556"" target=""_blank"">tt0865556</a>","<a href=""https://www.imdb.com/title/tt0865556"" target=""_blank"">The Forbidden Kingdom</a>"
"tt14858658","Blink Twice",2024,4531,6.5,111513,102,"Zoë Kravitz","Zoë Kravitz, E.T. Feigenbaum","Mystery, Thriller","<a href=""https://www.imdb.com/title/tt14858658"" target=""_blank"">tt14858658</a>","<a href=""https://www.imdb.com/title/tt14858658"" target=""_blank"">Blink Twice</a>"
"tt0892318","Letters to Juliet",2010,4532,6.5,110295,105,"Gary Winick","Jose Rivera, Tim Sullivan","Adventure, Comedy, Drama","<a href=""https://www.imdb.com/title/tt0892318"" target=""_blank"">tt0892318</a>","<a href=""https://www.imdb.com/title/tt0892318"" target=""_blank"">Letters to Juliet</a>"
"tt2241351","Money Monster",2016,4533,6.5,109845,98,"Jodie Foster","Jamie Linden, Alan DiFiore, Jim Kouf","Action, Crime, Drama","<a href=""https://www.imdb.com/title/tt2241351"" target=""_blank"">tt2241351</a>","<a href=""https://www.imdb.com/title/tt2241351"" target=""_blank"">Money Monster</a>"
"tt0758766","Music and Lyrics",2007,4534,6.5,109777,104,"Marc Lawrence","Marc Lawrence","Comedy, Music, Romance","<a href=""https://www.imdb.com/title/tt0758766"" target=""_blank"">tt0758766</a>","<a href=""https://www.imdb.com/title/tt0758766"" target=""_blank"">Music and Lyrics</a>"
"tt1023111","Never Back Down",2008,4535,6.5,109318,113,"Jeff Wadlow","Chris Hauty","Action, Drama, Sport","<a href=""https://www.imdb.com/title/tt1023111"" target=""_blank"">tt1023111</a>","<a href=""https://www.imdb.com/title/tt1023111"" target=""_blank"">Never Back Down</a>"
"tt0114214","The Quick and the Dead",1995,4536,6.5,108635,108,"Sam Raimi","Simon Moore","Action, Drama, Romance","<a href=""https://www.imdb.com/title/tt0114214"" target=""_blank"">tt0114214</a>","<a href=""https://www.imdb.com/title/tt0114214"" target=""_blank"">The Quick and the Dead</a>"
"tt0337921","Cellular",2004,4537,6.5,108600,94,"David R. Ellis","Larry Cohen, Chris Morgan","Action, Crime, Thriller","<a href=""https://www.imdb.com/title/tt0337921"" target=""_blank"">tt0337921</a>","<a href=""https://www.imdb.com/title/tt0337921"" target=""_blank"">Cellular</a>"
"tt12412888","Sonic the Hedgehog 2",2022,4538,6.5,108491,122,"Jeff Fowler","Pat Casey, Josh Miller, John Whittington","Action, Adventure, Comedy","<a href=""https://www.imdb.com/title/tt12412888"" target=""_blank"">tt12412888</a>","<a href=""https://www.imdb.com/title/tt12412888"" target=""_blank"">Sonic the Hedgehog 2</a>"
"tt0808279","Funny Games",2007,4539,6.5,107825,111,"Michael Haneke","Michael Haneke","Crime, Drama, Thriller","<a href=""https://www.imdb.com/title/tt0808279"" target=""_blank"">tt0808279</a>","<a href=""https://www.imdb.com/title/tt0808279"" target=""_blank"">Funny Games</a>"
"tt0082495","Halloween II",1981,4540,6.5,107508,92,"Rick Rosenthal","John Carpenter, Debra Hill","Horror","<a href=""https://www.imdb.com/title/tt0082495"" target=""_blank"">tt0082495</a>","<a href=""https://www.imdb.com/title/tt0082495"" target=""_blank"">Halloween II</a>"
"tt8580274","Eurovision Song Contest: The Story of Fire Saga",2020,4541,6.5,106783,123,"David Dobkin","Will Ferrell, Harper Steele","Comedy, Music","<a href=""https://www.imdb.com/title/tt8580274"" target=""_blank"">tt8580274</a>","<a href=""https://www.imdb.com/title/tt8580274"" target=""_blank"">Eurovision Song Contest: The Story of Fire Saga</a>"
"tt0416236","The Spiderwick Chronicles",2008,4542,6.5,106314,96,"Mark Waters","Karey Kirkpatrick, David Berenbaum, John Sayles, Tony DiTerlizzi, Holly Black","Action, Adventure, Drama","<a href=""https://www.imdb.com/title/tt0416236"" target=""_blank"">tt0416236</a>","<a href=""https://www.imdb.com/title/tt0416236"" target=""_blank"">The Spiderwick Chronicles</a>"
"tt2140379","Self/less",2015,4543,6.5,106093,117,"Tarsem Singh","Àlex Pastor, David Pastor","Action, Mystery, Sci-Fi","<a href=""https://www.imdb.com/title/tt2140379"" target=""_blank"">tt2140379</a>","<a href=""https://www.imdb.com/title/tt2140379"" target=""_blank"">Self/less</a>"
"tt7939766","I'm Thinking of Ending Things",2020,4544,6.5,105476,134,"Charlie Kaufman","Charlie Kaufman, Iain Reid","Drama, Thriller","<a href=""https://www.imdb.com/title/tt7939766"" target=""_blank"">tt7939766</a>","<a href=""https://www.imdb.com/title/tt7939766"" target=""_blank"">I'm Thinking of Ending Things</a>"
"tt1666801","The DUFF",2015,4545,6.4,104993,101,"Ari Sandel","Josh A. Cagan, Kody Keplinger","Comedy, Romance","<a href=""https://www.imdb.com/title/tt1666801"" target=""_blank"">tt1666801</a>","<a href=""https://www.imdb.com/title/tt1666801"" target=""_blank"">The DUFF</a>"
"tt4332232","Fractured",2019,4546,6.5,104939,99,"Brad Anderson","Alan B. McElroy","Drama, Mystery, Thriller","<a href=""https://www.imdb.com/title/tt4332232"" target=""_blank"">tt4332232</a>","<a href=""https://www.imdb.com/title/tt4332232"" target=""_blank"">Fractured</a>"
"tt0844708","The Last House on the Left",2009,4547,6.5,104818,113,"Dennis Iliadis","Adam Alleca, Carl Ellsworth, Wes Craven","Horror, Thriller","<a href=""https://www.imdb.com/title/tt0844708"" target=""_blank"">tt0844708</a>","<a href=""https://www.imdb.com/title/tt0844708"" target=""_blank"">The Last House on the Left</a>"
"tt0116136","DragonHeart",1996,4548,6.4,104183,103,"Rob Cohen","Patrick Read Johnson, Charles Edward Pogue","Action, Adventure, Fantasy","<a href=""https://www.imdb.com/title/tt0116136"" target=""_blank"">tt0116136</a>","<a href=""https://www.imdb.com/title/tt0116136"" target=""_blank"">DragonHeart</a>"
"tt2709692","The Grinch",2018,4549,6.4,104027,85,"Yarrow Cheney, Scott Mosier","Michael LeSieur, Tommy Swerdlow, Dr. Seuss","Animation, Comedy, Family","<a href=""https://www.imdb.com/title/tt2709692"" target=""_blank"">tt2709692</a>","<a href=""https://www.imdb.com/title/tt2709692"" target=""_blank"">The Grinch</a>"
"tt0492956","The Game Plan",2007,4550,6.4,102887,110,"Andy Fickman","Nichole Millard, Kathryn Price, Audrey Wells","Comedy, Family, Sport","<a href=""https://www.imdb.com/title/tt0492956"" target=""_blank"">tt0492956</a>","<a href=""https://www.imdb.com/title/tt0492956"" target=""_blank"">The Game Plan</a>"
"tt4919268","Bad Boys: Ride or Die",2024,4551,6.5,102854,115,"Adil El Arbi, Bilall Fallah","Chris Bremner, Will Beall, George Gallo","Action, Adventure, Comedy","<a href=""https://www.imdb.com/title/tt4919268"" target=""_blank"">tt4919268</a>","<a href=""https://www.imdb.com/title/tt4919268"" target=""_blank"">Bad Boys: Ride or Die</a>"
"tt0963178","The International",2009,4552,6.5,102781,118,"Tom Tykwer","Eric Warren Singer","Action, Crime, Drama","<a href=""https://www.imdb.com/title/tt0963178"" target=""_blank"">tt0963178</a>","<a href=""https://www.imdb.com/title/tt0963178"" target=""_blank"">The International</a>"
"tt1230414","It's Complicated",2009,4553,6.5,101088,120,"Nancy Meyers","Nancy Meyers","Comedy, Drama, Romance","<a href=""https://www.imdb.com/title/tt1230414"" target=""_blank"">tt1230414</a>","<a href=""https://www.imdb.com/title/tt1230414"" target=""_blank"">It's Complicated</a>"
"tt0150377","Double Jeopardy",1999,4554,6.5,100578,105,"Bruce Beresford","David Weisberg, Douglas Cook","Crime, Drama, Mystery","<a href=""https://www.imdb.com/title/tt0150377"" target=""_blank"">tt0150377</a>","<a href=""https://www.imdb.com/title/tt0150377"" target=""_blank"">Double Jeopardy</a>"
"tt27489557","Abigail",2024,4555,6.5,100506,109,"Matt Bettinelli-Olpin, Tyler Gillett","Stephen Shields, Guy Busick","Horror, Thriller","<a href=""https://www.imdb.com/title/tt27489557"" target=""_blank"">tt27489557</a>","<a href=""https://www.imdb.com/title/tt27489557"" target=""_blank"">Abigail</a>"
"tt0079945","Star Trek: The Motion Picture",1979,4556,6.4,99951,143,"Robert Wise","Gene Roddenberry, Harold Livingston, Alan Dean Foster","Adventure, Mystery, Sci-Fi","<a href=""https://www.imdb.com/title/tt0079945"" target=""_blank"">tt0079945</a>","<a href=""https://www.imdb.com/title/tt0079945"" target=""_blank"">Star Trek: The Motion Picture</a>"
"tt0105690","Under Siege",1992,4557,6.5,99634,103,"Andrew Davis","J.F. Lawton","Action, Thriller","<a href=""https://www.imdb.com/title/tt0105690"" target=""_blank"">tt0105690</a>","<a href=""https://www.imdb.com/title/tt0105690"" target=""_blank"">Under Siege</a>"
"tt3063516","Jackass Presents: Bad Grandpa",2013,4558,6.5,99632,92,"Jeff Tremaine","Johnny Knoxville, Spike Jonze, Jeff Tremaine, Fax Bahr, Adam Small","Comedy","<a href=""https://www.imdb.com/title/tt3063516"" target=""_blank"">tt3063516</a>","<a href=""https://www.imdb.com/title/tt3063516"" target=""_blank"">Jackass Presents: Bad Grandpa</a>"
"tt0164334","Along Came a Spider",2001,4559,6.4,99528,104,"Lee Tamahori","James Patterson, Marc Moss","Crime, Drama, Mystery","<a href=""https://www.imdb.com/title/tt0164334"" target=""_blank"">tt0164334</a>","<a href=""https://www.imdb.com/title/tt0164334"" target=""_blank"">Along Came a Spider</a>"
"tt5113044","Minions: The Rise of Gru",2022,4560,6.5,99345,87,"Kyle Balda, Brad Ableson, Jonathan del Val","Matthew Fogel, Brian Lynch","Adventure, Animation, Comedy","<a href=""https://www.imdb.com/title/tt5113044"" target=""_blank"">tt5113044</a>","<a href=""https://www.imdb.com/title/tt5113044"" target=""_blank"">Minions: The Rise of Gru</a>"
"tt8623904","Last Christmas",2019,4561,6.5,98124,103,"Paul Feig","George Michael, Emma Thompson, Greg Wise, Bryony Kimmings","Comedy, Drama, Fantasy","<a href=""https://www.imdb.com/title/tt8623904"" target=""_blank"">tt8623904</a>","<a href=""https://www.imdb.com/title/tt8623904"" target=""_blank"">Last Christmas</a>"
"tt1413492","12 Strong",2018,4562,6.5,97411,130,"Nicolai Fuglsig","Ted Tally, Peter Craig, Doug Stanton","Action, Drama, History","<a href=""https://www.imdb.com/title/tt1413492"" target=""_blank"">tt1413492</a>","<a href=""https://www.imdb.com/title/tt1413492"" target=""_blank"">12 Strong</a>"
"tt1648179","Here Comes the Boom",2012,4563,6.4,97349,105,"Frank Coraci","Allan Loeb, Kevin James, Rock Reuben","Action, Comedy, Sport","<a href=""https://www.imdb.com/title/tt1648179"" target=""_blank"">tt1648179</a>","<a href=""https://www.imdb.com/title/tt1648179"" target=""_blank"">Here Comes the Boom</a>"
"tt1679335","Trolls",2016,4564,6.4,97320,92,"Mike Mitchell, Walt Dohrn","Jonathan Aibel, Glenn Berger, Erica Rivinoja, Thomas Dam","Adventure, Animation, Comedy","<a href=""https://www.imdb.com/title/tt1679335"" target=""_blank"">tt1679335</a>","<a href=""https://www.imdb.com/title/tt1679335"" target=""_blank"">Trolls</a>"
"tt1212419","Hereafter",2010,4565,6.5,97315,129,"Clint Eastwood","Peter Morgan","Drama, Fantasy, Romance","<a href=""https://www.imdb.com/title/tt1212419"" target=""_blank"">tt1212419</a>","<a href=""https://www.imdb.com/title/tt1212419"" target=""_blank"">Hereafter</a>"
"tt1126591","Burlesque",2010,4566,6.4,96950,119,"Steve Antin","Steve Antin","Drama, Music, Musical","<a href=""https://www.imdb.com/title/tt1126591"" target=""_blank"">tt1126591</a>","<a href=""https://www.imdb.com/title/tt1126591"" target=""_blank"">Burlesque</a>"
"tt5884796","Plane",2023,4567,6.5,96459,107,"Jean-François Richet","Charles Cumming, J.P. Davis","Action, Adventure, Thriller","<a href=""https://www.imdb.com/title/tt5884796"" target=""_blank"">tt5884796</a>","<a href=""https://www.imdb.com/title/tt5884796"" target=""_blank"">Plane</a>"
"tt6998518","Mandy",2018,4568,6.5,95872,121,"Panos Cosmatos","Panos Cosmatos, Aaron Stewart-Ahn, Casper Kelly","Action, Fantasy, Horror","<a href=""https://www.imdb.com/title/tt6998518"" target=""_blank"">tt6998518</a>","<a href=""https://www.imdb.com/title/tt6998518"" target=""_blank"">Mandy</a>"
"tt0799934","Be Kind Rewind",2008,4569,6.4,95559,102,"Michel Gondry","Michel Gondry","Comedy","<a href=""https://www.imdb.com/title/tt0799934"" target=""_blank"">tt0799934</a>","<a href=""https://www.imdb.com/title/tt0799934"" target=""_blank"">Be Kind Rewind</a>"
"tt0882977","Snitch",2013,4570,6.4,94581,112,"Ric Roman Waugh","Justin Haythe, Ric Roman Waugh","Action, Drama, Thriller","<a href=""https://www.imdb.com/title/tt0882977"" target=""_blank"">tt0882977</a>","<a href=""https://www.imdb.com/title/tt0882977"" target=""_blank"">Snitch</a>"
"tt13024674","Army of Thieves",2021,4571,6.4,94447,127,"Matthias Schweighöfer","Zack Snyder, Shay Hatten","Action, Comedy, Crime","<a href=""https://www.imdb.com/title/tt13024674"" target=""_blank"">tt13024674</a>","<a href=""https://www.imdb.com/title/tt13024674"" target=""_blank"">Army of Thieves</a>"
"tt1135985","Sex Drive",2008,4572,6.5,94385,109,"Sean Anders","Sean Anders, John Morris, Andy Behrens","Comedy, Romance","<a href=""https://www.imdb.com/title/tt1135985"" target=""_blank"">tt1135985</a>","<a href=""https://www.imdb.com/title/tt1135985"" target=""_blank"">Sex Drive</a>"
"tt0035423","Kate & Leopold",2001,4573,6.4,92068,118,"James Mangold","Steven Rogers, James Mangold","Comedy, Fantasy, Romance","<a href=""https://www.imdb.com/title/tt0035423"" target=""_blank"">tt0035423</a>","<a href=""https://www.imdb.com/title/tt0035423"" target=""_blank"">Kate & Leopold</a>"
"tt0181316","Blue Streak",1999,4574,6.4,91935,93,"Les Mayfield","Michael Berry, John Blumenthal, Stephen Carpenter","Action, Comedy, Crime","<a href=""https://www.imdb.com/title/tt0181316"" target=""_blank"">tt0181316</a>","<a href=""https://www.imdb.com/title/tt0181316"" target=""_blank"">Blue Streak</a>"
"tt1637706","Our Idiot Brother",2011,4575,6.4,91823,90,"Jesse Peretz","Jesse Peretz, Evgenia Peretz, David Schisgall","Comedy, Drama","<a href=""https://www.imdb.com/title/tt1637706"" target=""_blank"">tt1637706</a>","<a href=""https://www.imdb.com/title/tt1637706"" target=""_blank"">Our Idiot Brother</a>"
"tt0371246","Spanglish",2004,4576,6.4,90961,131,"James L. Brooks","James L. Brooks","Comedy, Drama, Romance","<a href=""https://www.imdb.com/title/tt0371246"" target=""_blank"">tt0371246</a>","<a href=""https://www.imdb.com/title/tt0371246"" target=""_blank"">Spanglish</a>"
"tt1528071","Horns",2013,4577,6.4,90409,120,"Alexandre Aja","Keith Bunin, Joe Hill","Comedy, Fantasy, Horror","<a href=""https://www.imdb.com/title/tt1528071"" target=""_blank"">tt1528071</a>","<a href=""https://www.imdb.com/title/tt1528071"" target=""_blank"">Horns</a>"
"tt1486192","The Raven",2012,4578,6.4,89481,110,"James McTeigue","Hannah Shakespeare, Ben Livingston","Crime, Drama, Mystery","<a href=""https://www.imdb.com/title/tt1486192"" target=""_blank"">tt1486192</a>","<a href=""https://www.imdb.com/title/tt1486192"" target=""_blank"">The Raven</a>"
"tt1473832","Bridget Jones's Baby",2016,4579,6.4,88548,123,"Sharon Maguire","Helen Fielding, Dan Mazer, Emma Thompson","Comedy, Drama, Romance","<a href=""https://www.imdb.com/title/tt1473832"" target=""_blank"">tt1473832</a>","<a href=""https://www.imdb.com/title/tt1473832"" target=""_blank"">Bridget Jones's Baby</a>"
"tt0265349","The Mothman Prophecies",2002,4580,6.4,87477,119,"Mark Pellington","Richard Hatem, John A. Keel","Drama, Horror, Mystery","<a href=""https://www.imdb.com/title/tt0265349"" target=""_blank"">tt0265349</a>","<a href=""https://www.imdb.com/title/tt0265349"" target=""_blank"">The Mothman Prophecies</a>"
"tt3530002","The Night Before",2015,4581,6.4,87035,101,"Jonathan Levine","Jonathan Levine, Kyle Hunter, Ariel Shaffir, Evan Goldberg","Comedy, Fantasy","<a href=""https://www.imdb.com/title/tt3530002"" target=""_blank"">tt3530002</a>","<a href=""https://www.imdb.com/title/tt3530002"" target=""_blank"">The Night Before</a>"
"tt0117333","Phenomenon",1996,4582,6.4,86788,123,"Jon Turteltaub","Gerald Di Pego","Drama, Fantasy, Romance","<a href=""https://www.imdb.com/title/tt0117333"" target=""_blank"">tt0117333</a>","<a href=""https://www.imdb.com/title/tt0117333"" target=""_blank"">Phenomenon</a>"
"tt2226597","The Mountain Between Us",2017,4583,6.4,86555,112,"Hany Abu-Assad","Chris Weitz, J. Mills Goodloe, Charles Martin","Drama, Thriller","<a href=""https://www.imdb.com/title/tt2226597"" target=""_blank"">tt2226597</a>","<a href=""https://www.imdb.com/title/tt2226597"" target=""_blank"">The Mountain Between Us</a>"
"tt2436386","Project Almanac",2015,4584,6.4,86340,106,"Dean Israelite","Jason Pagan, Andrew Deutschman","Drama, Mystery, Sci-Fi","<a href=""https://www.imdb.com/title/tt2436386"" target=""_blank"">tt2436386</a>","<a href=""https://www.imdb.com/title/tt2436386"" target=""_blank"">Project Almanac</a>"
"tt0253754","Star Trek: Nemesis",2002,4585,6.4,86198,116,"Stuart Baird","Gene Roddenberry, John Logan, Rick Berman, Brent Spiner","Action, Adventure, Sci-Fi","<a href=""https://www.imdb.com/title/tt0253754"" target=""_blank"">tt0253754</a>","<a href=""https://www.imdb.com/title/tt0253754"" target=""_blank"">Star Trek: Nemesis</a>"
"tt0173840","Final Fantasy: The Spirits Within",2001,4586,6.4,85179,106,"Hironobu Sakaguchi, Motonori Sakakibara","Hironobu Sakaguchi, Al Reinert, Jeff Vintar, Jack Fletcher, B.L. Jurgens, Ramin Mebdy","Action, Adventure, Animation","<a href=""https://www.imdb.com/title/tt0173840"" target=""_blank"">tt0173840</a>","<a href=""https://www.imdb.com/title/tt0173840"" target=""_blank"">Final Fantasy: The Spirits Within</a>"
"tt3083016","Beverly Hills Cop: Axel F",2024,4587,6.4,82561,118,"Mark Molloy","Will Beall, Tom Gormican, Kevin Etten, Danilo Bach, Daniel Petrie Jr.","Action, Comedy, Crime","<a href=""https://www.imdb.com/title/tt3083016"" target=""_blank"">tt3083016</a>","<a href=""https://www.imdb.com/title/tt3083016"" target=""_blank"">Beverly Hills Cop: Axel F</a>"
"tt0120844","Star Trek: Insurrection",1998,4588,6.4,81556,103,"Jonathan Frakes","Gene Roddenberry, Rick Berman, Michael Piller","Action, Adventure, Sci-Fi","<a href=""https://www.imdb.com/title/tt0120844"" target=""_blank"">tt0120844</a>","<a href=""https://www.imdb.com/title/tt0120844"" target=""_blank"">Star Trek: Insurrection</a>"
"tt0133952","The Siege",1998,4589,6.4,80884,116,"Edward Zwick","Lawrence Wright, Menno Meyjes, Edward Zwick","Action, Thriller","<a href=""https://www.imdb.com/title/tt0133952"" target=""_blank"">tt0133952</a>","<a href=""https://www.imdb.com/title/tt0133952"" target=""_blank"">The Siege</a>"
"tt1014763","Child 44",2015,4590,6.4,78178,137,"Daniel Espinosa","Richard Price, Tom Rob Smith","Crime, Drama, History","<a href=""https://www.imdb.com/title/tt1014763"" target=""_blank"">tt1014763</a>","<a href=""https://www.imdb.com/title/tt1014763"" target=""_blank"">Child 44</a>"
"tt2051879","Europa Report",2013,4591,6.4,77777,90,"Sebastián Cordero","Philip Gelatt","Drama, Mystery, Sci-Fi","<a href=""https://www.imdb.com/title/tt2051879"" target=""_blank"">tt2051879</a>","<a href=""https://www.imdb.com/title/tt2051879"" target=""_blank"">Europa Report</a>"
"tt0403702","Youth in Revolt",2009,4592,6.4,77397,90,"Miguel Arteta","Gustin Nash, C.D. Payne","Comedy, Drama, Romance","<a href=""https://www.imdb.com/title/tt0403702"" target=""_blank"">tt0403702</a>","<a href=""https://www.imdb.com/title/tt0403702"" target=""_blank"">Youth in Revolt</a>"
"tt5113040","The Secret Life of Pets 2",2019,4593,6.4,74627,86,"Chris Renaud, Jonathan del Val","Brian Lynch, Ken Daurio, Cinco Paul","Adventure, Animation, Comedy","<a href=""https://www.imdb.com/title/tt5113040"" target=""_blank"">tt5113040</a>","<a href=""https://www.imdb.com/title/tt5113040"" target=""_blank"">The Secret Life of Pets 2</a>"
"tt9731534","The Night House",2020,4594,6.4,73750,107,"David Bruckner","Ben Collins, Luke Piotrowski","Horror, Mystery, Thriller","<a href=""https://www.imdb.com/title/tt9731534"" target=""_blank"">tt9731534</a>","<a href=""https://www.imdb.com/title/tt9731534"" target=""_blank"">The Night House</a>"
"tt1591479","Act of Valor",2012,4595,6.4,73143,110,"Mike McCoy, Scott Waugh","Kurt Johnstad","Action, Adventure, Thriller","<a href=""https://www.imdb.com/title/tt1591479"" target=""_blank"">tt1591479</a>","<a href=""https://www.imdb.com/title/tt1591479"" target=""_blank"">Act of Valor</a>"
"tt0099365","Darkman",1990,4596,6.4,72880,96,"Sam Raimi","Sam Raimi, Chuck Pfarrer, Ivan Raimi, Daniel Goldin, Joshua Goldin","Action, Sci-Fi, Thriller","<a href=""https://www.imdb.com/title/tt0099365"" target=""_blank"">tt0099365</a>","<a href=""https://www.imdb.com/title/tt0099365"" target=""_blank"">Darkman</a>"
"tt1291570","Solace",2015,4597,6.4,72343,101,"Afonso Poyart","Sean Bailey, Ted Griffin","Crime, Drama, Mystery","<a href=""https://www.imdb.com/title/tt1291570"" target=""_blank"">tt1291570</a>","<a href=""https://www.imdb.com/title/tt1291570"" target=""_blank"">Solace</a>"
"tt0970411","City of Ember",2008,4598,6.4,71701,90,"Gil Kenan","Caroline Thompson, Jeanne Duprau","Adventure, Drama, Family","<a href=""https://www.imdb.com/title/tt0970411"" target=""_blank"">tt0970411</a>","<a href=""https://www.imdb.com/title/tt0970411"" target=""_blank"">City of Ember</a>"
"tt0455538","How to Lose Friends & Alienate People",2008,4599,6.4,71599,110,"Robert B. Weide","Peter Straughan, Toby Young","Biography, Comedy, Drama","<a href=""https://www.imdb.com/title/tt0455538"" target=""_blank"">tt0455538</a>","<a href=""https://www.imdb.com/title/tt0455538"" target=""_blank"">How to Lose Friends & Alienate People</a>"
"tt0151137","The Messenger: The Story of Joan of Arc",1999,4600,6.4,71556,148,"Luc Besson","Andrew Birkin, Luc Besson","Adventure, Biography, Drama","<a href=""https://www.imdb.com/title/tt0151137"" target=""_blank"">tt0151137</a>","<a href=""https://www.imdb.com/title/tt0151137"" target=""_blank"">The Messenger: The Story of Joan of Arc</a>"
"tt2101341","Dead Man Down",2013,4601,6.4,71163,118,"Niels Arden Oplev","J.H. Wyman","Action, Adventure, Crime","<a href=""https://www.imdb.com/title/tt2101341"" target=""_blank"">tt2101341</a>","<a href=""https://www.imdb.com/title/tt2101341"" target=""_blank"">Dead Man Down</a>"
"tt2005374","The Frozen Ground",2013,4602,6.4,71037,105,"Scott Walker","Scott Walker","Biography, Crime, Drama","<a href=""https://www.imdb.com/title/tt2005374"" target=""_blank"">tt2005374</a>","<a href=""https://www.imdb.com/title/tt2005374"" target=""_blank"">The Frozen Ground</a>"
"tt0130623","Dinosaur",2000,4603,6.4,70607,82,"Eric Leighton, Ralph Zondag","John Harrison, Robert Nelson Jacobs, Walon Green, Thom Enriquez, Ralph Zondag, Shirley Pierce, Tamara Lusher","Adventure, Animation, Drama","<a href=""https://www.imdb.com/title/tt0130623"" target=""_blank"">tt0130623</a>","<a href=""https://www.imdb.com/title/tt0130623"" target=""_blank"">Dinosaur</a>"
"tt0115964","Crash",1996,4604,6.4,69996,100,"David Cronenberg","J.G. Ballard, David Cronenberg","Drama","<a href=""https://www.imdb.com/title/tt0115964"" target=""_blank"">tt0115964</a>","<a href=""https://www.imdb.com/title/tt0115964"" target=""_blank"">Crash</a>"
"tt3155298","Luther: The Fallen Sun",2023,4605,6.4,69753,129,"Jamie Payne","Neil Cross","Action, Crime, Drama","<a href=""https://www.imdb.com/title/tt3155298"" target=""_blank"">tt3155298</a>","<a href=""https://www.imdb.com/title/tt3155298"" target=""_blank"">Luther: The Fallen Sun</a>"
"tt3647498","Blood Father",2016,4606,6.4,69663,88,"Jean-François Richet","Peter Craig, Andrea Berloff","Action, Crime, Drama","<a href=""https://www.imdb.com/title/tt3647498"" target=""_blank"">tt3647498</a>","<a href=""https://www.imdb.com/title/tt3647498"" target=""_blank"">Blood Father</a>"
"tt0264395","Basic",2003,4607,6.4,68340,98,"John McTiernan","James Vanderbilt","Crime, Drama, Mystery","<a href=""https://www.imdb.com/title/tt0264395"" target=""_blank"">tt0264395</a>","<a href=""https://www.imdb.com/title/tt0264395"" target=""_blank"">Basic</a>"
"tt0111686","New Nightmare",1994,4608,6.4,67355,112,"Wes Craven","Wes Craven","Fantasy, Horror, Mystery","<a href=""https://www.imdb.com/title/tt0111686"" target=""_blank"">tt0111686</a>","<a href=""https://www.imdb.com/title/tt0111686"" target=""_blank"">New Nightmare</a>"
"tt0144214","The General's Daughter",1999,4609,6.4,66465,116,"Simon West","Nelson DeMille, Christopher Bertolini, William Goldman","Crime, Drama, Mystery","<a href=""https://www.imdb.com/title/tt0144214"" target=""_blank"">tt0144214</a>","<a href=""https://www.imdb.com/title/tt0144214"" target=""_blank"">The General's Daughter</a>"
"tt1588334","Jeff, Who Lives at Home",2011,4610,6.4,66097,83,"Jay Duplass, Mark Duplass","Jay Duplass, Mark Duplass","Comedy, Drama","<a href=""https://www.imdb.com/title/tt1588334"" target=""_blank"">tt1588334</a>","<a href=""https://www.imdb.com/title/tt1588334"" target=""_blank"">Jeff, Who Lives at Home</a>"
"tt0098627","Weekend at Bernie's",1989,4611,6.4,66051,97,"Ted Kotcheff","Robert Klane","Adventure, Comedy, Crime","<a href=""https://www.imdb.com/title/tt0098627"" target=""_blank"">tt0098627</a>","<a href=""https://www.imdb.com/title/tt0098627"" target=""_blank"">Weekend at Bernie's</a>"
"tt10752004","Love Hard",2021,4612,6.3,65893,104,"Hernán Jiménez","Daniel Mackey, Rebecca Ewing","Comedy, Romance","<a href=""https://www.imdb.com/title/tt10752004"" target=""_blank"">tt10752004</a>","<a href=""https://www.imdb.com/title/tt10752004"" target=""_blank"">Love Hard</a>"
"tt1438254","Charlie St. Cloud",2010,4613,6.4,65805,99,"Burr Steers","Craig Pearce, Lewis Colick, Ben Sherwood","Drama, Fantasy, Romance","<a href=""https://www.imdb.com/title/tt1438254"" target=""_blank"">tt1438254</a>","<a href=""https://www.imdb.com/title/tt1438254"" target=""_blank"">Charlie St. Cloud</a>"
"tt1567437","The Voices",2014,4614,6.3,65524,103,"Marjane Satrapi","Michael R. Perry","Comedy, Crime, Horror","<a href=""https://www.imdb.com/title/tt1567437"" target=""_blank"">tt1567437</a>","<a href=""https://www.imdb.com/title/tt1567437"" target=""_blank"">The Voices</a>"
"tt0261983","Session 9",2001,4615,6.4,65352,97,"Brad Anderson","Brad Anderson, Stephen Gevedon","Drama, Horror, Mystery","<a href=""https://www.imdb.com/title/tt0261983"" target=""_blank"">tt0261983</a>","<a href=""https://www.imdb.com/title/tt0261983"" target=""_blank"">Session 9</a>"
"tt0091541","The Money Pit",1986,4616,6.4,65237,91,"Richard Benjamin","David Giler","Comedy","<a href=""https://www.imdb.com/title/tt0091541"" target=""_blank"">tt0091541</a>","<a href=""https://www.imdb.com/title/tt0091541"" target=""_blank"">The Money Pit</a>"
"tt5592248","The Beguiled",2017,4617,6.3,64963,93,"Sofia Coppola","Sofia Coppola, Thomas Cullinan, Albert Maltz, Irene Kamp","Drama, History, Thriller","<a href=""https://www.imdb.com/title/tt5592248"" target=""_blank"">tt5592248</a>","<a href=""https://www.imdb.com/title/tt5592248"" target=""_blank"">The Beguiled</a>"
"tt0097659","Kickboxer",1989,4618,6.4,64322,97,"Mark DiSalle, David Worth","Mark DiSalle, Jean-Claude Van Damme, Glenn A. Bruce","Action, Sport, Thriller","<a href=""https://www.imdb.com/title/tt0097659"" target=""_blank"">tt0097659</a>","<a href=""https://www.imdb.com/title/tt0097659"" target=""_blank"">Kickboxer</a>"
"tt2091935","Mr. Right",2015,4619,6.3,64169,95,"Paco Cabezas","Max Landis","Action, Comedy, Crime","<a href=""https://www.imdb.com/title/tt2091935"" target=""_blank"">tt2091935</a>","<a href=""https://www.imdb.com/title/tt2091935"" target=""_blank"">Mr. Right</a>"
"tt1661382","Grudge Match",2013,4620,6.4,64042,113,"Peter Segal","Tim Kelleher, Rodney Rothman","Comedy, Drama, Sport","<a href=""https://www.imdb.com/title/tt1661382"" target=""_blank"">tt1661382</a>","<a href=""https://www.imdb.com/title/tt1661382"" target=""_blank"">Grudge Match</a>"
"tt4853102","Batman: The Killing Joke",2016,4621,6.4,63861,76,"Sam Liu","Brian Azzarello, Brian Bolland, Bob Kane, Bill Finger, Alan Moore","Action, Animation, Crime","<a href=""https://www.imdb.com/title/tt4853102"" target=""_blank"">tt4853102</a>","<a href=""https://www.imdb.com/title/tt4853102"" target=""_blank"">Batman: The Killing Joke</a>"
"tt6217306","Apostle",2018,4622,6.3,63369,130,"Gareth Evans","Gareth Evans","Drama, Fantasy, Horror","<a href=""https://www.imdb.com/title/tt6217306"" target=""_blank"">tt6217306</a>","<a href=""https://www.imdb.com/title/tt6217306"" target=""_blank"">Apostle</a>"
"tt3758542","Ferrari",2023,4623,6.4,63206,130,"Michael Mann","Troy Kennedy Martin, Brock Yates","Biography, Drama, History","<a href=""https://www.imdb.com/title/tt3758542"" target=""_blank"">tt3758542</a>","<a href=""https://www.imdb.com/title/tt3758542"" target=""_blank"">Ferrari</a>"
"tt0111742","Wolf",1994,4624,6.3,62745,125,"Mike Nichols","Jim Harrison, Wesley Strick","Drama, Horror, Romance","<a href=""https://www.imdb.com/title/tt0111742"" target=""_blank"">tt0111742</a>","<a href=""https://www.imdb.com/title/tt0111742"" target=""_blank"">Wolf</a>"
"tt0116830","Last Man Standing",1996,4625,6.4,62573,101,"Walter Hill","Ryûzô Kikushima, Akira Kurosawa, Walter Hill","Action, Crime, Drama","<a href=""https://www.imdb.com/title/tt0116830"" target=""_blank"">tt0116830</a>","<a href=""https://www.imdb.com/title/tt0116830"" target=""_blank"">Last Man Standing</a>"
"tt0108333","The Three Musketeers",1993,4626,6.4,62061,105,"Stephen Herek","Alexandre Dumas, David Loughery","Action, Adventure, Romance","<a href=""https://www.imdb.com/title/tt0108333"" target=""_blank"">tt0108333</a>","<a href=""https://www.imdb.com/title/tt0108333"" target=""_blank"">The Three Musketeers</a>"
"tt1850397","The Loft",2014,4627,6.3,61919,108,"Erik Van Looy","Bart De Pauw, Wesley Strick","Mystery, Romance, Thriller","<a href=""https://www.imdb.com/title/tt1850397"" target=""_blank"">tt1850397</a>","<a href=""https://www.imdb.com/title/tt1850397"" target=""_blank"">The Loft</a>"
"tt2361317","Live by Night",2016,4628,6.4,61266,129,"Ben Affleck","Ben Affleck, Dennis Lehane","Action, Crime, Drama","<a href=""https://www.imdb.com/title/tt2361317"" target=""_blank"">tt2361317</a>","<a href=""https://www.imdb.com/title/tt2361317"" target=""_blank"">Live by Night</a>"
"tt0109836","Frankenstein",1994,4629,6.3,61193,123,"Kenneth Branagh","Mary Shelley, Steph Lady, Frank Darabont","Drama, Horror, Romance","<a href=""https://www.imdb.com/title/tt0109836"" target=""_blank"">tt0109836</a>","<a href=""https://www.imdb.com/title/tt0109836"" target=""_blank"">Frankenstein</a>"
"tt4463894","Shaft",2019,4630,6.4,60906,111,"Tim Story","Ernest Tidyman, Kenya Barris, Alex Barnow","Action, Comedy, Crime","<a href=""https://www.imdb.com/title/tt4463894"" target=""_blank"">tt4463894</a>","<a href=""https://www.imdb.com/title/tt4463894"" target=""_blank"">Shaft</a>"
"tt0125022","Heartbreakers",2001,4631,6.3,60620,123,"David Mirkin","Robert Dunn, Paul Guay, Stephen Mazur","Comedy, Crime, Romance","<a href=""https://www.imdb.com/title/tt0125022"" target=""_blank"">tt0125022</a>","<a href=""https://www.imdb.com/title/tt0125022"" target=""_blank"">Heartbreakers</a>"
"tt1322312","Going the Distance",2010,4632,6.3,60588,102,"Nanette Burstein","Geoff LaTulippe","Comedy, Romance","<a href=""https://www.imdb.com/title/tt1322312"" target=""_blank"">tt1322312</a>","<a href=""https://www.imdb.com/title/tt1322312"" target=""_blank"">Going the Distance</a>"
"tt0228750","Proof of Life",2000,4633,6.3,60163,135,"Taylor Hackford","Tony Gilroy, William Prochnau, Thomas Hargrove","Action, Drama, Thriller","<a href=""https://www.imdb.com/title/tt0228750"" target=""_blank"">tt0228750</a>","<a href=""https://www.imdb.com/title/tt0228750"" target=""_blank"">Proof of Life</a>"
"tt6738136","Revenge",2017,4634,6.4,59884,108,"Coralie Fargeat","Coralie Fargeat","Action, Drama, Horror","<a href=""https://www.imdb.com/title/tt6738136"" target=""_blank"">tt6738136</a>","<a href=""https://www.imdb.com/title/tt6738136"" target=""_blank"">Revenge</a>"
"tt11152168","IF",2024,4635,6.4,59699,104,"John Krasinski","John Krasinski","Animation, Comedy, Drama","<a href=""https://www.imdb.com/title/tt11152168"" target=""_blank"">tt11152168</a>","<a href=""https://www.imdb.com/title/tt11152168"" target=""_blank"">IF</a>"
"tt1783232","Conquest 1453",2012,4636,6.4,59601,162,"Faruk Aksoy","Melih Esat Acil, Atilla Engin, Irfan Saruhan","Action, Drama, History","<a href=""https://www.imdb.com/title/tt1783232"" target=""_blank"">tt1783232</a>","<a href=""https://www.imdb.com/title/tt1783232"" target=""_blank"">Conquest 1453</a>"
"tt0402910","Chaos",2005,4637,6.4,59583,106,"Tony Giglio","Tony Giglio","Action, Crime, Drama","<a href=""https://www.imdb.com/title/tt0402910"" target=""_blank"">tt0402910</a>","<a href=""https://www.imdb.com/title/tt0402910"" target=""_blank"">Chaos</a>"
"tt0110366","The Little Rascals",1994,4638,6.3,59456,82,"Penelope Spheeris","Penelope Spheeris, Robert Wolterstorff, Mike Scott, Paul Guay, Stephen Mazur","Comedy, Family, Romance","<a href=""https://www.imdb.com/title/tt0110366"" target=""_blank"">tt0110366</a>","<a href=""https://www.imdb.com/title/tt0110366"" target=""_blank"">The Little Rascals</a>"
"tt1800741","Step Up Revolution",2012,4639,6.4,59250,99,"Scott Speer","Amanda Brody, Duane Adler","Drama, Music, Romance","<a href=""https://www.imdb.com/title/tt1800741"" target=""_blank"">tt1800741</a>","<a href=""https://www.imdb.com/title/tt1800741"" target=""_blank"">Step Up Revolution</a>"
"tt0260866","Don't Say a Word",2001,4640,6.3,59167,113,"Gary Fleder","Andrew Klavan, Anthony Peckham, Patrick Smith Kelly","Drama, Mystery, Thriller","<a href=""https://www.imdb.com/title/tt0260866"" target=""_blank"">tt0260866</a>","<a href=""https://www.imdb.com/title/tt0260866"" target=""_blank"">Don't Say a Word</a>"
"tt0095294","Hellbound: Hellraiser II",1988,4641,6.4,58919,97,"Tony Randel","Peter Atkins, Clive Barker","Horror, Thriller","<a href=""https://www.imdb.com/title/tt0095294"" target=""_blank"">tt0095294</a>","<a href=""https://www.imdb.com/title/tt0095294"" target=""_blank"">Hellbound: Hellraiser II</a>"
"tt1691916","Before I Fall",2017,4642,6.4,58908,98,"Ry Russo-Young","Maria Maggenti, Lauren Oliver","Drama, Fantasy, Mystery","<a href=""https://www.imdb.com/title/tt1691916"" target=""_blank"">tt1691916</a>","<a href=""https://www.imdb.com/title/tt1691916"" target=""_blank"">Before I Fall</a>"
"tt1389096","Stand Up Guys",2012,4643,6.4,58873,95,"Fisher Stevens","Noah Haidle","Comedy, Crime, Thriller","<a href=""https://www.imdb.com/title/tt1389096"" target=""_blank"">tt1389096</a>","<a href=""https://www.imdb.com/title/tt1389096"" target=""_blank"">Stand Up Guys</a>"
"tt0997152","The Experiment",2010,4644,6.4,58722,96,"Paul T. Scheuring","Paul T. Scheuring, Mario Giordano, Christoph Darnstädt, Don Bohlinger, Oliver Hirschbiegel","Drama, Thriller","<a href=""https://www.imdb.com/title/tt0997152"" target=""_blank"">tt0997152</a>","<a href=""https://www.imdb.com/title/tt0997152"" target=""_blank"">The Experiment</a>"
"tt4595186","Luckiest Girl Alive",2022,4645,6.4,58623,113,"Mike Barker","Jessica Knoll","Drama, Mystery, Thriller","<a href=""https://www.imdb.com/title/tt4595186"" target=""_blank"">tt4595186</a>","<a href=""https://www.imdb.com/title/tt4595186"" target=""_blank"">Luckiest Girl Alive</a>"
"tt1727776","Scouts Guide to the Zombie Apocalypse",2015,4646,6.3,58361,93,"Christopher Landon","Carrie Lee Wilson, Emi Mochizuki, Christopher Landon, Lona Williams","Action, Comedy, Horror","<a href=""https://www.imdb.com/title/tt1727776"" target=""_blank"">tt1727776</a>","<a href=""https://www.imdb.com/title/tt1727776"" target=""_blank"">Scouts Guide to the Zombie Apocalypse</a>"
"tt2328900","Mary Queen of Scots",2018,4647,6.3,57895,124,"Josie Rourke","Beau Willimon, John Guy","Biography, Drama, History","<a href=""https://www.imdb.com/title/tt2328900"" target=""_blank"">tt2328900</a>","<a href=""https://www.imdb.com/title/tt2328900"" target=""_blank"">Mary Queen of Scots</a>"
"tt3922818","The Space Between Us",2017,4648,6.4,57771,120,"Peter Chelsom","Allan Loeb, Stewart Schill, Richard Barton Lewis","Drama, Romance, Sci-Fi","<a href=""https://www.imdb.com/title/tt3922818"" target=""_blank"">tt3922818</a>","<a href=""https://www.imdb.com/title/tt3922818"" target=""_blank"">The Space Between Us</a>"
"tt12004038","Watcher",2022,4649,6.3,57527,96,"Chloe Okuno","Zack Ford, Chloe Okuno","Drama, Horror, Mystery","<a href=""https://www.imdb.com/title/tt12004038"" target=""_blank"">tt12004038</a>","<a href=""https://www.imdb.com/title/tt12004038"" target=""_blank"">Watcher</a>"
"tt0810922","Take Me Home Tonight",2011,4650,6.3,56990,97,"Michael Dowse","Jackie Filgo, Jeff Filgo, Topher Grace, Gordon Kaywin","Comedy, Drama, Romance","<a href=""https://www.imdb.com/title/tt0810922"" target=""_blank"">tt0810922</a>","<a href=""https://www.imdb.com/title/tt0810922"" target=""_blank"">Take Me Home Tonight</a>"
"tt0251114","Hart's War",2002,4651,6.4,56772,125,"Gregory Hoblit","John Katzenbach, Billy Ray, Terry George","Drama, War","<a href=""https://www.imdb.com/title/tt0251114"" target=""_blank"">tt0251114</a>","<a href=""https://www.imdb.com/title/tt0251114"" target=""_blank"">Hart's War</a>"
"tt5865326","The Laundromat",2019,4652,6.3,56458,96,"Steven Soderbergh","Jake Bernstein, Scott Z. Burns","Comedy, Crime, Drama","<a href=""https://www.imdb.com/title/tt5865326"" target=""_blank"">tt5865326</a>","<a href=""https://www.imdb.com/title/tt5865326"" target=""_blank"">The Laundromat</a>"
"tt0403358","Night Watch",2004,4653,6.4,56308,114,"Timur Bekmambetov","Timur Bekmambetov, Laeta Kalogridis, Sergey Lukyanenko","Action, Fantasy, Horror","<a href=""https://www.imdb.com/title/tt0403358"" target=""_blank"">tt0403358</a>","<a href=""https://www.imdb.com/title/tt0403358"" target=""_blank"">Night Watch</a>"
"tt0120032","Romy and Michele's High School Reunion",1997,4654,6.4,56263,92,"David Mirkin","Robin Schiff","Comedy","<a href=""https://www.imdb.com/title/tt0120032"" target=""_blank"">tt0120032</a>","<a href=""https://www.imdb.com/title/tt0120032"" target=""_blank"">Romy and Michele's High School Reunion</a>"
"tt7139936","A Rainy Day in New York",2019,4655,6.4,56157,92,"Woody Allen","Woody Allen","Comedy, Romance","<a href=""https://www.imdb.com/title/tt7139936"" target=""_blank"">tt7139936</a>","<a href=""https://www.imdb.com/title/tt7139936"" target=""_blank"">A Rainy Day in New York</a>"
"tt1791682","While We're Young",2014,4656,6.3,54964,97,"Noah Baumbach","Noah Baumbach, Henrik Ibsen, Wallace Shawn","Comedy, Drama, Mystery","<a href=""https://www.imdb.com/title/tt1791682"" target=""_blank"">tt1791682</a>","<a href=""https://www.imdb.com/title/tt1791682"" target=""_blank"">While We're Young</a>"
"tt13327038","Do Revenge",2022,4657,6.3,54649,118,"Jennifer Kaytin Robinson","Celeste Ballard, Jennifer Kaytin Robinson","Comedy, Romance","<a href=""https://www.imdb.com/title/tt13327038"" target=""_blank"">tt13327038</a>","<a href=""https://www.imdb.com/title/tt13327038"" target=""_blank"">Do Revenge</a>"
"tt16431870","The Family Plan",2023,4658,6.3,54183,118,"Simon Cellan Jones","David Coggeshall","Action, Comedy","<a href=""https://www.imdb.com/title/tt16431870"" target=""_blank"">tt16431870</a>","<a href=""https://www.imdb.com/title/tt16431870"" target=""_blank"">The Family Plan</a>"
"tt1172994","The House of the Devil",2009,4659,6.3,54082,95,"Ti West","Ti West","Horror, Mystery","<a href=""https://www.imdb.com/title/tt1172994"" target=""_blank"">tt1172994</a>","<a href=""https://www.imdb.com/title/tt1172994"" target=""_blank"">The House of the Devil</a>"
"tt1741273","Secret in Their Eyes",2015,4660,6.3,53811,111,"Billy Ray","Billy Ray, Juan José Campanella, Eduardo Sacheri","Crime, Drama, Mystery","<a href=""https://www.imdb.com/title/tt1741273"" target=""_blank"">tt1741273</a>","<a href=""https://www.imdb.com/title/tt1741273"" target=""_blank"">Secret in Their Eyes</a>"
"tt2368619","The Take",2016,4661,6.3,53264,92,"James Watkins","Andrew Baldwin, James Watkins","Action, Adventure, Crime","<a href=""https://www.imdb.com/title/tt2368619"" target=""_blank"">tt2368619</a>","<a href=""https://www.imdb.com/title/tt2368619"" target=""_blank"">The Take</a>"
"tt4158096","Free Fire",2016,4662,6.3,52358,91,"Ben Wheatley","Amy Jump, Ben Wheatley","Action, Comedy, Crime","<a href=""https://www.imdb.com/title/tt4158096"" target=""_blank"">tt4158096</a>","<a href=""https://www.imdb.com/title/tt4158096"" target=""_blank"">Free Fire</a>"
"tt10620868","#Alive",2020,4663,6.3,52110,98,"Il Cho","Il Cho, Matt Naylor","Action, Drama, Horror","<a href=""https://www.imdb.com/title/tt10620868"" target=""_blank"">tt10620868</a>","<a href=""https://www.imdb.com/title/tt10620868"" target=""_blank"">#Alive</a>"
"tt0227984","Formula 51",2001,4664,6.3,51956,93,"Ronny Yu","Stel Pavlou","Action, Comedy, Crime","<a href=""https://www.imdb.com/title/tt0227984"" target=""_blank"">tt0227984</a>","<a href=""https://www.imdb.com/title/tt0227984"" target=""_blank"">Formula 51</a>"
"tt27911000","Terrifier 3",2024,4665,6.3,51767,125,"Damien Leone","Damien Leone","Horror","<a href=""https://www.imdb.com/title/tt27911000"" target=""_blank"">tt27911000</a>","<a href=""https://www.imdb.com/title/tt27911000"" target=""_blank"">Terrifier 3</a>"
"tt1205535","The Rebound",2009,4666,6.3,51397,95,"Bart Freundlich","Bart Freundlich","Comedy, Romance","<a href=""https://www.imdb.com/title/tt1205535"" target=""_blank"">tt1205535</a>","<a href=""https://www.imdb.com/title/tt1205535"" target=""_blank"">The Rebound</a>"
"tt0094963","The Dead Pool",1988,4667,6.3,51064,91,"Buddy Van Horn","Harry Julian Fink, Rita M. Fink, Steve Sharon, Durk Pearson, Sandy Shaw","Action, Crime, Mystery","<a href=""https://www.imdb.com/title/tt0094963"" target=""_blank"">tt0094963</a>","<a href=""https://www.imdb.com/title/tt0094963"" target=""_blank"">The Dead Pool</a>"
"tt1175491","W.",2008,4668,6.3,50938,129,"Oliver Stone","Stanley Weiser","Biography, Comedy, Drama","<a href=""https://www.imdb.com/title/tt1175491"" target=""_blank"">tt1175491</a>","<a href=""https://www.imdb.com/title/tt1175491"" target=""_blank"">W.</a>"
"tt3860916","Cargo",2017,4669,6.3,50684,105,"Ben Howling, Yolanda Ramke","Yolanda Ramke","Drama, Horror, Sci-Fi","<a href=""https://www.imdb.com/title/tt3860916"" target=""_blank"">tt3860916</a>","<a href=""https://www.imdb.com/title/tt3860916"" target=""_blank"">Cargo</a>"
"tt0124198","Very Bad Things",1998,4670,6.3,50254,100,"Peter Berg","Peter Berg","Comedy, Crime, Thriller","<a href=""https://www.imdb.com/title/tt0124198"" target=""_blank"">tt0124198</a>","<a href=""https://www.imdb.com/title/tt0124198"" target=""_blank"">Very Bad Things</a>"
"tt0107969","Rising Sun",1993,4671,6.3,49435,129,"Philip Kaufman","Michael Crichton, Philip Kaufman, Michael Backes","Action, Crime, Drama","<a href=""https://www.imdb.com/title/tt0107969"" target=""_blank"">tt0107969</a>","<a href=""https://www.imdb.com/title/tt0107969"" target=""_blank"">Rising Sun</a>"
"tt0138510","Idle Hands",1999,4672,6.3,49048,92,"Rodman Flender","Terri Hughes Burton, Ron Milbauer","Comedy, Fantasy, Horror","<a href=""https://www.imdb.com/title/tt0138510"" target=""_blank"">tt0138510</a>","<a href=""https://www.imdb.com/title/tt0138510"" target=""_blank"">Idle Hands</a>"
"tt0413895","Charlotte's Web",2006,4673,6.3,48513,97,"Gary Winick","Susannah Grant, Karey Kirkpatrick, Earl Hamner Jr., E.B. White","Adventure, Comedy, Family","<a href=""https://www.imdb.com/title/tt0413895"" target=""_blank"">tt0413895</a>","<a href=""https://www.imdb.com/title/tt0413895"" target=""_blank"">Charlotte's Web</a>"
"tt1182350","You Will Meet a Tall Dark Stranger",2010,4674,6.3,48258,98,"Woody Allen","Woody Allen","Comedy, Drama, Romance","<a href=""https://www.imdb.com/title/tt1182350"" target=""_blank"">tt1182350</a>","<a href=""https://www.imdb.com/title/tt1182350"" target=""_blank"">You Will Meet a Tall Dark Stranger</a>"
"tt0190641","Pokémon: The First Movie - Mewtwo Strikes Back",1998,4675,6.3,48186,96,"Kunihiko Yuyama","Satoshi Tajiri, Takeshi Shudô, Jun'ichi Masuda, Ken Sugimori","Action, Adventure, Animation","<a href=""https://www.imdb.com/title/tt0190641"" target=""_blank"">tt0190641</a>","<a href=""https://www.imdb.com/title/tt0190641"" target=""_blank"">Pokémon: The First Movie - Mewtwo Strikes Back</a>"
"tt1421051","Somewhere",2010,4676,6.3,47880,97,"Sofia Coppola","Sofia Coppola","Comedy, Drama, Romance","<a href=""https://www.imdb.com/title/tt1421051"" target=""_blank"">tt1421051</a>","<a href=""https://www.imdb.com/title/tt1421051"" target=""_blank"">Somewhere</a>"
"tt2493486","Last Knights",2015,4677,6.2,46955,115,"Kazuaki Kiriya","Michael Konyves, Dove Sussman","Action, Drama","<a href=""https://www.imdb.com/title/tt2493486"" target=""_blank"">tt2493486</a>","<a href=""https://www.imdb.com/title/tt2493486"" target=""_blank"">Last Knights</a>"
"tt0495596","Tales from Earthsea",2006,4678,6.3,46721,115,"Gorô Miyazaki","Ursula K. Le Guin, Hayao Miyazaki, Gorô Miyazaki, Keiko Niwa","Adventure, Animation, Fantasy","<a href=""https://www.imdb.com/title/tt0495596"" target=""_blank"">tt0495596</a>","<a href=""https://www.imdb.com/title/tt0495596"" target=""_blank"">Tales from Earthsea</a>"
"tt0113972","Nick of Time",1995,4679,6.3,46397,89,"John Badham","Patrick Sheane Duncan","Action, Crime, Drama","<a href=""https://www.imdb.com/title/tt0113972"" target=""_blank"">tt0113972</a>","<a href=""https://www.imdb.com/title/tt0113972"" target=""_blank"">Nick of Time</a>"
"tt0202470","Rock Star",2001,4680,6.3,46380,105,"Stephen Herek","John Stockwell","Drama, Music","<a href=""https://www.imdb.com/title/tt0202470"" target=""_blank"">tt0202470</a>","<a href=""https://www.imdb.com/title/tt0202470"" target=""_blank"">Rock Star</a>"
"tt0114319","Sabrina",1995,4681,6.3,46072,127,"Sydney Pollack","Samuel A. Taylor, Billy Wilder, Ernest Lehman, Barbara Benedek, David Rayfiel","Comedy, Drama, Romance","<a href=""https://www.imdb.com/title/tt0114319"" target=""_blank"">tt0114319</a>","<a href=""https://www.imdb.com/title/tt0114319"" target=""_blank"">Sabrina</a>"
"tt0309530","Down with Love",2003,4682,6.3,46048,101,"Peyton Reed","Eve Ahlert, Dennis Drake","Comedy, Romance","<a href=""https://www.imdb.com/title/tt0309530"" target=""_blank"">tt0309530</a>","<a href=""https://www.imdb.com/title/tt0309530"" target=""_blank"">Down with Love</a>"
"tt0395251","The Producers",2005,4683,6.3,45966,134,"Susan Stroman","Mel Brooks, Thomas Meehan","Comedy, Crime, Musical","<a href=""https://www.imdb.com/title/tt0395251"" target=""_blank"">tt0395251</a>","<a href=""https://www.imdb.com/title/tt0395251"" target=""_blank"">The Producers</a>"
"tt15789472","Nowhere",2023,4684,6.3,45758,109,"Albert Pintó","Indiana Lista, Ernest Riera, Miguel Ruz, Seanne Winslow, Teresa de Rosendo","Drama, Thriller","<a href=""https://www.imdb.com/title/tt15789472"" target=""_blank"">tt15789472</a>","<a href=""https://www.imdb.com/title/tt15789472"" target=""_blank"">Nowhere</a>"
"tt11196036","The Card Counter",2021,4685,6.2,45583,111,"Paul Schrader","Paul Schrader","Crime, Drama, Thriller","<a href=""https://www.imdb.com/title/tt11196036"" target=""_blank"">tt11196036</a>","<a href=""https://www.imdb.com/title/tt11196036"" target=""_blank"">The Card Counter</a>"
"tt18394190","Old Dads",2023,4686,6.2,45507,104,"Bill Burr","Bill Burr, Ben Tishler","Comedy","<a href=""https://www.imdb.com/title/tt18394190"" target=""_blank"">tt18394190</a>","<a href=""https://www.imdb.com/title/tt18394190"" target=""_blank"">Old Dads</a>"
"tt1535438","Hope Springs",2012,4687,6.3,45350,100,"David Frankel","Vanessa Taylor","Comedy, Drama, Romance","<a href=""https://www.imdb.com/title/tt1535438"" target=""_blank"">tt1535438</a>","<a href=""https://www.imdb.com/title/tt1535438"" target=""_blank"">Hope Springs</a>"
"tt0115697","Black Sheep",1996,4688,6.2,44995,87,"Penelope Spheeris","Fred Wolf","Comedy","<a href=""https://www.imdb.com/title/tt0115697"" target=""_blank"">tt0115697</a>","<a href=""https://www.imdb.com/title/tt0115697"" target=""_blank"">Black Sheep</a>"
"tt5867314","The Empty Man",2020,4689,6.2,44647,137,"David Prior","David Prior, Cullen Bunn","Drama, Horror, Mystery","<a href=""https://www.imdb.com/title/tt5867314"" target=""_blank"">tt5867314</a>","<a href=""https://www.imdb.com/title/tt5867314"" target=""_blank"">The Empty Man</a>"
"tt10393870","Jayeshbhai Jordaar",2022,4690,6.2,44248,121,"Divyang Thakkar","Anckur Chaudhry, Divyang Thakkar","Comedy, Drama","<a href=""https://www.imdb.com/title/tt10393870"" target=""_blank"">tt10393870</a>","<a href=""https://www.imdb.com/title/tt10393870"" target=""_blank"">Jayeshbhai Jordaar</a>"
"tt9016974","Synchronic",2019,4691,6.2,44236,102,"Justin Benson, Aaron Moorhead","Justin Benson","Drama, Horror, Mystery","<a href=""https://www.imdb.com/title/tt9016974"" target=""_blank"">tt9016974</a>","<a href=""https://www.imdb.com/title/tt9016974"" target=""_blank"">Synchronic</a>"
"tt0086927","Bachelor Party",1984,4692,6.3,43964,105,"Neal Israel","Bob Israel, Neal Israel, Pat Proft","Comedy","<a href=""https://www.imdb.com/title/tt0086927"" target=""_blank"">tt0086927</a>","<a href=""https://www.imdb.com/title/tt0086927"" target=""_blank"">Bachelor Party</a>"
"tt1426329","Lovelace",2013,4693,6.2,43895,93,"Rob Epstein, Jeffrey Friedman","Andy Bellin","Biography, Drama","<a href=""https://www.imdb.com/title/tt1426329"" target=""_blank"">tt1426329</a>","<a href=""https://www.imdb.com/title/tt1426329"" target=""_blank"">Lovelace</a>"
"tt2172584","Maps to the Stars",2014,4694,6.2,43872,111,"David Cronenberg","Bruce Wagner","Comedy, Drama, Mystery","<a href=""https://www.imdb.com/title/tt2172584"" target=""_blank"">tt2172584</a>","<a href=""https://www.imdb.com/title/tt2172584"" target=""_blank"">Maps to the Stars</a>"
"tt0482527","It's a Boy Girl Thing",2006,4695,6.2,43871,95,"Nick Hurran","Geoff Deane, Steve Hamilton Shaw","Comedy, Fantasy, Romance","<a href=""https://www.imdb.com/title/tt0482527"" target=""_blank"">tt0482527</a>","<a href=""https://www.imdb.com/title/tt0482527"" target=""_blank"">It's a Boy Girl Thing</a>"
"tt5001718","Everything, Everything",2017,4696,6.3,43840,96,"Stella Meghie","J. Mills Goodloe, Nicola Yoon","Drama, Romance","<a href=""https://www.imdb.com/title/tt5001718"" target=""_blank"">tt5001718</a>","<a href=""https://www.imdb.com/title/tt5001718"" target=""_blank"">Everything, Everything</a>"
"tt0266452","Death to Smoochy",2002,4697,6.3,43775,109,"Danny DeVito","Adam Resnick","Comedy, Crime, Drama","<a href=""https://www.imdb.com/title/tt0266452"" target=""_blank"">tt0266452</a>","<a href=""https://www.imdb.com/title/tt0266452"" target=""_blank"">Death to Smoochy</a>"
"tt7985648","The Legend of Tomiris",2019,4698,6.2,43608,156,"Akan Satayev","Aliya Nazarbayeva, Timur Zhaksylykov","Action, Drama, Fantasy","<a href=""https://www.imdb.com/title/tt7985648"" target=""_blank"">tt7985648</a>","<a href=""https://www.imdb.com/title/tt7985648"" target=""_blank"">The Legend of Tomiris</a>"
"tt1837703","The Fifth Estate",2013,4699,6.2,43545,128,"Bill Condon","Daniel Domscheit-Berg, David Leigh, Luke Harding, Josh Singer","Biography, Crime, Drama","<a href=""https://www.imdb.com/title/tt1837703"" target=""_blank"">tt1837703</a>","<a href=""https://www.imdb.com/title/tt1837703"" target=""_blank"">The Fifth Estate</a>"
"tt0088814","The Black Cauldron",1985,4700,6.3,43341,80,"Ted Berman, Richard Rich","Lloyd Alexander, David Jonas, Vance Gerry, Ted Berman, Richard Rich, Al Wilson, Roy Morita, Peter Young, Art Stevens, Joe Hale, Rosemary Anne Sisson, Roy Edward Disney, Tony Marino, Steve Hulett, Mel Shaw, Burny Mattinson, John Musker, Ron Clements, Doug Lefler, Mark Zaslove","Action, Adventure, Animation","<a href=""https://www.imdb.com/title/tt0088814"" target=""_blank"">tt0088814</a>","<a href=""https://www.imdb.com/title/tt0088814"" target=""_blank"">The Black Cauldron</a>"
"tt0067065","Escape from the Planet of the Apes",1971,4701,6.3,43296,98,"Don Taylor","Paul Dehn, Pierre Boulle","Action, Sci-Fi","<a href=""https://www.imdb.com/title/tt0067065"" target=""_blank"">tt0067065</a>","<a href=""https://www.imdb.com/title/tt0067065"" target=""_blank"">Escape from the Planet of the Apes</a>"
"tt0337876","Birth",2004,4702,6.3,43167,100,"Jonathan Glazer","Jean-Claude Carrière, Milo Addica, Jonathan Glazer","Drama, Fantasy, Mystery","<a href=""https://www.imdb.com/title/tt0337876"" target=""_blank"">tt0337876</a>","<a href=""https://www.imdb.com/title/tt0337876"" target=""_blank"">Birth</a>"
"tt5640450","ARQ",2016,4703,6.3,43127,88,"Tony Elliott","Tony Elliott","Action, Sci-Fi, Thriller","<a href=""https://www.imdb.com/title/tt5640450"" target=""_blank"">tt5640450</a>","<a href=""https://www.imdb.com/title/tt5640450"" target=""_blank"">ARQ</a>"
"tt6535880","Haunt",2019,4704,6.3,43114,92,"Scott Beck, Bryan Woods","Scott Beck, Bryan Woods","Horror, Thriller","<a href=""https://www.imdb.com/title/tt6535880"" target=""_blank"">tt6535880</a>","<a href=""https://www.imdb.com/title/tt6535880"" target=""_blank"">Haunt</a>"
"tt0094142","Throw Momma from the Train",1987,4705,6.3,42839,88,"Danny DeVito","Stu Silver","Comedy, Crime, Thriller","<a href=""https://www.imdb.com/title/tt0094142"" target=""_blank"">tt0094142</a>","<a href=""https://www.imdb.com/title/tt0094142"" target=""_blank"">Throw Momma from the Train</a>"
"tt0387514","Prime",2005,4706,6.2,42736,105,"Ben Younger","Ben Younger","Comedy, Drama, Romance","<a href=""https://www.imdb.com/title/tt0387514"" target=""_blank"">tt0387514</a>","<a href=""https://www.imdb.com/title/tt0387514"" target=""_blank"">Prime</a>"
"tt13491110","Antim: The Final Truth",2021,4707,6.3,42720,138,"Mahesh Manjrekar","Mahesh Manjrekar, Abhijeet Shirish Deshpande, Siddharth Salvi, Pravin Tarde, Mithlesh Kaushik","Action, Crime, Drama","<a href=""https://www.imdb.com/title/tt13491110"" target=""_blank"">tt13491110</a>","<a href=""https://www.imdb.com/title/tt13491110"" target=""_blank"">Antim: The Final Truth</a>"
"tt5748448","Copshop",2021,4708,6.2,42685,107,"Joe Carnahan","Kurt McLeod, Joe Carnahan, Mark Williams","Action, Thriller","<a href=""https://www.imdb.com/title/tt5748448"" target=""_blank"">tt5748448</a>","<a href=""https://www.imdb.com/title/tt5748448"" target=""_blank"">Copshop</a>"
"tt9812474","Lamb",2021,4709,6.3,42661,106,"Valdimar Jóhannsson","Sjón, Valdimar Jóhannsson","Drama, Fantasy, Horror","<a href=""https://www.imdb.com/title/tt9812474"" target=""_blank"">tt9812474</a>","<a href=""https://www.imdb.com/title/tt9812474"" target=""_blank"">Lamb</a>"
"tt0082136","The Cannonball Run",1981,4710,6.2,42229,95,"Hal Needham","Brock Yates","Action, Comedy, Sport","<a href=""https://www.imdb.com/title/tt0082136"" target=""_blank"">tt0082136</a>","<a href=""https://www.imdb.com/title/tt0082136"" target=""_blank"">The Cannonball Run</a>"
"tt3564472","Girls Trip",2017,4711,6.2,41935,122,"Malcolm D. Lee","Erica Rivinoja, Kenya Barris, Tracy Oliver","Adventure, Comedy, Drama","<a href=""https://www.imdb.com/title/tt3564472"" target=""_blank"">tt3564472</a>","<a href=""https://www.imdb.com/title/tt3564472"" target=""_blank"">Girls Trip</a>"
"tt1667310","Deadfall",2012,4712,6.2,41890,95,"Stefan Ruzowitzky","Zach Dean","Action, Adventure, Crime","<a href=""https://www.imdb.com/title/tt1667310"" target=""_blank"">tt1667310</a>","<a href=""https://www.imdb.com/title/tt1667310"" target=""_blank"">Deadfall</a>"
"tt0100029","Lionheart",1990,4713,6.2,41790,108,"Sheldon Lettich","Stefani Warren, Jean-Claude Van Damme, Sheldon Lettich","Action, Crime, Drama","<a href=""https://www.imdb.com/title/tt0100029"" target=""_blank"">tt0100029</a>","<a href=""https://www.imdb.com/title/tt0100029"" target=""_blank"">Lionheart</a>"
"tt3787590","We Are Your Friends",2015,4714,6.2,41768,96,"Max Joseph","Max Joseph, Meaghan Oppenheimer, Richard Silverman","Drama, Music, Romance","<a href=""https://www.imdb.com/title/tt3787590"" target=""_blank"">tt3787590</a>","<a href=""https://www.imdb.com/title/tt3787590"" target=""_blank"">We Are Your Friends</a>"
"tt0101745","Doc Hollywood",1991,4715,6.3,41723,104,"Michael Caton-Jones","Neil B. Shulman, Laurian Leggett, Jeffrey Price, Peter S. Seaman, Daniel Pyne","Comedy, Drama, Romance","<a href=""https://www.imdb.com/title/tt0101745"" target=""_blank"">tt0101745</a>","<a href=""https://www.imdb.com/title/tt0101745"" target=""_blank"">Doc Hollywood</a>"
"tt14128670","Kimi",2022,4716,6.3,41706,89,"Steven Soderbergh","David Koepp","Crime, Drama, Mystery","<a href=""https://www.imdb.com/title/tt14128670"" target=""_blank"">tt14128670</a>","<a href=""https://www.imdb.com/title/tt14128670"" target=""_blank"">Kimi</a>"
"tt0375568","Astro Boy",2009,4717,6.2,41646,94,"David Bowers","Osamu Tezuka, David Bowers, Timothy Harris, Colin Brady","Action, Adventure, Animation","<a href=""https://www.imdb.com/title/tt0375568"" target=""_blank"">tt0375568</a>","<a href=""https://www.imdb.com/title/tt0375568"" target=""_blank"">Astro Boy</a>"
"tt0139462","Message in a Bottle",1999,4718,6.3,41532,126,"Luis Mandoki","Nicholas Sparks, Gerald Di Pego","Drama, Romance","<a href=""https://www.imdb.com/title/tt0139462"" target=""_blank"">tt0139462</a>","<a href=""https://www.imdb.com/title/tt0139462"" target=""_blank"">Message in a Bottle</a>"
"tt0086320","Sleepaway Camp",1983,4719,6.2,41452,84,"Robert Hiltzik","Robert Hiltzik","Horror","<a href=""https://www.imdb.com/title/tt0086320"" target=""_blank"">tt0086320</a>","<a href=""https://www.imdb.com/title/tt0086320"" target=""_blank"">Sleepaway Camp</a>"
"tt2872518","The Shack",2017,4720,6.3,41366,132,"Stuart Hazeldine","John Fusco, Andrew Lanham, Destin Daniel Cretton, William P. Young, Wayne Jacobsen, Brad Cummings","Drama, Fantasy","<a href=""https://www.imdb.com/title/tt2872518"" target=""_blank"">tt2872518</a>","<a href=""https://www.imdb.com/title/tt2872518"" target=""_blank"">The Shack</a>"
"tt0110443","Major Payne",1995,4721,6.3,41364,95,"Nick Castle","Joe Connelly, Bob Mosher, William Roberts, Richard Alan Simmons, Dean Lorey, Damon Wayans, Gary Rosen","Adventure, Comedy, Family","<a href=""https://www.imdb.com/title/tt0110443"" target=""_blank"">tt0110443</a>","<a href=""https://www.imdb.com/title/tt0110443"" target=""_blank"">Major Payne</a>"
"tt0077681","The Hills Have Eyes",1977,4722,6.3,41354,90,"Wes Craven","Wes Craven","Horror, Thriller","<a href=""https://www.imdb.com/title/tt0077681"" target=""_blank"">tt0077681</a>","<a href=""https://www.imdb.com/title/tt0077681"" target=""_blank"">The Hills Have Eyes</a>"
"tt1783732","John Dies at the End",2012,4723,6.3,41259,99,"Don Coscarelli","Don Coscarelli, David Wong","Comedy, Fantasy, Horror","<a href=""https://www.imdb.com/title/tt1783732"" target=""_blank"">tt1783732</a>","<a href=""https://www.imdb.com/title/tt1783732"" target=""_blank"">John Dies at the End</a>"
"tt2059171","13 Sins",2014,4724,6.3,41053,93,"Daniel Stamm","David Birke, Daniel Stamm, Chookiat Sakveerakul, Eakasit Thairaat","Horror, Thriller","<a href=""https://www.imdb.com/title/tt2059171"" target=""_blank"">tt2059171</a>","<a href=""https://www.imdb.com/title/tt2059171"" target=""_blank"">13 Sins</a>"
"tt1031969","The Rocker",2008,4725,6.2,40772,102,"Peter Cattaneo","Maya Forbes, Wallace Wolodarsky, Ryan Jaffe","Comedy, Music","<a href=""https://www.imdb.com/title/tt1031969"" target=""_blank"">tt1031969</a>","<a href=""https://www.imdb.com/title/tt1031969"" target=""_blank"">The Rocker</a>"
"tt1477837","Cedar Rapids",2011,4726,6.3,40534,87,"Miguel Arteta","Phil Johnston","Comedy","<a href=""https://www.imdb.com/title/tt1477837"" target=""_blank"">tt1477837</a>","<a href=""https://www.imdb.com/title/tt1477837"" target=""_blank"">Cedar Rapids</a>"
"tt0181739","Osmosis Jones",2001,4727,6.3,40413,95,"Bobby Farrelly, Peter Farrelly","Marc Hyman","Action, Adventure, Animation","<a href=""https://www.imdb.com/title/tt0181739"" target=""_blank"">tt0181739</a>","<a href=""https://www.imdb.com/title/tt0181739"" target=""_blank"">Osmosis Jones</a>"
"tt0101757","Don't Tell Mom the Babysitter's Dead",1991,4728,6.3,40153,102,"Stephen Herek","Neil Landau, Tara Ison","Comedy","<a href=""https://www.imdb.com/title/tt0101757"" target=""_blank"">tt0101757</a>","<a href=""https://www.imdb.com/title/tt0101757"" target=""_blank"">Don't Tell Mom the Babysitter's Dead</a>"
"tt0115571","The Arrival",1996,4729,6.2,40150,115,"David Twohy","David Twohy","Mystery, Sci-Fi, Thriller","<a href=""https://www.imdb.com/title/tt0115571"" target=""_blank"">tt0115571</a>","<a href=""https://www.imdb.com/title/tt0115571"" target=""_blank"">The Arrival</a>"
"tt24169886","The Instigators",2024,4730,6.2,39023,101,"Doug Liman","Chuck MacLean, Casey Affleck","Action, Comedy, Crime","<a href=""https://www.imdb.com/title/tt24169886"" target=""_blank"">tt24169886</a>","<a href=""https://www.imdb.com/title/tt24169886"" target=""_blank"">The Instigators</a>"
"tt0077394","Damien: Omen II",1978,4731,6.2,38910,107,"Don Taylor, Mike Hodges","Harvey Bernhard, David Seltzer, Stanley Mann, Mike Hodges","Horror","<a href=""https://www.imdb.com/title/tt0077394"" target=""_blank"">tt0077394</a>","<a href=""https://www.imdb.com/title/tt0077394"" target=""_blank"">Damien: Omen II</a>"
"tt5155780","The Discovery",2017,4732,6.2,38797,102,"Charlie McDowell","Charlie McDowell, Justin Lader","Drama, Romance, Sci-Fi","<a href=""https://www.imdb.com/title/tt5155780"" target=""_blank"">tt5155780</a>","<a href=""https://www.imdb.com/title/tt5155780"" target=""_blank"">The Discovery</a>"
"tt0280665","Femme Fatale",2002,4733,6.2,38684,114,"Brian De Palma","Brian De Palma","Crime, Drama, Mystery","<a href=""https://www.imdb.com/title/tt0280665"" target=""_blank"">tt0280665</a>","<a href=""https://www.imdb.com/title/tt0280665"" target=""_blank"">Femme Fatale</a>"
"tt0375920","The Libertine",2004,4734,6.2,38345,114,"Laurence Dunmore","Stephen Jeffreys","Biography, Drama, History","<a href=""https://www.imdb.com/title/tt0375920"" target=""_blank"">tt0375920</a>","<a href=""https://www.imdb.com/title/tt0375920"" target=""_blank"">The Libertine</a>"
"tt0077869","The Lord of the Rings",1978,4735,6.2,38045,132,"Ralph Bakshi","Chris Conkling, Peter S. Beagle, J.R.R. Tolkien","Adventure, Animation, Fantasy","<a href=""https://www.imdb.com/title/tt0077869"" target=""_blank"">tt0077869</a>","<a href=""https://www.imdb.com/title/tt0077869"" target=""_blank"">The Lord of the Rings</a>"
"tt2103267","Adore",2013,4736,6.2,37986,112,"Anne Fontaine","Anne Fontaine, Doris Lessing, Christopher Hampton","Drama, Romance","<a href=""https://www.imdb.com/title/tt2103267"" target=""_blank"">tt2103267</a>","<a href=""https://www.imdb.com/title/tt2103267"" target=""_blank"">Adore</a>"
"tt21383812","Crew",2024,4737,6.2,37377,118,"Rajesh A Krishnan","Nidhi Mehra, Mehul Suri","Comedy, Drama","<a href=""https://www.imdb.com/title/tt21383812"" target=""_blank"">tt21383812</a>","<a href=""https://www.imdb.com/title/tt21383812"" target=""_blank"">Crew</a>"
"tt7550014","No Exit",2022,4738,6.1,36615,95,"Damien Power","Andrew Barrer, Gabriel Ferrari, Taylor Adams","Drama, Horror, Mystery","<a href=""https://www.imdb.com/title/tt7550014"" target=""_blank"">tt7550014</a>","<a href=""https://www.imdb.com/title/tt7550014"" target=""_blank"">No Exit</a>"
"tt15083184","I Came By",2022,4739,6.2,36608,110,"Babak Anvari","Babak Anvari, Namsi Khan, Clare Keogh","Thriller","<a href=""https://www.imdb.com/title/tt15083184"" target=""_blank"">tt15083184</a>","<a href=""https://www.imdb.com/title/tt15083184"" target=""_blank"">I Came By</a>"
"tt0109127","Angels in the Outfield",1994,4740,6.2,36470,102,"William Dear","Dorothy Kingsley, George Wells, Richard Conlin, Holly Goldberg Sloan","Comedy, Drama, Family","<a href=""https://www.imdb.com/title/tt0109127"" target=""_blank"">tt0109127</a>","<a href=""https://www.imdb.com/title/tt0109127"" target=""_blank"">Angels in the Outfield</a>"
"tt0954947","The Killer Inside Me",2010,4741,6.1,36427,109,"Michael Winterbottom","John Curran, Jim Thompson","Crime, Drama, Mystery","<a href=""https://www.imdb.com/title/tt0954947"" target=""_blank"">tt0954947</a>","<a href=""https://www.imdb.com/title/tt0954947"" target=""_blank"">The Killer Inside Me</a>"
"tt5315210","Lou",2022,4742,6.1,36427,107,"Anna Foerster","Maggie Cohn, Jack Stanley","Action, Adventure, Crime","<a href=""https://www.imdb.com/title/tt5315210"" target=""_blank"">tt5315210</a>","<a href=""https://www.imdb.com/title/tt5315210"" target=""_blank"">Lou</a>"
"tt0117108","Multiplicity",1996,4743,6.1,36376,117,"Harold Ramis","Chris Miller, Mary Hale, Lowell Ganz, Babaloo Mandel","Comedy, Romance, Sci-Fi","<a href=""https://www.imdb.com/title/tt0117108"" target=""_blank"">tt0117108</a>","<a href=""https://www.imdb.com/title/tt0117108"" target=""_blank"">Multiplicity</a>"
"tt0483726","Man of the Year",2006,4744,6.2,36281,115,"Barry Levinson","Barry Levinson","Comedy, Drama, Romance","<a href=""https://www.imdb.com/title/tt0483726"" target=""_blank"">tt0483726</a>","<a href=""https://www.imdb.com/title/tt0483726"" target=""_blank"">Man of the Year</a>"
"tt15334030","Martin",2024,4745,6.1,35967,147,"A.P. Arjun","Arjun Sarja, A.P. Arjun","Action, Drama, Thriller","<a href=""https://www.imdb.com/title/tt15334030"" target=""_blank"">tt15334030</a>","<a href=""https://www.imdb.com/title/tt15334030"" target=""_blank"">Martin</a>"
"tt0281322","Undisputed",2002,4746,6.1,35809,94,"Walter Hill","David Giler, Walter Hill","Action, Crime, Drama","<a href=""https://www.imdb.com/title/tt0281322"" target=""_blank"">tt0281322</a>","<a href=""https://www.imdb.com/title/tt0281322"" target=""_blank"">Undisputed</a>"
"tt3503406","The Whole Truth",2016,4747,6.2,35640,93,"Courtney Hunt","Nicholas Kazan","Crime, Drama, Mystery","<a href=""https://www.imdb.com/title/tt3503406"" target=""_blank"">tt3503406</a>","<a href=""https://www.imdb.com/title/tt3503406"" target=""_blank"">The Whole Truth</a>"
"tt0109303","Blown Away",1994,4748,6.2,35478,121,"Stephen Hopkins","John Rice, Joe Batteer, Jay Roach","Action, Crime, Drama","<a href=""https://www.imdb.com/title/tt0109303"" target=""_blank"">tt0109303</a>","<a href=""https://www.imdb.com/title/tt0109303"" target=""_blank"">Blown Away</a>"
"tt7798604","We Have a Ghost",2023,4749,6.1,35418,126,"Christopher Landon","Christopher Landon, Geoff Manaugh","Adventure, Comedy, Family","<a href=""https://www.imdb.com/title/tt7798604"" target=""_blank"">tt7798604</a>","<a href=""https://www.imdb.com/title/tt7798604"" target=""_blank"">We Have a Ghost</a>"
"tt0364343","The Final Cut",2004,4750,6.1,35343,95,"Omar Naim","Omar Naim","Drama, Sci-Fi, Thriller","<a href=""https://www.imdb.com/title/tt0364343"" target=""_blank"">tt0364343</a>","<a href=""https://www.imdb.com/title/tt0364343"" target=""_blank"">The Final Cut</a>"
"tt1684233","Welcome to the Punch",2013,4751,6.1,35335,99,"Eran Creevy","Eran Creevy","Action, Crime, Thriller","<a href=""https://www.imdb.com/title/tt1684233"" target=""_blank"">tt1684233</a>","<a href=""https://www.imdb.com/title/tt1684233"" target=""_blank"">Welcome to the Punch</a>"
"tt8521778","Bob Marley: One Love",2024,4752,6.2,35243,107,"Reinaldo Marcus Green","Terence Winter, Frank E. Flowers, Zach Baylin, Reinaldo Marcus Green","Biography, Drama, Music","<a href=""https://www.imdb.com/title/tt8521778"" target=""_blank"">tt8521778</a>","<a href=""https://www.imdb.com/title/tt8521778"" target=""_blank"">Bob Marley: One Love</a>"
"tt0426459","Feast",2005,4753,6.2,35233,95,"John Gulager","Patrick Melton, Marcus Dunstan","Action, Comedy, Horror","<a href=""https://www.imdb.com/title/tt0426459"" target=""_blank"">tt0426459</a>","<a href=""https://www.imdb.com/title/tt0426459"" target=""_blank"">Feast</a>"
"tt0096244","Tequila Sunrise",1988,4754,6.1,35220,115,"Robert Towne","Robert Towne","Crime, Drama, Romance","<a href=""https://www.imdb.com/title/tt0096244"" target=""_blank"">tt0096244</a>","<a href=""https://www.imdb.com/title/tt0096244"" target=""_blank"">Tequila Sunrise</a>"
"tt0810988","The Nines",2007,4755,6.2,35093,100,"John August","John August","Drama, Fantasy, Mystery","<a href=""https://www.imdb.com/title/tt0810988"" target=""_blank"">tt0810988</a>","<a href=""https://www.imdb.com/title/tt0810988"" target=""_blank"">The Nines</a>"
"tt0479528","Rogue",2007,4756,6.2,35016,99,"Greg McLean","Greg McLean","Action, Drama, Horror","<a href=""https://www.imdb.com/title/tt0479528"" target=""_blank"">tt0479528</a>","<a href=""https://www.imdb.com/title/tt0479528"" target=""_blank"">Rogue</a>"
"tt2091256","Captain Underpants: The First Epic Movie",2017,4757,6.2,34900,89,"David Soren","Nicholas Stoller, Dav Pilkey, David Soren","Action, Adventure, Animation","<a href=""https://www.imdb.com/title/tt2091256"" target=""_blank"">tt2091256</a>","<a href=""https://www.imdb.com/title/tt2091256"" target=""_blank"">Captain Underpants: The First Epic Movie</a>"
"tt1976000","The Two Faces of January",2014,4758,6.2,34645,96,"Hossein Amini","Hossein Amini, Patricia Highsmith","Crime, Mystery, Romance","<a href=""https://www.imdb.com/title/tt1976000"" target=""_blank"">tt1976000</a>","<a href=""https://www.imdb.com/title/tt1976000"" target=""_blank"">The Two Faces of January</a>"
"tt0090190","The Toxic Avenger",1984,4759,6.2,34562,82,"Michael Herz, Lloyd Kaufman","Joe Ritter, Lloyd Kaufman, Gay Partington Terry, Stuart Strutin","Action, Comedy, Horror","<a href=""https://www.imdb.com/title/tt0090190"" target=""_blank"">tt0090190</a>","<a href=""https://www.imdb.com/title/tt0090190"" target=""_blank"">The Toxic Avenger</a>"
"tt1372686","Coriolanus",2011,4760,6.1,34334,123,"Ralph Fiennes","John Logan, William Shakespeare","Drama, Thriller, War","<a href=""https://www.imdb.com/title/tt1372686"" target=""_blank"">tt1372686</a>","<a href=""https://www.imdb.com/title/tt1372686"" target=""_blank"">Coriolanus</a>"
"tt0816556","Lake Mungo",2008,4761,6.2,34087,87,"Joel Anderson","Joel Anderson","Drama, Horror, Mystery","<a href=""https://www.imdb.com/title/tt0816556"" target=""_blank"">tt0816556</a>","<a href=""https://www.imdb.com/title/tt0816556"" target=""_blank"">Lake Mungo</a>"
"tt6857166","Book Club",2018,4762,6.1,34006,104,"Bill Holderman","Bill Holderman, Erin Simms","Comedy, Drama, Romance","<a href=""https://www.imdb.com/title/tt6857166"" target=""_blank"">tt6857166</a>","<a href=""https://www.imdb.com/title/tt6857166"" target=""_blank"">Book Club</a>"
"tt0119731","Murder at 1600",1997,4763,6.1,33981,107,"Dwight H. Little","Wayne Beach, David Hodgin","Action, Crime, Drama","<a href=""https://www.imdb.com/title/tt0119731"" target=""_blank"">tt0119731</a>","<a href=""https://www.imdb.com/title/tt0119731"" target=""_blank"">Murder at 1600</a>"
"tt3276924","Heist",2015,4764,6.1,33795,93,"Scott Mann","Stephen Cyrus Sepher, Max Adams","Action, Crime, Drama","<a href=""https://www.imdb.com/title/tt3276924"" target=""_blank"">tt3276924</a>","<a href=""https://www.imdb.com/title/tt3276924"" target=""_blank"">Heist</a>"
"tt7711170","Alone",2020,4765,6.2,33700,98,"John Hyams","Mattias Olsson","Drama, Mystery, Thriller","<a href=""https://www.imdb.com/title/tt7711170"" target=""_blank"">tt7711170</a>","<a href=""https://www.imdb.com/title/tt7711170"" target=""_blank"">Alone</a>"
"tt4547194","I Kill Giants",2017,4766,6.1,33559,106,"Anders Walter","Joe Kelly, J.M. Ken Niimura","Drama, Fantasy, Thriller","<a href=""https://www.imdb.com/title/tt4547194"" target=""_blank"">tt4547194</a>","<a href=""https://www.imdb.com/title/tt4547194"" target=""_blank"">I Kill Giants</a>"
"tt4218696","The Wall",2017,4767,6.2,33448,88,"Doug Liman","Dwain Worrell","Action, Drama, Thriller","<a href=""https://www.imdb.com/title/tt4218696"" target=""_blank"">tt4218696</a>","<a href=""https://www.imdb.com/title/tt4218696"" target=""_blank"">The Wall</a>"
"tt8954732","The Princess Switch",2018,4768,6.1,33207,101,"Mike Rohl","Robin Bernheim, Megan Metzger","Comedy, Drama, Family","<a href=""https://www.imdb.com/title/tt8954732"" target=""_blank"">tt8954732</a>","<a href=""https://www.imdb.com/title/tt8954732"" target=""_blank"">The Princess Switch</a>"
"tt0308383","The Human Stain",2003,4769,6.2,33156,106,"Robert Benton","Philip Roth, Nicholas Meyer","Drama, Romance, Thriller","<a href=""https://www.imdb.com/title/tt0308383"" target=""_blank"">tt0308383</a>","<a href=""https://www.imdb.com/title/tt0308383"" target=""_blank"">The Human Stain</a>"
"tt3721964","Gringo",2018,4770,6.1,33108,111,"Nash Edgerton","Anthony Tambakis, Matthew Stone","Action, Comedy, Crime","<a href=""https://www.imdb.com/title/tt3721964"" target=""_blank"">tt3721964</a>","<a href=""https://www.imdb.com/title/tt3721964"" target=""_blank"">Gringo</a>"
"tt7137380","Destroyer",2018,4771,6.2,33047,121,"Karyn Kusama","Phil Hay, Matt Manfredi","Action, Crime, Drama","<a href=""https://www.imdb.com/title/tt7137380"" target=""_blank"">tt7137380</a>","<a href=""https://www.imdb.com/title/tt7137380"" target=""_blank"">Destroyer</a>"
"tt2479800","Palo Alto",2013,4772,6.1,32760,100,"Gia Coppola","Gia Coppola, James Franco","Drama","<a href=""https://www.imdb.com/title/tt2479800"" target=""_blank"">tt2479800</a>","<a href=""https://www.imdb.com/title/tt2479800"" target=""_blank"">Palo Alto</a>"
"tt0072856","Death Race 2000",1975,4773,6.2,32734,80,"Paul Bartel","Robert Thom, Charles B. Griffith, Ib Melchior","Action, Comedy, Sci-Fi","<a href=""https://www.imdb.com/title/tt0072856"" target=""_blank"">tt0072856</a>","<a href=""https://www.imdb.com/title/tt0072856"" target=""_blank"">Death Race 2000</a>"
"tt0785035","Ong Bak 2",2008,4774,6.2,32612,98,"Tony Jaa, Panna Rittikrai","Tony Jaa, Panna Rittikrai, Ek Iemchuen, Nontakorn Taweesuk","Action","<a href=""https://www.imdb.com/title/tt0785035"" target=""_blank"">tt0785035</a>","<a href=""https://www.imdb.com/title/tt0785035"" target=""_blank"">Ong Bak 2</a>"
"tt0120609","The Big Hit",1998,4775,6.1,32499,91,"Kirk Wong","Ben Ramsey","Action, Comedy, Crime","<a href=""https://www.imdb.com/title/tt0120609"" target=""_blank"">tt0120609</a>","<a href=""https://www.imdb.com/title/tt0120609"" target=""_blank"">The Big Hit</a>"
"tt1456941","Tomorrow, When the War Began",2010,4776,6.1,32464,104,"Stuart Beattie","John Marsden, Stuart Beattie","Action, Adventure, Drama","<a href=""https://www.imdb.com/title/tt1456941"" target=""_blank"">tt1456941</a>","<a href=""https://www.imdb.com/title/tt1456941"" target=""_blank"">Tomorrow, When the War Began</a>"
"tt0107985","Rookie of the Year",1993,4777,6.1,32441,103,"Daniel Stern","Sam Harper","Comedy, Family, Fantasy","<a href=""https://www.imdb.com/title/tt0107985"" target=""_blank"">tt0107985</a>","<a href=""https://www.imdb.com/title/tt0107985"" target=""_blank"">Rookie of the Year</a>"
"tt8718158","The Hating Game",2021,4778,6.2,32409,102,"Peter Hutchings","Christina Mengert, Sally Thorne","Comedy, Romance","<a href=""https://www.imdb.com/title/tt8718158"" target=""_blank"">tt8718158</a>","<a href=""https://www.imdb.com/title/tt8718158"" target=""_blank"">The Hating Game</a>"
"tt0089489","Lifeforce",1985,4779,6.1,32338,101,"Tobe Hooper","Colin Wilson, Dan O'Bannon, Don Jakoby, Michael Armstrong, Olaf Pooley","Action, Horror, Mystery","<a href=""https://www.imdb.com/title/tt0089489"" target=""_blank"">tt0089489</a>","<a href=""https://www.imdb.com/title/tt0089489"" target=""_blank"">Lifeforce</a>"
"tt0119695","Money Talks",1997,4780,6.2,32326,97,"Brett Ratner","Joel Cohen, Alec Sokolow","Action, Comedy, Crime","<a href=""https://www.imdb.com/title/tt0119695"" target=""_blank"">tt0119695</a>","<a href=""https://www.imdb.com/title/tt0119695"" target=""_blank"">Money Talks</a>"
"tt2071550","Open Grave",2013,4781,6.1,32265,102,"Gonzalo López-Gallego","Eddie Borey, Chris Borey","Horror, Mystery, Sci-Fi","<a href=""https://www.imdb.com/title/tt2071550"" target=""_blank"">tt2071550</a>","<a href=""https://www.imdb.com/title/tt2071550"" target=""_blank"">Open Grave</a>"
"tt3014284","The Lego Ninjago Movie",2017,4782,6.1,32228,101,"Charlie Bean, Paul Fisher, Bob Logan","Bob Logan, Paul Fisher, William Wheeler, Tom Wheeler, Jared Stern, John Whittington, Hilary Winston, Dan Hageman, Kevin Hageman","Action, Adventure, Animation","<a href=""https://www.imdb.com/title/tt3014284"" target=""_blank"">tt3014284</a>","<a href=""https://www.imdb.com/title/tt3014284"" target=""_blank"">The Lego Ninjago Movie</a>"
"tt0236784","The Tailor of Panama",2001,4783,6.1,32158,109,"John Boorman","John le Carré, Andrew Davies, John Boorman","Drama, Thriller","<a href=""https://www.imdb.com/title/tt0236784"" target=""_blank"">tt0236784</a>","<a href=""https://www.imdb.com/title/tt0236784"" target=""_blank"">The Tailor of Panama</a>"
"tt5825380","Wonder Wheel",2017,4784,6.2,32130,101,"Woody Allen","Woody Allen","Drama, Romance","<a href=""https://www.imdb.com/title/tt5825380"" target=""_blank"">tt5825380</a>","<a href=""https://www.imdb.com/title/tt5825380"" target=""_blank"">Wonder Wheel</a>"
"tt0119313","Hope Floats",1998,4785,6.1,31857,114,"Forest Whitaker","Steven Rogers","Drama, Romance","<a href=""https://www.imdb.com/title/tt0119313"" target=""_blank"">tt0119313</a>","<a href=""https://www.imdb.com/title/tt0119313"" target=""_blank"">Hope Floats</a>"
"tt0203755","One Night at McCool's",2001,4786,6.2,31742,93,"Harald Zwart","Stan Seidel","Comedy, Crime","<a href=""https://www.imdb.com/title/tt0203755"" target=""_blank"">tt0203755</a>","<a href=""https://www.imdb.com/title/tt0203755"" target=""_blank"">One Night at McCool's</a>"
"tt0091223","House",1985,4787,6.1,31641,93,"Steve Miner","Fred Dekker, Ethan Wiley","Comedy, Fantasy, Horror","<a href=""https://www.imdb.com/title/tt0091223"" target=""_blank"">tt0091223</a>","<a href=""https://www.imdb.com/title/tt0091223"" target=""_blank"">House</a>"
"tt1422136","A Lonely Place to Die",2011,4788,6.2,31606,99,"Julian Gilbey","Julian Gilbey, Will Gilbey","Crime, Thriller","<a href=""https://www.imdb.com/title/tt1422136"" target=""_blank"">tt1422136</a>","<a href=""https://www.imdb.com/title/tt1422136"" target=""_blank"">A Lonely Place to Die</a>"
"tt1018785","The Sisterhood of the Traveling Pants 2",2008,4789,6.2,31509,119,"Sanaa Hamri","Elizabeth Chandler, Ann Brashares","Comedy, Drama, Romance","<a href=""https://www.imdb.com/title/tt1018785"" target=""_blank"">tt1018785</a>","<a href=""https://www.imdb.com/title/tt1018785"" target=""_blank"">The Sisterhood of the Traveling Pants 2</a>"
"tt0086856","The Adventures of Buckaroo Banzai Across the 8th Dimension",1984,4790,6.2,31505,103,"W.D. Richter","Earl Mac Rauch","Adventure, Comedy, Sci-Fi","<a href=""https://www.imdb.com/title/tt0086856"" target=""_blank"">tt0086856</a>","<a href=""https://www.imdb.com/title/tt0086856"" target=""_blank"">The Adventures of Buckaroo Banzai Across the 8th Dimension</a>"
"tt0120008","The Replacement Killers",1998,4791,6.1,31377,87,"Antoine Fuqua","Ken Sanzel","Action, Crime, Thriller","<a href=""https://www.imdb.com/title/tt0120008"" target=""_blank"">tt0120008</a>","<a href=""https://www.imdb.com/title/tt0120008"" target=""_blank"">The Replacement Killers</a>"
"tt6587640","Trolls World Tour",2020,4792,6.1,31331,91,"Walt Dohrn, David P. Smith","Jonathan Aibel, Glenn Berger, Maya Forbes, Wallace Wolodarsky, Elizabeth Tippet, Thomas Dam","Adventure, Animation, Comedy","<a href=""https://www.imdb.com/title/tt6587640"" target=""_blank"">tt6587640</a>","<a href=""https://www.imdb.com/title/tt6587640"" target=""_blank"">Trolls World Tour</a>"
"tt0488604","The Oxford Murders",2008,4793,6.1,31320,108,"Álex de la Iglesia","Álex de la Iglesia, Jorge Guerricaechevarría, Guillermo Martínez","Crime, Mystery, Thriller","<a href=""https://www.imdb.com/title/tt0488604"" target=""_blank"">tt0488604</a>","<a href=""https://www.imdb.com/title/tt0488604"" target=""_blank"">The Oxford Murders</a>"
"tt0107843","Point of No Return",1993,4794,6.1,31247,109,"John Badham","Luc Besson, Robert Getchell, Alexandra Seros","Action, Crime, Drama","<a href=""https://www.imdb.com/title/tt0107843"" target=""_blank"">tt0107843</a>","<a href=""https://www.imdb.com/title/tt0107843"" target=""_blank"">Point of No Return</a>"
"tt0218817","Antitrust",2001,4795,6.1,30919,108,"Peter Howitt","Howard Franklin","Action, Crime, Drama","<a href=""https://www.imdb.com/title/tt0218817"" target=""_blank"">tt0218817</a>","<a href=""https://www.imdb.com/title/tt0218817"" target=""_blank"">Antitrust</a>"
"tt3706352","All the Old Knives",2022,4796,6.1,30684,101,"Janus Metz","Olen Steinhauer","Mystery, Thriller","<a href=""https://www.imdb.com/title/tt3706352"" target=""_blank"">tt3706352</a>","<a href=""https://www.imdb.com/title/tt3706352"" target=""_blank"">All the Old Knives</a>"
"tt0120901","Wrongfully Accused",1998,4797,6.1,30671,87,"Pat Proft","Pat Proft","Action, Comedy, Thriller","<a href=""https://www.imdb.com/title/tt0120901"" target=""_blank"">tt0120901</a>","<a href=""https://www.imdb.com/title/tt0120901"" target=""_blank"">Wrongfully Accused</a>"
"tt0396652","Ice Princess",2005,4798,6.1,30498,98,"Tim Fywell","Meg Cabot, Hadley Davis","Comedy, Drama, Family","<a href=""https://www.imdb.com/title/tt0396652"" target=""_blank"">tt0396652</a>","<a href=""https://www.imdb.com/title/tt0396652"" target=""_blank"">Ice Princess</a>"
"tt15163652","Thunivu",2023,4799,6.1,30410,146,"H. Vinoth","H. Vinoth","Action, Crime, Thriller","<a href=""https://www.imdb.com/title/tt15163652"" target=""_blank"">tt15163652</a>","<a href=""https://www.imdb.com/title/tt15163652"" target=""_blank"">Thunivu</a>"
"tt21830902","Upgraded",2024,4800,6.1,30255,104,"Carlson Young","Christine Lenig, Justin Matthews, Luke Spencer Roberts","Comedy, Romance","<a href=""https://www.imdb.com/title/tt21830902"" target=""_blank"">tt21830902</a>","<a href=""https://www.imdb.com/title/tt21830902"" target=""_blank"">Upgraded</a>"
"tt1767372","She's Funny That Way",2014,4801,6.1,30080,93,"Peter Bogdanovich","Louise Stratten, Peter Bogdanovich","Comedy, Drama","<a href=""https://www.imdb.com/title/tt1767372"" target=""_blank"">tt1767372</a>","<a href=""https://www.imdb.com/title/tt1767372"" target=""_blank"">She's Funny That Way</a>"
"tt0069089","Pink Flamingos",1972,4802,6,29792,93,"John Waters","John Waters","Comedy, Crime","<a href=""https://www.imdb.com/title/tt0069089"" target=""_blank"">tt0069089</a>","<a href=""https://www.imdb.com/title/tt0069089"" target=""_blank"">Pink Flamingos</a>"
"tt0092796","Creepshow 2",1987,4803,6,29748,92,"Michael Gornick","Stephen King, George A. Romero, Lucille Fletcher","Fantasy, Horror","<a href=""https://www.imdb.com/title/tt0092796"" target=""_blank"">tt0092796</a>","<a href=""https://www.imdb.com/title/tt0092796"" target=""_blank"">Creepshow 2</a>"
"tt28249919","Presence",2024,4804,6.1,29410,84,"Steven Soderbergh","David Koepp","Drama, Horror, Thriller","<a href=""https://www.imdb.com/title/tt28249919"" target=""_blank"">tt28249919</a>","<a href=""https://www.imdb.com/title/tt28249919"" target=""_blank"">Presence</a>"
"tt8672856","Tu Jhoothi Main Makkaar",2023,4805,6.1,29295,150,"Luv Ranjan","Rahul Mody, Luv Ranjan","Comedy, Romance","<a href=""https://www.imdb.com/title/tt8672856"" target=""_blank"">tt8672856</a>","<a href=""https://www.imdb.com/title/tt8672856"" target=""_blank"">Tu Jhoothi Main Makkaar</a>"
"tt0859635","Super Troopers 2",2018,4806,6,29275,99,"Jay Chandrasekhar","Jay Chandrasekhar, Kevin Heffernan, Steve Lemme, Paul Soter, Erik Stolhanske","Comedy, Crime, Mystery","<a href=""https://www.imdb.com/title/tt0859635"" target=""_blank"">tt0859635</a>","<a href=""https://www.imdb.com/title/tt0859635"" target=""_blank"">Super Troopers 2</a>"
"tt5080556","2.0",2018,4807,6,29256,148,"S. Shankar","Jayamohan, Lakshmi Saravanakumar, S. Shankar, Abbas Tyrewala","Action, Fantasy, Sci-Fi","<a href=""https://www.imdb.com/title/tt5080556"" target=""_blank"">tt5080556</a>","<a href=""https://www.imdb.com/title/tt5080556"" target=""_blank"">2.0</a>"
"tt0069945","Dark Star",1974,4808,6.1,29087,83,"John Carpenter","John Carpenter, Dan O'Bannon","Comedy, Sci-Fi","<a href=""https://www.imdb.com/title/tt0069945"" target=""_blank"">tt0069945</a>","<a href=""https://www.imdb.com/title/tt0069945"" target=""_blank"">Dark Star</a>"
"tt21188080","Lisa Frankenstein",2024,4809,6.1,28816,101,"Zelda Williams","Diablo Cody","Comedy, Horror, Romance","<a href=""https://www.imdb.com/title/tt21188080"" target=""_blank"">tt21188080</a>","<a href=""https://www.imdb.com/title/tt21188080"" target=""_blank"">Lisa Frankenstein</a>"
"tt32149847","Drop",2025,4810,6.1,28747,95,"Christopher Landon","Jillian Jacobs, Chris Roach","Drama, Mystery, Thriller","<a href=""https://www.imdb.com/title/tt32149847"" target=""_blank"">tt32149847</a>","<a href=""https://www.imdb.com/title/tt32149847"" target=""_blank"">Drop</a>"
"tt8851668","The Lovebirds",2020,4811,6.1,28614,86,"Michael Showalter","Aaron Abrams, Brendan Gall, Martin Gero","Action, Comedy, Crime","<a href=""https://www.imdb.com/title/tt8851668"" target=""_blank"">tt8851668</a>","<a href=""https://www.imdb.com/title/tt8851668"" target=""_blank"">The Lovebirds</a>"
"tt0111143","The Shadow",1994,4812,6.1,28302,108,"Russell Mulcahy","Walter B. Gibson, David Koepp","Action, Adventure, Crime","<a href=""https://www.imdb.com/title/tt0111143"" target=""_blank"">tt0111143</a>","<a href=""https://www.imdb.com/title/tt0111143"" target=""_blank"">The Shadow</a>"
"tt0244970","Someone Like You",2001,4813,6.1,28282,97,"Tony Goldwyn","Laura Zigman, Elizabeth Chandler","Comedy, Romance","<a href=""https://www.imdb.com/title/tt0244970"" target=""_blank"">tt0244970</a>","<a href=""https://www.imdb.com/title/tt0244970"" target=""_blank"">Someone Like You</a>"
"tt0104850","Memoirs of an Invisible Man",1992,4814,6,28194,99,"John Carpenter","H.F. Saint, Robert Collector, Dana Olsen, William Goldman","Comedy, Romance, Sci-Fi","<a href=""https://www.imdb.com/title/tt0104850"" target=""_blank"">tt0104850</a>","<a href=""https://www.imdb.com/title/tt0104850"" target=""_blank"">Memoirs of an Invisible Man</a>"
"tt1715873","10 Years",2011,4815,6.1,28156,100,"Jamie Linden","Jamie Linden","Comedy, Drama, Romance","<a href=""https://www.imdb.com/title/tt1715873"" target=""_blank"">tt1715873</a>","<a href=""https://www.imdb.com/title/tt1715873"" target=""_blank"">10 Years</a>"
"tt2402105","Dom Hemingway",2013,4816,6.1,27997,93,"Richard Shepard","Richard Shepard","Comedy, Crime, Drama","<a href=""https://www.imdb.com/title/tt2402105"" target=""_blank"">tt2402105</a>","<a href=""https://www.imdb.com/title/tt2402105"" target=""_blank"">Dom Hemingway</a>"
"tt10314450","Becky",2020,4817,6.1,27867,93,"Jonathan Milott, Cary Murnion","Ruckus Skye, Lane Skye, Nick Morris","Action, Crime, Drama","<a href=""https://www.imdb.com/title/tt10314450"" target=""_blank"">tt10314450</a>","<a href=""https://www.imdb.com/title/tt10314450"" target=""_blank"">Becky</a>"
"tt0089017","Desperately Seeking Susan",1985,4818,6.1,27750,104,"Susan Seidelman","Leora Barish","Comedy, Drama","<a href=""https://www.imdb.com/title/tt0089017"" target=""_blank"">tt0089017</a>","<a href=""https://www.imdb.com/title/tt0089017"" target=""_blank"">Desperately Seeking Susan</a>"
"tt9288692","Werewolves Within",2021,4819,6,27603,97,"Josh Ruben","Mishna Wolff","Comedy, Horror, Mystery","<a href=""https://www.imdb.com/title/tt9288692"" target=""_blank"">tt9288692</a>","<a href=""https://www.imdb.com/title/tt9288692"" target=""_blank"">Werewolves Within</a>"
"tt0004972","The Birth of a Nation",1915,4820,6.1,27563,195,"D.W. Griffith","Thomas Dixon Jr., D.W. Griffith, Frank E. Woods, Woodrow Wilson, John M. Hay, John G. Nicolay","Drama, War","<a href=""https://www.imdb.com/title/tt0004972"" target=""_blank"">tt0004972</a>","<a href=""https://www.imdb.com/title/tt0004972"" target=""_blank"">The Birth of a Nation</a>"
"tt1263750","Room in Rome",2010,4821,6,27424,107,"Julio Medem","Julio Rojas, Julio Medem, Katherine Fugate","Drama, Romance","<a href=""https://www.imdb.com/title/tt1263750"" target=""_blank"">tt1263750</a>","<a href=""https://www.imdb.com/title/tt1263750"" target=""_blank"">Room in Rome</a>"
"tt0269095","City by the Sea",2002,4822,6.1,27217,108,"Michael Caton-Jones","Mike McAlary, Ken Hixon","Crime, Drama, Mystery","<a href=""https://www.imdb.com/title/tt0269095"" target=""_blank"">tt0269095</a>","<a href=""https://www.imdb.com/title/tt0269095"" target=""_blank"">City by the Sea</a>"
"tt1047540","Parental Guidance",2012,4823,6,27188,105,"Andy Fickman","Lisa Addario, Joe Syracuse","Comedy, Family","<a href=""https://www.imdb.com/title/tt1047540"" target=""_blank"">tt1047540</a>","<a href=""https://www.imdb.com/title/tt1047540"" target=""_blank"">Parental Guidance</a>"
"tt0102614","Out for Justice",1991,4824,6.1,27082,91,"John Flynn","R. Lance Hill","Action, Crime, Drama","<a href=""https://www.imdb.com/title/tt0102614"" target=""_blank"">tt0102614</a>","<a href=""https://www.imdb.com/title/tt0102614"" target=""_blank"">Out for Justice</a>"
"tt0956038","Nights in Rodanthe",2008,4825,6,27005,97,"George C. Wolfe","Ann Peacock, John Romano, Nicholas Sparks","Drama, Romance","<a href=""https://www.imdb.com/title/tt0956038"" target=""_blank"">tt0956038</a>","<a href=""https://www.imdb.com/title/tt0956038"" target=""_blank"">Nights in Rodanthe</a>"
"tt1714208","The Woman",2011,4826,6,26958,103,"Lucky McKee","Jack Ketchum, Lucky McKee","Drama, Horror, Thriller","<a href=""https://www.imdb.com/title/tt1714208"" target=""_blank"">tt1714208</a>","<a href=""https://www.imdb.com/title/tt1714208"" target=""_blank"">The Woman</a>"
"tt2235108","Dear White People",2014,4827,6.1,26921,108,"Justin Simien","Justin Simien","Comedy, Drama, Romance","<a href=""https://www.imdb.com/title/tt2235108"" target=""_blank"">tt2235108</a>","<a href=""https://www.imdb.com/title/tt2235108"" target=""_blank"">Dear White People</a>"
"tt0113442","It Takes Two",1995,4828,6,26914,101,"Andy Tennant","Deborah Dean Davis","Comedy, Family, Romance","<a href=""https://www.imdb.com/title/tt0113442"" target=""_blank"">tt0113442</a>","<a href=""https://www.imdb.com/title/tt0113442"" target=""_blank"">It Takes Two</a>"
"tt6722400","Fast Charlie",2023,4829,6,26909,90,"Phillip Noyce","Richard Wenk, Victor Gischler","Action, Crime, Drama","<a href=""https://www.imdb.com/title/tt6722400"" target=""_blank"">tt6722400</a>","<a href=""https://www.imdb.com/title/tt6722400"" target=""_blank"">Fast Charlie</a>"
"tt0188453","Birthday Girl",2001,4830,6,26823,93,"Jez Butterworth","Tom Butterworth, Jez Butterworth","Comedy, Crime, Thriller","<a href=""https://www.imdb.com/title/tt0188453"" target=""_blank"">tt0188453</a>","<a href=""https://www.imdb.com/title/tt0188453"" target=""_blank"">Birthday Girl</a>"
"tt10229558","The Dark and the Wicked",2020,4831,6.1,26726,95,"Bryan Bertino","Bryan Bertino","Horror","<a href=""https://www.imdb.com/title/tt10229558"" target=""_blank"">tt10229558</a>","<a href=""https://www.imdb.com/title/tt10229558"" target=""_blank"">The Dark and the Wicked</a>"
"tt0452624","The Good German",2006,4832,6,26639,105,"Steven Soderbergh","Paul Attanasio, Joseph Kanon","Drama, Mystery, Romance","<a href=""https://www.imdb.com/title/tt0452624"" target=""_blank"">tt0452624</a>","<a href=""https://www.imdb.com/title/tt0452624"" target=""_blank"">The Good German</a>"
"tt0280380","Trapped",2002,4833,6.1,26542,106,"Luis Mandoki","Greg Iles","Action, Crime, Drama","<a href=""https://www.imdb.com/title/tt0280380"" target=""_blank"">tt0280380</a>","<a href=""https://www.imdb.com/title/tt0280380"" target=""_blank"">Trapped</a>"
"tt0108171","Sniper",1993,4834,6.1,26354,98,"Luis Llosa","Michael Frost Beckner, Crash Leyland","Action, Thriller, War","<a href=""https://www.imdb.com/title/tt0108171"" target=""_blank"">tt0108171</a>","<a href=""https://www.imdb.com/title/tt0108171"" target=""_blank"">Sniper</a>"
"tt0118556","Addicted to Love",1997,4835,6.1,26341,100,"Griffin Dunne","Robert Gordon","Comedy, Romance","<a href=""https://www.imdb.com/title/tt0118556"" target=""_blank"">tt0118556</a>","<a href=""https://www.imdb.com/title/tt0118556"" target=""_blank"">Addicted to Love</a>"
"tt0405676","All the King's Men",2006,4836,6.1,26205,128,"Steven Zaillian","Steven Zaillian, Robert Penn Warren","Drama, Thriller","<a href=""https://www.imdb.com/title/tt0405676"" target=""_blank"">tt0405676</a>","<a href=""https://www.imdb.com/title/tt0405676"" target=""_blank"">All the King's Men</a>"
"tt2398241","Smurfs: The Lost Village",2017,4837,6,26097,90,"Kelly Asbury","Stacey Harman, Pamela Ribon, Peyo","Adventure, Animation, Comedy","<a href=""https://www.imdb.com/title/tt2398241"" target=""_blank"">tt2398241</a>","<a href=""https://www.imdb.com/title/tt2398241"" target=""_blank"">Smurfs: The Lost Village</a>"
"tt0097481","Harlem Nights",1989,4838,6.1,26075,116,"Eddie Murphy","Eddie Murphy","Comedy, Crime, Drama","<a href=""https://www.imdb.com/title/tt0097481"" target=""_blank"">tt0097481</a>","<a href=""https://www.imdb.com/title/tt0097481"" target=""_blank"">Harlem Nights</a>"
"tt2944198","Backcountry",2014,4839,6,26063,92,"Adam MacDonald","Adam MacDonald","Adventure, Drama, Horror","<a href=""https://www.imdb.com/title/tt2944198"" target=""_blank"">tt2944198</a>","<a href=""https://www.imdb.com/title/tt2944198"" target=""_blank"">Backcountry</a>"
"tt1984153","Excision",2012,4840,6.1,25988,81,"Richard Bates Jr.","Richard Bates Jr.","Comedy, Drama, Horror","<a href=""https://www.imdb.com/title/tt1984153"" target=""_blank"">tt1984153</a>","<a href=""https://www.imdb.com/title/tt1984153"" target=""_blank"">Excision</a>"
"tt1763264","No One Lives",2012,4841,6,25911,86,"Ryûhei Kitamura","David Cohen","Horror, Thriller","<a href=""https://www.imdb.com/title/tt1763264"" target=""_blank"">tt1763264</a>","<a href=""https://www.imdb.com/title/tt1763264"" target=""_blank"">No One Lives</a>"
"tt20225374","Vesper",2022,4842,6,25790,114,"Kristina Buozyte, Bruno Samper","Bruno Samper, Kristina Buozyte, Brian Clark","Adventure, Drama, Sci-Fi","<a href=""https://www.imdb.com/title/tt20225374"" target=""_blank"">tt20225374</a>","<a href=""https://www.imdb.com/title/tt20225374"" target=""_blank"">Vesper</a>"
"tt0104839","Medicine Man",1992,4843,6,25669,106,"John McTiernan","Tom Schulman, Sally Robinson","Adventure, Drama, Romance","<a href=""https://www.imdb.com/title/tt0104839"" target=""_blank"">tt0104839</a>","<a href=""https://www.imdb.com/title/tt0104839"" target=""_blank"">Medicine Man</a>"
"tt1826590","About Last Night",2014,4844,6,25604,100,"Steve Pink","Leslye Headland, Tim Kazurinsky, Denise DeClue, David Mamet","Comedy, Romance","<a href=""https://www.imdb.com/title/tt1826590"" target=""_blank"">tt1826590</a>","<a href=""https://www.imdb.com/title/tt1826590"" target=""_blank"">About Last Night</a>"
"tt0098625","We're No Angels",1989,4845,6.1,25537,106,"Neil Jordan","David Mamet, Ranald MacDougall, Albert Husson, Sam Spewack, Bella Spewack","Comedy, Crime","<a href=""https://www.imdb.com/title/tt0098625"" target=""_blank"">tt0098625</a>","<a href=""https://www.imdb.com/title/tt0098625"" target=""_blank"">We're No Angels</a>"
"tt1424310","Chinese Zodiac",2012,4846,6,25510,109,"Jackie Chan","Frankie Chan, Jackie Chan, Cherryyoko, Edward Tang, Stanley Tong","Action, Adventure, Comedy","<a href=""https://www.imdb.com/title/tt1424310"" target=""_blank"">tt1424310</a>","<a href=""https://www.imdb.com/title/tt1424310"" target=""_blank"">Chinese Zodiac</a>"
"tt0160916","The Story of Us",1999,4847,6,25504,95,"Rob Reiner","Alan Zweibel, Jessie Nelson","Comedy, Drama, Romance","<a href=""https://www.imdb.com/title/tt0160916"" target=""_blank"">tt0160916</a>","<a href=""https://www.imdb.com/title/tt0160916"" target=""_blank"">The Story of Us</a>"
"tt3623726","Ricki and the Flash",2015,4848,6,25500,101,"Jonathan Demme","Diablo Cody","Comedy, Drama, Music","<a href=""https://www.imdb.com/title/tt3623726"" target=""_blank"">tt3623726</a>","<a href=""https://www.imdb.com/title/tt3623726"" target=""_blank"">Ricki and the Flash</a>"
"tt0323033","Laws of Attraction",2004,4849,5.9,25327,90,"Peter Howitt","Aline Brosh McKenna, Robert Harling","Comedy, Romance","<a href=""https://www.imdb.com/title/tt0323033"" target=""_blank"">tt0323033</a>","<a href=""https://www.imdb.com/title/tt0323033"" target=""_blank"">Laws of Attraction</a>"
"tt1542768","True Memoirs of an International Assassin",2016,4850,5.9,25169,98,"Jeff Wadlow","Jeff Morris, Jeff Wadlow","Action, Comedy, Crime","<a href=""https://www.imdb.com/title/tt1542768"" target=""_blank"">tt1542768</a>","<a href=""https://www.imdb.com/title/tt1542768"" target=""_blank"">True Memoirs of an International Assassin</a>"
"tt0092666","Blind Date",1987,4851,5.9,25151,95,"Blake Edwards","Dale Launer, Blake Edwards, Leslie Dixon, Michael Alan Eddy, Tom Ropelewski","Comedy, Romance","<a href=""https://www.imdb.com/title/tt0092666"" target=""_blank"">tt0092666</a>","<a href=""https://www.imdb.com/title/tt0092666"" target=""_blank"">Blind Date</a>"
"tt28443655","Death of a Unicorn",2025,4852,5.9,25044,107,"Alex Scharfman","Alex Scharfman","Comedy, Fantasy, Horror","<a href=""https://www.imdb.com/title/tt28443655"" target=""_blank"">tt28443655</a>","<a href=""https://www.imdb.com/title/tt28443655"" target=""_blank"">Death of a Unicorn</a>"
"tt0120915","Star Wars: Episode I - The Phantom Menace",1999,4853,6.5,897532,136,"George Lucas","George Lucas","Action, Adventure, Fantasy","<a href=""https://www.imdb.com/title/tt0120915"" target=""_blank"">tt0120915</a>","<a href=""https://www.imdb.com/title/tt0120915"" target=""_blank"">Star Wars: Episode I - The Phantom Menace</a>"
"tt0356910","Mr. & Mrs. Smith",2005,4854,6.5,570765,120,"Doug Liman","Simon Kinberg","Action, Comedy, Crime","<a href=""https://www.imdb.com/title/tt0356910"" target=""_blank"">tt0356910</a>","<a href=""https://www.imdb.com/title/tt0356910"" target=""_blank"">Mr. & Mrs. Smith</a>"
"tt1411697","The Hangover Part II",2011,4855,6.5,558936,102,"Todd Phillips","Craig Mazin, Scot Armstrong, Todd Phillips, Jon Lucas, Scott Moore","Comedy","<a href=""https://www.imdb.com/title/tt1411697"" target=""_blank"">tt1411697</a>","<a href=""https://www.imdb.com/title/tt1411697"" target=""_blank"">The Hangover Part II</a>"
"tt0458525","X-Men Origins: Wolverine",2009,4856,6.5,556347,107,"Gavin Hood","David Benioff, Skip Woods","Action, Sci-Fi","<a href=""https://www.imdb.com/title/tt0458525"" target=""_blank"">tt0458525</a>","<a href=""https://www.imdb.com/title/tt0458525"" target=""_blank"">X-Men Origins: Wolverine</a>"
"tt0319262","The Day After Tomorrow",2004,4857,6.5,498737,124,"Roland Emmerich","Roland Emmerich, Jeffrey Nachmanoff","Action, Adventure, Sci-Fi","<a href=""https://www.imdb.com/title/tt0319262"" target=""_blank"">tt0319262</a>","<a href=""https://www.imdb.com/title/tt0319262"" target=""_blank"">The Day After Tomorrow</a>"
"tt0830515","Quantum of Solace",2008,4858,6.5,484388,106,"Marc Forster","Paul Haggis, Neal Purvis, Robert Wade","Action, Adventure, Mystery","<a href=""https://www.imdb.com/title/tt0830515"" target=""_blank"">tt0830515</a>","<a href=""https://www.imdb.com/title/tt0830515"" target=""_blank"">Quantum of Solace</a>"
"tt0349903","Ocean's Twelve",2004,4859,6.5,428404,125,"Steven Soderbergh","George Nolfi, George Clayton Johnson, Jack Golden Russell","Crime, Thriller","<a href=""https://www.imdb.com/title/tt0349903"" target=""_blank"">tt0349903</a>","<a href=""https://www.imdb.com/title/tt0349903"" target=""_blank"">Ocean's Twelve</a>"
"tt1632708","Friends with Benefits",2011,4860,6.5,410543,109,"Will Gluck","Keith Merryman, David A. Newman, Will Gluck, Harley Peyton","Comedy, Romance","<a href=""https://www.imdb.com/title/tt1632708"" target=""_blank"">tt1632708</a>","<a href=""https://www.imdb.com/title/tt1632708"" target=""_blank"">Friends with Benefits</a>"
"tt0477347","Night at the Museum",2006,4861,6.5,395352,108,"Shawn Levy","Robert Ben Garant, Thomas Lennon, Milan Trenc","Adventure, Comedy, Family","<a href=""https://www.imdb.com/title/tt0477347"" target=""_blank"">tt0477347</a>","<a href=""https://www.imdb.com/title/tt0477347"" target=""_blank"">Night at the Museum</a>"
"tt0438488","Terminator Salvation",2009,4862,6.5,386683,115,"McG","John Brancato, Michael Ferris","Action, Adventure, Sci-Fi","<a href=""https://www.imdb.com/title/tt0438488"" target=""_blank"">tt0438488</a>","<a href=""https://www.imdb.com/title/tt0438488"" target=""_blank"">Terminator Salvation</a>"
"tt1320253","The Expendables",2010,4863,6.4,373907,103,"Sylvester Stallone","Dave Callaham, Sylvester Stallone","Action, Adventure, Thriller","<a href=""https://www.imdb.com/title/tt1320253"" target=""_blank"">tt1320253</a>","<a href=""https://www.imdb.com/title/tt1320253"" target=""_blank"">The Expendables</a>"
"tt0389860","Click",2006,4864,6.4,373196,107,"Frank Coraci","Steve Koren, Mark O'Keefe","Comedy, Drama, Fantasy","<a href=""https://www.imdb.com/title/tt0389860"" target=""_blank"">tt0389860</a>","<a href=""https://www.imdb.com/title/tt0389860"" target=""_blank"">Click</a>"
"tt2788710","The Interview",2014,4865,6.5,368239,112,"Evan Goldberg, Seth Rogen","Dan Sterling, Seth Rogen, Evan Goldberg","Action, Adventure, Comedy","<a href=""https://www.imdb.com/title/tt2788710"" target=""_blank"">tt2788710</a>","<a href=""https://www.imdb.com/title/tt2788710"" target=""_blank"">The Interview</a>"
"tt1790809","Pirates of the Caribbean: Dead Men Tell No Tales",2017,4866,6.5,368217,129,"Joachim Rønning, Espen Sandberg","Jeff Nathanson, Terry Rossio, Ted Elliott, Stuart Beattie, Jay Wolpert","Action, Adventure, Fantasy","<a href=""https://www.imdb.com/title/tt1790809"" target=""_blank"">tt1790809</a>","<a href=""https://www.imdb.com/title/tt1790809"" target=""_blank"">Pirates of the Caribbean: Dead Men Tell No Tales</a>"
"tt1231583","Due Date",2010,4867,6.5,365931,95,"Todd Phillips","Alan R. Cohen, Alan Freedland, Adam Sztykiel, Todd Phillips","Comedy, Drama","<a href=""https://www.imdb.com/title/tt1231583"" target=""_blank"">tt1231583</a>","<a href=""https://www.imdb.com/title/tt1231583"" target=""_blank"">Due Date</a>"
"tt0209163","The Mummy Returns",2001,4868,6.4,358815,130,"Stephen Sommers","Stephen Sommers","Action, Adventure, Fantasy","<a href=""https://www.imdb.com/title/tt0209163"" target=""_blank"">tt0209163</a>","<a href=""https://www.imdb.com/title/tt0209163"" target=""_blank"">The Mummy Returns</a>"
"tt1645170","The Dictator",2012,4869,6.5,352545,83,"Larry Charles","Sacha Baron Cohen, Alec Berg, David Mandel, Jeff Schaffer","Comedy","<a href=""https://www.imdb.com/title/tt1645170"" target=""_blank"">tt1645170</a>","<a href=""https://www.imdb.com/title/tt1645170"" target=""_blank"">The Dictator</a>"
"tt0103644","Alien³",1992,4870,6.4,341879,114,"David Fincher","Dan O'Bannon, Ronald Shusett, Vincent Ward, David Giler, Walter Hill, Larry Ferguson","Action, Horror, Sci-Fi","<a href=""https://www.imdb.com/title/tt0103644"" target=""_blank"">tt0103644</a>","<a href=""https://www.imdb.com/title/tt0103644"" target=""_blank"">Alien³</a>"
"tt3110958","Now You See Me 2",2016,4871,6.4,340917,129,"Jon M. Chu","Ed Solomon, Peter Chiarelli, Boaz Yakin, Edward Ricourt","Action, Adventure, Comedy","<a href=""https://www.imdb.com/title/tt3110958"" target=""_blank"">tt3110958</a>","<a href=""https://www.imdb.com/title/tt3110958"" target=""_blank"">Now You See Me 2</a>"
"tt0944835","Salt",2010,4872,6.5,338096,100,"Phillip Noyce","Kurt Wimmer","Action, Thriller","<a href=""https://www.imdb.com/title/tt0944835"" target=""_blank"">tt0944835</a>","<a href=""https://www.imdb.com/title/tt0944835"" target=""_blank"">Salt</a>"
"tt2316204","Alien: Covenant",2017,4873,6.4,331360,122,"Ridley Scott","Dan O'Bannon, Ronald Shusett, Jack Paglen, Michael Green, John Logan, Dante Harper","Horror, Sci-Fi, Thriller","<a href=""https://www.imdb.com/title/tt2316204"" target=""_blank"">tt2316204</a>","<a href=""https://www.imdb.com/title/tt2316204"" target=""_blank"">Alien: Covenant</a>"
"tt0170016","How the Grinch Stole Christmas",2000,4874,6.4,313361,104,"Ron Howard","Dr. Seuss, Jeffrey Price, Peter S. Seaman","Comedy, Family, Fantasy","<a href=""https://www.imdb.com/title/tt0170016"" target=""_blank"">tt0170016</a>","<a href=""https://www.imdb.com/title/tt0170016"" target=""_blank"">How the Grinch Stole Christmas</a>"
"tt1564367","Just Go with It",2011,4875,6.4,279273,117,"Dennis Dugan","Allan Loeb, Timothy Dowling, I.A.L. Diamond, Abe Burrows, Pierre Barillet, Jean-Pierre Grédy","Comedy, Romance","<a href=""https://www.imdb.com/title/tt1564367"" target=""_blank"">tt1564367</a>","<a href=""https://www.imdb.com/title/tt1564367"" target=""_blank"">Just Go with It</a>"
"tt2293640","Minions",2015,4876,6.4,274526,91,"Kyle Balda, Pierre Coffin","Brian Lynch","Adventure, Animation, Comedy","<a href=""https://www.imdb.com/title/tt2293640"" target=""_blank"">tt2293640</a>","<a href=""https://www.imdb.com/title/tt2293640"" target=""_blank"">Minions</a>"
"tt1424381","Predators",2010,4877,6.4,254032,107,"Nimród Antal","Alex Litvak, Michael Finch, Jim Thomas, John Thomas","Action, Adventure, Sci-Fi","<a href=""https://www.imdb.com/title/tt1424381"" target=""_blank"">tt1424381</a>","<a href=""https://www.imdb.com/title/tt1424381"" target=""_blank"">Predators</a>"
"tt0116996","Mars Attacks!",1996,4878,6.4,253011,106,"Tim Burton","Len Brown, Woody Gelman, Wally Wood, Bob Powell, Norman Saunders, Jonathan Gems","Comedy, Sci-Fi","<a href=""https://www.imdb.com/title/tt0116996"" target=""_blank"">tt0116996</a>","<a href=""https://www.imdb.com/title/tt0116996"" target=""_blank"">Mars Attacks!</a>"
"tt1210819","The Lone Ranger",2013,4879,6.4,249314,150,"Gore Verbinski","Justin Haythe, Ted Elliott, Terry Rossio","Action, Adventure, Drama","<a href=""https://www.imdb.com/title/tt1210819"" target=""_blank"">tt1210819</a>","<a href=""https://www.imdb.com/title/tt1210819"" target=""_blank"">The Lone Ranger</a>"
"tt0142342","Big Daddy",1999,4880,6.4,244105,93,"Dennis Dugan","Steve Franks, Tim Herlihy, Adam Sandler","Comedy, Drama","<a href=""https://www.imdb.com/title/tt0142342"" target=""_blank"">tt0142342</a>","<a href=""https://www.imdb.com/title/tt0142342"" target=""_blank"">Big Daddy</a>"
"tt0112281","Ace Ventura: When Nature Calls",1995,4881,6.4,242747,90,"Steve Oedekerk","Jack Bernstein, Steve Oedekerk","Adventure, Comedy, Crime","<a href=""https://www.imdb.com/title/tt0112281"" target=""_blank"">tt0112281</a>","<a href=""https://www.imdb.com/title/tt0112281"" target=""_blank"">Ace Ventura: When Nature Calls</a>"
"tt1142988","The Ugly Truth",2009,4882,6.4,237148,96,"Robert Luketic","Nicole Eastman, Karen McCullah, Kirsten Smith","Comedy, Romance","<a href=""https://www.imdb.com/title/tt1142988"" target=""_blank"">tt1142988</a>","<a href=""https://www.imdb.com/title/tt1142988"" target=""_blank"">The Ugly Truth</a>"
"tt1980209","Pain & Gain",2013,4883,6.4,236672,129,"Michael Bay","Christopher Markus, Stephen McFeely, Pete Collins","Action, Biography, Comedy","<a href=""https://www.imdb.com/title/tt1980209"" target=""_blank"">tt1980209</a>","<a href=""https://www.imdb.com/title/tt1980209"" target=""_blank"">Pain & Gain</a>"
"tt12747748","Leave the World Behind",2023,4884,6.4,231370,138,"Sam Esmail","Rumaan Alam, Sam Esmail","Drama, Mystery, Thriller","<a href=""https://www.imdb.com/title/tt12747748"" target=""_blank"">tt12747748</a>","<a href=""https://www.imdb.com/title/tt12747748"" target=""_blank"">Leave the World Behind</a>"
"tt0974661","17 Again",2009,4885,6.4,225605,102,"Burr Steers","Jason Filardi","Comedy, Drama, Fantasy","<a href=""https://www.imdb.com/title/tt0974661"" target=""_blank"">tt0974661</a>","<a href=""https://www.imdb.com/title/tt0974661"" target=""_blank"">17 Again</a>"
"tt0452608","Death Race",2008,4886,6.4,224685,105,"Paul W.S. Anderson","Paul W.S. Anderson, Robert Thom, Charles B. Griffith, Ib Melchior","Action, Sci-Fi, Thriller","<a href=""https://www.imdb.com/title/tt0452608"" target=""_blank"">tt0452608</a>","<a href=""https://www.imdb.com/title/tt0452608"" target=""_blank"">Death Race</a>"
"tt0481369","The Number 23",2007,4887,6.4,218016,98,"Joel Schumacher","Fernley Phillips","Crime, Mystery, Thriller","<a href=""https://www.imdb.com/title/tt0481369"" target=""_blank"">tt0481369</a>","<a href=""https://www.imdb.com/title/tt0481369"" target=""_blank"">The Number 23</a>"
"tt0143145","The World Is Not Enough",1999,4888,6.4,215437,128,"Michael Apted","Neal Purvis, Robert Wade, Bruce Feirstein, Ian Fleming","Action, Adventure, Thriller","<a href=""https://www.imdb.com/title/tt0143145"" target=""_blank"">tt0143145</a>","<a href=""https://www.imdb.com/title/tt0143145"" target=""_blank"">The World Is Not Enough</a>"
"tt1111422","The Taking of Pelham 123",2009,4889,6.4,213420,106,"Tony Scott","Brian Helgeland, John Godey","Action, Crime, Thriller","<a href=""https://www.imdb.com/title/tt1111422"" target=""_blank"">tt1111422</a>","<a href=""https://www.imdb.com/title/tt1111422"" target=""_blank"">The Taking of Pelham 123</a>"
"tt0366548","Happy Feet",2006,4890,6.4,207763,108,"George Miller, Warren Coleman, Judy Morris","George Miller, John Collee, Judy Morris, Warren Coleman","Adventure, Animation, Comedy","<a href=""https://www.imdb.com/title/tt0366548"" target=""_blank"">tt0366548</a>","<a href=""https://www.imdb.com/title/tt0366548"" target=""_blank"">Happy Feet</a>"
"tt2239822","Valerian and the City of a Thousand Planets",2017,4891,6.4,204787,136,"Luc Besson","Pierre Christin, Jean-Claude Mézières, Luc Besson","Action, Adventure, Fantasy","<a href=""https://www.imdb.com/title/tt2239822"" target=""_blank"">tt2239822</a>","<a href=""https://www.imdb.com/title/tt2239822"" target=""_blank"">Valerian and the City of a Thousand Planets</a>"
"tt0398165","The Longest Yard",2005,4892,6.4,204016,113,"Peter Segal","Albert S. Ruddy, Tracy Keenan Wynn, Sheldon Turner","Comedy, Crime, Sport","<a href=""https://www.imdb.com/title/tt0398165"" target=""_blank"">tt0398165</a>","<a href=""https://www.imdb.com/title/tt0398165"" target=""_blank"">The Longest Yard</a>"
"tt1596365","The Woman in Black",2012,4893,6.4,197009,95,"James Watkins","Susan Hill, Jane Goldman","Drama, Fantasy, Horror","<a href=""https://www.imdb.com/title/tt1596365"" target=""_blank"">tt1596365</a>","<a href=""https://www.imdb.com/title/tt1596365"" target=""_blank"">The Woman in Black</a>"
"tt1964418","Tomorrowland",2015,4894,6.4,196289,130,"Brad Bird","Damon Lindelof, Brad Bird, Jeff Jensen","Action, Adventure, Family","<a href=""https://www.imdb.com/title/tt1964418"" target=""_blank"">tt1964418</a>","<a href=""https://www.imdb.com/title/tt1964418"" target=""_blank"">Tomorrowland</a>"
"tt1231587","Hot Tub Time Machine",2010,4895,6.4,193014,99,"Steve Pink","Josh Heald, Sean Anders, John Morris","Comedy, Sci-Fi","<a href=""https://www.imdb.com/title/tt1231587"" target=""_blank"">tt1231587</a>","<a href=""https://www.imdb.com/title/tt1231587"" target=""_blank"">Hot Tub Time Machine</a>"
"tt0454841","The Hills Have Eyes",2006,4896,6.4,190887,107,"Alexandre Aja","Wes Craven, Alexandre Aja, Grégory Levasseur","Horror, Thriller","<a href=""https://www.imdb.com/title/tt0454841"" target=""_blank"">tt0454841</a>","<a href=""https://www.imdb.com/title/tt0454841"" target=""_blank"">The Hills Have Eyes</a>"
"tt1001508","He's Just Not That Into You",2009,4897,6.4,189108,129,"Ken Kwapis","Abby Kohn, Marc Silverstein, Greg Behrendt, Liz Tuccillo","Comedy, Drama, Romance","<a href=""https://www.imdb.com/title/tt1001508"" target=""_blank"">tt1001508</a>","<a href=""https://www.imdb.com/title/tt1001508"" target=""_blank"">He's Just Not That Into You</a>"
"tt0454945","She's the Man",2006,4898,6.4,185355,105,"Andy Fickman","Ewan Leslie, Karen McCullah, Kirsten Smith","Comedy, Romance, Sport","<a href=""https://www.imdb.com/title/tt0454945"" target=""_blank"">tt0454945</a>","<a href=""https://www.imdb.com/title/tt0454945"" target=""_blank"">She's the Man</a>"
"tt0892782","Monsters vs. Aliens",2009,4899,6.4,183484,94,"Rob Letterman, Conrad Vernon","Maya Forbes, Wallace Wolodarsky, Rob Letterman, Jonathan Aibel, Glenn Berger, Conrad Vernon","Action, Adventure, Animation","<a href=""https://www.imdb.com/title/tt0892782"" target=""_blank"">tt0892782</a>","<a href=""https://www.imdb.com/title/tt0892782"" target=""_blank"">Monsters vs. Aliens</a>"
"tt2369135","Need for Speed",2014,4900,6.4,183425,132,"Scott Waugh","George Gatins, John Gatins","Action, Crime, Drama","<a href=""https://www.imdb.com/title/tt2369135"" target=""_blank"">tt2369135</a>","<a href=""https://www.imdb.com/title/tt2369135"" target=""_blank"">Need for Speed</a>"
"tt1411250","Riddick",2013,4901,6.4,183107,119,"David Twohy","David Twohy, Jim Wheat, Ken Wheat","Action, Adventure, Sci-Fi","<a href=""https://www.imdb.com/title/tt1411250"" target=""_blank"">tt1411250</a>","<a href=""https://www.imdb.com/title/tt1411250"" target=""_blank"">Riddick</a>"
"tt0330793","The Punisher",2004,4902,6.4,176651,124,"Jonathan Hensleigh","Jonathan Hensleigh, Michael France","Action, Crime, Drama","<a href=""https://www.imdb.com/title/tt0330793"" target=""_blank"">tt0330793</a>","<a href=""https://www.imdb.com/title/tt0330793"" target=""_blank"">The Punisher</a>"
"tt2848292","Pitch Perfect 2",2015,4903,6.4,175986,115,"Elizabeth Banks","Kay Cannon, Mickey Rapkin","Comedy, Music","<a href=""https://www.imdb.com/title/tt2848292"" target=""_blank"">tt2848292</a>","<a href=""https://www.imdb.com/title/tt2848292"" target=""_blank"">Pitch Perfect 2</a>"
"tt0247638","The Princess Diaries",2001,4904,6.4,174608,115,"Garry Marshall","Meg Cabot, Gina Wendkos","Comedy, Family, Romance","<a href=""https://www.imdb.com/title/tt0247638"" target=""_blank"">tt0247638</a>","<a href=""https://www.imdb.com/title/tt0247638"" target=""_blank"">The Princess Diaries</a>"
"tt0097523","Honey, I Shrunk the Kids",1989,4905,6.4,172585,93,"Joe Johnston","Stuart Gordon, Brian Yuzna, Ed Naha, Tom Schulman","Adventure, Comedy, Family","<a href=""https://www.imdb.com/title/tt0097523"" target=""_blank"">tt0097523</a>","<a href=""https://www.imdb.com/title/tt0097523"" target=""_blank"">Honey, I Shrunk the Kids</a>"
"tt0358082","Robots",2005,4906,6.4,169693,91,"Chris Wedge, Carlos Saldanha","David Lindsay-Abaire, Lowell Ganz, Babaloo Mandel, Ron Mita, Jim McClain","Adventure, Animation, Comedy","<a href=""https://www.imdb.com/title/tt0358082"" target=""_blank"">tt0358082</a>","<a href=""https://www.imdb.com/title/tt0358082"" target=""_blank"">Robots</a>"
"tt2975578","The Purge: Anarchy",2014,4907,6.4,168634,103,"James DeMonaco","James DeMonaco","Action, Horror, Sci-Fi","<a href=""https://www.imdb.com/title/tt2975578"" target=""_blank"">tt2975578</a>","<a href=""https://www.imdb.com/title/tt2975578"" target=""_blank"">The Purge: Anarchy</a>"
"tt0080761","Friday the 13th",1980,4908,6.4,167796,95,"Sean S. Cunningham","Victor Miller, Ron Kurz","Horror, Mystery, Thriller","<a href=""https://www.imdb.com/title/tt0080761"" target=""_blank"">tt0080761</a>","<a href=""https://www.imdb.com/title/tt0080761"" target=""_blank"">Friday the 13th</a>"
"tt0112508","Billy Madison",1995,4909,6.4,162832,89,"Tamra Davis","Tim Herlihy, Adam Sandler","Comedy","<a href=""https://www.imdb.com/title/tt0112508"" target=""_blank"">tt0112508</a>","<a href=""https://www.imdb.com/title/tt0112508"" target=""_blank"">Billy Madison</a>"
"tt0119738","My Best Friend's Wedding",1997,4910,6.4,162044,105,"P.J. Hogan","Ron Bass","Comedy, Drama, Romance","<a href=""https://www.imdb.com/title/tt0119738"" target=""_blank"">tt0119738</a>","<a href=""https://www.imdb.com/title/tt0119738"" target=""_blank"">My Best Friend's Wedding</a>"
"tt0421239","Red Eye",2005,4911,6.4,156803,85,"Wes Craven","Carl Ellsworth, Dan Foos","Thriller","<a href=""https://www.imdb.com/title/tt0421239"" target=""_blank"">tt0421239</a>","<a href=""https://www.imdb.com/title/tt0421239"" target=""_blank"">Red Eye</a>"
"tt0103855","The Bodyguard",1992,4912,6.4,154535,129,"Mick Jackson","Lawrence Kasdan","Drama, Music, Romance","<a href=""https://www.imdb.com/title/tt0103855"" target=""_blank"">tt0103855</a>","<a href=""https://www.imdb.com/title/tt0103855"" target=""_blank"">The Bodyguard</a>"
"tt9893250","I Care a Lot",2020,4913,6.4,154510,118,"J Blakeson","J Blakeson","Comedy, Crime, Drama","<a href=""https://www.imdb.com/title/tt9893250"" target=""_blank"">tt9893250</a>","<a href=""https://www.imdb.com/title/tt9893250"" target=""_blank"">I Care a Lot</a>"
"tt1058017","The Invention of Lying",2009,4914,6.4,154220,100,"Ricky Gervais, Matthew Robinson","Ricky Gervais, Matthew Robinson","Comedy, Fantasy, Romance","<a href=""https://www.imdb.com/title/tt1058017"" target=""_blank"">tt1058017</a>","<a href=""https://www.imdb.com/title/tt1058017"" target=""_blank"">The Invention of Lying</a>"
"tt5886046","Escape Room",2019,4915,6.4,152074,99,"Adam Robitel","Bragi F. Schut, Maria Melnik","Action, Adventure, Horror","<a href=""https://www.imdb.com/title/tt5886046"" target=""_blank"">tt5886046</a>","<a href=""https://www.imdb.com/title/tt5886046"" target=""_blank"">Escape Room</a>"
"tt0815236","She's Out of My League",2010,4916,6.4,149942,104,"Jim Field Smith","Sean Anders, John Morris","Comedy, Romance","<a href=""https://www.imdb.com/title/tt0815236"" target=""_blank"">tt0815236</a>","<a href=""https://www.imdb.com/title/tt0815236"" target=""_blank"">She's Out of My League</a>"
"tt7737786","Greenland",2020,4917,6.4,147508,119,"Ric Roman Waugh","Chris Sparling","Action, Thriller","<a href=""https://www.imdb.com/title/tt7737786"" target=""_blank"">tt7737786</a>","<a href=""https://www.imdb.com/title/tt7737786"" target=""_blank"">Greenland</a>"
"tt0384793","Accepted",2006,4918,6.4,143096,93,"Steve Pink","Mark Perez, Adam Cooper, Bill Collage","Comedy","<a href=""https://www.imdb.com/title/tt0384793"" target=""_blank"">tt0384793</a>","<a href=""https://www.imdb.com/title/tt0384793"" target=""_blank"">Accepted</a>"
"tt1924435","Let's Be Cops",2014,4919,6.4,142449,104,"Luke Greenfield","Luke Greenfield, Nicholas Thomas","Action, Comedy, Crime","<a href=""https://www.imdb.com/title/tt1924435"" target=""_blank"">tt1924435</a>","<a href=""https://www.imdb.com/title/tt1924435"" target=""_blank"">Let's Be Cops</a>"
"tt17663992","Scream VI",2023,4920,6.4,139488,122,"Matt Bettinelli-Olpin, Tyler Gillett","James Vanderbilt, Guy Busick, Kevin Williamson","Horror, Mystery, Thriller","<a href=""https://www.imdb.com/title/tt17663992"" target=""_blank"">tt17663992</a>","<a href=""https://www.imdb.com/title/tt17663992"" target=""_blank"">Scream VI</a>"
"tt0453451","Mr. Bean's Holiday",2007,4921,6.4,138695,90,"Steve Bendelack","Rowan Atkinson, Richard Curtis, Simon McBurney, Hamish McColl, Robin Driscoll","Comedy, Family","<a href=""https://www.imdb.com/title/tt0453451"" target=""_blank"">tt0453451</a>","<a href=""https://www.imdb.com/title/tt0453451"" target=""_blank"">Mr. Bean's Holiday</a>"
"tt1448755","Killer Elite",2011,4922,6.4,138532,116,"Gary McKendry","Matt Sherring, Ranulph Fiennes","Action, Crime, Thriller","<a href=""https://www.imdb.com/title/tt1448755"" target=""_blank"">tt1448755</a>","<a href=""https://www.imdb.com/title/tt1448755"" target=""_blank"">Killer Elite</a>"
"tt0433362","Daybreakers",2009,4923,6.4,138470,98,"Michael Spierig, Peter Spierig","Michael Spierig, Peter Spierig","Action, Horror, Sci-Fi","<a href=""https://www.imdb.com/title/tt0433362"" target=""_blank"">tt0433362</a>","<a href=""https://www.imdb.com/title/tt0433362"" target=""_blank"">Daybreakers</a>"
"tt1482459","The Lorax",2012,4924,6.4,137734,86,"Chris Renaud, Kyle Balda","Dr. Seuss, Cinco Paul, Ken Daurio","Adventure, Animation, Comedy","<a href=""https://www.imdb.com/title/tt1482459"" target=""_blank"">tt1482459</a>","<a href=""https://www.imdb.com/title/tt1482459"" target=""_blank"">The Lorax</a>"
"tt1615065","Savages",2012,4925,6.4,137098,131,"Oliver Stone","Shane Salerno, Don Winslow, Oliver Stone","Crime, Drama, Thriller","<a href=""https://www.imdb.com/title/tt1615065"" target=""_blank"">tt1615065</a>","<a href=""https://www.imdb.com/title/tt1615065"" target=""_blank"">Savages</a>"
"tt14230388","Asteroid City",2023,4926,6.4,134752,105,"Wes Anderson","Wes Anderson, Roman Coppola","Comedy, Drama, Romance","<a href=""https://www.imdb.com/title/tt14230388"" target=""_blank"">tt14230388</a>","<a href=""https://www.imdb.com/title/tt14230388"" target=""_blank"">Asteroid City</a>"
"tt5638642","The Ritual",2017,4927,6.4,132963,94,"David Bruckner","Joe Barton, Adam Nevill","Horror, Mystery, Thriller","<a href=""https://www.imdb.com/title/tt5638642"" target=""_blank"">tt5638642</a>","<a href=""https://www.imdb.com/title/tt5638642"" target=""_blank"">The Ritual</a>"
"tt0119395","The Jackal",1997,4928,6.4,129309,124,"Michael Caton-Jones","Kenneth Ross, Chuck Pfarrer","Action, Crime, Drama","<a href=""https://www.imdb.com/title/tt0119395"" target=""_blank"">tt0119395</a>","<a href=""https://www.imdb.com/title/tt0119395"" target=""_blank"">The Jackal</a>"
"tt0435651","The Giver",2014,4929,6.4,128781,97,"Phillip Noyce","Michael Mitnick, Robert B. Weide, Lois Lowry","Drama, Romance, Sci-Fi","<a href=""https://www.imdb.com/title/tt0435651"" target=""_blank"">tt0435651</a>","<a href=""https://www.imdb.com/title/tt0435651"" target=""_blank"">The Giver</a>"
"tt1524137","Contraband",2012,4930,6.4,128038,109,"Baltasar Kormákur","Aaron Guzikowski, Arnaldur Indriðason, Óskar Jónasson","Action, Adventure, Crime","<a href=""https://www.imdb.com/title/tt1524137"" target=""_blank"">tt1524137</a>","<a href=""https://www.imdb.com/title/tt1524137"" target=""_blank"">Contraband</a>"
"tt2404311","The Family",2013,4931,6.3,126117,111,"Luc Besson","Luc Besson, Michael Caleo, Tonino Benacquista","Comedy, Crime, Thriller","<a href=""https://www.imdb.com/title/tt2404311"" target=""_blank"">tt2404311</a>","<a href=""https://www.imdb.com/title/tt2404311"" target=""_blank"">The Family</a>"
"tt1201167","Funny People",2009,4932,6.3,125813,146,"Judd Apatow","Judd Apatow","Comedy, Drama","<a href=""https://www.imdb.com/title/tt1201167"" target=""_blank"">tt1201167</a>","<a href=""https://www.imdb.com/title/tt1201167"" target=""_blank"">Funny People</a>"
"tt1179034","From Paris with Love",2010,4933,6.4,124699,92,"Pierre Morel","Adi Hasak, Luc Besson","Action, Crime, Thriller","<a href=""https://www.imdb.com/title/tt1179034"" target=""_blank"">tt1179034</a>","<a href=""https://www.imdb.com/title/tt1179034"" target=""_blank"">From Paris with Love</a>"
"tt15325794","Fall",2022,4934,6.4,124613,107,"Scott Mann","Jonathan Frank, Scott Mann","Action, Thriller","<a href=""https://www.imdb.com/title/tt15325794"" target=""_blank"">tt15325794</a>","<a href=""https://www.imdb.com/title/tt15325794"" target=""_blank"">Fall</a>"
"tt2870612","As Above, So Below",2014,4935,6.3,123776,93,"John Erick Dowdle","John Erick Dowdle, Drew Dowdle","Horror, Mystery, Thriller","<a href=""https://www.imdb.com/title/tt2870612"" target=""_blank"">tt2870612</a>","<a href=""https://www.imdb.com/title/tt2870612"" target=""_blank"">As Above, So Below</a>"
"tt0406375","Zathura: A Space Adventure",2005,4936,6.3,121508,101,"Jon Favreau","Chris Van Allsburg, David Koepp, John Kamps","Action, Adventure, Comedy","<a href=""https://www.imdb.com/title/tt0406375"" target=""_blank"">tt0406375</a>","<a href=""https://www.imdb.com/title/tt0406375"" target=""_blank"">Zathura: A Space Adventure</a>"
"tt1985966","Cloudy with a Chance of Meatballs 2",2013,4937,6.3,120989,95,"Cody Cameron, Kris Pearn","Erica Rivinoja, John Francis Daley, Jonathan Goldstein, Phil Lord, Christopher Miller, Judi Barrett, Ron Barrett","Adventure, Animation, Comedy","<a href=""https://www.imdb.com/title/tt1985966"" target=""_blank"">tt1985966</a>","<a href=""https://www.imdb.com/title/tt1985966"" target=""_blank"">Cloudy with a Chance of Meatballs 2</a>"
"tt1860353","Turbo",2013,4938,6.4,118969,96,"David Soren","David Soren, Darren Lemke, Robert Siegel","Adventure, Animation, Comedy","<a href=""https://www.imdb.com/title/tt1860353"" target=""_blank"">tt1860353</a>","<a href=""https://www.imdb.com/title/tt1860353"" target=""_blank"">Turbo</a>"
"tt0283111","Van Wilder",2002,4939,6.4,118798,92,"Walt Becker","Brent Goldberg, David Wagner","Comedy, Romance","<a href=""https://www.imdb.com/title/tt0283111"" target=""_blank"">tt0283111</a>","<a href=""https://www.imdb.com/title/tt0283111"" target=""_blank"">Van Wilder</a>"
"tt6189022","Angel Has Fallen",2019,4940,6.4,117962,121,"Ric Roman Waugh","Robert Mark Kamen, Matt Cook, Ric Roman Waugh, Creighton Rothenberger, Katrin Benedikt","Action, Thriller","<a href=""https://www.imdb.com/title/tt6189022"" target=""_blank"">tt6189022</a>","<a href=""https://www.imdb.com/title/tt6189022"" target=""_blank"">Angel Has Fallen</a>"
"tt0098439","Tango & Cash",1989,4941,6.4,117867,104,"Andrei Konchalovsky","Randy Feldman","Action, Comedy, Crime","<a href=""https://www.imdb.com/title/tt0098439"" target=""_blank"">tt0098439</a>","<a href=""https://www.imdb.com/title/tt0098439"" target=""_blank"">Tango & Cash</a>"
"tt0099700","Gremlins 2: The New Batch",1990,4942,6.4,117372,106,"Joe Dante","Charles S. Haas, Chris Columbus","Comedy, Fantasy, Horror","<a href=""https://www.imdb.com/title/tt0099700"" target=""_blank"">tt0099700</a>","<a href=""https://www.imdb.com/title/tt0099700"" target=""_blank"">Gremlins 2: The New Batch</a>"
"tt1438176","Fright Night",2011,4943,6.4,117177,106,"Craig Gillespie","Marti Noxon, Tom Holland","Action, Comedy, Drama","<a href=""https://www.imdb.com/title/tt1438176"" target=""_blank"">tt1438176</a>","<a href=""https://www.imdb.com/title/tt1438176"" target=""_blank"">Fright Night</a>"
"tt0159273","Behind Enemy Lines",2001,4944,6.4,117046,106,"John Moore","Jim Thomas, John Thomas, David Veloz, Zak Penn","Action, Drama, Thriller","<a href=""https://www.imdb.com/title/tt0159273"" target=""_blank"">tt0159273</a>","<a href=""https://www.imdb.com/title/tt0159273"" target=""_blank"">Behind Enemy Lines</a>"
"tt1327194","The Lucky One",2012,4945,6.4,116609,101,"Scott Hicks","Will Fetters, Nicholas Sparks","Drama, Mystery, Romance","<a href=""https://www.imdb.com/title/tt1327194"" target=""_blank"">tt1327194</a>","<a href=""https://www.imdb.com/title/tt1327194"" target=""_blank"">The Lucky One</a>"
"tt4225622","The Babysitter",2017,4946,6.4,116493,85,"McG","Brian Duffield","Comedy, Horror","<a href=""https://www.imdb.com/title/tt4225622"" target=""_blank"">tt4225622</a>","<a href=""https://www.imdb.com/title/tt4225622"" target=""_blank"">The Babysitter</a>"
"tt0338337","Paycheck",2003,4947,6.3,116229,119,"John Woo","Philip K. Dick, Dean Georgaris","Action, Mystery, Sci-Fi","<a href=""https://www.imdb.com/title/tt0338337"" target=""_blank"">tt0338337</a>","<a href=""https://www.imdb.com/title/tt0338337"" target=""_blank"">Paycheck</a>"
"tt4731136","A Cure for Wellness",2016,4948,6.4,115824,146,"Gore Verbinski","Justin Haythe, Gore Verbinski","Drama, Fantasy, Horror","<a href=""https://www.imdb.com/title/tt4731136"" target=""_blank"">tt4731136</a>","<a href=""https://www.imdb.com/title/tt4731136"" target=""_blank"">A Cure for Wellness</a>"
"tt1007029","The Iron Lady",2011,4949,6.4,115452,105,"Phyllida Lloyd","Abi Morgan","Biography, Drama","<a href=""https://www.imdb.com/title/tt1007029"" target=""_blank"">tt1007029</a>","<a href=""https://www.imdb.com/title/tt1007029"" target=""_blank"">The Iron Lady</a>"
"tt1433108","Faster",2010,4950,6.4,115321,98,"George Tillman Jr.","Tony Gayton, Joe Gayton","Action, Crime, Drama","<a href=""https://www.imdb.com/title/tt1433108"" target=""_blank"">tt1433108</a>","<a href=""https://www.imdb.com/title/tt1433108"" target=""_blank"">Faster</a>"
"tt1216492","Leap Year",2010,4951,6.4,114022,100,"Anand Tucker","Deborah Kaplan, Harry Elfont","Comedy, Romance","<a href=""https://www.imdb.com/title/tt1216492"" target=""_blank"">tt1216492</a>","<a href=""https://www.imdb.com/title/tt1216492"" target=""_blank"">Leap Year</a>"
"tt0209958","The Cell",2000,4952,6.4,113368,107,"Tarsem Singh","Mark Protosevich","Crime, Horror, Sci-Fi","<a href=""https://www.imdb.com/title/tt0209958"" target=""_blank"">tt0209958</a>","<a href=""https://www.imdb.com/title/tt0209958"" target=""_blank"">The Cell</a>"
"tt11358390","Renfield",2023,4953,6.4,113287,93,"Chris McKay","Ryan Ridley, Robert Kirkman, Ava Tramer","Action, Comedy, Fantasy","<a href=""https://www.imdb.com/title/tt11358390"" target=""_blank"">tt11358390</a>","<a href=""https://www.imdb.com/title/tt11358390"" target=""_blank"">Renfield</a>"
"tt0079574","Moonraker",1979,4954,6.3,113222,126,"Lewis Gilbert","Christopher Wood, Ian Fleming, Gerry Anderson, Tony Barwick","Action, Adventure, Sci-Fi","<a href=""https://www.imdb.com/title/tt0079574"" target=""_blank"">tt0079574</a>","<a href=""https://www.imdb.com/title/tt0079574"" target=""_blank"">Moonraker</a>"
"tt1053424","Repo Men",2010,4955,6.3,112872,111,"Miguel Sapochnik","Eric Garcia, Garrett Lerner","Action, Sci-Fi, Thriller","<a href=""https://www.imdb.com/title/tt1053424"" target=""_blank"">tt1053424</a>","<a href=""https://www.imdb.com/title/tt1053424"" target=""_blank"">Repo Men</a>"
"tt0373926","The Interpreter",2005,4956,6.4,112702,128,"Sydney Pollack","Martin Stellman, Brian Ward, Charles Randolph, Scott Frank, Steven Zaillian","Crime, Mystery, Thriller","<a href=""https://www.imdb.com/title/tt0373926"" target=""_blank"">tt0373926</a>","<a href=""https://www.imdb.com/title/tt0373926"" target=""_blank"">The Interpreter</a>"
"tt0351977","Walking Tall",2004,4957,6.3,112614,86,"Kevin Bray","Mort Briskin, David Klass, Channing Gibson, David Levien, Brian Koppelman","Action, Crime","<a href=""https://www.imdb.com/title/tt0351977"" target=""_blank"">tt0351977</a>","<a href=""https://www.imdb.com/title/tt0351977"" target=""_blank"">Walking Tall</a>"
"tt1657507","Colombiana",2011,4958,6.4,112039,108,"Olivier Megaton","Luc Besson, Robert Mark Kamen","Action, Crime, Drama","<a href=""https://www.imdb.com/title/tt1657507"" target=""_blank"">tt1657507</a>","<a href=""https://www.imdb.com/title/tt1657507"" target=""_blank"">Colombiana</a>"
"tt1985949","The Angry Birds Movie",2016,4959,6.3,111693,97,"Clay Kaytis, Fergal Reilly","Jon Vitti, Mikael Hed, Mikko Pöllä, John Cohen, Jaakko Iisalo, Tuomo Lehtinen, Miika Virtanen, Tuomas Erikoinen, Raine Mäki, Niklas Hed, Matt Wilson, Joonas Mäkilä, Mikko Järvinen, Irina Moiseenko, Antti Laitinen","Action, Adventure, Animation","<a href=""https://www.imdb.com/title/tt1985949"" target=""_blank"">tt1985949</a>","<a href=""https://www.imdb.com/title/tt1985949"" target=""_blank"">The Angry Birds Movie</a>"
"tt5503686","Hustlers",2019,4960,6.3,110917,110,"Lorene Scafaria","Lorene Scafaria, Jessica Pressler","Comedy, Crime, Drama","<a href=""https://www.imdb.com/title/tt5503686"" target=""_blank"">tt5503686</a>","<a href=""https://www.imdb.com/title/tt5503686"" target=""_blank"">Hustlers</a>"
"tt1571222","A Dangerous Method",2011,4961,6.4,110624,99,"David Cronenberg","Christopher Hampton, John Kerr","Biography, Drama, Romance","<a href=""https://www.imdb.com/title/tt1571222"" target=""_blank"">tt1571222</a>","<a href=""https://www.imdb.com/title/tt1571222"" target=""_blank"">A Dangerous Method</a>"
"tt0122718","Small Soldiers",1998,4962,6.3,108940,110,"Joe Dante","Gavin Scott, Adam Rifkin, Ted Elliott, Terry Rossio","Action, Adventure, Comedy","<a href=""https://www.imdb.com/title/tt0122718"" target=""_blank"">tt0122718</a>","<a href=""https://www.imdb.com/title/tt0122718"" target=""_blank"">Small Soldiers</a>"
"tt0090264","A View to a Kill",1985,4963,6.3,108872,131,"John Glen","Richard Maibaum, Michael G. Wilson, Ian Fleming","Action, Adventure, Thriller","<a href=""https://www.imdb.com/title/tt0090264"" target=""_blank"">tt0090264</a>","<a href=""https://www.imdb.com/title/tt0090264"" target=""_blank"">A View to a Kill</a>"
"tt2357291","Rio 2",2014,4964,6.3,106956,101,"Carlos Saldanha","Don Rhymer, Carlos Kotkin, Jenny Bicks, Yoni Brenner, Carlos Saldanha, Laurie Craig","Adventure, Animation, Comedy","<a href=""https://www.imdb.com/title/tt2357291"" target=""_blank"">tt2357291</a>","<a href=""https://www.imdb.com/title/tt2357291"" target=""_blank"">Rio 2</a>"
"tt0365686","Revolver",2005,4965,6.3,106433,111,"Guy Ritchie","Luc Besson, Guy Ritchie","Action, Crime, Drama","<a href=""https://www.imdb.com/title/tt0365686"" target=""_blank"">tt0365686</a>","<a href=""https://www.imdb.com/title/tt0365686"" target=""_blank"">Revolver</a>"
"tt1440728","The American",2010,4966,6.3,104823,105,"Anton Corbijn","Rowan Joffe, Martin Booth","Crime, Drama, Thriller","<a href=""https://www.imdb.com/title/tt1440728"" target=""_blank"">tt1440728</a>","<a href=""https://www.imdb.com/title/tt1440728"" target=""_blank"">The American</a>"
"tt0138524","Intolerable Cruelty",2003,4967,6.3,104050,100,"Joel Coen, Ethan Coen","Robert Ramsey, Matthew Stone, John Romano, Ethan Coen, Joel Coen","Comedy, Crime, Romance","<a href=""https://www.imdb.com/title/tt0138524"" target=""_blank"">tt0138524</a>","<a href=""https://www.imdb.com/title/tt0138524"" target=""_blank"">Intolerable Cruelty</a>"
"tt4139588","Polar",2019,4968,6.3,103646,118,"Jonas Åkerlund","Jayson Rothwell, Víctor Santos","Action, Crime, Thriller","<a href=""https://www.imdb.com/title/tt4139588"" target=""_blank"">tt4139588</a>","<a href=""https://www.imdb.com/title/tt4139588"" target=""_blank"">Polar</a>"
"tt7985704","Operation Fortune: Ruse de Guerre",2023,4969,6.3,102295,114,"Guy Ritchie","Guy Ritchie, Ivan Atkinson, Marn Davies","Action, Comedy, Thriller","<a href=""https://www.imdb.com/title/tt7985704"" target=""_blank"">tt7985704</a>","<a href=""https://www.imdb.com/title/tt7985704"" target=""_blank"">Operation Fortune: Ruse de Guerre</a>"
"tt0120791","Practical Magic",1998,4970,6.3,100735,104,"Griffin Dunne","Alice Hoffman, Robin Swicord, Akiva Goldsman, Adam Brooks","Comedy, Drama, Fantasy","<a href=""https://www.imdb.com/title/tt0120791"" target=""_blank"">tt0120791</a>","<a href=""https://www.imdb.com/title/tt0120791"" target=""_blank"">Practical Magic</a>"
"tt1470827","Monsters",2010,4971,6.3,100131,94,"Gareth Edwards","Gareth Edwards","Adventure, Drama, Romance","<a href=""https://www.imdb.com/title/tt1470827"" target=""_blank"">tt1470827</a>","<a href=""https://www.imdb.com/title/tt1470827"" target=""_blank"">Monsters</a>"
"tt1051904","Goosebumps",2015,4972,6.3,99268,103,"Rob Letterman","Darren Lemke, Scott Alexander, Larry Karaszewski, R.L. Stine","Adventure, Comedy, Fantasy","<a href=""https://www.imdb.com/title/tt1051904"" target=""_blank"">tt1051904</a>","<a href=""https://www.imdb.com/title/tt1051904"" target=""_blank"">Goosebumps</a>"
"tt0405325","Sky High",2005,4973,6.3,98372,100,"Mike Mitchell","Paul Hernandez, Bob Schooley, Mark McCorkle","Action, Comedy, Family","<a href=""https://www.imdb.com/title/tt0405325"" target=""_blank"">tt0405325</a>","<a href=""https://www.imdb.com/title/tt0405325"" target=""_blank"">Sky High</a>"
"tt3691740","The BFG",2016,4974,6.3,96888,117,"Steven Spielberg","Melissa Mathison, Roald Dahl","Adventure, Family, Fantasy","<a href=""https://www.imdb.com/title/tt3691740"" target=""_blank"">tt3691740</a>","<a href=""https://www.imdb.com/title/tt3691740"" target=""_blank"">The BFG</a>"
"tt5220122","Hotel Transylvania 3: Summer Vacation",2018,4975,6.3,93350,97,"Genndy Tartakovsky","Genndy Tartakovsky, Michael McCullers","Adventure, Animation, Comedy","<a href=""https://www.imdb.com/title/tt5220122"" target=""_blank"">tt5220122</a>","<a href=""https://www.imdb.com/title/tt5220122"" target=""_blank"">Hotel Transylvania 3: Summer Vacation</a>"
"tt1859650","To Rome with Love",2012,4976,6.3,92303,112,"Woody Allen","Woody Allen","Comedy, Music, Romance","<a href=""https://www.imdb.com/title/tt1859650"" target=""_blank"">tt1859650</a>","<a href=""https://www.imdb.com/title/tt1859650"" target=""_blank"">To Rome with Love</a>"
"tt0112401","Assassins",1995,4977,6.3,90597,133,"Richard Donner","Lilly Wachowski, Lana Wachowski, Brian Helgeland","Action, Crime, Thriller","<a href=""https://www.imdb.com/title/tt0112401"" target=""_blank"">tt0112401</a>","<a href=""https://www.imdb.com/title/tt0112401"" target=""_blank"">Assassins</a>"
"tt1625346","Young Adult",2011,4978,6.3,89306,94,"Jason Reitman","Diablo Cody","Comedy, Drama","<a href=""https://www.imdb.com/title/tt1625346"" target=""_blank"">tt1625346</a>","<a href=""https://www.imdb.com/title/tt1625346"" target=""_blank"">Young Adult</a>"
"tt10655524","It Ends with Us",2024,4979,6.3,89021,130,"Justin Baldoni","Christy Hall, Colleen Hoover","Drama, Romance","<a href=""https://www.imdb.com/title/tt10655524"" target=""_blank"">tt10655524</a>","<a href=""https://www.imdb.com/title/tt10655524"" target=""_blank"">It Ends with Us</a>"
"tt1020558","Centurion",2010,4980,6.3,88303,97,"Neil Marshall","Neil Marshall","Action, Drama, History","<a href=""https://www.imdb.com/title/tt1020558"" target=""_blank"">tt1020558</a>","<a href=""https://www.imdb.com/title/tt1020558"" target=""_blank"">Centurion</a>"
"tt0815245","The Uninvited",2009,4981,6.3,87674,87,"Charles Guard, Thomas Guard","Craig Rosenberg, Doug Miro, Carlo Bernard, Kim Jee-woon","Drama, Fantasy, Horror","<a href=""https://www.imdb.com/title/tt0815245"" target=""_blank"">tt0815245</a>","<a href=""https://www.imdb.com/title/tt0815245"" target=""_blank"">The Uninvited</a>"
"tt1726592","Before I Go to Sleep",2014,4982,6.3,87281,92,"Rowan Joffe","Rowan Joffe, S.J. Watson","Drama, Mystery, Thriller","<a href=""https://www.imdb.com/title/tt1726592"" target=""_blank"">tt1726592</a>","<a href=""https://www.imdb.com/title/tt1726592"" target=""_blank"">Before I Go to Sleep</a>"
"tt0088161","Splash",1984,4983,6.3,86517,111,"Ron Howard","Brian Grazer, Bruce Jay Friedman, Lowell Ganz, Babaloo Mandel","Comedy, Fantasy, Romance","<a href=""https://www.imdb.com/title/tt0088161"" target=""_blank"">tt0088161</a>","<a href=""https://www.imdb.com/title/tt0088161"" target=""_blank"">Splash</a>"
"tt2387559","Delivery Man",2013,4984,6.3,84526,105,"Ken Scott","Ken Scott, Martin Petit","Comedy, Drama","<a href=""https://www.imdb.com/title/tt2387559"" target=""_blank"">tt2387559</a>","<a href=""https://www.imdb.com/title/tt2387559"" target=""_blank"">Delivery Man</a>"
"tt0101452","Bill & Ted's Bogus Journey",1991,4985,6.3,83409,93,"Peter Hewitt","Chris Matheson, Ed Solomon","Adventure, Comedy, Fantasy","<a href=""https://www.imdb.com/title/tt0101452"" target=""_blank"">tt0101452</a>","<a href=""https://www.imdb.com/title/tt0101452"" target=""_blank"">Bill & Ted's Bogus Journey</a>"
"tt0398712","Assault on Precinct 13",2005,4986,6.3,83391,109,"Jean-François Richet","John Carpenter, James DeMonaco","Action, Crime, Drama","<a href=""https://www.imdb.com/title/tt0398712"" target=""_blank"">tt0398712</a>","<a href=""https://www.imdb.com/title/tt0398712"" target=""_blank"">Assault on Precinct 13</a>"
"tt2387433","Dark Skies",2013,4987,6.3,82695,97,"Scott Stewart","Scott Stewart","Horror, Sci-Fi, Thriller","<a href=""https://www.imdb.com/title/tt2387433"" target=""_blank"">tt2387433</a>","<a href=""https://www.imdb.com/title/tt2387433"" target=""_blank"">Dark Skies</a>"
"tt0481141","No Reservations",2007,4988,6.3,81642,104,"Scott Hicks","Carol Fuchs, Sandra Nettelbeck","Comedy, Drama, Romance","<a href=""https://www.imdb.com/title/tt0481141"" target=""_blank"">tt0481141</a>","<a href=""https://www.imdb.com/title/tt0481141"" target=""_blank"">No Reservations</a>"
"tt1352824","Chloe",2009,4989,6.3,80537,96,"Atom Egoyan","Erin Cressida Wilson, Anne Fontaine","Drama, Mystery, Thriller","<a href=""https://www.imdb.com/title/tt1352824"" target=""_blank"">tt1352824</a>","<a href=""https://www.imdb.com/title/tt1352824"" target=""_blank"">Chloe</a>"
"tt1712261","Triple 9",2016,4990,6.3,80074,115,"John Hillcoat","Matt Cook","Action, Crime, Drama","<a href=""https://www.imdb.com/title/tt1712261"" target=""_blank"">tt1712261</a>","<a href=""https://www.imdb.com/title/tt1712261"" target=""_blank"">Triple 9</a>"
"tt0356680","The Family Stone",2005,4991,6.3,80070,103,"Thomas Bezucha","Thomas Bezucha","Comedy, Drama, Romance","<a href=""https://www.imdb.com/title/tt0356680"" target=""_blank"">tt0356680</a>","<a href=""https://www.imdb.com/title/tt0356680"" target=""_blank"">The Family Stone</a>"
"tt1137450","Death Wish",2018,4992,6.3,79681,107,"Eli Roth","Joe Carnahan, Brian Garfield, Wendell Mayes","Action, Crime, Drama","<a href=""https://www.imdb.com/title/tt1137450"" target=""_blank"">tt1137450</a>","<a href=""https://www.imdb.com/title/tt1137450"" target=""_blank"">Death Wish</a>"
"tt0327679","Ella Enchanted",2004,4993,6.3,78411,96,"Tommy O'Haver","Laurie Craig, Karen McCullah, Kirsten Smith, Jennifer Heath, Michele J. Wolff, Gail Carson Levine","Comedy, Family, Fantasy","<a href=""https://www.imdb.com/title/tt0327679"" target=""_blank"">tt0327679</a>","<a href=""https://www.imdb.com/title/tt0327679"" target=""_blank"">Ella Enchanted</a>"
"tt10919380","Freaky",2020,4994,6.3,78290,102,"Christopher Landon","Michael Kennedy, Christopher Landon","Comedy, Horror, Thriller","<a href=""https://www.imdb.com/title/tt10919380"" target=""_blank"">tt10919380</a>","<a href=""https://www.imdb.com/title/tt10919380"" target=""_blank"">Freaky</a>"
"tt1186367","Ninja Assassin",2009,4995,6.3,78093,99,"James McTeigue","Matthew Sand, J. Michael Straczynski","Action, Thriller","<a href=""https://www.imdb.com/title/tt1186367"" target=""_blank"">tt1186367</a>","<a href=""https://www.imdb.com/title/tt1186367"" target=""_blank"">Ninja Assassin</a>"
"tt2428170","Creep",2014,4996,6.3,77061,77,"Patrick Brice","Patrick Brice, Mark Duplass","Horror, Thriller","<a href=""https://www.imdb.com/title/tt2428170"" target=""_blank"">tt2428170</a>","<a href=""https://www.imdb.com/title/tt2428170"" target=""_blank"">Creep</a>"
"tt0844479","The Collector",2009,4997,6.3,76840,90,"Marcus Dunstan","Patrick Melton, Marcus Dunstan","Horror, Thriller","<a href=""https://www.imdb.com/title/tt0844479"" target=""_blank"">tt0844479</a>","<a href=""https://www.imdb.com/title/tt0844479"" target=""_blank"">The Collector</a>"
"tt0089469","Legend",1985,4998,6.3,76599,94,"Ridley Scott","William Hjortsberg","Adventure, Fantasy, Romance","<a href=""https://www.imdb.com/title/tt0089469"" target=""_blank"">tt0089469</a>","<a href=""https://www.imdb.com/title/tt0089469"" target=""_blank"">Legend</a>"
"tt0120053","The Saint",1997,4999,6.2,75891,116,"Phillip Noyce","Leslie Charteris, Jonathan Hensleigh, Wesley Strick","Action, Adventure, Romance","<a href=""https://www.imdb.com/title/tt0120053"" target=""_blank"">tt0120053</a>","<a href=""https://www.imdb.com/title/tt0120053"" target=""_blank"">The Saint</a>"
"tt6214928","1922",2017,5000,6.2,75596,102,"Zak Hilditch","Stephen King, Zak Hilditch","Crime, Drama, Horror","<a href=""https://www.imdb.com/title/tt6214928"" target=""_blank"">tt6214928</a>","<a href=""https://www.imdb.com/title/tt6214928"" target=""_blank"">1922</a>"
