,ID,Title,Year,Age,Rotten Tomatoes,Netflix,Hulu,Prime Video,Disney+,Type
0,1,The Irishman,2019,18+,98/100,1,0,0,0,0
1,2,Dangal,2016,7+,97/100,1,0,0,0,0
2,3,David Attenborough: A Life on Our Planet,2020,7+,95/100,1,0,0,0,0
3,4,Lagaan: Once Upon a Time in India,2001,7+,94/100,1,0,0,0,0
4,5,Roma,2018,18+,94/100,1,0,0,0,0
5,6,To All the Boys I've Loved Before,2018,13+,94/100,1,0,0,0,0
6,7,The Social Dilemma,2020,13+,93/100,1,0,0,0,0
7,8,Okja,2017,13+,92/100,1,0,0,0,0
8,9,The Ballad of Buster Scruggs,2018,16+,92/100,1,0,0,0,0
9,10,The Trial of the Chicago 7,2020,18+,92/100,1,0,0,0,0
10,11,Article 15,2019,18+,92/100,1,0,0,0,0
11,12,"Jim & Andy: The Great Beyond- Featuring a Very Special, Contractually Obligated Mention of Tony Clifton",2017,18+,92/100,1,0,0,0,0
12,13,Dolemite Is My Name,2019,18+,92/100,1,0,0,0,0
13,14,Mudbound,2017,18+,91/100,1,0,0,0,0
14,15,Swades,2004,all,91/100,1,0,0,0,0
15,16,Fyre,2019,18+,91/100,1,0,0,0,0
16,17,Miss Americana,2020,18+,90/100,1,0,0,0,0
17,18,Virunga,2014,16+,90/100,1,0,0,0,0
18,19,Black Friday,2004,18+,90/100,1,0,0,0,0
19,20,Talvar,2015,7+,90/100,1,0,0,0,0
20,21,The King,2019,18+,90/100,1,0,0,0,0
21,22,John Mulaney: Kid Gorgeous at Radio City,2018,18+,89/100,1,0,0,0,0
22,23,I Am Mother,2019,13+,89/100,1,0,0,0,0
23,24,Tell Me Who I Am,2019,18+,89/100,1,0,0,0,0
24,25,The Departed,2006,18+,89/100,1,0,0,0,0
25,26,Winter on Fire: Ukraine's Fight for Freedom,2015,16+,89/100,1,0,0,0,0
26,27,Terminator 2: Judgment Day,1991,18+,89/100,1,0,0,0,0
27,28,I Lost My Body,2019,18+,89/100,1,0,0,0,0
28,29,Django Unchained,2012,18+,89/100,1,0,0,0,0
29,30,The Half of It,2020,13+,89/100,1,0,0,0,0
30,31,The Boy Who Harnessed the Wind,2019,7+,89/100,1,0,0,0,0
31,32,The Devil All the Time,2020,18+,89/100,1,0,0,0,0
32,33,The Fundamentals of Caring,2016,18+,89/100,1,0,0,0,0
33,34,Pieces of a Woman,2020,18+,88/100,1,0,0,0,0
34,35,Gerald's Game,2017,18+,88/100,1,0,0,0,0
35,36,On Body and Soul,2017,,88/100,1,0,0,0,0
36,37,Shutter Island,2010,18+,88/100,1,0,0,0,0
37,38,Always Be My Maybe,2019,13+,88/100,1,0,0,0,0
38,39,The Intouchables,2011,7+,88/100,1,0,0,0,0
39,40,Bill Burr: Paper Tiger,2019,18+,87/100,1,0,0,0,0
40,41,Special 26,2013,,87/100,1,0,0,0,0
41,42,Kiss the Ground,2020,18+,87/100,1,0,0,0,0
42,43,Crip Camp: A Disability Revolution,2020,18+,87/100,1,0,0,0,0
43,44,Extraction,2020,18+,87/100,1,0,0,0,0
44,45,No Direction Home: Bob Dylan,2005,all,87/100,1,0,0,0,0
45,46,Kabhi Khushi Kabhie Gham,2001,all,87/100,1,0,0,0,0
46,47,His House,2020,16+,87/100,1,0,0,0,0
47,48,Super Deluxe,2019,18+,87/100,1,0,0,0,0
48,49,The Guernsey Literary & Potato Peel Pie Society,2018,16+,87/100,1,0,0,0,0
49,50,A Secret Love,2020,18+,87/100,1,0,0,0,0
50,51,The Night Comes for Us,2018,18+,87/100,1,0,0,0,0
51,52,The Big Lebowski,1998,18+,87/100,1,0,0,0,0
52,53,Pad Man,2018,13+,87/100,1,0,0,0,0
53,54,American Factory,2019,13+,86/100,1,0,0,0,0
54,55,Bird Box,2018,18+,86/100,1,0,0,0,0
55,56,The Pianist,2002,18+,86/100,1,0,0,0,0
56,57,3 Idiots,2009,13+,86/100,1,0,0,0,0
57,58,The Distinguished Citizen,2016,,86/100,1,0,0,0,0
58,59,A Shaun the Sheep Movie: Farmageddon,2019,all,86/100,1,0,0,0,0
59,60,A Clockwork Orange,1971,18+,86/100,1,0,0,0,0
60,61,What Happened to Monday,2017,18+,86/100,1,0,0,0,0
61,62,Anthony Jeselnik: Thoughts and Prayers,2015,18+,86/100,1,0,0,0,0
62,63,The White Helmets,2016,16+,86/100,1,0,0,0,0
63,64,Invader ZIM: Enter the Florpus,2019,7+,86/100,1,0,0,0,0
64,65,Happy as Lazzaro,2018,13+,85/100,1,0,0,0,0
65,66,Chasing Coral,2017,,85/100,1,0,0,0,0
66,67,Kal Ho Naa Ho,2003,all,85/100,1,0,0,0,0
67,68,Pan's Labyrinth,2006,18+,85/100,1,0,0,0,0
68,69,Team Foxcatcher,2016,16+,85/100,1,0,0,0,0
69,70,The Meyerowitz Stories (New and Selected),2017,18+,85/100,1,0,0,0,0
70,71,Casino Royale,2006,13+,85/100,1,0,0,0,0
71,72,The Hateful Eight,2015,18+,85/100,1,0,0,0,0
72,73,Rush,2013,18+,84/100,1,0,0,0,0
73,74,Zombieland,2009,18+,84/100,1,0,0,0,0
74,75,Eurovision Song Contest: The Story of Fire Saga,2020,13+,84/100,1,0,0,0,0
75,76,Kapoor & Sons,2016,13+,84/100,1,0,0,0,0
76,77,The Perfection,2018,18+,84/100,1,0,0,0,0
77,78,Dave Chappelle: Sticks & Stones,2019,18+,84/100,1,0,0,0,0
78,79,There Will Be Blood,2007,18+,84/100,1,0,0,0,0
79,80,Million Dollar Baby,2004,13+,84/100,1,0,0,0,0
80,81,The Social Network,2010,13+,84/100,1,1,0,0,0
81,82,The Christmas Chronicles,2018,7+,84/100,1,0,0,0,0
82,83,Monty Python and the Holy Grail,1975,7+,84/100,1,0,0,0,0
83,84,The Pixar Story,2007,all,84/100,1,0,0,0,0
84,85,Ma Rainey's Black Bottom,2020,18+,84/100,1,0,0,0,0
85,86,Calibre,2018,18+,84/100,1,0,0,0,0
86,87,Silver Linings Playbook,2012,18+,84/100,1,0,0,0,0
87,88,Over the Moon,2020,7+,84/100,1,0,0,0,0
88,89,"What Happened, Miss Simone?",2015,,84/100,1,0,0,0,0
89,90,Nightcrawler,2014,18+,84/100,1,0,0,0,0
90,91,1922,2017,18+,84/100,1,0,0,0,0
91,92,Paddleton,2019,18+,84/100,1,0,0,0,0
92,93,Cargo,2017,,84/100,1,0,0,0,0
93,94,Rain Man,1988,18+,83/100,1,0,0,0,0
94,95,Cuba and the Cameraman,2017,,83/100,1,0,0,0,0
95,96,The Ritual,2017,18+,83/100,1,0,0,0,0
96,97,The Hater,2020,18+,83/100,1,0,0,0,0
97,98,The Edge of Democracy,2019,16+,83/100,1,0,0,0,0
98,99,22-Jul,2018,18+,83/100,1,0,0,0,0
99,100,Adam Sandler: 100% Fresh,2018,18+,83/100,1,0,0,0,0
100,101,Guru,2007,13+,83/100,1,0,0,0,0
101,102,A Twelve-Year Night,2018,18+,83/100,1,0,0,0,0
102,103,Dumplin',2018,13+,83/100,1,0,0,0,0
103,104,The Conjuring,2013,18+,83/100,1,0,0,0,0
104,105,Marriage Story,2019,18+,83/100,1,0,0,0,0
105,106,My Octopus Teacher,2020,all,83/100,1,0,0,0,0
106,107,About Time,2013,13+,83/100,1,0,0,0,0
107,108,Hey Arnold! The Jungle Movie,2017,7+,83/100,1,1,0,0,0
108,109,Kung Fu Panda,2008,7+,83/100,1,0,0,0,0
109,110,Superbad,2007,18+,83/100,1,0,0,0,0
110,111,The Invisible Guest,2016,18+,83/100,1,0,0,0,0
111,112,Chinatown,1974,18+,82/100,1,0,0,0,0
112,113,Mystic River,2003,18+,82/100,1,0,0,0,0
113,114,The Theory of Everything,2014,13+,82/100,1,0,0,0,0
114,115,Springsteen On Broadway,2018,,82/100,1,0,0,0,0
115,116,The Life Ahead,2020,13+,82/100,1,0,0,0,0
116,117,The Terminal,2004,13+,82/100,1,0,1,0,0
117,118,Scott Pilgrim vs. the World,2010,13+,82/100,1,0,0,0,0
118,119,Being Elmo: A Puppeteer's Journey,2011,7+,82/100,1,0,0,0,0
119,120,Life of Brian,1979,18+,82/100,1,0,0,0,0
120,121,The Resistance Banker,2018,18+,82/100,1,0,0,0,0
121,122,How to Train Your Dragon 2,2014,7+,82/100,1,0,0,0,0
122,123,The Endless Trench,2019,,82/100,1,0,0,0,0
123,124,Even the Rain,2010,,82/100,1,0,0,0,0
124,125,Love Actually,2003,18+,82/100,1,0,0,0,0
125,126,Dear Ex,2018,18+,82/100,1,0,0,0,0
126,127,Braven,2018,18+,82/100,1,0,0,0,0
127,128,Period. End of Sentence.,2018,,82/100,1,0,0,0,0
128,129,Captain Fantastic,2016,18+,82/100,1,0,0,0,0
129,130,Veronica,2017,18+,81/100,1,0,0,0,0
130,131,The Siege of Jadotville,2016,,81/100,1,0,0,0,0
131,132,Into the Inferno,2016,,81/100,1,0,0,0,0
132,133,Ricky Gervais: Humanity,2018,18+,81/100,1,0,0,0,0
133,134,A Whisker Away,2020,7+,81/100,1,0,0,0,0
134,135,Lady Bird,2017,18+,81/100,1,0,0,0,0
135,136,Road to Perdition,2002,18+,81/100,1,0,0,0,0
136,137,Boogie Nights,1997,18+,81/100,1,0,0,0,0
137,138,Total Recall,1990,16+,81/100,1,0,0,0,0
138,139,Bo Burnham: Inside,2021,18+,81/100,1,0,0,0,0
139,140,Snowpiercer,2013,18+,81/100,1,0,0,0,0
140,141,Circus of Books,2019,,81/100,1,0,0,0,0
141,142,Tallulah,2016,,81/100,1,0,0,0,0
142,143,The Conjuring 2,2016,18+,81/100,1,0,0,0,0
143,144,They'll Love Me When I'm Dead,2018,18+,81/100,1,0,0,0,0
144,145,Nocturnal Animals,2016,18+,81/100,1,0,0,0,0
145,146,Get Me Roger Stone,2017,16+,81/100,1,0,0,0,0
146,147,Hachi: A Dog's Tale,2009,all,81/100,1,0,0,0,0
147,148,Dances with Wolves,1990,13+,80/100,1,0,0,0,0
148,149,Udta Punjab,2016,18+,80/100,1,0,0,0,0
149,150,Bareilly's Barfi,2017,,80/100,1,0,0,0,0
150,151,Divines,2016,,80/100,1,0,0,0,0
151,152,Maktub,2017,7+,80/100,1,0,0,0,0
152,153,Ittefaq,2017,7+,80/100,1,0,0,0,0
153,154,Hannah Gadsby: Nanette,2018,18+,80/100,1,0,0,0,0
154,155,Ali Wong: Hard Knock Wife,2018,18+,80/100,1,0,0,0,0
155,156,Seven Pounds,2008,13+,80/100,1,0,1,0,0
156,157,Uncut Gems,2019,18+,80/100,1,0,0,0,0
157,158,The Kindergarten Teacher,2018,18+,80/100,1,0,0,0,0
158,159,Les Misérables,2012,13+,80/100,1,0,1,0,0
159,160,The Sky Is Pink,2019,,80/100,1,0,0,0,0
160,161,Next Gen,2018,7+,80/100,1,0,0,0,0
161,162,Tom Segura: Disgraceful,2018,13+,80/100,1,0,0,0,0
162,163,My Happy Family,2017,,80/100,1,0,0,0,0
163,164,The American Meme,2018,,80/100,1,0,0,0,0
164,165,Badla,2019,7+,80/100,1,0,0,0,0
165,166,Okko's Inn,2018,7+,80/100,1,0,0,0,0
166,167,The Willoughbys,2020,7+,80/100,1,0,0,0,0
167,168,Hunt for the Wilderpeople,2016,13+,80/100,1,1,0,0,0
168,169,Stardust,2007,13+,79/100,1,0,0,0,0
169,170,Wheelman,2017,18+,79/100,1,0,0,0,0
170,171,The Artist,2011,13+,79/100,1,1,0,0,0
171,172,On My Skin,2018,18+,79/100,1,0,0,0,0
172,173,Gaga: Five Foot Two,2017,18+,79/100,1,0,0,0,0
173,174,Hugo,2011,7+,79/100,1,0,0,0,0
174,175,The Impossible,2012,13+,79/100,1,0,0,0,0
175,176,War Dogs,2016,18+,79/100,1,0,0,0,0
176,177,Ip Man,2008,18+,79/100,1,0,0,0,0
177,178,The Speed Cubers,2020,,79/100,1,0,0,0,0
178,179,Kung Fu Panda 2,2011,7+,79/100,1,0,0,0,0
179,180,The Dirt,2019,18+,79/100,1,0,0,0,0
180,181,Andhadhun,2018,,79/100,1,0,0,0,0
181,182,Atlantics,2019,13+,79/100,1,0,0,0,0
182,183,37 Seconds,2019,,79/100,1,0,0,0,0
183,184,El Camino: A Breaking Bad Movie,2019,18+,79/100,1,0,0,0,0
184,185,Underworld,2003,18+,79/100,1,1,1,0,0
185,186,The Ring,2002,13+,79/100,1,0,1,0,0
186,187,Hold the Dark,2018,,79/100,1,0,0,0,0
187,188,The Karate Kid,1984,7+,79/100,1,0,0,0,0
188,189,Quincy,2018,18+,79/100,1,0,0,0,0
189,190,The Patriot,2000,18+,79/100,1,0,0,0,0
190,191,Get In,2019,18+,79/100,1,0,0,0,0
191,192,ZZ Top: That Little Ol' Band From Texas,2019,,79/100,1,0,0,0,0
192,193,Jerry Before Seinfeld,2017,16+,79/100,1,0,0,0,0
193,194,Mike Birbiglia: The New One,2019,,78/100,1,0,0,0,0
194,195,A Silent Voice: The Movie,2016,13+,78/100,1,0,0,0,0
195,196,Klaus,2019,7+,78/100,1,0,0,0,0
196,197,Snowden,2016,18+,78/100,1,0,0,0,0
197,198,"Nick Kroll & John Mulaney: Oh, Hello on Broadway",2017,18+,78/100,1,0,0,0,0
198,199,What's Eating Gilbert Grape,1993,13+,78/100,1,0,0,0,0
199,200,The Da Vinci Code,2006,13+,78/100,1,1,0,0,0
200,201,Stranger Than Fiction,2006,13+,78/100,1,0,0,0,0
201,202,Don 2,2011,,78/100,1,0,0,0,0
202,203,Elena,2013,,78/100,1,0,0,0,0
203,204,Real Steel,2011,13+,78/100,1,0,0,0,0
204,205,The Founder,2017,13+,78/100,1,0,0,0,0
205,206,Stargate,1994,13+,78/100,1,0,0,0,0
206,207,Shirkers,2018,,78/100,1,0,0,0,0
207,208,Chef,2014,18+,78/100,1,0,0,0,0
208,209,Fire in the Blood,2013,,78/100,1,0,0,0,0
209,210,Austin Powers: International Man of Mystery,1997,13+,78/100,1,0,0,0,0
210,211,Miles Davis: Birth of the Cool,2019,,78/100,1,0,0,0,0
211,212,Insidious,2010,13+,78/100,1,0,0,0,0
212,213,Screwball,2019,,78/100,1,0,0,0,0
213,214,The Old Guard,2020,18+,78/100,1,0,0,0,0
214,215,Rango,2011,7+,78/100,1,0,0,0,0
215,216,Before I Wake,2016,13+,78/100,1,0,0,0,0
216,217,The Disaster Artist,2017,18+,78/100,1,0,0,0,0
217,218,Fruitvale Station,2013,18+,77/100,1,0,0,0,0
218,219,The Florida Project,2017,18+,77/100,1,0,0,0,0
219,220,Behind the Curve,2018,16+,77/100,1,0,0,0,0
220,221,Lawless,2012,18+,77/100,1,0,0,0,0
221,222,Errementari: The Blacksmith and the Devil,2018,18+,77/100,1,0,0,0,0
222,223,Audrie & Daisy,2016,,77/100,1,0,0,0,0
223,224,Quantum of Solace,2008,13+,77/100,1,0,0,0,0
224,225,The Master,2012,18+,77/100,1,0,0,0,0
225,226,Layer Cake,2004,18+,77/100,1,0,0,0,0
226,227,Flipped,2010,7+,77/100,1,0,0,0,0
227,228,Steve Martin and Martin Short: An Evening You Will Forget for the Rest of Your Life,2018,16+,77/100,1,0,0,0,0
228,229,Friends with Benefits,2011,18+,77/100,1,1,0,0,0
229,230,Tig,2015,,77/100,1,0,0,0,0
230,231,Roll Red Roll,2019,,77/100,1,0,0,0,0
231,232,Enola Holmes,2020,13+,77/100,1,0,0,0,0
232,233,PK,2015,13+,77/100,1,0,0,0,0
233,234,Good Time,2017,18+,77/100,1,0,0,0,0
234,235,The Next Three Days,2010,13+,77/100,1,0,0,0,0
235,236,Miracle in Cell No. 7,2019,16+,77/100,1,0,0,0,0
236,237,Like Stars on Earth,2007,7+,77/100,1,0,0,0,0
237,238,Trixie Mattel: Moving Parts,2019,,77/100,1,0,0,0,0
238,239,Talaash,2012,,77/100,1,0,0,0,0
239,240,Evelyn,2019,,77/100,1,0,0,0,0
240,241,I Am Sam,2001,13+,77/100,1,0,0,0,0
241,242,In the Shadow of the Moon,2019,18+,77/100,1,0,0,0,0
242,243,Neon Genesis Evangelion: The End of Evangelion,1997,18+,77/100,1,0,0,0,0
243,244,Memoirs of a Geisha,2005,13+,76/100,1,0,0,0,0
244,245,Mad Max,1979,18+,76/100,1,0,0,0,0
245,246,John Leguizamo's Latin History for Morons,2018,7+,76/100,1,0,0,0,0
246,247,And Breathe Normally,2018,16+,76/100,1,0,0,0,0
247,248,The Killing of a Sacred Deer,2017,18+,76/100,1,0,0,0,0
248,249,Angels & Demons,2009,13+,76/100,1,1,0,0,0
249,250,Smoke & Mirrors,2016,,76/100,1,0,0,0,0
250,251,Bright,2017,18+,76/100,1,0,0,0,0
251,252,Yes Man,2008,13+,76/100,1,0,0,0,0
252,253,Murder Mystery,2019,13+,76/100,1,0,0,0,0
253,254,Pink,2016,,76/100,1,0,0,0,0
254,255,The Photographer of Mauthausen,2018,18+,76/100,1,0,0,0,0
255,256,Midnight Run,1988,18+,76/100,1,0,0,0,0
256,257,Flavors of Youth,2018,13+,76/100,1,0,0,0,0
257,258,13th,2016,18+,76/100,1,0,0,0,0
258,259,Ravenous,2017,18+,76/100,1,0,0,0,0
259,260,Austin Powers: The Spy Who Shagged Me,1999,13+,76/100,1,0,0,0,0
260,261,The Life of David Gale,2003,18+,76/100,1,0,0,0,0
261,262,Tramps,2016,,76/100,1,0,0,0,0
262,263,The Girl Next Door,2004,18+,76/100,1,0,0,0,0
263,264,The Two Popes,2019,13+,76/100,1,0,0,0,0
264,265,The Wandering Earth,2019,13+,76/100,1,0,0,0,0
265,266,Just Another Love Story,2007,,76/100,1,0,0,0,0
266,267,Eye for an Eye,2019,18+,76/100,1,0,0,0,0
267,268,Patton Oswalt: Annihilation,2017,,76/100,1,0,0,0,0
268,269,Joan Didion: The Center Will Not Hold,2017,,76/100,1,0,0,0,0
269,270,Steve Jobs,2015,18+,76/100,1,0,0,0,0
270,271,White Fang,2018,7+,76/100,1,0,0,1,0
271,272,A Monster Calls,2016,13+,76/100,1,0,0,0,0
272,273,Olympus Has Fallen,2013,18+,76/100,1,0,0,0,0
273,274,Talladega Nights: The Ballad of Ricky Bobby,2006,13+,76/100,1,0,0,0,0
274,275,The Time Traveler's Wife,2009,13+,76/100,1,0,0,0,0
275,276,State of Play,2009,13+,76/100,1,0,0,0,0
276,277,The Outlaw Josey Wales,1976,7+,76/100,1,0,0,0,0
277,278,The Bank Job,2008,18+,76/100,1,0,0,0,0
278,279,Miss Sloane,2016,18+,76/100,1,0,0,0,0
279,280,Unknown,2011,13+,75/100,1,0,0,0,0
280,281,6 Underground,2019,18+,75/100,1,0,0,0,0
281,282,Uncorked,2020,13+,75/100,1,0,0,0,0
282,283,Petta,2019,,75/100,1,0,0,0,0
283,284,Justin Timberlake + The Tennessee Kids,2016,,75/100,1,0,0,0,0
284,285,My Fair Lady,1964,all,75/100,1,0,0,0,0
285,286,"Bikram: Yogi, Guru, Predator",2019,18+,75/100,1,0,0,0,0
286,287,A Futile and Stupid Gesture,2018,18+,75/100,1,0,0,0,0
287,288,The Dig,2021,13+,75/100,1,0,0,0,0
288,289,Legally Blonde,2001,13+,75/100,1,0,0,0,0
289,290,Legend,2015,18+,75/100,1,0,0,0,0
290,291,Notes on Blindness,2016,,75/100,1,0,0,0,0
291,292,When We First Met,2018,16+,75/100,1,0,0,0,0
292,293,Best Worst Thing That Ever Could Have Happened...,2016,,75/100,1,0,0,0,0
293,294,Imperial Dreams,2014,,75/100,1,0,0,0,0
294,295,Black Mirror: Bandersnatch,2018,18+,75/100,1,0,0,0,0
295,296,Queen,2013,13+,75/100,1,0,0,0,0
296,297,Joshua: Teenager vs. Superpower,2017,16+,75/100,1,0,0,0,0
297,298,Air Force One,1997,18+,75/100,1,0,0,0,0
298,299,Shot Caller,2017,18+,75/100,1,0,0,0,0
299,300,What Dreams May Come,1998,13+,75/100,1,0,0,0,0
300,301,Angel Has Fallen,2019,18+,75/100,1,0,0,0,0
301,302,Crimson Peak,2015,18+,75/100,1,0,0,0,0
302,303,Lemony Snicket's A Series of Unfortunate Events,2004,7+,75/100,1,0,0,0,0
303,304,The Red Sea Diving Resort,2019,18+,75/100,1,0,0,0,0
304,305,The Angel,2018,18+,75/100,1,0,0,0,0
305,306,Army of the Dead,2021,18+,75/100,1,0,0,0,0
306,307,Madagascar 3: Europe's Most Wanted,2012,7+,75/100,1,0,0,0,0
307,308,Icarus,2017,18+,75/100,1,0,0,0,0
308,309,Collateral Beauty,2016,13+,75/100,1,0,0,0,0
309,310,The Danish Girl,2015,18+,75/100,1,0,0,0,0
310,311,Green Zone,2010,18+,75/100,1,0,1,0,0
311,312,John Mulaney: New in Town,2012,18+,75/100,1,0,0,0,0
312,313,Strong Island,2017,,75/100,1,0,0,0,0
313,314,The White Tiger,2021,18+,75/100,1,0,0,0,0
314,315,Defiance,2008,18+,75/100,1,0,0,0,0
315,316,A Fortunate Man,2018,16+,75/100,1,0,0,0,0
316,317,The Death of Stalin,2017,18+,75/100,1,0,0,0,0
317,318,2012,2009,13+,75/100,1,1,0,0,0
318,319,Underworld: Awakening,2012,18+,74/100,1,1,0,0,0
319,320,Philomena,2013,13+,74/100,1,0,0,0,0
320,321,Sanju,2018,18+,74/100,1,0,0,0,0
321,322,Nappily Ever After,2018,18+,74/100,1,0,0,0,0
322,323,I Care a Lot,2021,18+,74/100,1,0,0,0,0
323,324,The Butler,2013,13+,74/100,1,0,0,0,0
324,325,Qarib Qarib Singlle,2017,,74/100,1,0,0,0,0
325,326,A Single Man,2009,18+,74/100,1,0,0,0,0
326,327,Home,2015,7+,74/100,1,0,1,0,0
327,328,Zack and Miri Make a Porno,2008,18+,74/100,1,1,1,0,0
328,329,Seeing Allred,2018,16+,74/100,1,0,0,0,0
329,330,Dostana,2008,13+,74/100,1,0,0,0,0
330,331,Remember Me,2010,13+,74/100,1,0,0,0,0
331,332,Underworld: Rise of the Lycans,2009,18+,74/100,1,0,0,0,0
332,333,The Lovely Bones,2009,13+,74/100,1,0,0,0,0
333,334,Madagascar: Escape 2 Africa,2008,7+,74/100,1,0,0,0,0
334,335,No Strings Attached,2011,18+,74/100,1,0,1,0,0
335,336,Heroin(e),2017,,74/100,1,0,0,0,0
336,337,A Ghost Story,2017,18+,74/100,1,0,0,0,0
337,338,Safety Not Guaranteed,2012,18+,74/100,1,0,0,0,0
338,339,Game Over,2019,13+,74/100,1,0,0,0,0
339,340,Peppermint,2018,18+,74/100,1,0,0,0,0
340,341,Have a Good Trip: Adventures in Psychedelics,2020,18+,74/100,1,0,0,0,0
341,342,Beasts of No Nation,2015,18+,74/100,1,0,0,0,0
342,343,Extinction,2018,18+,74/100,1,0,0,0,0
343,344,Nobody Knows I'm Here,2020,18+,74/100,1,0,0,0,0
344,345,ARQ,2016,18+,74/100,1,0,0,0,0
345,346,Ali's Wedding,2017,18+,74/100,1,0,0,0,0
346,347,Bo Burnham: Make Happy,2016,18+,74/100,1,0,0,0,0
347,348,Mank,2020,18+,74/100,1,0,0,0,0
348,349,"Extremely Wicked, Shockingly Evil and Vile",2019,18+,74/100,1,0,0,0,0
349,350,Due Date,2010,18+,74/100,1,0,0,0,0
350,351,Between Two Ferns: The Movie,2019,18+,74/100,1,0,0,0,0
351,352,Ip Man 2,2010,18+,74/100,1,0,0,0,0
352,353,Mirage,2018,18+,74/100,1,0,0,0,0
353,354,Puss in Boots,2011,7+,74/100,1,0,0,0,0
354,355,Austin Powers in Goldmember,2002,13+,74/100,1,0,0,0,0
355,356,The Kissing Booth,2018,16+,73/100,1,0,0,0,0
356,357,Hush,2016,18+,73/100,1,0,0,0,0
357,358,Lost Bullet,2020,18+,73/100,1,0,0,0,0
358,359,Dil Chahta Hai,2001,all,73/100,1,0,0,0,0
359,360,Election,1999,18+,73/100,1,0,1,0,0
360,361,Soni,2019,18+,73/100,1,0,0,0,0
361,362,Bāhubali: The Beginning,2015,13+,73/100,1,0,0,0,0
362,363,Killing Them Softly,2012,18+,73/100,1,0,0,0,0
363,364,Swordfish,2001,18+,73/100,1,0,0,0,0
364,365,Wish Dragon,2021,7+,73/100,1,0,0,0,0
365,366,Raees,2017,18+,73/100,1,0,0,0,0
366,367,Let It Snow,2019,13+,73/100,1,0,0,0,0
367,368,The Babysitter: Killer Queen,2020,,73/100,1,0,0,0,0
368,369,Hardcore Henry,2015,18+,73/100,1,0,0,0,0
369,370,Tig Notaro: Happy To Be Here,2018,16+,73/100,1,0,0,0,0
370,371,Spelling the Dream,2020,all,73/100,1,0,0,0,0
371,372,Knock Down the House,2019,7+,73/100,1,0,0,0,0
372,373,Resident Evil: Extinction,2007,18+,73/100,1,1,0,0,0
373,374,Polar,2019,18+,73/100,1,0,0,0,0
374,375,Saving Capitalism,2017,7+,73/100,1,0,0,0,0
375,376,The Untold Tales of Armistead Maupin,2017,,73/100,1,0,0,0,0
376,377,The Mitchells vs. The Machines,2021,7+,73/100,1,0,0,0,0
377,378,Spenser Confidential,2020,18+,73/100,1,0,0,0,0
378,379,Psychokinesis,2018,,73/100,1,0,0,0,0
379,380,Monsters vs Aliens,2009,7+,73/100,1,0,0,0,0
380,381,Twilight,2008,13+,73/100,1,0,1,0,0
381,382,Self/less,2015,13+,73/100,1,0,0,0,0
382,383,The Highwaymen,2019,18+,73/100,1,0,0,0,0
383,384,ParaNorman,2012,7+,73/100,1,0,0,0,0
384,385,Holidate,2020,,73/100,1,0,0,0,0
385,386,Fear Street Part Two: 1978,2021,18+,73/100,1,0,0,0,0
386,387,Pee-wee's Big Holiday,2016,7+,73/100,1,0,0,0,0
387,388,Gunpowder Milkshake,2021,18+,73/100,1,0,0,0,0
388,389,"Michael Bolton's Big, Sexy Valentine's Day Special",2017,18+,73/100,1,0,0,0,0
389,390,I Am Not Your Negro,2017,18+,73/100,1,1,0,0,0
390,391,Midnight Special,2016,13+,73/100,1,0,0,0,0
391,392,Layla M.,2016,,73/100,1,0,0,0,0
392,393,Homefront,2013,18+,73/100,1,0,0,0,0
393,394,The Squid and the Whale,2005,18+,73/100,1,0,0,0,0
394,395,Comedian,2002,18+,73/100,1,0,0,0,0
395,396,No Escape,2015,18+,73/100,1,0,0,0,0
396,397,Mercury 13,2018,,73/100,1,0,0,0,0
397,398,The Professor and the Madman,2019,,73/100,1,0,0,0,0
398,399,Asperger's Are Us,2016,,73/100,1,0,0,0,0
399,400,The Garden of Words,2013,13+,73/100,1,0,0,0,0
400,401,Fractured,2019,18+,73/100,1,0,1,0,0
401,402,The Queen,2006,13+,73/100,1,0,0,0,0
402,403,The Whole Nine Yards,2000,18+,72/100,1,0,0,0,0
403,404,E-Team,2014,,72/100,1,0,0,0,0
404,405,The Discovery,2017,18+,72/100,1,0,0,0,0
405,406,The Strangers,2008,18+,72/100,1,0,0,0,0
406,407,Penguins of Madagascar,2014,7+,72/100,1,0,0,0,0
407,408,She's Out of My League,2010,18+,72/100,1,0,1,0,0
408,409,Voyeur,2017,18+,72/100,1,0,0,0,0
409,410,It Comes at Night,2017,18+,72/100,1,0,0,0,0
410,411,The Manchurian Candidate,2004,18+,72/100,1,0,1,0,0
411,412,Bon Cop Bad Cop 2,2017,,72/100,1,0,0,0,0
412,413,Hot Rod,2007,13+,72/100,1,0,1,0,0
413,414,The BFG,2016,7+,72/100,1,0,0,0,0
414,415,Sunday's Illness,2018,13+,72/100,1,0,0,0,0
415,416,The Lorax,2012,7+,72/100,1,1,0,0,0
416,417,Win It All,2017,18+,72/100,1,0,0,0,0
417,418,Mile 22,2018,18+,72/100,1,0,0,0,0
418,419,Tenacious D in The Pick of Destiny,2006,18+,72/100,1,0,0,0,0
419,420,The Sum of All Fears,2002,13+,72/100,1,0,0,0,0
420,421,G.O.R.A.,2004,13+,72/100,1,0,0,0,0
421,422,The Perfect Date,2019,16+,72/100,1,0,0,0,0
422,423,Code 8,2019,,72/100,1,0,0,0,0
423,424,Cowspiracy: The Sustainability Secret,2014,,72/100,1,0,0,0,0
424,425,Life As We Know It,2010,13+,72/100,1,0,0,0,0
425,426,American Assassin,2017,18+,72/100,1,0,0,0,0
426,427,August: Osage County,2013,18+,72/100,1,0,0,0,0
427,428,Kuch Kuch Hota Hai,1998,all,72/100,1,0,0,0,0
428,429,Who Am I,2014,,72/100,1,0,0,0,0
429,430,Free State of Jones,2016,18+,72/100,1,0,0,0,0
430,431,Beast Stalker,2008,,72/100,1,0,0,0,0
431,432,Dark Skies,2013,16+,72/100,1,0,0,0,0
432,433,Safe Haven,2013,13+,72/100,1,0,0,0,0
433,434,Bāhubali 2: The Conclusion,2017,7+,72/100,1,0,0,0,0
434,435,Outlaw King,2018,18+,72/100,1,0,0,0,0
435,436,Cloudy with a Chance of Meatballs 2,2013,7+,72/100,1,0,0,0,0
436,437,Turbo,2013,7+,72/100,1,0,0,0,0
437,438,G.I. Joe: The Rise of Cobra,2009,13+,72/100,1,0,0,0,0
438,439,Horns,2013,18+,72/100,1,0,0,0,0
439,440,Drishyam,2015,18+,72/100,1,0,0,0,0
440,441,Triple Frontier,2019,18+,72/100,1,0,0,0,0
441,442,"Hail, Caesar!",2016,13+,72/100,1,0,0,0,0
442,443,The Ice Road,2021,13+,72/100,1,0,0,0,0
443,444,Monster House,2006,7+,72/100,1,0,0,0,0
444,445,Freaks,2019,18+,72/100,1,0,0,0,0
445,446,Felon,2008,18+,72/100,1,0,0,0,0
446,447,Horse Girl,2020,18+,72/100,1,0,0,0,0
447,448,A Christmas Prince,2017,7+,72/100,1,0,1,0,0
448,449,Hillbilly Elegy,2020,18+,72/100,1,0,0,0,0
449,450,American Ultra,2015,18+,72/100,1,0,0,0,0
450,451,First Match,2018,18+,72/100,1,0,0,0,0
451,452,The Pelican Brief,1993,13+,72/100,1,0,0,0,0
452,453,The Tourist,2010,13+,72/100,1,0,0,0,0
453,454,The Dawn Wall,2017,16+,72/100,1,0,0,0,0
454,455,I'm Thinking of Ending Things,2020,18+,71/100,1,0,0,0,0
455,456,Shutter,2004,18+,71/100,1,0,0,0,0
456,457,Surf's Up,2007,7+,71/100,1,0,1,0,0
457,458,The Twilight Saga: Breaking Dawn - Part 2,2012,13+,71/100,1,0,0,0,0
458,459,Jagga Jasoos,2017,7+,71/100,1,0,0,0,0
459,460,The Burial of Kojo,2018,,71/100,1,0,0,0,0
460,461,My Best Friend's Wedding,1997,13+,71/100,1,0,0,0,0
461,462,Bee Movie,2007,7+,71/100,1,0,0,0,0
462,463,Seoul Searching,2015,18+,71/100,1,0,0,0,0
463,464,Before I Fall,2017,13+,71/100,1,0,0,0,0
464,465,The Babysitter,2017,18+,71/100,1,0,0,0,0
465,466,After,2019,13+,71/100,1,0,0,0,0
466,467,"As Above, So Below",2014,18+,71/100,1,0,0,0,0
467,468,Bo Burnham: What.,2013,18+,71/100,1,0,0,0,0
468,469,Stree,2018,,71/100,1,0,1,0,0
469,470,Velvet Buzzsaw,2019,18+,71/100,1,0,0,0,0
470,471,Savages,2012,18+,71/100,1,0,0,0,0
471,472,Jupiter Ascending,2015,13+,71/100,1,0,0,0,0
472,473,Spectral,2016,13+,71/100,1,0,0,0,0
473,474,Resident Evil: Afterlife,2010,18+,71/100,1,1,0,0,0
474,475,Accepted,2006,13+,71/100,1,0,0,0,0
475,476,"Live Twice, Love Once",2019,18+,71/100,1,0,0,0,0
476,477,Iliza Shlesinger: Elder Millennial,2018,18+,71/100,1,0,0,0,0
477,478,Zindagi Na Milegi Dobara,2011,7+,71/100,1,0,0,0,0
478,479,Free Fire,2017,18+,71/100,1,0,0,0,0
479,480,Soorma,2018,13+,71/100,1,0,0,0,0
480,481,The Zookeeper's Wife,2017,13+,71/100,1,0,0,0,0
481,482,Time Share,2018,18+,71/100,1,0,0,0,0
482,483,The Outpost,2019,18+,71/100,1,0,0,0,0
483,484,Kabir Singh,2019,,71/100,1,0,0,0,0
484,485,Homecoming: A Film by Beyoncé,2019,13+,71/100,1,0,0,0,0
485,486,Jerry Seinfeld: 23 Hours to Kill,2020,7+,71/100,1,0,0,0,0
486,487,Ip Man 4: The Finale,2019,16+,71/100,1,0,0,0,0
487,488,The Laundromat,2019,18+,71/100,1,0,0,0,0
488,489,The 12th Man,2017,,71/100,1,1,0,0,0
489,490,Bad Trip,2020,18+,71/100,1,0,0,0,0
490,491,Mr. Peabody & Sherman,2014,7+,71/100,1,0,0,0,0
491,492,Ip Man 3,2015,13+,71/100,1,0,0,0,0
492,493,Rang De Basanti,2006,13+,71/100,1,0,0,0,0
493,494,The Midnight Sky,2020,13+,71/100,1,0,0,0,0
494,495,Mr. Right,2016,18+,71/100,1,0,0,0,0
495,496,White Christmas,1954,,71/100,1,0,0,0,0
496,497,Synchronic,2020,18+,71/100,1,0,0,0,0
497,498,Adrift,2018,13+,70/100,1,0,0,0,0
498,499,The Game Changers,2019,,70/100,1,0,0,0,0
499,500,Michelle Wolf: Joke Show,2019,,70/100,1,0,0,0,0
500,501,Da 5 Bloods,2020,18+,70/100,1,0,0,0,0
501,502,The American,2010,18+,70/100,1,0,1,0,0
502,503,The Best of Enemies,2019,13+,70/100,1,0,0,0,0
503,504,Forgotten,2017,18+,70/100,1,0,1,0,0
504,505,I Don't Feel at Home in This World Anymore,2017,18+,70/100,1,0,0,0,0
505,506,Lupin the Third: The Castle of Cagliostro,1979,7+,70/100,1,0,0,0,0
506,507,Never Back Down,2008,13+,70/100,1,0,0,0,0
507,508,Fear Street: 1666,2021,18+,70/100,1,0,0,0,0
508,509,Zathura: A Space Adventure,2005,7+,70/100,1,0,0,0,0
509,510,"Faith, Hope & Love",2019,7+,70/100,1,0,0,0,0
510,511,2 States,2014,7+,70/100,1,0,0,0,0
511,512,Grass is Greener,2019,,70/100,1,0,0,0,0
512,513,May the Devil Take You,2018,18+,70/100,1,0,0,0,0
513,514,Double Jeopardy,1999,18+,70/100,1,0,0,0,0
514,515,Ava,2020,18+,70/100,1,0,0,0,0
515,516,Barfi!,2012,all,70/100,1,0,0,0,0
516,517,Barry,2016,,70/100,1,0,0,0,0
517,518,Go!,2020,,70/100,1,0,0,0,0
518,519,Everybody's Fine,2009,13+,70/100,1,0,0,0,0
519,520,Monty Python Live at the Hollywood Bowl,1982,18+,70/100,1,0,0,0,0
520,521,Parker,2013,18+,70/100,1,0,0,0,0
521,522,The Karate Kid Part II,1986,7+,70/100,1,0,0,0,0
522,523,System Crasher,2019,,70/100,1,0,0,0,0
523,524,Under Siege,1992,18+,70/100,1,0,0,0,0
524,525,Brain on Fire,2017,13+,70/100,1,0,0,0,0
525,526,The Butterfly's Dream,2013,13+,70/100,1,0,0,0,0
526,527,The Wrong Missy,2020,18+,70/100,1,0,0,0,0
527,528,Battle: Los Angeles,2011,13+,70/100,1,0,0,0,0
528,529,Pari,2018,13+,70/100,1,0,1,0,0
529,530,The Beguiled,2017,18+,70/100,1,0,0,0,0
530,531,Batman: The Killing Joke,2016,18+,70/100,1,0,0,0,0
531,532,Sex Drive,2008,18+,70/100,1,0,0,0,0
532,533,Mosul,2020,,70/100,1,0,0,0,0
533,534,Pokémon the Movie: The Power of Us,2018,all,70/100,1,0,0,0,0
534,535,Underdogs,2013,7+,70/100,1,0,1,0,0
535,536,The Little Rascals,1994,7+,70/100,1,0,0,0,0
536,537,Fun with Dick and Jane,2005,13+,70/100,1,0,1,0,0
537,538,Ballerina,2016,7+,70/100,1,0,0,0,0
538,539,Hasan Minhaj: Homecoming King,2017,18+,70/100,1,0,0,0,0
539,540,An Easy Girl,2019,18+,70/100,1,0,0,0,0
540,541,Highway,2014,13+,70/100,1,0,1,0,0
541,542,The Book of Henry,2017,13+,70/100,1,0,0,0,0
542,543,Reversing Roe,2018,,70/100,1,0,0,0,0
543,544,The Clovehitch Killer,2018,13+,70/100,1,1,0,0,0
544,545,There's Something in the Water,2019,,70/100,1,0,0,0,0
545,546,Stuart Little,1999,7+,70/100,1,0,0,0,0
546,547,Barakah Meets Barakah,2016,,70/100,1,0,0,0,0
547,548,Starsky & Hutch,2004,13+,70/100,1,0,0,0,0
548,549,Loving,2016,13+,70/100,1,0,0,0,0
549,550,Haider,2014,13+,70/100,1,0,0,0,0
550,551,The Twilight Saga: Eclipse,2010,13+,70/100,1,0,0,0,0
551,552,Triple 9,2016,18+,70/100,1,0,0,0,0
552,553,Spanglish,2004,13+,70/100,1,0,0,0,0
553,554,The Spiderwick Chronicles,2008,7+,70/100,1,0,0,0,0
554,555,Kahaani,2012,16+,69/100,1,0,0,0,0
555,556,Lady J,2018,16+,69/100,1,0,0,0,0
556,557,The Interpreter,2005,13+,69/100,1,0,0,0,0
557,558,"Frankenstein's Monster's Monster, Frankenstein",2019,16+,69/100,1,0,0,0,0
558,559,Not Another Teen Movie,2001,16+,69/100,1,0,1,0,0
559,560,The Cloverfield Paradox,2018,13+,69/100,1,0,0,0,0
560,561,Disclosure,2020,18+,69/100,1,0,0,0,0
561,562,Hot Girls Wanted,2015,,69/100,1,0,0,0,0
562,563,Dead Man Down,2013,18+,69/100,1,0,0,0,0
563,564,Fear Street: 1994,2021,,69/100,1,0,0,0,0
564,565,Kill the Irishman,2011,18+,69/100,1,0,0,0,0
565,566,Set It Up,2018,16+,69/100,1,0,0,0,0
566,567,Case 39,2009,18+,69/100,1,0,1,0,0
567,568,Outside the Wire,2021,18+,69/100,1,0,0,0,0
568,569,Steal a Pencil for Me,2007,,69/100,1,0,0,0,0
569,570,Project Power,2020,18+,69/100,1,0,0,0,0
570,571,High Strung Free Dance,2018,7+,69/100,1,0,0,0,0
571,572,The Twilight Saga: Breaking Dawn - Part 1,2011,13+,69/100,1,0,0,0,0
572,573,Marc Maron: Too Real,2017,,69/100,1,0,0,0,0
573,574,The Polka King,2017,,69/100,1,0,0,0,0
574,575,6 Balloons,2018,18+,69/100,1,0,0,0,0
575,576,Amanda Knox,2016,18+,69/100,1,0,0,0,0
576,577,At Eternity's Gate,2018,13+,69/100,1,0,0,0,0
577,578,Anon,2018,18+,69/100,1,0,0,0,0
578,579,3 Days to Kill,2014,13+,69/100,1,0,0,0,0
579,580,To the Bone,2017,18+,69/100,1,0,0,0,0
580,581,Trollhunters: Rise of the Titans,2021,7+,69/100,1,0,0,0,0
581,582,Mowgli: Legend of the Jungle,2018,13+,69/100,1,0,0,0,0
582,583,Mother's Day,2016,13+,69/100,1,0,1,0,0
583,584,Mortal Kombat,1995,13+,69/100,1,0,0,0,0
584,585,Creep,2014,18+,69/100,1,0,1,0,0
585,586,Death to 2020,2020,18+,69/100,1,0,0,0,0
586,587,Operation Finale,2018,13+,69/100,1,0,0,0,0
587,588,The Great Hack,2019,,69/100,1,0,0,0,0
588,589,The Land of Steady Habits,2018,,69/100,1,0,0,0,0
589,590,Suffragette,2015,13+,69/100,1,0,0,0,0
590,591,Wildlife,2018,13+,69/100,1,0,0,0,0
591,592,War Machine,2017,18+,69/100,1,0,0,0,0
592,593,Bending the Arc,2017,,69/100,1,0,0,0,0
593,594,Kill the Messenger,2014,18+,69/100,1,0,0,0,0
594,595,Feminists: What Were They Thinking?,2018,,69/100,1,0,0,0,0
595,596,If Anything Happens I Love You,2020,7+,69/100,1,0,0,0,0
596,597,Nobody Speak: Trials of the Free Press,2017,16+,69/100,1,0,0,0,0
597,598,Sand Castle,2017,18+,69/100,1,0,0,0,0
598,599,The Forest of Love,2019,18+,69/100,1,0,0,0,0
599,600,Kabhi Alvida Naa Kehna,2006,18+,69/100,1,0,0,0,0
600,601,Fatherhood,2021,13+,69/100,1,0,0,0,0
601,602,Our Idiot Brother,2011,18+,69/100,1,0,0,0,0
602,603,Quién te cantará,2018,,68/100,1,0,0,0,0
603,604,Takers,2010,13+,68/100,1,0,1,0,0
604,605,Udaan,2010,18+,68/100,1,0,0,0,0
605,606,City of Joy,2016,,68/100,1,0,1,0,0
606,607,Under the Shadow,2016,13+,68/100,1,0,0,0,0
607,608,The Silence of Others,2019,,68/100,1,0,0,0,0
608,609,Nacho Libre,2006,7+,68/100,1,0,0,0,0
609,610,Ninja Assassin,2009,18+,68/100,1,0,0,0,0
610,611,The Twilight Saga: New Moon,2009,13+,68/100,1,0,0,0,0
611,612,Rocks,2020,18+,68/100,1,0,0,0,0
612,613,Step Up Revolution,2012,13+,68/100,1,1,0,0,0
613,614,Giving Voice,2020,13+,68/100,1,0,0,0,0
614,615,Like Father,2018,18+,68/100,1,0,0,0,0
615,616,Eddie Murphy Raw,1987,18+,68/100,1,0,0,0,0
616,617,Berserk: The Golden Age Arc III - The Advent,2013,18+,68/100,1,0,0,0,0
617,618,Aval,2017,13+,68/100,1,0,0,0,0
618,619,The Promise,2016,13+,68/100,1,0,0,0,0
619,620,Prospect,2018,18+,68/100,1,0,0,0,0
620,621,Ne Zha,2019,,68/100,1,0,0,0,0
621,622,Bad Genius,2017,13+,68/100,1,0,0,0,0
622,623,Burning Sands,2017,18+,68/100,1,0,0,0,0
623,624,Ludo,2020,13+,68/100,1,0,0,0,0
624,625,Eat Pray Love,2010,13+,68/100,1,0,0,0,0
625,626,Circle,2015,,68/100,1,0,1,0,0
626,627,Rolling Thunder Revue: A Bob Dylan Story by Martin Scorsese,2019,18+,68/100,1,0,0,0,0
627,628,Dovlatov,2018,13+,68/100,1,0,0,0,0
628,629,Lakshya,2004,all,68/100,1,0,0,0,0
629,630,American Murder: The Family Next Door,2020,18+,68/100,1,0,0,0,0
630,631,Jab We Met,2007,13+,68/100,1,0,1,0,0
631,632,Kuchh Bheege Alfaaz,2018,,68/100,1,0,0,0,0
632,633,John Mulaney: The Comeback Kid,2015,7+,68/100,1,0,0,0,0
633,634,Apostle,2018,18+,68/100,1,0,0,0,0
634,635,After We Collided,2020,18+,68/100,1,0,0,0,0
635,636,Mystic Pizza,1988,16+,68/100,1,1,0,0,0
636,637,Middle Men,2009,18+,68/100,1,0,0,0,0
637,638,To All the Boys: P.S. I Still Love You,2020,16+,68/100,1,0,0,0,0
638,639,Malang,2020,,68/100,1,0,0,0,0
639,640,Someone Great,2019,18+,68/100,1,0,0,0,0
640,641,Time Trap,2017,18+,68/100,1,0,0,0,0
641,642,In This Corner of the World,2016,13+,68/100,1,0,0,0,0
642,643,C/o Kancharapalem,2018,7+,68/100,1,0,0,0,0
643,644,Agneepath,1990,,68/100,1,0,0,0,0
644,645,The Package,2018,18+,67/100,1,0,0,0,0
645,646,Tau,2018,18+,67/100,1,0,0,0,0
646,647,Your Highness,2011,18+,67/100,1,0,1,0,0
647,648,Alexander,2004,18+,67/100,1,0,0,0,0
648,649,Rurouni Kenshin: The Final,2021,,67/100,1,0,0,0,0
649,650,Bill Burr: I'm Sorry You Feel That Way,2014,18+,67/100,1,0,0,0,0
650,651,Berserk: The Golden Age Arc I - The Egg of the King,2012,18+,67/100,1,0,0,0,0
651,652,All the Bright Places,2020,18+,67/100,1,0,0,0,0
652,653,Streets of Fire,1984,7+,67/100,1,0,0,0,0
653,654,Sleepless,2017,18+,67/100,1,0,0,0,0
654,655,An Egyptian Story,1982,,67/100,1,0,0,0,0
655,656,Major Grom: Plague Doctor,2021,,67/100,1,0,0,0,0
656,657,Struggle: The Life and Lost Art of Szukalski,2018,18+,67/100,1,0,0,0,0
657,658,Seaspiracy,2021,18+,67/100,1,0,0,0,0
658,659,Wish I Was Here,2014,18+,67/100,1,0,0,0,0
659,660,Moxie,2021,13+,67/100,1,0,0,0,0
660,661,18 Presents,2020,18+,67/100,1,0,0,0,0
661,662,Oxygen,2021,18+,67/100,1,0,0,0,0
662,663,Private Life,2018,18+,67/100,1,0,0,0,0
663,664,The Grandmaster,2013,13+,67/100,1,0,0,0,0
664,665,Home Again,2017,13+,67/100,1,0,0,0,0
665,666,Athlete A,2020,13+,67/100,1,0,0,0,0
666,667,The Outsider,2018,,67/100,1,1,1,0,0
667,668,The Fourth Kind,2009,13+,67/100,1,0,0,0,0
668,669,Bastille Day,2016,18+,67/100,1,0,0,0,0
669,670,The Whole Truth,2016,18+,67/100,1,0,0,0,0
670,671,Ibiza,2018,18+,67/100,1,0,0,0,0
671,672,Sabotage,2014,18+,67/100,1,0,0,0,0
672,673,Penguin Bloom,2021,13+,67/100,1,0,0,0,0
673,674,The Kissing Booth 2,2020,,67/100,1,0,0,0,0
674,675,Kingsglaive: Final Fantasy XV,2016,13+,67/100,1,0,0,0,0
675,676,Mirai,2018,7+,67/100,1,0,0,0,0
676,677,Child's Play 2,1990,18+,67/100,1,0,0,0,0
677,678,World Trade Center,2006,13+,67/100,1,0,1,0,0
678,679,OMG: Oh My God!,2012,all,67/100,1,0,0,0,0
679,680,A Private War,2018,18+,67/100,1,0,0,0,0
680,681,Get on Up,2014,13+,67/100,1,0,0,0,0
681,682,The Possession,2012,13+,67/100,1,0,0,0,0
682,683,The Angry Birds Movie 2,2019,7+,67/100,1,0,0,0,0
683,684,Stowaway,2021,18+,67/100,1,0,0,0,0
684,685,Bill Burr: You People Are All The Same,2012,18+,67/100,1,0,0,0,0
685,686,Four Christmases,2008,13+,67/100,1,0,0,0,0
686,687,Bombay Talkies,2013,13+,67/100,1,0,0,0,0
687,688,Vampire Academy,2014,13+,67/100,1,0,0,0,0
688,689,Brick Mansions,2014,13+,67/100,1,0,0,0,0
689,690,Kingdom: Ashin of the North,2021,18+,67/100,1,0,0,0,0
690,691,Andaz Apna Apna,1994,7+,67/100,1,0,0,0,0
691,692,Emicida: AmarElo - It's All for Yesterday,2020,,67/100,1,0,0,0,0
692,693,Blue Miracle,2021,7+,67/100,1,0,0,0,0
693,694,Holding the Man,2015,,67/100,1,0,0,0,0
694,695,Small Town Crime,2018,18+,67/100,1,0,0,0,0
695,696,Ek Ladki Ko Dekha Toh Aisa Laga,2019,,67/100,1,0,0,0,0
696,697,First They Killed My Father,2017,18+,67/100,1,0,0,0,0
697,698,Rising Phoenix,2020,13+,67/100,1,0,0,0,0
698,699,The Wolf's Call,2019,16+,67/100,1,0,0,0,0
699,700,Paan Singh Tomar,2012,7+,67/100,1,0,0,0,0
700,701,John Mulaney & The Sack Lunch Bunch,2019,,67/100,1,0,0,0,0
701,702,Seventh Son,2015,13+,67/100,1,0,0,0,0
702,703,The Death of Mr. Lazarescu,2005,18+,67/100,1,0,0,0,0
703,704,The Occupant,2020,18+,67/100,1,0,0,0,0
704,705,The Body Remembers When the World Broke Open,2019,18+,67/100,1,0,0,0,0
705,706,The Woman in the Window,2021,18+,67/100,1,0,0,0,0
706,707,Berlin Syndrome,2017,18+,67/100,1,0,0,0,0
707,708,What the Health,2017,,67/100,1,0,0,0,0
708,709,The Runaways,2010,18+,67/100,1,0,0,0,0
709,710,Kodachrome,2017,18+,67/100,1,0,0,0,0
710,711,Croupier,1998,18+,67/100,1,0,0,0,0
711,712,The Smurfs,2011,7+,67/100,1,0,0,0,0
712,713,Muppets Most Wanted,2014,7+,67/100,1,0,0,1,0
713,714,Creep 2,2017,18+,67/100,1,0,0,0,0
714,715,Mandela: Long Walk to Freedom,2013,13+,66/100,1,0,0,0,0
715,716,Toilet: A Love Story,2017,,66/100,1,0,0,0,0
716,717,The Square,2013,16+,66/100,1,0,0,0,0
717,718,Jerry Seinfeld: I'm Telling You for the Last Time,1998,all,66/100,1,0,0,0,0
718,719,"Roxanne, Roxanne",2017,18+,66/100,1,0,0,0,0
719,720,Riphagen The Untouchable,2016,,66/100,1,0,0,0,0
720,721,Dear Zindagi,2016,13+,66/100,1,0,0,0,0
721,722,Vizontele,2001,,66/100,1,0,0,0,0
722,723,Good on Paper,2021,18+,66/100,1,0,0,0,0
723,724,Ophelia,2019,13+,66/100,1,0,0,0,0
724,725,Black Sea,2014,18+,66/100,1,0,0,0,0
725,726,Girl,2018,18+,66/100,1,1,0,0,0
726,727,Irreplaceable You,2018,18+,66/100,1,0,0,0,0
727,728,The Do-Over,2016,18+,66/100,1,0,0,0,0
728,729,Metallica: Some Kind of Monster,2004,18+,66/100,1,0,0,0,0
729,730,Handsome Devil,2017,18+,66/100,1,0,0,0,0
730,731,Unfriended,2015,18+,66/100,1,0,0,0,0
731,732,Visaranai,2016,,66/100,1,0,0,0,0
732,733,Been So Long,2018,,66/100,1,0,0,0,0
733,734,Yes Day,2021,7+,66/100,1,0,0,0,0
734,735,Blood Red Sky,2021,18+,66/100,1,0,0,0,0
735,736,The Bleeding Edge,2018,16+,66/100,1,0,0,0,0
736,737,Tread,2020,,66/100,1,0,0,0,0
737,738,Berserk: The Golden Age Arc II - The Battle for Doldrey,2012,18+,66/100,1,0,0,0,0
738,739,Kevin Hart: Irresponsible,2019,18+,66/100,1,0,0,0,0
739,740,In the Tall Grass,2019,18+,66/100,1,0,0,0,0
740,741,Wadjda,2012,7+,66/100,1,0,0,0,0
741,742,Ferry,2021,18+,66/100,1,0,0,0,0
742,743,The Heartbreak Kid,2007,18+,66/100,1,0,0,0,0
743,744,Fools Rush In,1997,13+,66/100,1,0,0,0,0
744,745,Wild Child,2008,13+,66/100,1,0,0,0,0
745,746,The Lovebirds,2020,18+,66/100,1,0,0,0,0
746,747,Machete Kills,2013,18+,66/100,1,0,0,0,0
747,748,Sergio,2020,18+,66/100,1,0,0,0,0
748,749,The Last Letter From Your Lover,2021,18+,66/100,1,0,0,0,0
749,750,Kursk,2018,13+,66/100,1,0,0,0,0
750,751,Then Came You,2019,13+,66/100,1,0,0,0,0
751,752,Gantz:O,2016,18+,66/100,1,0,0,0,0
752,753,Jenny Slate: Stage Fright,2019,18+,66/100,1,0,0,0,0
753,754,Taylor Swift: Reputation Stadium Tour,2018,7+,66/100,1,0,0,0,0
754,755,Jodhaa Akbar,2008,13+,66/100,1,0,0,0,0
755,756,Red Joan,2018,18+,66/100,1,0,0,0,0
756,757,Amateur,2018,18+,66/100,1,0,0,0,0
757,758,What a Girl Wants,2003,7+,66/100,1,0,0,0,0
758,759,Quigley Down Under,1990,13+,66/100,1,0,0,0,0
759,760,Cop Out,2010,18+,66/100,1,0,0,0,0
760,761,Mindhorn,2016,18+,66/100,1,0,0,0,0
761,762,Katt Williams: Great America,2018,18+,66/100,1,0,0,0,0
762,763,Lingua Franca,2020,,66/100,1,0,0,0,0
763,764,Abduction,2011,13+,66/100,1,0,1,0,0
764,765,Copenhagen,2014,,66/100,1,0,0,0,0
765,766,High Flying Bird,2019,18+,66/100,1,0,0,0,0
766,767,Free to Play,2014,,66/100,1,0,0,0,0
767,768,Life of Crime,2013,18+,66/100,1,0,0,0,0
768,769,A Very Murray Christmas,2015,18+,66/100,1,0,0,0,0
769,770,The Silence,2019,13+,65/100,1,0,0,0,0
770,771,Sarah's Key,2010,13+,65/100,1,0,0,0,0
771,772,Abducted in Plain Sight,2018,all,65/100,1,0,0,0,0
772,773,Winchester,2018,13+,65/100,1,0,0,0,0
773,774,Our Souls at Night,2017,16+,65/100,1,0,0,0,0
774,775,The Karate Kid Part III,1989,7+,65/100,1,0,0,0,0
775,776,Haseen Dillruba,2021,18+,65/100,1,0,0,0,0
776,777,SampleThis,2013,,65/100,1,0,0,0,0
777,778,Bride of Chucky,1998,18+,65/100,1,0,0,0,0
778,779,Christine,2016,18+,65/100,1,1,0,0,0
779,780,Secret Superstar,2017,,65/100,1,0,0,0,0
780,781,The Lonely Island Presents: The Unauthorized Bash Brothers Experience,2019,18+,65/100,1,0,0,0,0
781,782,WHAT DID JACK DO?,2017,16+,65/100,1,0,0,0,0
782,783,Blue Jay,2016,,65/100,1,0,0,0,0
783,784,Deidra & Laney Rob a Train,2017,16+,65/100,1,0,0,0,0
784,785,Hari Kondabolu: Warn Your Relatives,2018,,65/100,1,0,0,0,0
785,786,Close,2019,18+,65/100,1,0,0,0,0
786,787,Sir,2018,,65/100,1,0,0,0,0
787,788,Congo,1995,13+,65/100,1,0,0,0,0
788,789,The Prom,2020,13+,65/100,1,0,0,0,0
789,790,Naruto Shippuden the Movie,2007,13+,65/100,1,0,0,0,0
790,791,The Bling Ring,2013,18+,65/100,1,0,0,0,0
791,792,Greater,2016,7+,65/100,1,0,0,0,0
792,793,07:19,2016,,65/100,1,0,0,0,0
793,794,Neal Brennan: 3 Mics,2017,,65/100,1,0,0,0,0
794,795,In the Family,2017,,65/100,1,0,0,0,0
795,796,The Awakening of Motti Wolkenbruch,2018,,65/100,1,0,0,0,0
796,797,Beats,2019,18+,65/100,1,0,1,0,0
797,798,Lost Girls,2020,18+,65/100,1,0,0,0,0
798,799,The Witch: Part 1. The Subversion,2018,,65/100,1,0,0,0,0
799,800,Don,2006,13+,65/100,1,0,0,0,0
800,801,A Little Chaos,2015,18+,65/100,1,0,0,0,0
801,802,Dennis the Menace,1993,7+,65/100,1,0,0,0,0
802,803,iBoy,2017,,65/100,1,0,0,0,0
803,804,Rush: Beyond The Lighted Stage,2010,,65/100,1,0,0,0,0
804,805,See You Yesterday,2019,,65/100,1,0,0,0,0
805,806,Metallica: Through the Never,2013,18+,65/100,1,0,0,0,0
806,807,Xtreme,2021,18+,65/100,1,0,0,0,0
807,808,Beyond the Clouds,2018,,65/100,1,0,0,0,0
808,809,Two Distant Strangers,2020,18+,65/100,1,0,0,0,0
809,810,Bert Kreischer: Secret Time,2018,18+,65/100,1,0,0,0,0
810,811,To All the Boys: Always and Forever,2021,,65/100,1,0,0,0,0
811,812,Breaking Boundaries: The Science of Our Planet,2021,7+,65/100,1,0,0,0,0
812,813,"Yes, God, Yes",2019,18+,65/100,1,0,0,0,0
813,814,The Long Riders,1980,18+,65/100,1,0,1,0,0
814,815,Shepherds and Butchers,2017,18+,65/100,1,0,0,0,0
815,816,Big Miracle,2012,7+,65/100,1,0,0,0,0
816,817,Gunjan Saxena: The Kargil Girl,2020,16+,65/100,1,0,0,0,0
817,818,The Invisible Guardian,2017,16+,65/100,1,0,0,0,0
818,819,Cop Car,2015,18+,65/100,1,0,0,0,0
819,820,Main Hoon Na,2004,7+,65/100,1,0,0,0,0
820,821,Last Breath,2019,18+,65/100,1,0,0,0,0
821,822,The Stepfather,2009,13+,65/100,1,1,1,0,0
822,823,Joe Rogan: Strange Times,2018,,65/100,1,0,0,0,0
823,824,The Sweetest Thing,2002,18+,65/100,1,0,1,0,0
824,825,Dil Se..,1998,13+,65/100,1,0,0,0,0
825,826,Thunder Force,2021,13+,65/100,1,0,0,0,0
826,827,The Ivory Game,2016,,65/100,1,0,0,0,0
827,828,Otherhood,2019,18+,65/100,1,0,0,0,0
828,829,Space Sweepers,2021,,65/100,1,0,0,0,0
829,830,The Prince & Me,2004,7+,65/100,1,0,1,0,0
830,831,For the Love of Spock,2016,,65/100,1,0,0,0,0
831,832,The Green Inferno,2015,18+,64/100,1,0,0,0,0
832,833,A Babysitter's Guide to Monster Hunting,2020,,64/100,1,0,0,0,0
833,834,Fantastic Fungi,2019,16+,64/100,1,0,0,0,0
834,835,West Beirut,1998,13+,64/100,1,0,0,0,0
835,836,He Never Died,2015,18+,64/100,1,0,0,0,0
836,837,The Nut Job,2014,7+,64/100,1,0,0,0,0
837,838,Unicorn Store,2017,,64/100,1,0,0,0,0
838,839,Alex Strangelove,2018,18+,64/100,1,0,0,0,0
839,840,Naruto Shippuden the Movie: The Will of Fire,2009,13+,64/100,1,0,0,0,0
840,841,David Foster: Off the Record,2019,,64/100,1,0,0,0,0
841,842,Pihu,2018,all,64/100,1,0,0,0,0
842,843,American Me,1992,18+,64/100,1,0,0,0,0
843,844,The Christmas Chronicles: Part Two,2020,7+,64/100,1,0,0,0,0
844,845,Sinister 2,2015,18+,64/100,1,0,0,0,0
845,846,Don't Go Breaking My Heart,2011,,64/100,1,0,0,0,0
846,847,Black '47,2018,18+,64/100,1,0,0,0,0
847,848,Mute,2018,18+,64/100,1,0,0,0,0
848,849,"Crouching Tiger, Hidden Dragon: Sword of Destiny",2016,13+,64/100,1,0,0,0,0
849,850,The Ottoman Lieutenant,2017,18+,64/100,1,0,0,0,0
850,851,Teefa in Trouble,2018,13+,64/100,1,0,0,0,0
851,852,David Cross: Making America Great Again,2016,,64/100,1,0,0,0,0
852,853,The Last Days,1998,13+,64/100,1,0,0,0,0
853,854,Fred Claus,2007,7+,64/100,1,0,0,0,0
854,855,Sierra Burgess Is a Loser,2018,13+,64/100,1,0,0,0,0
855,856,Pariah,2011,18+,64/100,1,0,0,0,0
856,857,Cam,2018,18+,64/100,1,0,0,0,0
857,858,The Boys in the Band,2020,18+,64/100,1,0,0,0,0
858,859,Kai Po Che!,2013,,64/100,1,0,0,0,0
859,860,The Tree of Blood,2018,18+,64/100,1,0,0,0,0
860,861,Magic Carpet Ride,2005,13+,64/100,1,0,0,0,0
861,862,A Sun,2019,,64/100,1,0,0,0,0
862,863,The Mirror Has Two Faces,1996,13+,64/100,1,0,0,0,0
863,864,The Skin of the Wolf,2018,,64/100,1,0,0,0,0
864,865,Come Sunday,2018,16+,64/100,1,0,0,0,0
865,866,The Forty-Year-Old Version,2020,18+,64/100,1,0,0,0,0
866,867,Eli,2019,18+,64/100,1,0,0,0,0
867,868,Naruto the Movie: Ninja Clash in the Land of Snow,2004,16+,64/100,1,0,0,0,0
868,869,Tony Robbins: I Am Not Your Guru,2016,,64/100,1,0,0,0,0
869,870,Good Burger,1997,7+,64/100,1,0,0,0,0
870,871,Jimmy Neutron: Boy Genius,2001,all,64/100,1,0,0,0,0
871,872,American Son,2019,,64/100,1,0,0,0,0
872,873,The Call,2020,,64/100,1,0,0,0,0
873,874,Nights in Rodanthe,2008,13+,64/100,1,0,0,0,0
874,875,Dick Johnson Is Dead,2020,13+,64/100,1,0,0,0,0
875,876,Maps to the Stars,2014,18+,64/100,1,0,0,0,0
876,877,The Hows of Us,2018,,64/100,1,0,0,0,0
877,878,Mimi,2021,,64/100,1,0,0,0,0
878,879,100 Meters,2016,,64/100,1,0,0,0,0
879,880,The Death and Life of Marsha P. Johnson,2017,,64/100,1,0,0,0,0
880,881,No Game No Life: Zero,2017,18+,64/100,1,0,0,0,0
881,882,Taylor Tomlinson: Quarter-Life Crisis,2020,16+,64/100,1,0,0,0,0
882,883,All Day and a Night,2020,18+,64/100,1,0,0,0,0
883,884,Ali Wong: Baby Cobra,2016,18+,64/100,1,0,0,0,0
884,885,Parmanu: The Story of Pokhran,2018,,64/100,1,0,0,0,0
885,886,The Incredible Jessica James,2017,,64/100,1,0,0,0,0
886,887,The Happytime Murders,2018,18+,64/100,1,0,0,0,0
887,888,The Strangers: Prey at Night,2018,18+,64/100,1,0,0,0,0
888,889,Cradle 2 the Grave,2003,18+,64/100,1,0,0,0,0
889,890,Jim Gaffigan: King Baby,2009,7+,64/100,1,0,0,0,0
890,891,Rust Creek,2019,18+,64/100,1,0,0,0,0
891,892,The Smurfs 2,2013,7+,64/100,1,0,0,0,0
892,893,Asmaa,2011,,64/100,1,0,0,0,0
893,894,Rock On!!,2008,,64/100,1,0,1,0,0
894,895,Fisherman’s Friends,2019,13+,64/100,1,0,0,0,0
895,896,Avengement,2019,,64/100,1,0,0,0,0
896,897,Other People,2016,,64/100,1,0,0,0,0
897,898,Kicking and Screaming,1995,18+,64/100,1,0,1,0,0
898,899,Tamasha,2015,7+,64/100,1,0,0,0,0
899,900,The Meddler,2016,13+,64/100,1,0,0,0,0
900,901,White Girl,2016,,64/100,1,0,0,0,0
901,902,Below Zero,2021,18+,64/100,1,0,0,0,0
902,903,The Climb,2017,,64/100,1,0,1,0,0
903,904,The Rachel Divide,2018,18+,64/100,1,0,0,0,0
904,905,1000 Mabrouk,2009,,64/100,1,0,0,0,0
905,906,Undefeated,2011,13+,64/100,1,0,0,0,0
906,907,Lying and Stealing,2019,18+,64/100,1,0,0,0,0
907,908,Who Would You Take to a Deserted Island?,2019,,64/100,1,0,0,0,0
908,909,Richard Pryor: Live in Concert,1979,18+,64/100,1,0,0,0,0
909,910,Om Shanti Om,2007,7+,63/100,1,0,0,0,0
910,911,Year One,2009,13+,63/100,1,0,0,0,0
911,912,"Waiting for ""Superman""",2010,7+,63/100,1,0,0,0,0
912,913,Andhaghaaram,2020,,63/100,1,0,0,0,0
913,914,Hop,2011,all,63/100,1,0,0,0,0
914,915,Coming Soon,2014,7+,63/100,1,0,0,0,0
915,916,The Rugrats Movie,1998,all,63/100,1,0,0,0,0
916,917,Jingle Jangle: A Christmas Journey,2020,7+,63/100,1,0,0,0,0
917,918,Mission Blue,2014,7+,63/100,1,0,0,0,0
918,919,Beverly Hills Ninja,1997,13+,63/100,1,0,0,0,0
919,920,In a Valley of Violence,2016,18+,63/100,1,0,0,0,0
920,921,The Battered Bastards of Baseball,2014,,63/100,1,0,0,0,0
921,922,Inhuman Kiss,2019,,63/100,1,0,0,0,0
922,923,The Motive,2017,18+,63/100,1,0,0,0,0
923,924,Lust Stories,2018,13+,63/100,1,0,0,0,0
924,925,Beyond Skyline,2017,18+,63/100,1,0,0,0,0
925,926,Holiday in the Wild,2019,7+,63/100,1,0,0,0,0
926,927,Umrika,2015,,63/100,1,0,0,0,0
927,928,The Seven Deadly Sins: Prisoners of the Sky,2018,,63/100,1,0,0,0,0
928,929,Long Shot,2017,16+,63/100,1,0,0,0,0
929,930,Dev.D,2009,13+,63/100,1,0,0,0,0
930,931,Judd Apatow: The Return,2017,16+,63/100,1,0,0,0,0
931,932,Jaane Tu... Ya Jaane Na,2008,,63/100,1,0,0,0,0
932,933,Escape from Planet Earth,2012,7+,63/100,1,0,0,0,0
933,934,Aziz Ansari: Live at Madison Square Garden,2015,18+,63/100,1,0,0,0,0
934,935,"Yours, Mine & Ours",2005,7+,63/100,1,0,1,0,0
935,936,Bully,2011,13+,63/100,1,0,0,0,0
936,937,Sleight,2016,18+,63/100,1,0,0,0,0
937,938,The Hummingbird Project,2019,18+,63/100,1,0,0,0,0
938,939,"Game Over, Man!",2018,18+,63/100,1,0,0,0,0
939,940,Edge of Seventeen,1998,18+,63/100,1,0,0,0,0
940,941,A Christmas Prince: The Royal Wedding,2018,7+,63/100,1,0,0,0,0
941,942,American Outlaws,2001,13+,63/100,1,0,0,0,0
942,943,Jim Jefferies: Bare,2014,18+,63/100,1,0,0,0,0
943,944,Wake Up Sid,2009,,63/100,1,0,0,0,0
944,945,Bill Hicks: Relentless,1992,,63/100,1,0,0,0,0
945,946,Mary Magdalene,2018,18+,63/100,1,0,0,0,0
946,947,BLACKPINK: Light Up the Sky,2020,all,63/100,1,0,0,0,0
947,948,Madras Cafe,2013,13+,63/100,1,0,0,0,0
948,949,Berlin Calling,2008,,63/100,1,0,0,0,0
949,950,The Titan,2018,18+,63/100,1,0,0,0,0
950,951,I Am Not an Easy Man,2018,,63/100,1,0,0,0,0
951,952,Love Off the Cuff,2017,,63/100,1,0,0,0,0
952,953,Child's Play 3,1991,18+,63/100,1,0,0,0,0
953,954,Rugrats in Paris: The Movie,2000,all,63/100,1,0,0,0,0
954,955,Naruto Shippuden the Movie: Bonds,2008,16+,63/100,1,0,0,0,0
955,956,Heneral Luna,2015,18+,63/100,1,0,0,0,0
956,957,Delhi Belly,2011,,63/100,1,0,0,0,0
957,958,Armed to the Teeth,2018,,63/100,1,0,0,0,0
958,959,I Am All Girls,2021,18+,63/100,1,0,0,0,0
959,960,Jagame Thandhiram,2021,18+,63/100,1,0,0,0,0
960,961,Master Z: Ip Man Legacy,2019,13+,63/100,1,0,0,0,0
961,962,Hubie Halloween,2020,13+,63/100,1,0,0,0,0
962,963,Naruto Shippuden the Movie: Blood Prison,2011,13+,63/100,1,0,0,0,0
963,964,Awake,2021,,63/100,1,0,1,0,0
964,965,Bulbbul,2020,18+,63/100,1,0,0,0,0
965,966,Malcolm & Marie,2021,18+,63/100,1,0,0,0,0
966,967,Fukrey,2013,13+,63/100,1,0,0,0,0
967,968,Furie,2019,18+,63/100,1,0,0,0,0
968,969,The Blue Elephant Part 2,2019,,63/100,1,0,0,0,0
969,970,Orbiter 9,2017,16+,63/100,1,0,0,0,0
970,971,Awe!,2018,,63/100,1,0,0,0,0
971,972,Our Lovers,2016,,63/100,1,0,0,0,0
972,973,Newness,2017,,63/100,1,0,0,0,0
973,974,Freak Show,2018,,63/100,1,1,0,0,0
974,975,Black or White,2014,13+,63/100,1,0,0,0,0
975,976,Everybody's Everything,2019,18+,63/100,1,0,0,0,0
976,977,The Darkest Hour,2011,13+,63/100,1,0,0,0,0
977,978,Headshot,2016,,63/100,1,0,0,0,0
978,979,Ratchet & Clank,2016,7+,63/100,1,0,0,0,0
979,980,Blind Detective,2013,,63/100,1,0,0,0,0
980,981,Capital in the Twenty-First Century,2019,,63/100,1,0,0,0,0
981,982,Rim of the World,2019,7+,63/100,1,0,0,0,0
982,983,America: The Motion Picture,2021,,63/100,1,0,0,0,0
983,984,The Princess Switch,2018,7+,63/100,1,0,0,0,0
984,985,Belgica,2016,,63/100,1,0,0,0,0
985,986,Pyaar Ka Punchnama 2,2015,13+,63/100,1,0,0,0,0
986,987,Love Jones,1997,18+,63/100,1,0,0,0,0
987,988,Kevin Hart: Seriously Funny,2010,18+,63/100,1,0,0,0,0
988,989,Violet Evergarden: Eternity and the Auto Memory Doll,2019,7+,63/100,1,0,0,0,0
989,990,Little Monsters,1989,7+,63/100,1,1,0,0,0
990,991,Mucize,2015,18+,63/100,1,0,0,0,0
991,992,Playing for Keeps,2012,13+,62/100,1,0,0,0,0
992,993,#Alive,2020,,62/100,1,0,0,0,0
993,994,Finding 'Ohana,2021,7+,62/100,1,0,0,0,0
994,995,Three,2016,13+,62/100,1,0,0,0,0
995,996,Aziz Ansari: Right Now,2019,,62/100,1,0,0,0,0
996,997,Bill Hicks: Revelations,1993,,62/100,1,0,0,0,0
997,998,Love Happens,2009,13+,62/100,1,0,0,0,0
998,999,The Wind,2019,18+,62/100,1,0,0,0,0
999,1000,Habibie & Ainun,2012,,62/100,1,0,0,0,0
1000,1001,Feel the Beat,2020,all,62/100,1,0,0,0,0
1001,1002,Hotel for Dogs,2009,7+,62/100,1,0,0,0,0
1002,1003,Silver Skates,2020,18+,62/100,1,0,0,0,0
1003,1004,Elizabeth Harvest,2018,18+,62/100,1,0,0,0,0
1004,1005,Joseph: King of Dreams,2000,all,62/100,1,0,0,0,0
1005,1006,Choked: Paisa Bolta Hai,2020,16+,62/100,1,0,0,0,0
1006,1007,Carrie Pilby,2017,,62/100,1,0,0,0,0
1007,1008,Blame!,2017,13+,62/100,1,0,0,0,0
1008,1009,Ala Vaikunthapurramuloo,2020,13+,62/100,1,0,0,0,0
1009,1010,The Operative,2019,18+,62/100,1,0,0,0,0
1010,1011,Pelé,2021,13+,62/100,1,0,0,0,0
1011,1012,Little Evil,2017,18+,62/100,1,0,0,0,0
1012,1013,Mersal,2017,,62/100,1,0,0,0,0
1013,1014,Hannah Gadsby: Douglas,2020,18+,62/100,1,0,0,0,0
1014,1015,Operation Christmas Drop,2020,all,62/100,1,0,0,0,0
1015,1016,Pokémon the Movie: I Choose You!,2017,7+,62/100,1,0,0,0,0
1016,1017,Sweetheart,2019,13+,62/100,1,0,0,0,0
1017,1018,Delirium,2018,18+,62/100,1,0,0,0,0
1018,1019,The Bar,2017,,62/100,1,0,0,0,0
1019,1020,Herod's Law,1999,18+,62/100,1,0,0,0,0
1020,1021,A Princess for Christmas,2011,7+,62/100,1,0,0,0,0
1021,1022,Triple Threat,2019,18+,62/100,1,0,0,0,0
1022,1023,Kevin Hart: What Now?,2016,18+,62/100,1,0,0,0,0
1023,1024,Goon: Last of the Enforcers,2017,18+,62/100,1,0,0,0,0
1024,1025,The Unknown Known,2013,13+,62/100,1,0,0,0,0
1025,1026,The Paramedic,2020,18+,62/100,1,0,0,0,0
1026,1027,Yuva,2004,7+,62/100,1,0,0,0,0
1027,1028,Can't Help Falling in Love,2017,,62/100,1,0,0,0,0
1028,1029,Sandy Wexler,2017,16+,62/100,1,0,0,0,0
1029,1030,Nothing to Hide,2018,18+,62/100,1,0,0,0,0
1030,1031,Sad Hill Unearthed,2017,,62/100,1,0,0,0,0
1031,1032,How I Became a Superhero,2021,,62/100,1,0,0,0,0
1032,1033,Isi & Ossi,2020,18+,62/100,1,0,0,0,0
1033,1034,Naruto Shippuden the Movie: The Lost Tower,2010,7+,62/100,1,0,0,0,0
1034,1035,Trailer Park Boys: The Movie,2006,18+,62/100,1,0,0,0,0
1035,1036,The Ridiculous 6,2015,13+,62/100,1,0,0,0,0
1036,1037,Sword of Trust,2019,18+,62/100,1,0,0,0,0
1037,1038,Bad Seeds,2018,18+,62/100,1,0,0,0,0
1038,1039,Wildling,2018,18+,62/100,1,0,0,0,0
1039,1040,Uyare,2019,,62/100,1,0,0,0,0
1040,1041,Christmas Inheritance,2017,,62/100,1,0,0,0,0
1041,1042,Chopsticks,2019,,62/100,1,0,0,0,0
1042,1043,2 Hearts,2020,13+,62/100,1,0,0,0,0
1043,1044,The Night Clerk,2020,18+,62/100,1,0,0,0,0
1044,1045,Kevin Hart: I'm a Grown Little Man,2009,18+,62/100,1,0,0,0,0
1045,1046,Work It,2020,16+,62/100,1,0,0,0,0
1046,1047,Domestic Disturbance,2001,13+,62/100,1,0,0,0,0
1047,1048,Gimme Shelter,2013,13+,62/100,1,0,0,0,0
1048,1049,My Beautiful Broken Brain,2014,,62/100,1,0,0,0,0
1049,1050,Bill Burr: Walk Your Way Out,2017,,62/100,1,0,0,0,0
1050,1051,Minimalism: A Documentary About the Important Things,2015,,62/100,1,0,0,0,0
1051,1052,Toc Toc,2017,7+,62/100,1,0,0,0,0
1052,1053,Secret Magic Control Agency,2021,7+,62/100,1,0,0,0,0
1053,1054,The Three Deaths of Marisela Escobedo,2020,18+,62/100,1,0,0,0,0
1054,1055,Message from the King,2016,18+,62/100,1,0,0,0,0
1055,1056,Falling Inn Love,2019,7+,62/100,1,0,0,0,0
1056,1057,Demetri Martin: The Overthinker,2018,,62/100,1,0,0,0,0
1057,1058,Nayattu,2021,18+,61/100,1,0,0,0,0
1058,1059,Cairo Station,1958,,61/100,1,0,0,0,0
1059,1060,No Longer kids,1979,,61/100,1,0,0,0,0
1060,1061,Demonic,2015,18+,61/100,1,0,0,0,0
1061,1062,Wine Country,2019,18+,61/100,1,0,0,0,0
1062,1063,The Fury of a Patient Man,2016,,61/100,1,0,0,0,0
1063,1064,4 latas,2019,,61/100,1,0,0,0,0
1064,1065,The Last Summer,2019,16+,61/100,1,0,0,0,0
1065,1066,Jeff Dunham: Arguing with Myself,2006,13+,61/100,1,0,1,0,0
1066,1067,Initial D,2005,7+,61/100,1,0,0,0,0
1067,1068,In Darkness,2018,,61/100,1,0,0,0,0
1068,1069,Mike Birbiglia: My Girlfriend's Boyfriend,2013,,61/100,1,0,0,0,0
1069,1070,Seth Meyers: Lobby Baby,2019,18+,61/100,1,0,0,0,0
1070,1071,Audrey,2020,16+,61/100,1,0,0,0,0
1071,1072,I'm No Longer Here,2019,18+,61/100,1,0,0,0,0
1072,1073,Bad Day for the Cut,2017,,61/100,1,0,0,0,0
1073,1074,The Other Side of the Wind,2018,18+,61/100,1,0,0,0,0
1074,1075,"Best Wishes, Warmest Regards: A Schitt's Creek Farewell",2020,,61/100,1,0,0,0,0
1075,1076,Modest Heroes,2018,7+,61/100,1,0,0,0,0
1076,1077,Bennett's War,2019,13+,61/100,1,0,0,0,0
1077,1078,Seed of Chucky,2004,18+,61/100,1,0,0,0,0
1078,1079,Welcome Home,2018,18+,61/100,1,0,0,0,0
1079,1080,1BR,2020,16+,61/100,1,0,0,0,0
1080,1081,The Debt Collector,2018,,61/100,1,0,1,0,0
1081,1082,Happy New Year,2014,all,61/100,1,0,0,0,0
1082,1083,Katt Williams: The Pimp Chronicles Pt. 1,2006,18+,61/100,1,0,0,0,0
1083,1084,The Last Blockbuster,2020,16+,61/100,1,0,0,0,0
1084,1085,Acts of Vengeance,2017,18+,61/100,1,0,0,0,0
1085,1086,Mandela,2021,16+,61/100,1,0,0,0,0
1086,1087,Calm with Horses,2020,18+,61/100,1,0,0,0,0
1087,1088,A Haunted House 2,2014,18+,61/100,1,0,0,0,0
1088,1089,Giant,2017,13+,61/100,1,0,0,0,0
1089,1090,Dancing with the Birds,2019,,61/100,1,0,0,0,0
1090,1091,Guzaarish,2010,7+,61/100,1,0,0,0,0
1091,1092,The Seventh Day,2021,18+,61/100,1,0,0,0,0
1092,1093,Chris Rock: Tamborine,2018,18+,61/100,1,0,0,0,0
1093,1094,6 Bullets,2012,18+,61/100,1,0,0,0,0
1094,1095,Shimmer Lake,2017,18+,61/100,1,0,0,0,0
1095,1096,Altered Carbon: Resleeved,2020,18+,61/100,1,0,0,0,0
1096,1097,I Am the Pretty Thing That Lives in the House,2016,,61/100,1,0,0,0,0
1097,1098,Don't Listen,2020,,61/100,1,0,0,0,0
1098,1099,The International,2006,13+,61/100,1,0,1,0,0
1099,1100,The Last Airbender,2010,7+,61/100,1,0,0,0,0
1100,1101,Things Heard & Seen,2021,18+,61/100,1,0,0,0,0
1101,1102,Life 2.0,2010,,61/100,1,0,0,0,0
1102,1103,Fighting,2009,13+,61/100,1,0,0,0,0
1103,1104,Wanda Sykes: Not Normal,2019,,61/100,1,0,0,0,0
1104,1105,Studio 54,2018,18+,61/100,1,0,0,0,0
1105,1106,Best of the Best,1989,13+,61/100,1,0,0,0,0
1106,1107,Incarnate,2016,13+,61/100,1,0,0,0,0
1107,1108,Raman Raghav 2.0,2016,,61/100,1,0,0,0,0
1108,1109,Steel Rain,2017,18+,61/100,1,0,0,0,0
1109,1110,Jim Gaffigan: Beyond the Pale,2006,16+,61/100,1,0,0,0,0
1110,1111,Ajji,2017,,61/100,1,0,0,0,0
1111,1112,The Legend of Bhagat Singh,2002,,61/100,1,0,0,0,0
1112,1113,Hell Fest,2018,18+,61/100,1,0,0,0,0
1113,1114,Oththa Seruppu Size 7,2019,,61/100,1,0,0,0,0
1114,1115,Wasp Network,2020,18+,61/100,1,0,0,0,0
1115,1116,Monster,2021,18+,61/100,1,0,1,0,0
1116,1117,Kaminey,2009,13+,61/100,1,0,0,0,0
1117,1118,Hasee Toh Phasee,2014,13+,61/100,1,0,0,0,0
1118,1119,A Plastic Ocean,2016,,61/100,1,0,0,0,0
1119,1120,Naruto the Movie: Legend of the Stone of Gelel,2005,16+,61/100,1,0,0,0,0
1120,1121,Shrek the Musical,2013,13+,61/100,1,0,0,0,0
1121,1122,Maximum Risk,1996,18+,61/100,1,1,0,0,0
1122,1123,True Memoirs of an International Assassin,2016,16+,61/100,1,0,0,0,0
1123,1124,Animal World,2018,18+,61/100,1,0,0,0,0
1124,1125,Sightless,2020,,61/100,1,0,0,0,0
1125,1126,Red Dot,2021,18+,61/100,1,0,0,0,0
1126,1127,Tom Segura: Ball Hog,2020,18+,61/100,1,0,0,0,0
1127,1128,Earthquake Bird,2019,18+,61/100,1,0,0,0,0
1128,1129,Your Name Engraved Herein,2020,,61/100,1,0,0,0,0
1129,1130,Skater Girl,2021,7+,61/100,1,0,0,0,0
1130,1131,Bhavesh Joshi Superhero,2018,,61/100,1,0,0,0,0
1131,1132,5 Flights Up,2014,13+,60/100,1,0,0,0,0
1132,1133,Murder by the Coast,2021,18+,60/100,1,0,0,0,0
1133,1134,Radio Rebel,2012,all,60/100,1,0,0,0,0
1134,1135,"Crack: Cocaine, Corruption & Conspiracy",2021,18+,60/100,1,0,0,0,0
1135,1136,Bittersweet,2010,,60/100,1,0,0,0,0
1136,1137,Rangoon,2017,,60/100,1,0,0,0,0
1137,1138,How It Ends,2018,18+,60/100,1,0,0,0,0
1138,1139,Arjun: The Warrior Prince,2012,all,60/100,1,0,0,0,0
1139,1140,Love per Square Foot,2018,16+,60/100,1,0,0,0,0
1140,1141,Nail Bomber: Manhunt,2021,18+,60/100,1,0,0,0,0
1141,1142,We the Animals,2018,18+,60/100,1,0,0,0,0
1142,1143,"Take the Ball, Pass the Ball",2018,,60/100,1,0,0,0,0
1143,1144,Pee Mak Phrakanong,2013,13+,60/100,1,0,0,0,0
1144,1145,Cut Bank,2014,18+,60/100,1,0,0,0,0
1145,1146,Gabbar Is Back,2015,13+,60/100,1,0,0,0,0
1146,1147,Pete Davidson: Alive from New York,2020,18+,60/100,1,0,0,0,0
1147,1148,Boy Missing,2016,,60/100,1,0,0,0,0
1148,1149,Sorry For Disturbing,2008,,60/100,1,0,0,0,0
1149,1150,Advantageous,2015,,60/100,1,0,0,0,0
1150,1151,David Brent: Life on the Road,2016,,60/100,1,0,0,0,0
1151,1152,A Fall from Grace,2020,18+,60/100,1,0,0,0,0
1152,1153,The Legacy of the Bones,2019,18+,60/100,1,0,0,0,0
1153,1154,Luka Chuppi,2019,7+,60/100,1,0,0,0,0
1154,1155,Ankhon Dekhi,2014,,60/100,1,0,0,0,0
1155,1156,Polaroid,2019,13+,60/100,1,0,0,0,0
1156,1157,Unbreakable Kimmy Schmidt: Kimmy vs. the Reverend,2020,13+,60/100,1,0,0,0,0
1157,1158,Naruto the Movie: Guardians of the Crescent Moon Kingdom,2006,13+,60/100,1,0,0,0,0
1158,1159,This Changes Everything,2019,7+,60/100,1,0,0,0,0
1159,1160,Rebecca,2020,13+,60/100,1,0,0,0,0
1160,1161,Take Your Pills,2018,,60/100,1,0,0,0,0
1161,1162,Jim Jefferies: Freedumb,2016,18+,60/100,1,0,0,0,0
1162,1163,The African Doctor,2016,,60/100,1,0,0,0,0
1163,1164,Secrets of the Saqqara Tomb,2020,7+,60/100,1,0,0,0,0
1164,1165,Jim Gaffigan: Mr. Universe,2012,,60/100,1,0,0,0,0
1165,1166,The Reason I Jump,2020,,60/100,1,0,0,0,0
1166,1167,Retablo,2018,,60/100,1,0,0,0,0
1167,1168,Aamir,2008,18+,60/100,1,0,0,0,0
1168,1169,Yucatán,2018,7+,60/100,1,0,0,0,0
1169,1170,Opening Night,2016,,60/100,1,0,0,0,0
1170,1171,AK vs AK,2020,18+,60/100,1,0,0,0,0
1171,1172,My Ex & Whys,2017,,60/100,1,0,0,0,0
1172,1173,Rogue City,2020,13+,60/100,1,0,0,0,0
1173,1174,Dragon Quest: Your Story,2019,7+,60/100,1,0,0,0,0
1174,1175,Full Out,2015,7+,60/100,1,0,0,0,0
1175,1176,Welcome,2007,,60/100,1,0,0,0,0
1176,1177,Rose Island,2020,,60/100,1,0,0,0,0
1177,1178,Paheli,2005,13+,60/100,1,0,0,0,0
1178,1179,Echo in the Canyon,2019,13+,60/100,1,0,0,0,0
1179,1180,The Wedding Guest,2019,18+,60/100,1,0,0,0,0
1180,1181,Malevolent,2018,18+,60/100,1,0,0,0,0
1181,1182,Donald Glover: Weirdo,2012,,60/100,1,0,0,0,0
1182,1183,Jim Gaffigan: Obsessed,2014,16+,60/100,1,0,0,0,0
1183,1184,We Have Always Lived in the Castle,2018,,60/100,1,0,0,0,0
1184,1185,The Coldest Game,2019,18+,60/100,1,0,0,0,0
1185,1186,The Perfect Dictatorship,2014,,60/100,1,0,0,0,0
1186,1187,La tribu,2018,18+,60/100,1,0,0,0,0
1187,1188,Good Hair,2009,13+,60/100,1,0,0,0,0
1188,1189,I Am Divine,2013,,60/100,1,0,0,0,0
1189,1190,The Secret,2006,7+,60/100,1,0,0,0,0
1190,1191,Paper Lives,2021,,60/100,1,0,0,0,0
1191,1192,The Knight Before Christmas,2019,7+,60/100,1,0,0,0,0
1192,1193,Biggie: I Got a Story to Tell,2021,18+,60/100,1,0,0,0,0
1193,1194,Race,2008,,60/100,1,0,0,0,0
1194,1195,Seventeen,2019,18+,60/100,1,0,0,0,0
1195,1196,Concrete Cowboy,2020,,60/100,1,0,0,0,0
1196,1197,W.E.,2011,18+,60/100,1,0,0,0,0
1197,1198,Aziz Ansari: Buried Alive,2013,,60/100,1,0,0,0,0
1198,1199,Judah Friedlander: America Is the Greatest Country in the United States,2017,18+,60/100,1,0,0,0,0
1199,1200,Into the Grizzly Maze,2015,18+,60/100,1,0,0,0,0
1200,1201,The Vanished,2020,18+,60/100,1,0,0,0,0
1201,1202,Buster's Mal Heart,2017,,60/100,1,0,0,0,0
1202,1203,Dangerous Lies,2020,16+,60/100,1,0,0,0,0
1203,1204,Blaze,2018,18+,60/100,1,0,0,0,0
1204,1205,The Book of Sun,2020,,60/100,1,0,0,0,0
1205,1206,Chalte Chalte,2003,13+,60/100,1,0,0,0,0
1206,1207,The Week Of,2018,13+,60/100,1,0,0,0,0
1207,1208,Tom Segura: Mostly Stories,2016,18+,60/100,1,0,0,0,0
1208,1209,Security,2021,,60/100,1,0,0,0,0
1209,1210,Untamed Romania,2018,7+,60/100,1,0,0,0,0
1210,1211,Angel Eyes,2001,18+,60/100,1,0,0,0,0
1211,1212,Hostel: Part III,2011,18+,60/100,1,0,0,0,0
1212,1213,What Keeps You Alive,2018,18+,60/100,1,0,0,0,0
1213,1214,Cinema Bandi,2021,all,60/100,1,0,0,0,0
1214,1215,Ghosts of War,2020,18+,60/100,1,0,0,0,0
1215,1216,The Wild Thornberrys Movie,2002,7+,60/100,1,0,1,0,0
1216,1217,Inside Man: Most Wanted,2019,18+,60/100,1,0,0,0,0
1217,1218,Kabhi Haan Kabhi Naa,1994,all,60/100,1,0,0,0,0
1218,1219,Illang: The Wolf Brigade,2018,18+,60/100,1,0,0,0,0
1219,1220,Night in Paradise,2020,16+,60/100,1,0,0,0,0
1220,1221,The Ballad of Lefty Brown,2017,18+,60/100,1,0,0,0,0
1221,1222,Rodney King,2017,,60/100,1,0,0,0,0
1222,1223,Tune in for Love,2019,,60/100,1,0,0,0,0
1223,1224,Semana Santa,2015,,60/100,1,0,0,0,0
1224,1225,Jimmy Carr: Funny Business,2016,,60/100,1,0,0,0,0
1225,1226,Trevor Noah: Son of Patricia,2018,18+,60/100,1,0,0,0,0
1226,1227,The History of Future Folk,2012,,60/100,1,0,0,0,0
1227,1228,Romeo Akbar Walter,2019,,60/100,1,0,0,0,0
1228,1229,Nobody Sleeps in the Woods Tonight,2020,18+,59/100,1,0,0,0,0
1229,1230,Bon Cop Bad Cop,2006,13+,59/100,1,0,0,0,0
1230,1231,IO,2019,13+,59/100,1,0,0,0,0
1231,1232,My Little Pony: Best Gift Ever,2018,7+,59/100,1,0,0,0,0
1232,1233,Casting JonBenet,2017,16+,59/100,1,0,0,0,0
1233,1234,For Here or to Go?,2017,,59/100,1,0,0,0,0
1234,1235,Term Life,2016,18+,59/100,1,0,0,0,0
1235,1236,Merku Thodarchi Malai,2018,,59/100,1,0,0,0,0
1236,1237,Outside In,2018,,59/100,1,0,0,0,0
1237,1238,El Camino Christmas,2017,18+,59/100,1,0,0,0,0
1238,1239,"ariana grande: excuse me, i love you",2020,,59/100,1,0,0,0,0
1239,1240,Stephanie,2017,18+,59/100,1,0,0,0,0
1240,1241,Benji,2018,7+,59/100,1,0,1,0,0
1241,1242,3 Generations,2016,13+,59/100,1,0,0,0,0
1242,1243,Never Back Down 2: The Beatdown,2011,18+,59/100,1,0,0,0,0
1243,1244,Bill Hicks: Sane Man,1989,18+,59/100,1,0,0,0,0
1244,1245,Hampstead,2017,13+,59/100,1,0,0,0,0
1245,1246,Zach Galifianakis: Live at the Purple Onion,2007,,59/100,1,0,0,0,0
1246,1247,Burn Out,2018,18+,59/100,1,0,0,0,0
1247,1248,The Next Karate Kid,1994,7+,59/100,1,0,0,0,0
1248,1249,Kung Fu Panda: Secrets of the Scroll,2012,all,59/100,1,0,0,0,0
1249,1250,Holy Camp!,2017,,59/100,1,0,0,0,0
1250,1251,Bleach the Movie: Hell Verse,2010,16+,59/100,1,0,0,0,0
1251,1252,Naomi and Ely's No Kiss List,2015,,59/100,1,0,0,0,0
1252,1253,U Turn,2016,18+,59/100,1,0,1,0,0
1253,1254,The 8th Night,2021,18+,59/100,1,0,0,0,0
1254,1255,Time to Hunt,2020,,59/100,1,0,0,0,0
1255,1256,The Soul,2021,16+,59/100,1,0,0,0,0
1256,1257,Monty Python Live (Mostly),2014,18+,59/100,1,0,0,0,0
1257,1258,Extremis,2016,7+,59/100,1,0,0,0,0
1258,1259,Joe Rogan: Triggered,2016,,59/100,1,0,0,0,0
1259,1260,Trailer Park Boys: Countdown to Liquor Day,2009,18+,59/100,1,0,0,0,0
1260,1261,Straight Up,2019,,59/100,1,0,0,0,0
1261,1262,Wazir,2016,13+,59/100,1,0,0,0,0
1262,1263,Vampires vs. the Bronx,2020,13+,59/100,1,0,0,0,0
1263,1264,Rocko's Modern Life: Static Cling,2019,7+,59/100,1,0,0,0,0
1264,1265,My Masterpiece,2018,,59/100,1,0,0,0,0
1265,1266,Raajneeti,2010,7+,59/100,1,0,0,0,0
1266,1267,Leslie Jones: Time Machine,2020,,59/100,1,0,0,0,0
1267,1268,Hum Aapke Hain Koun..!,1994,,59/100,1,0,0,0,0
1268,1269,Dragonheart: Vengeance,2020,13+,59/100,1,0,0,0,0
1269,1270,Anthony Jeselnik: Fire in the Maternity Ward,2019,18+,59/100,1,0,0,0,0
1270,1271,All Together Now,2020,7+,59/100,1,0,0,0,0
1271,1272,The Fluffy Movie,2014,13+,59/100,1,0,0,0,0
1272,1273,Population 436,2006,18+,59/100,1,0,0,0,0
1273,1274,Bullet Head,2017,18+,59/100,1,0,0,0,0
1274,1275,By the Sea,2015,18+,59/100,1,0,0,0,0
1275,1276,Raat Akeli Hai,2020,,59/100,1,0,0,0,0
1276,1277,The Darkness,2016,13+,59/100,1,0,0,0,0
1277,1278,Tom Segura: Completely Normal,2014,,59/100,1,0,1,0,0
1278,1279,The Present,2020,13+,59/100,1,0,0,0,0
1279,1280,Dream/Killer,2015,,59/100,1,0,0,0,0
1280,1281,Unknown Origins,2020,18+,59/100,1,0,0,0,0
1281,1282,The Sleepover,2020,,59/100,1,0,0,0,0
1282,1283,Qismat,2018,,59/100,1,0,0,0,0
1283,1284,Skins,2017,18+,59/100,1,0,0,0,0
1284,1285,K. D.,2019,,59/100,1,0,0,0,0
1285,1286,Trevor Noah: Afraid of the Dark,2017,,59/100,1,0,0,0,0
1286,1287,Haraamkhor,2015,,59/100,1,0,0,0,0
1287,1288,Dil Dhadakne Do,2015,13+,59/100,1,0,0,0,0
1288,1289,Revolt,2017,18+,59/100,1,0,0,0,0
1289,1290,Ronny Chieng: Asian Comedian Destroys America!,2019,18+,59/100,1,0,0,0,0
1290,1291,Gangaajal,2003,,59/100,1,0,0,0,0
1291,1292,Why Do Fools Fall In Love,1998,18+,59/100,1,0,0,0,0
1292,1293,Lovesong,2017,,59/100,1,0,0,0,0
1293,1294,365 Days,2020,18+,59/100,1,0,0,0,0
1294,1295,Unrest,2017,,59/100,1,0,0,0,0
1295,1296,Starship Troopers: Traitor of Mars,2017,18+,59/100,1,0,0,0,0
1296,1297,Shéhérazade,2018,18+,59/100,1,0,0,0,0
1297,1298,Mine 9,2019,,59/100,1,0,0,0,0
1298,1299,Jack Whitehall: At Large,2017,18+,59/100,1,0,0,0,0
1299,1300,Power of Grayskull: The Definitive History of He-Man and the Masters of the Universe,2017,,59/100,1,0,0,0,0
1300,1301,Mike Birbiglia: Thank God for Jokes,2017,,59/100,1,0,0,0,0
1301,1302,The Lost Husband,2020,13+,59/100,1,0,0,0,0
1302,1303,Blind Date,2015,,59/100,1,0,0,0,0
1303,1304,Namastey London,2007,7+,59/100,1,0,0,0,0
1304,1305,An Evening with Beverly Luff Linn,2018,18+,59/100,1,0,0,0,0
1305,1306,K-ON! The Movie,2011,16+,59/100,1,0,0,0,0
1306,1307,The Grizzlies,2019,18+,59/100,1,0,0,0,0
1307,1308,No Escape Room,2018,,59/100,1,0,0,0,0
1308,1309,Bayonet,2018,18+,59/100,1,0,0,0,0
1309,1310,Dabbe: Cin Çarpması,2013,,59/100,1,0,0,0,0
1310,1311,ReMastered: The Two Killings of Sam Cooke,2019,18+,59/100,1,0,0,0,0
1311,1312,Aśoka,2001,18+,59/100,1,0,0,0,0
1312,1313,Public Works,2015,,59/100,1,0,0,0,0
1313,1314,The Eichmann Show,2015,,59/100,1,0,0,0,0
1314,1315,Framing John DeLorean,2019,,59/100,1,1,0,0,0
1315,1316,The Guide to the Perfect Family,2021,,59/100,1,0,0,0,0
1316,1317,Search Party,2014,18+,59/100,1,0,0,0,0
1317,1318,Nate Bargatze: The Greatest Average American,2021,all,59/100,1,0,0,0,0
1318,1319,Pagglait,2021,16+,59/100,1,0,0,0,0
1319,1320,The Trailer Park Boys Xmas Special,2004,,59/100,1,0,0,0,0
1320,1321,Operation Varsity Blues: The College Admissions Scandal,2021,18+,59/100,1,0,0,0,0
1321,1322,Shaitan,2011,13+,59/100,1,0,0,0,0
1322,1323,Phir Hera Pheri,2006,,59/100,1,0,0,0,0
1323,1324,Children of the Sea,2019,,59/100,1,0,0,0,0
1324,1325,She's Dating the Gangster,2014,7+,59/100,1,0,0,0,0
1325,1326,Scary Movie 5,2013,13+,59/100,1,0,0,0,0
1326,1327,A Perfect Ending,2012,,59/100,1,1,0,0,0
1327,1328,Raising Victor Vargas,2002,18+,59/100,1,0,1,0,0
1328,1329,A Land Imagined,2019,,59/100,1,0,0,0,0
1329,1330,Pet Sematary II,1992,18+,59/100,1,0,0,0,0
1330,1331,Zapped,2014,all,59/100,1,1,1,1,0
1331,1332,The Art of Loving: Story of Michalina Wislocka,2017,,59/100,1,0,0,0,0
1332,1333,Michael Che Matters,2016,18+,59/100,1,0,0,0,0
1333,1334,The Most Assassinated Woman in the World,2018,18+,58/100,1,0,0,0,0
1334,1335,Inuyasha the Movie 3: Swords of an Honorable Ruler,2003,7+,58/100,1,0,0,0,0
1335,1336,Jim Jefferies: This Is Me Now,2018,18+,58/100,1,0,0,0,0
1336,1337,Iron Sky: The Coming Race,2019,18+,58/100,1,0,0,0,0
1337,1338,I Am Kalam,2010,all,58/100,1,0,1,0,0
1338,1339,Curtiz,2018,18+,58/100,1,0,0,0,0
1339,1340,First Kill,2017,18+,58/100,1,0,0,0,0
1340,1341,The World Is Yours,2018,18+,58/100,1,0,0,0,0
1341,1342,Rize,2005,13+,58/100,1,0,0,0,0
1342,1343,The Four Seasons,1981,7+,58/100,1,0,0,0,0
1343,1344,Cloudburst,2011,,58/100,1,0,1,0,0
1344,1345,Small Crimes,2017,18+,58/100,1,0,0,0,0
1345,1346,Offering to the Storm,2020,18+,58/100,1,0,0,0,0
1346,1347,Ali & Ratu Ratu Queens,2021,16+,58/100,1,0,0,0,0
1347,1348,Ultras,2020,,58/100,1,0,0,0,0
1348,1349,6 Years,2015,,58/100,1,0,0,0,0
1349,1350,Katherine Ryan: In Trouble,2017,18+,58/100,1,0,0,0,0
1350,1351,Burning Cane,2019,18+,58/100,1,0,0,0,0
1351,1352,Sarkar,2018,,58/100,1,0,0,0,0
1352,1353,Bleach the Movie: Fade to Black,2008,16+,58/100,1,0,0,0,0
1353,1354,Jailbreak,2017,18+,58/100,1,0,0,0,0
1354,1355,Jackass Presents: Bad Grandpa .5,2014,13+,58/100,1,0,0,0,0
1355,1356,The Crimes That Bind,2020,,58/100,1,0,0,0,0
1356,1357,Lu Over the Wall,2017,7+,58/100,1,0,0,0,0
1357,1358,Last Summer,2021,,58/100,1,0,0,0,0
1358,1359,Us and Them,2018,,58/100,1,0,0,0,0
1359,1360,Five Element Ninjas,1982,18+,58/100,1,0,0,0,0
1360,1361,The House of Flowers: The Movie,2021,18+,58/100,1,0,0,0,0
1361,1362,Trailer Park Boys: Say Goodnight to the Bad Guys,2008,,58/100,1,0,0,0,0
1362,1363,Red,2021,16+,58/100,1,0,0,0,0
1363,1364,Waist Deep,2006,18+,58/100,1,0,0,0,0
1364,1365,Barbra: The Music ... The Mem'ries ... The Magic!,2017,,58/100,1,0,0,0,0
1365,1366,Love Jacked,2018,13+,58/100,1,0,0,0,0
1366,1367,Strange But True,2019,13+,58/100,1,0,0,0,0
1367,1368,Keith Richards: Under the Influence,2015,7+,58/100,1,0,0,0,0
1368,1369,The Late Bloomer,2016,18+,58/100,1,0,0,0,0
1369,1370,Rock the Kasbah,2015,18+,58/100,1,0,0,0,0
1370,1371,Crazy About Her,2021,18+,58/100,1,0,0,0,0
1371,1372,All Good,2018,,58/100,1,0,0,0,0
1372,1373,Death Race: Beyond Anarchy,2018,18+,58/100,1,0,0,0,0
1373,1374,Inuyasha the Movie 2: The Castle Beyond the Looking Glass,2002,7+,58/100,1,0,0,0,0
1374,1375,We Summon the Darkness,2019,18+,58/100,1,0,0,0,0
1375,1376,Why Me?,2015,,58/100,1,0,0,0,0
1376,1377,Billu,2009,7+,58/100,1,0,0,0,0
1377,1378,Pokémon: Mewtwo Strikes Back - Evolution,2019,7+,58/100,1,0,0,0,0
1378,1379,Ride Like a Girl,2019,7+,58/100,1,0,0,0,0
1379,1380,The Saint,2017,13+,58/100,1,0,1,0,0
1380,1381,Atlas Shrugged: Part II,2012,13+,58/100,1,0,1,0,0
1381,1382,Coven,2020,18+,58/100,1,0,0,0,0
1382,1383,New Gods: Nezha Reborn,2021,13+,58/100,1,0,0,0,0
1383,1384,Why Did You Kill Me?,2021,18+,58/100,1,0,0,0,0
1384,1385,Pootie Tang,2001,13+,58/100,1,0,0,0,0
1385,1386,Mary Kom,2014,13+,58/100,1,0,0,0,0
1386,1387,Godzilla: City on the Edge of Battle,2018,13+,58/100,1,0,0,0,0
1387,1388,My Mother's Wound,2016,,58/100,1,0,0,0,0
1388,1389,Frank & Lola,2016,,58/100,1,0,0,0,0
1389,1390,End Game,2018,7+,58/100,1,0,0,0,0
1390,1391,Trolls Holiday,2017,7+,58/100,1,0,0,0,0
1391,1392,W. Kamau Bell: Private School Negro,2018,,58/100,1,0,0,0,0
1392,1393,The Keeping Hours,2017,13+,58/100,1,0,0,0,0
1393,1394,Hey Arnold! The Movie,2002,7+,58/100,1,0,0,0,0
1394,1395,Chillar Party,2011,all,58/100,1,0,0,0,0
1395,1396,Tanu Weds Manu,2011,13+,58/100,1,0,0,0,0
1396,1397,Ashin of the North,2021,18+,58/100,1,0,0,0,0
1397,1398,Manto,2018,,58/100,1,0,0,0,0
1398,1399,Singham,2011,,58/100,1,0,0,0,0
1399,1400,Whisky,2004,,58/100,1,0,0,0,0
1400,1401,Inuyasha the Movie: Affections Touching Across Time,2001,,58/100,1,0,0,0,0
1401,1402,Piercing,2018,18+,58/100,1,0,0,0,0
1402,1403,Ishqiya,2010,18+,58/100,1,0,0,0,0
1403,1404,Mission Control: The Unsung Heroes of Apollo,2017,7+,58/100,1,0,0,0,0
1404,1405,Effie Gray,2014,13+,58/100,1,0,0,0,0
1405,1406,The Man Without Gravity,2019,16+,58/100,1,0,0,0,0
1406,1407,Return to the 36th Chamber,1980,18+,58/100,1,0,0,0,0
1407,1408,Sun Dogs,2017,,58/100,1,0,0,0,0
1408,1409,Sweet & Sour,2021,,58/100,1,0,0,0,0
1409,1410,Truth or Dare,2017,16+,58/100,1,0,0,0,0
1410,1411,Mucho Mucho Amor: The Legend of Walter Mercado,2020,16+,58/100,1,0,0,0,0
1411,1412,Sky Tour: The Movie,2020,,58/100,1,0,0,0,0
1412,1413,The Decline,2020,18+,58/100,1,0,0,0,0
1413,1414,99 Songs,2021,,58/100,1,0,0,0,0
1414,1415,One Day,2016,,58/100,1,0,1,0,0
1415,1416,Rocky Handsome,2016,18+,58/100,1,0,0,0,0
1416,1417,Deon Cole: Cole Hearted,2019,,58/100,1,0,0,0,0
1417,1418,Ladies First,2017,all,58/100,1,0,0,0,0
1418,1419,"Hello, Love, Goodbye",2019,7+,58/100,1,0,0,0,0
1419,1420,Khoobsurat,2014,7+,57/100,1,0,0,0,0
1420,1421,Mascots,2016,18+,57/100,1,0,0,0,0
1421,1422,Canvas,2020,all,57/100,1,0,0,0,0
1422,1423,Eric Andre: Legalize Everything,2020,18+,57/100,1,0,0,0,0
1423,1424,Kingdom of Us,2017,,57/100,1,0,0,0,0
1424,1425,Hitler: A Career,1977,7+,57/100,1,0,0,0,0
1425,1426,The Disciple,2020,,57/100,1,0,0,0,0
1426,1427,Jim Gaffigan: Cinco,2017,16+,57/100,1,0,0,0,0
1427,1428,Mobile Suit Gundam: Hathaway,2021,,57/100,1,0,0,0,0
1428,1429,Nas: Time Is Illmatic,2014,16+,57/100,1,0,0,0,0
1429,1430,Jeff Dunham: Controlled Chaos,2011,,57/100,1,0,1,0,0
1430,1431,Radium Girls,2020,,57/100,1,0,0,0,0
1431,1432,Pachamama,2018,7+,57/100,1,0,0,0,0
1432,1433,Do Dooni Chaar,2010,7+,57/100,1,0,0,0,0
1433,1434,"I Love You, Stupid",2020,18+,57/100,1,0,0,0,0
1434,1435,Ari Eldjárn: Pardon My Icelandic,2020,18+,57/100,1,0,0,0,0
1435,1436,Inuyasha the Movie 4: Fire on the Mystic Island,2004,7+,57/100,1,0,0,0,0
1436,1437,Memories of a Teenager,2019,,57/100,1,0,0,0,0
1437,1438,Still Smokin,1983,18+,57/100,1,0,0,0,0
1438,1439,The Land,1970,,57/100,1,0,0,0,0
1439,1440,The Black Godfather,2019,18+,57/100,1,0,0,0,0
1440,1441,The Drug King,2018,,57/100,1,0,0,0,0
1441,1442,Black Holes: The Edge of All We Know,2020,,57/100,1,0,0,0,0
1442,1443,The Boy Who Cried Werewolf,2010,all,57/100,1,0,0,0,0
1443,1444,Killing Gunther,2017,18+,57/100,1,0,0,0,0
1444,1445,Betty White: First Lady of Television,2018,,57/100,1,0,0,0,0
1445,1446,Dilwale,2015,7+,57/100,1,0,0,0,0
1446,1447,Get the Goat,2021,13+,57/100,1,0,0,0,0
1447,1448,Bert Kreischer: Hey Big Boy,2020,,57/100,1,0,0,0,0
1448,1449,Mubarakan,2017,13+,57/100,1,0,0,0,0
1449,1450,The Lighthouse of the Orcas,2016,,57/100,1,0,0,0,0
1450,1451,Take Me,2017,18+,57/100,1,0,0,0,0
1451,1452,Sir! No Sir!,2005,,57/100,1,0,0,0,0
1452,1453,The Young Messiah,2016,13+,57/100,1,0,0,0,0
1453,1454,678,2010,,57/100,1,0,0,0,0
1454,1455,Mean Girls 2,2011,13+,57/100,1,0,0,0,0
1455,1456,Marc Maron: Thinky Pain,2013,,57/100,1,0,0,0,0
1456,1457,Dragons: Dawn Of The Dragon Racers,2014,,57/100,1,0,0,0,0
1457,1458,Point Blank,2019,18+,57/100,1,0,0,0,0
1458,1459,Aykut Enişte,2019,,57/100,1,0,0,0,0
1459,1460,Sentinelle,2021,,57/100,1,0,0,0,0
1460,1461,Superlópez,2018,,57/100,1,0,0,0,0
1461,1462,Fatima,2020,13+,57/100,1,0,0,0,0
1462,1463,Mobile Suit Gundam: Char's Counterattack,1988,,57/100,1,0,0,0,0
1463,1464,A Cinderella Story: Christmas Wish,2019,7+,57/100,1,0,0,0,0
1464,1465,Ready to Mingle,2019,18+,57/100,1,0,0,0,0
1465,1466,The Girl King,2015,,57/100,1,1,1,0,0
1466,1467,Battle,2018,18+,57/100,1,0,0,0,0
1467,1468,Girl on the Third Floor,2019,18+,57/100,1,0,0,0,0
1468,1469,Indian Horse,2018,13+,57/100,1,0,0,0,0
1469,1470,All My Friends Are Dead,2020,18+,57/100,1,0,0,0,0
1470,1471,Life in a Metro,2007,,57/100,1,0,0,0,0
1471,1472,The Warning,2018,18+,57/100,1,0,0,0,0
1472,1473,Kevin James: Sweat the Small Stuff,2001,7+,57/100,1,0,0,0,0
1473,1474,Joy,2018,18+,57/100,1,0,0,0,0
1474,1475,Bert Kreischer: The Machine,2016,18+,57/100,1,0,0,0,0
1475,1476,Print the Legend,2014,,57/100,1,0,0,0,0
1476,1477,LA Originals,2020,,57/100,1,0,0,0,0
1477,1478,Sour Apples,2016,7+,57/100,1,0,0,0,0
1478,1479,The Legend of Cocaine Island,2018,18+,57/100,1,0,0,0,0
1479,1480,Adú,2020,18+,57/100,1,0,0,0,0
1480,1481,Wedding Association,2013,13+,57/100,1,0,0,0,0
1481,1482,Bliss,1997,18+,57/100,1,0,1,0,0
1482,1483,Sudani from Nigeria,2018,,57/100,1,0,0,0,0
1483,1484,Step Sisters,2018,13+,57/100,1,0,0,0,0
1484,1485,Oye Lucky! Lucky Oye!,2008,13+,57/100,1,0,0,0,0
1485,1486,Mr. Pig,2016,,57/100,1,0,0,0,0
1486,1487,No One Killed Jessica,2011,13+,57/100,1,0,0,0,0
1487,1488,Naked,2017,16+,57/100,1,0,0,0,0
1488,1489,Animal Crackers,2020,7+,57/100,1,0,0,0,0
1489,1490,Forensic,2020,,57/100,1,0,0,0,0
1490,1491,Marc Maron: End Times Fun,2020,,57/100,1,0,0,0,0
1491,1492,Svaha: The Sixth Finger,2019,,57/100,1,0,0,0,0
1492,1493,American Pie Presents: Girls' Rules,2020,18+,57/100,1,0,0,0,0
1493,1494,Candy Jar,2018,13+,57/100,1,0,0,0,0
1494,1495,Harishchandrachi Factory,2009,all,57/100,1,0,0,0,0
1495,1496,Hunterrr,2015,18+,57/100,1,0,0,0,0
1496,1497,The Breaker Upperers,2018,,57/100,1,0,0,0,0
1497,1498,Snow Day,2000,7+,57/100,1,0,1,0,0
1498,1499,A California Christmas,2020,13+,57/100,1,0,0,0,0
1499,1500,XOXO,2016,18+,57/100,1,0,0,0,0
1500,1501,3022,2019,18+,57/100,1,0,0,0,0
1501,1502,Tremors: Shrieker Island,2020,13+,57/100,1,0,0,0,0
1502,1503,I Am Woman,2020,18+,57/100,1,0,0,0,0
1503,1504,The Outcasts,2017,13+,57/100,1,0,0,0,0
1504,1505,Sebastian Maniscalco: What's Wrong with People?,2012,16+,57/100,1,0,0,0,0
1505,1506,Desperados,2020,18+,57/100,1,0,0,0,0
1506,1507,A Classic Horror Story,2021,18+,57/100,1,0,0,0,0
1507,1508,Made You Look: A True Story About Fake Art,2020,18+,57/100,1,0,0,0,0
1508,1509,Monty Python: Parrot Sketch Not Included,1989,,57/100,1,0,0,0,0
1509,1510,Accident,2009,18+,57/100,1,0,1,0,0
1510,1511,Ben Platt: Live from Radio City Music Hall,2020,7+,57/100,1,0,0,0,0
1511,1512,The Princess Switch: Switched Again,2020,all,57/100,1,0,0,0,0
1512,1513,Luck by Chance,2009,,57/100,1,0,0,0,0
1513,1514,Angela's Christmas,2017,all,57/100,1,0,0,0,0
1514,1515,Ajeeb Daastaans,2021,,57/100,1,0,0,0,0
1515,1516,Fun Mom Dinner,2017,18+,57/100,1,0,0,0,0
1516,1517,Dabbe 5: Zehr-i Cin,2014,18+,57/100,1,0,0,0,0
1517,1518,Dog Gone Trouble,2019,7+,57/100,1,0,0,0,0
1518,1519,Raising the Bar,2017,7+,57/100,1,0,1,0,0
1519,1520,Kardec,2019,,57/100,1,0,0,0,0
1520,1521,The Devil Below,2021,18+,57/100,1,0,0,0,0
1521,1522,Catfight,2017,,57/100,1,0,0,0,0
1522,1523,Tall Girl,2019,7+,57/100,1,0,0,0,0
1523,1524,Alone/Together,2019,,56/100,1,0,0,0,0
1524,1525,Gridlocked,2016,18+,56/100,1,0,0,0,0
1525,1526,Mard Ko Dard Nahi Hota,2019,,56/100,1,0,0,0,0
1526,1527,Craig Ferguson: Tickle Fight,2017,,56/100,1,0,0,0,0
1527,1528,Jeff Dunham's Very Special Christmas Special,2008,13+,56/100,1,0,1,0,0
1528,1529,122,2019,,56/100,1,0,0,0,0
1529,1530,Special Correspondents,2016,13+,56/100,1,0,0,0,0
1530,1531,Charming,2018,all,56/100,1,0,0,0,0
1531,1532,Njan Prakashan,2018,all,56/100,1,0,0,0,0
1532,1533,Sniper: Ghost Shooter,2016,18+,56/100,1,0,0,0,0
1533,1534,1898: Our Last Men in the Philippines,2016,13+,56/100,1,0,0,0,0
1534,1535,What Lies Below,2020,18+,56/100,1,0,0,0,0
1535,1536,Double World,2020,,56/100,1,0,0,0,0
1536,1537,Kevin Hart: Zero F**ks Given,2020,18+,56/100,1,0,0,0,0
1537,1538,Spy Kids: All the Time in the World,2011,7+,56/100,1,0,0,0,0
1538,1539,The Irishman: In Conversation,2019,18+,56/100,1,0,0,0,0
1539,1540,I Called Him Morgan,2016,,56/100,1,0,0,0,0
1540,1541,Lost in London,2017,,56/100,1,0,0,0,0
1541,1542,Simon Killer,2012,,56/100,1,0,0,0,0
1542,1543,Peepli Live,2010,7+,56/100,1,0,0,0,0
1543,1544,Rudy Habibie,2016,,56/100,1,0,0,0,0
1544,1545,Expelled from Paradise,2014,16+,56/100,1,0,0,0,0
1545,1546,Guilty,2020,,56/100,1,0,0,0,0
1546,1547,Katt Williams: American Hustle,2007,18+,56/100,1,0,0,0,0
1547,1548,Love on Delivery,1994,16+,56/100,1,0,0,0,0
1548,1549,A Week Away,2021,18+,56/100,1,0,0,0,0
1549,1550,Tigertail,2020,7+,56/100,1,0,0,0,0
1550,1551,Paskal: The Movie,2018,,56/100,1,0,0,0,0
1551,1552,Wild Oats,2016,13+,56/100,1,0,0,0,0
1552,1553,Revenger,2018,18+,56/100,1,0,0,0,0
1553,1554,Rubaru Roshni,2019,,56/100,1,0,0,0,0
1554,1555,Kappela,2020,,56/100,1,0,0,0,0
1555,1556,Cuties,2020,,56/100,1,0,0,0,0
1556,1557,Jim Jefferies: Intolerant,2020,18+,56/100,1,0,0,0,0
1557,1558,Dilan 1990,2018,,56/100,1,0,0,0,0
1558,1559,Dragon Tiger Gate,2006,,56/100,1,0,0,0,0
1559,1560,Prom Night,2008,13+,56/100,1,0,0,0,0
1560,1561,Out of Thin Air,2017,,56/100,1,0,0,0,0
1561,1562,Karthik Calling Karthik,2010,7+,56/100,1,0,0,0,0
1562,1563,Mobile Suit Gundam III: Encounters in Space,1982,,56/100,1,0,0,0,0
1563,1564,"Love, Guaranteed",2020,,56/100,1,0,0,0,0
1564,1565,A Family,2021,,56/100,1,0,0,0,0
1565,1566,Spyder,2017,,56/100,1,0,0,0,0
1566,1567,Cosmic Sin,2021,18+,56/100,1,0,0,0,0
1567,1568,Ana e Vitória,2018,,56/100,1,0,0,0,0
1568,1569,Birdshot,2017,18+,56/100,1,0,0,0,0
1569,1570,X-Large,2011,,56/100,1,0,0,0,0
1570,1571,Jimmy Carr: The Best of Ultimate Gold Greatest Hits,2019,18+,56/100,1,0,0,0,0
1571,1572,Pretty Guardians Sailor Moon Eternal The MOVIE - Part 1,2021,,56/100,1,0,0,0,0
1572,1573,Tim Minchin and the Heritage Orchestra: Live at the Royal Albert Hall,2011,,56/100,1,0,0,0,0
1573,1574,Mumbai Diaries,2010,16+,56/100,1,0,0,0,0
1574,1575,Cousins,2021,18+,56/100,1,0,0,0,0
1575,1576,Heaven Without People,2017,,56/100,1,0,0,0,0
1576,1577,Road to Roma,2020,,56/100,1,0,0,0,0
1577,1578,Phobia 2,2009,18+,56/100,1,0,0,0,0
1578,1579,Mr. Roosevelt,2017,18+,56/100,1,0,0,0,0
1579,1580,Ee Nagaraniki Emaindi,2018,,56/100,1,0,0,0,0
1580,1581,Ani... Dr. Kashinath Ghanekar,2018,,56/100,1,0,0,0,0
1581,1582,Let It Fall: Los Angeles 1982-1992,2017,18+,56/100,1,0,0,0,0
1582,1583,White Boy,2017,,56/100,1,0,0,0,0
1583,1584,Fashion,2008,13+,56/100,1,0,0,0,0
1584,1585,Godzilla: The Planet Eater,2018,7+,56/100,1,0,0,0,0
1585,1586,Walt Disney Animation Studios Short Films Collection,2015,all,56/100,1,0,0,0,0
1586,1587,Death of Me,2020,18+,56/100,1,0,0,0,0
1587,1588,Sniper: Legacy,2014,18+,56/100,1,0,0,0,0
1588,1589,Words Bubble Up Like Soda Pop,2021,,56/100,1,0,0,0,0
1589,1590,Dynasty Warriors,2021,,56/100,1,0,0,0,0
1590,1591,Coded Bias,2020,,56/100,1,0,0,0,0
1591,1592,Starting Over Again,2014,,56/100,1,0,0,0,0
1592,1593,Phir Bhi Dil Hai Hindustani,2000,13+,56/100,1,0,0,0,0
1593,1594,Dedh Ishqiya,2014,18+,56/100,1,0,0,0,0
1594,1595,Dance of the 41,2020,,56/100,1,0,0,0,0
1595,1596,Love in a Puff,2010,,56/100,1,0,0,0,0
1596,1597,School Life,2019,18+,56/100,1,0,0,0,0
1597,1598,The After Party,2018,,56/100,1,0,0,0,0
1598,1599,Await Further Instructions,2018,18+,56/100,1,0,0,0,0
1599,1600,I Am Michael,2015,,56/100,1,0,0,0,0
1600,1601,Cadaver,2020,18+,56/100,1,0,0,0,0
1601,1602,Results,2015,18+,56/100,1,0,0,0,0
1602,1603,Mobile Suit Gundam I,1981,,56/100,1,0,0,0,0
1603,1604,A Christmas Prince: The Royal Baby,2019,,56/100,1,0,0,0,0
1604,1605,The Long Dumb Road,2018,18+,56/100,1,0,0,0,0
1605,1606,Demetri Martin: Live (At The Time),2015,,56/100,1,0,0,0,0
1606,1607,This Little Love of Mine,2021,all,56/100,1,0,0,0,0
1607,1608,"El Pepe, A Supreme Life",2019,,56/100,1,0,0,0,0
1608,1609,My Suicide,2009,18+,56/100,1,0,0,0,0
1609,1610,Amy Schumer: Growing,2019,18+,56/100,1,0,0,0,0
1610,1611,Zozo,2005,,56/100,1,0,0,0,0
1611,1612,Debt Collectors,2020,18+,56/100,1,0,0,0,0
1612,1613,Can't Complain,2007,,56/100,1,0,0,0,0
1613,1614,Clinical,2017,,56/100,1,0,0,0,0
1614,1615,Sky Ladder: The Art of Cai Guo-Qiang,2017,,56/100,1,0,0,0,0
1615,1616,Rowdy Rathore,2012,13+,56/100,1,0,0,0,0
1616,1617,Sebastian Maniscalco: Why Would You Do That?,2016,16+,56/100,1,0,0,0,0
1617,1618,Ordinary People,2016,18+,56/100,1,1,0,0,0
1618,1619,Bigfoot Family,2020,7+,56/100,1,0,0,0,0
1619,1620,The Minimalists: Less Is Now,2021,,56/100,1,0,0,0,0
1620,1621,Iliza Shlesinger: Freezing Hot,2015,18+,56/100,1,0,0,0,0
1621,1622,The Most Unknown,2018,,56/100,1,0,0,0,0
1622,1623,Rich in Love,2020,,56/100,1,0,0,0,0
1623,1624,Deep,2021,18+,56/100,1,0,0,0,0
1624,1625,Biking Borders - eine etwas andere Reise,2021,,56/100,1,0,0,0,0
1625,1626,Ghost Lab,2021,18+,56/100,1,0,0,0,0
1626,1627,Uppity: The Willy T. Ribbs Story,2020,,56/100,1,0,0,0,0
1627,1628,The Legacy of a Whitetail Deer Hunter,2018,16+,56/100,1,0,0,0,0
1628,1629,How to Get Over a Breakup,2018,18+,56/100,1,0,0,0,0
1629,1630,Between Worlds,2018,18+,56/100,1,0,0,0,0
1630,1631,A Perfect Fit,2021,,56/100,1,0,0,0,0
1631,1632,Sillu Karupatti,2019,all,56/100,1,0,0,0,0
1632,1633,Jiu Jitsu,2020,18+,56/100,1,0,0,0,0
1633,1634,Loev,2016,,56/100,1,0,0,0,0
1634,1635,Chelsea Peretti: One of the Greats,2014,,56/100,1,0,0,0,0
1635,1636,The Last Laugh,2019,18+,56/100,1,0,0,0,0
1636,1637,Dil,1990,,55/100,1,0,0,0,0
1637,1638,Mike Birbiglia: What I Should Have Said Was Nothing,2008,,55/100,1,0,1,0,0
1638,1639,The Same Blood,2019,18+,55/100,1,0,0,0,0
1639,1640,Nigerian Prince,2018,18+,55/100,1,0,0,0,0
1640,1641,Iliza Shlesinger: Confirmed Kills,2016,18+,55/100,1,0,0,0,0
1641,1642,The 101-Year-Old Man Who Skipped Out on the Bill and Disappeared,2016,,55/100,1,0,0,0,0
1642,1643,An Ordinary Man,2018,18+,55/100,1,0,0,0,0
1643,1644,The Silence of the Marsh,2019,18+,55/100,1,0,0,0,0
1644,1645,MFKZ,2018,18+,55/100,1,0,0,0,0
1645,1646,The Most Hated Woman in America,2017,18+,55/100,1,0,0,0,0
1646,1647,Fireworks,2017,13+,55/100,1,0,0,0,0
1647,1648,Bébé's Kids,1992,13+,55/100,1,0,1,0,0
1648,1649,My Little Pony: Equestria Girls - Legend of Everfree,2016,all,55/100,1,0,0,0,0
1649,1650,Prime Time,2021,18+,55/100,1,0,0,0,0
1650,1651,Wedding Unplanned,2017,16+,55/100,1,0,0,0,0
1651,1652,Banana Split,2018,18+,55/100,1,0,0,0,0
1652,1653,Hannibal Buress: Comedy Camisado,2016,18+,55/100,1,0,0,0,0
1653,1654,Father of the Year,2018,16+,55/100,1,0,0,0,0
1654,1655,Hot Sweet Sour,2017,,55/100,1,0,0,0,0
1655,1656,Doom: Annihilation,2019,18+,55/100,1,0,0,0,0
1656,1657,Legends of the Hidden Temple,2016,7+,55/100,1,0,0,0,0
1657,1658,Taxi No. 9 2 11: Nau Do Gyarah,2006,,55/100,1,0,0,0,0
1658,1659,Ajab Prem Ki Ghazab Kahani,2009,7+,55/100,1,0,0,0,0
1659,1660,Mallesham,2019,,55/100,1,0,0,0,0
1660,1661,Four Sisters and a Wedding,2013,,55/100,1,0,0,0,0
1661,1662,Crazy Beautiful You,2015,,55/100,1,0,0,0,0
1662,1663,Organize İşler: Sazan Sarmalı,2019,,55/100,1,0,0,0,0
1663,1664,Baggio: The Divine Ponytail,2021,16+,55/100,1,0,0,0,0
1664,1665,Patrick,2018,16+,55/100,1,0,0,0,0
1665,1666,I Am Jonas,2018,,55/100,1,0,0,0,0
1666,1667,Jarhead: Law of Return,2019,18+,55/100,1,0,0,0,0
1667,1668,The Clapper,2018,18+,55/100,1,0,0,0,0
1668,1669,Force 2,2016,7+,55/100,1,0,0,0,0
1669,1670,Jab Harry Met Sejal,2017,7+,55/100,1,0,0,0,0
1670,1671,Hating Peter Tatchell,2020,,55/100,1,0,0,0,0
1671,1672,Baaghi,2016,,55/100,1,0,0,0,0
1672,1673,Sarah Silverman: A Speck of Dust,2017,,55/100,1,0,0,0,0
1673,1674,Middle of Nowhere,2012,18+,55/100,1,0,0,0,0
1674,1675,MOTHER,2020,,55/100,1,1,0,0,0
1675,1676,Dreamy Eyes,2019,,55/100,1,0,0,0,0
1676,1677,Whose Streets?,2017,18+,55/100,1,0,0,0,0
1677,1678,The Scorpion King: Book of Souls,2018,13+,55/100,1,0,0,0,0
1678,1679,The Crystal Calls - Making The Dark Crystal: Age of Resistance,2019,,55/100,1,0,0,0,0
1679,1680,Sextuplets,2019,16+,55/100,1,0,0,0,0
1680,1681,Jem and the Holograms,2015,7+,55/100,1,0,0,0,0
1681,1682,Rip Tide,2017,,55/100,1,0,0,0,0
1682,1683,7 Years,2016,,55/100,1,0,0,0,0
1683,1684,Gabriel Iglesias: One Show Fits All,2019,16+,55/100,1,0,0,0,0
1684,1685,Luciano Mellera: Infantiloide,2018,13+,55/100,1,0,0,0,0
1685,1686,Menashe,2017,7+,55/100,1,0,0,0,0
1686,1687,The Girl on the Train,2021,18+,55/100,1,0,0,0,0
1687,1688,Mercy Black,2019,16+,55/100,1,0,0,0,0
1688,1689,Swearnet: The Movie,2014,18+,55/100,1,0,0,0,0
1689,1690,I Fine..Thank You..Love You,2014,,55/100,1,0,0,0,0
1690,1691,Monsoon,2020,,55/100,1,0,0,0,0
1691,1692,The Players,2012,18+,55/100,1,0,0,0,0
1692,1693,Nate Bargatze: The Tennessee Kid,2019,,55/100,1,0,0,0,0
1693,1694,The Warriors Gate,2016,13+,55/100,1,0,0,0,0
1694,1695,Sebastian Maniscalco: Stay Hungry,2019,18+,55/100,1,0,0,0,0
1695,1696,Rurouni Kenshin: The Beginning,2021,,55/100,1,0,0,0,0
1696,1697,One,2021,,55/100,1,0,0,0,0
1697,1698,Laddaland,2011,18+,55/100,1,0,0,0,0
1698,1699,BuyBust,2018,,55/100,1,0,0,0,0
1699,1700,Garfunkel and Oates: Trying to be Special,2016,18+,55/100,1,0,0,0,0
1700,1701,Travis Scott: Look Mom I Can Fly,2019,18+,55/100,1,0,0,0,0
1701,1702,Uma Maheswara Ugra Roopasya,2020,,55/100,1,0,0,0,0
1702,1703,ABCD,2013,13+,55/100,1,0,0,0,0
1703,1704,Fire in Paradise,2019,18+,55/100,1,0,0,0,0
1704,1705,From One Second to the Next,2013,,55/100,1,0,0,0,0
1705,1706,Residue,2020,,55/100,1,0,0,0,0
1706,1707,Dancing Queens,2021,,55/100,1,0,0,0,0
1707,1708,Company of Heroes,2013,18+,55/100,1,0,0,0,0
1708,1709,Jeff Dunham: Minding the Monsters,2012,13+,55/100,1,0,1,0,0
1709,1710,Half Girlfriend,2017,7+,55/100,1,0,0,0,0
1710,1711,Shaun the Sheep: The Farmer's Llamas,2015,all,55/100,1,0,0,0,0
1711,1712,I See You,2017,7+,55/100,1,0,1,0,0
1712,1713,Girls und Panzer: The Movie,2015,16+,55/100,1,0,0,0,0
1713,1714,Septembers of Shiraz,2015,13+,55/100,1,0,0,0,0
1714,1715,Mobile Suit Gundam II: Soldiers of Sorrow,1981,,55/100,1,0,0,0,0
1715,1716,Manorama Six Feet Under,2007,18+,55/100,1,0,0,0,0
1716,1717,Transformer,2018,,55/100,1,0,0,0,0
1717,1718,The Plagues of Breslau,2018,,55/100,1,0,0,0,0
1718,1719,The Ruthless,2019,18+,55/100,1,0,0,0,0
1719,1720,Humpty Sharma Ki Dulhania,2014,all,55/100,1,0,0,0,0
1720,1721,The Mars Generation,2017,,55/100,1,0,0,0,0
1721,1722,It's for Your Own Good,2017,,55/100,1,0,0,0,0
1722,1723,Dave Chappelle: The Kennedy Center Mark Twain Prize,2020,18+,55/100,1,0,0,0,0
1723,1724,Kidnapping Stella,2019,18+,55/100,1,0,0,0,0
1724,1725,The Stand In,2020,18+,55/100,1,0,0,0,0
1725,1726,Fan Girl,2020,,55/100,1,0,0,0,0
1726,1727,Gabriel Iglesias: I'm Sorry for What I Said When I Was Hungry,2016,,55/100,1,0,0,0,0
1727,1728,Chup Chup Ke,2006,all,55/100,1,0,0,0,0
1728,1729,Duck Butter,2018,,55/100,1,0,0,0,0
1729,1730,Sand Storm,2017,,55/100,1,0,0,0,0
1730,1731,Nothing to Lose,2018,7+,55/100,1,0,0,0,0
1731,1732,The Resurrection of Gavin Stone,2017,7+,55/100,1,0,0,0,0
1732,1733,Zion,2018,,55/100,1,0,0,0,0
1733,1734,Hazaaron Khwaishein Aisi,2003,,55/100,1,0,0,0,0
1734,1735,Freedom at Midnight,2018,,55/100,1,0,0,0,0
1735,1736,The Black Prince,2017,13+,55/100,1,0,0,0,0
1736,1737,Budhia Singh: Born to Run,2016,,55/100,1,0,0,0,0
1737,1738,Madame Claude,2021,18+,55/100,1,0,0,0,0
1738,1739,Jeff Dunham: Beside Himself,2019,18+,55/100,1,0,0,0,0
1739,1740,Happy Anniversary,2018,18+,55/100,1,0,0,0,0
1740,1741,The Silence of the Sky,2016,,55/100,1,0,0,0,0
1741,1742,Elisa & Marcela,2019,18+,55/100,1,0,0,0,0
1742,1743,Manu,2018,,55/100,1,0,0,0,0
1743,1744,Have You Ever Seen Fireflies?,2021,16+,55/100,1,0,0,0,0
1744,1745,Tony Manero,2008,18+,55/100,1,0,0,0,0
1745,1746,Patton Oswalt: Talking for Clapping,2016,18+,55/100,1,0,0,0,0
1746,1747,"The Other One: The Long, Strange Trip of Bob Weir",2014,,54/100,1,0,0,0,0
1747,1748,Dukhtar,2014,7+,54/100,1,0,0,0,0
1748,1749,That Thing Called Tadhana,2014,7+,54/100,1,0,0,0,0
1749,1750,Must Be... Love,2013,,54/100,1,0,0,0,0
1750,1751,House of the Witch,2017,,54/100,1,0,0,0,0
1751,1752,Baazaar,2018,,54/100,1,0,0,0,0
1752,1753,Line Walker,2016,,54/100,1,0,1,0,0
1753,1754,Tim Minchin: So F**king Rock Live,2008,,54/100,1,0,1,0,0
1754,1755,Twin Murders: The Silence of the White City,2019,18+,54/100,1,0,0,0,0
1755,1756,Jinxed,2013,all,54/100,1,0,0,0,0
1756,1757,Mariposa,2020,,54/100,1,0,0,0,0
1757,1758,Legendary Weapons of China,1982,18+,54/100,1,0,0,0,0
1758,1759,The Wedding Party,2016,13+,54/100,1,0,0,0,0
1759,1760,The Laws of Thermodynamics,2018,,54/100,1,0,0,0,0
1760,1761,Love You to the Stars and Back,2017,,54/100,1,0,0,0,0
1761,1762,Monsters: Dark Continent,2014,18+,54/100,1,0,0,0,0
1762,1763,Mad World,2016,,54/100,1,0,0,0,0
1763,1764,Torbaaz,2020,18+,54/100,1,0,0,0,0
1764,1765,Kannum Kannum Kollaiyadithaal,2020,,54/100,1,0,0,0,0
1765,1766,Badland,2019,13+,54/100,1,0,0,0,0
1766,1767,Red Istanbul,2017,,54/100,1,0,0,0,0
1767,1768,Big Time Movie,2012,all,54/100,1,1,0,0,0
1768,1769,What We Started,2018,,54/100,1,0,0,0,0
1769,1770,Happy Old Year,2019,,54/100,1,0,0,0,0
1770,1771,Race 2,2013,,54/100,1,0,0,0,0
1771,1772,Big Stone Gap,2014,13+,54/100,1,0,0,0,0
1772,1773,Universal Soldier: The Return,1999,18+,54/100,1,0,0,0,0
1773,1774,Monty Python: The Meaning of Live,2014,,54/100,1,0,0,0,0
1774,1775,Psycho,2020,18+,54/100,1,0,0,0,0
1775,1776,Brothers,2015,13+,54/100,1,0,0,0,0
1776,1777,Killa,2014,,54/100,1,0,0,0,0
1777,1778,In Our Mothers' Gardens,2021,,54/100,1,0,0,0,0
1778,1779,Dry Martina,2018,,54/100,1,0,0,0,0
1779,1780,Lommbock,2017,,54/100,1,0,0,0,0
1780,1781,The Lift Boy,2019,18+,54/100,1,0,0,0,0
1781,1782,We Can Be Heroes,2020,7+,54/100,1,0,0,0,0
1782,1783,Close Enemies,2018,18+,54/100,1,0,0,0,0
1783,1784,Maria,2019,18+,54/100,1,0,0,0,0
1784,1785,We Are Young. We Are Strong.,2014,,54/100,1,0,0,0,0
1785,1786,"Kalel, 15",2019,,54/100,1,0,0,0,0
1786,1787,The Watchman,2019,,54/100,1,0,0,0,0
1787,1788,Drunk Parents,2019,18+,54/100,1,0,0,0,0
1788,1789,Caught by a Wave,2021,16+,54/100,1,0,0,0,0
1789,1790,Barça Dreams,2015,,54/100,1,0,0,0,0
1790,1791,Life Overtakes Me,2019,,54/100,1,0,0,0,0
1791,1792,Jeff Dunham: All Over the Map,2014,13+,54/100,1,0,1,0,0
1792,1793,Iliza Shlesinger: Unveiled,2019,18+,54/100,1,0,0,0,0
1793,1794,Mumbai Meri Jaan,2008,13+,54/100,1,0,0,0,0
1794,1795,The Block Island Sound,2020,,54/100,1,0,0,0,0
1795,1796,Recovery Boys,2018,,54/100,1,0,0,0,0
1796,1797,Classmates Minus,2020,,54/100,1,0,0,0,0
1797,1798,Martial Arts of Shaolin,1986,13+,54/100,1,0,1,0,0
1798,1799,#AnneFrank. Parallel Stories,2019,,54/100,1,0,0,0,0
1799,1800,Sitara: Let Girls Dream,2019,,54/100,1,0,0,0,0
1800,1801,Mohenjo Daro,2016,,54/100,1,0,0,0,0
1801,1802,Greg Davies: You Magnificent Beast,2018,18+,54/100,1,0,0,0,0
1802,1803,Ordinary World,2016,,54/100,1,0,0,0,0
1803,1804,Phantom,2015,,54/100,1,0,0,0,0
1804,1805,Much Loved,2015,,54/100,1,0,0,0,0
1805,1806,Denis Leary: No Cure for Cancer,1993,18+,54/100,1,0,0,0,0
1806,1807,Franca: Chaos and Creation,2016,,54/100,1,0,0,0,0
1807,1808,Freaks – You're One of Us,2020,18+,54/100,1,0,0,0,0
1808,1809,Class Rank,2017,,54/100,1,0,0,0,0
1809,1810,Little Big Women,2020,,54/100,1,0,0,0,0
1810,1811,Rocco,2016,18+,54/100,1,0,0,0,0
1811,1812,My Big Night,2015,,54/100,1,0,0,0,0
1812,1813,My Little Pony: Equestria Girls - Forgotten Friendship,2018,all,54/100,1,0,0,0,0
1813,1814,The Blue Umbrella,2005,,54/100,1,0,0,1,0
1814,1815,Weed the People,2018,,54/100,1,0,0,0,0
1815,1816,#realityhigh,2017,,54/100,1,0,0,0,0
1816,1817,Jeff Dunham: Unhinged in Hollywood,2015,7+,54/100,1,0,1,0,0
1817,1818,ReMastered: Devil at the Crossroads,2019,,54/100,1,0,0,0,0
1818,1819,Oprah Winfrey Presents: When They See Us Now,2019,16+,54/100,1,0,0,0,0
1819,1820,Irul,2021,,54/100,1,0,0,0,0
1820,1821,Only,2020,all,54/100,1,0,0,0,0
1821,1822,Juanita,2019,18+,54/100,1,0,0,0,0
1822,1823,Bluffmaster!,2005,7+,54/100,1,0,0,0,0
1823,1824,Wonder Boy,2019,,54/100,1,0,0,0,0
1824,1825,Stereo,2014,,54/100,1,0,0,0,0
1825,1826,Héroes. Silencio y Rock & Roll,2021,,54/100,1,0,0,0,0
1826,1827,Bwakaw,2012,7+,54/100,1,0,0,0,0
1827,1828,A Grand Night In: The Story of Aardman,2015,7+,54/100,1,0,0,0,0
1828,1829,Sister Cities,2016,16+,54/100,1,0,0,0,0
1829,1830,My Amanda,2021,,54/100,1,0,0,0,0
1830,1831,A Second Chance,2015,,54/100,1,1,1,0,0
1831,1832,Serious Men,2020,,54/100,1,0,0,0,0
1832,1833,The Lovers,2017,18+,54/100,1,0,0,0,0
1833,1834,The Yin-Yang Master: Dream of Eternity,2020,,54/100,1,0,0,0,0
1834,1835,Christmas with a View,2018,7+,54/100,1,0,0,0,0
1835,1836,The Lion Woman,2016,18+,54/100,1,0,0,0,0
1836,1837,He Even Has Your Eyes,2017,,54/100,1,0,0,0,0
1837,1838,Ghadi,2013,13+,53/100,1,0,0,0,0
1838,1839,It Takes a Man and a Woman,2013,7+,53/100,1,0,0,0,0
1839,1840,Dolly Parton: Here I Am,2019,16+,53/100,1,0,0,0,0
1840,1841,Hamid,2019,,53/100,1,0,0,0,0
1841,1842,Russell Peters: Almost Famous,2016,,53/100,1,0,0,0,0
1842,1843,Accomplice,2021,,53/100,1,0,0,0,0
1843,1844,Dude,2018,18+,53/100,1,0,0,0,0
1844,1845,Saladin the Victorious,1963,,53/100,1,0,0,0,0
1845,1846,Homunculus,2021,,53/100,1,0,0,0,0
1846,1847,LEGO Marvel Super Heroes: Avengers Reassembled!,2015,7+,53/100,1,0,0,0,0
1847,1848,LEGO Jurassic World: The Indominus Escape,2016,7+,53/100,1,0,0,0,0
1848,1849,Shelby American,2019,,53/100,1,0,0,0,0
1849,1850,S.W.A.T.: Under Siege,2017,18+,53/100,1,0,0,0,0
1850,1851,Ten Years,2015,,53/100,1,0,0,0,0
1851,1852,Backdraft 2,2019,18+,53/100,1,0,0,0,0
1852,1853,Sahara,2017,7+,53/100,1,0,1,0,0
1853,1854,Taramani,2017,,53/100,1,0,1,0,0
1854,1855,Cosmos Laundromat,2015,,53/100,1,0,0,0,0
1855,1856,The Witness Who Didn't See Anything,1976,,53/100,1,0,0,0,0
1856,1857,Muramba,2017,7+,53/100,1,0,0,0,0
1857,1858,Hum Saath Saath Hain,1999,all,53/100,1,0,0,0,0
1858,1859,Vivah,2006,,53/100,1,0,0,0,0
1859,1860,Yeh Ballet,2020,13+,53/100,1,0,0,0,0
1860,1861,Tony Parker: The Final Shot,2021,,53/100,1,0,0,0,0
1861,1862,Cut Throat City,2020,18+,53/100,1,0,0,0,0
1862,1863,Anelka: Misunderstood,2020,16+,53/100,1,0,0,0,0
1863,1864,Everyday I Love You,2015,,53/100,1,0,0,0,0
1864,1865,Bulbul Can Sing,2019,,53/100,1,0,0,0,0
1865,1866,Sarajevo,2014,,53/100,1,0,0,0,0
1866,1867,And Tomorrow the Entire World,2020,,53/100,1,0,0,0,0
1867,1868,Funan,2019,,53/100,1,0,0,0,0
1868,1869,Rising High,2020,,53/100,1,0,0,0,0
1869,1870,The Short Game,2013,7+,53/100,1,0,0,0,0
1870,1871,One Day We'll Talk About Today,2020,all,53/100,1,0,0,0,0
1871,1872,Chris Tucker Live,2015,18+,53/100,1,0,0,0,0
1872,1873,Nang Nak,1999,13+,53/100,1,0,0,0,0
1873,1874,Mitt,2014,,53/100,1,0,0,0,0
1874,1875,Dark Light,2019,,53/100,1,0,0,0,0
1875,1876,Lucknow Central,2017,,53/100,1,0,0,0,0
1876,1877,Our Godfather,2019,,53/100,1,0,0,0,0
1877,1878,93 Days,2016,7+,53/100,1,0,0,0,0
1878,1879,Vince & Kath & James,2016,,53/100,1,0,0,0,0
1879,1880,Dharam Sankat Mein,2015,13+,53/100,1,0,0,0,0
1880,1881,Secrets in the Hot Spring,2018,,53/100,1,0,0,0,0
1881,1882,Bye Bye London,1982,,53/100,1,0,0,0,0
1882,1883,Bheeshma,2020,,53/100,1,0,0,0,0
1883,1884,Liberated: The New Sexual Revolution,2017,,53/100,1,0,0,0,0
1884,1885,Almost Love,2019,,53/100,1,0,0,0,0
1885,1886,Stuck Apart,2021,,53/100,1,0,0,0,0
1886,1887,Late Life: The Chien-Ming Wang Story,2018,,53/100,1,0,0,0,0
1887,1888,"Justice, My Foot!",1992,7+,53/100,1,0,0,0,0
1888,1889,Ginny Weds Sunny,2020,,53/100,1,0,0,0,0
1889,1890,You Are My Sunday,2016,,53/100,1,0,0,0,0
1890,1891,Grandmaster,2012,,53/100,1,0,0,0,0
1891,1892,Just Another Christmas,2020,,53/100,1,0,0,0,0
1892,1893,7 Khoon Maaf,2011,,53/100,1,0,0,0,0
1893,1894,Class of '83,2020,16+,53/100,1,0,0,0,0
1894,1895,Duck Duck Goose,2018,7+,53/100,1,0,0,0,0
1895,1896,Very Big Shot,2015,18+,53/100,1,0,0,0,0
1896,1897,"Dana Carvey: Straight White Male, 60",2016,,53/100,1,0,0,0,0
1897,1898,Wild Dog,2021,18+,53/100,1,0,0,0,0
1898,1899,Dolly Parton's Christmas on the Square,2020,7+,53/100,1,0,0,0,0
1899,1900,The Little Vampire 3D,2017,,53/100,1,0,0,0,0
1900,1901,John Was Trying to Contact Aliens,2020,,53/100,1,0,0,0,0
1901,1902,Dilan 1991,2019,,53/100,1,0,0,0,0
1902,1903,Made In China,2019,,53/100,1,0,0,0,0
1903,1904,Ronnie Coleman: The King,2018,,53/100,1,0,0,0,0
1904,1905,All in My Family,2019,,53/100,1,0,0,0,0
1905,1906,Chris D'Elia: Incorrigible,2015,18+,53/100,1,0,0,0,0
1906,1907,Carmen Sandiego: To Steal or Not to Steal,2020,7+,53/100,1,0,0,0,0
1907,1908,Seven Sundays,2017,7+,53/100,1,0,0,0,0
1908,1909,Whitney Cummings: Can I Touch It?,2019,,53/100,1,0,0,0,0
1909,1910,Girlfriend's Day,2017,18+,53/100,1,0,0,0,0
1910,1911,Funny Boy,2020,,53/100,1,0,0,0,0
1911,1912,Seven in Heaven,2018,13+,53/100,1,0,0,0,0
1912,1913,Cracked Up: The Darrell Hammond Story,2019,18+,53/100,1,0,0,0,0
1913,1914,Father Soldier Son,2020,18+,53/100,1,0,0,0,0
1914,1915,NiNoKuni,2019,16+,53/100,1,0,0,0,0
1915,1916,CIA: Comrade In America,2017,,53/100,1,0,0,0,0
1916,1917,Monty Python: Live at Aspen,1998,,53/100,1,0,0,0,0
1917,1918,Jo Koy: Comin’ In Hot,2019,,53/100,1,0,0,0,0
1918,1919,Varane Avashyamund,2020,,53/100,1,0,0,0,0
1919,1920,Every Time I Die,2020,,53/100,1,0,0,0,0
1920,1921,Perdida,2018,18+,53/100,1,0,0,0,0
1921,1922,Eeb Allay Ooo!,2020,,53/100,1,0,0,0,0
1922,1923,Counterpunch,2017,,53/100,1,0,0,0,0
1923,1924,Noblemen,2019,,53/100,1,0,0,0,0
1924,1925,Battle Drone,2018,13+,53/100,1,0,0,0,0
1925,1926,Olmo and the Seagull,2015,,53/100,1,0,0,0,0
1926,1927,"Colin Quinn: Red State, Blue State",2019,16+,53/100,1,0,0,0,0
1927,1928,"Liar, Liar, Vampire",2015,all,53/100,1,0,0,0,0
1928,1929,Hard Kill,2020,18+,53/100,1,0,0,0,0
1929,1930,Boss,2013,,53/100,1,0,0,0,0
1930,1931,One-Way to Tomorrow,2020,18+,53/100,1,0,0,0,0
1931,1932,Villain,2020,18+,52/100,1,0,0,0,0
1932,1933,Bethany Hamilton: Unstoppable,2019,7+,52/100,1,0,0,0,0
1933,1934,Axone,2019,,52/100,1,0,0,0,0
1934,1935,Bangkok Traffic Love Story,2009,7+,52/100,1,0,0,0,0
1935,1936,Chris D'Elia: No Pain,2020,,52/100,1,0,0,0,0
1936,1937,Michael,2011,,52/100,1,0,0,0,0
1937,1938,Disciples of the 36th Chamber,1985,18+,52/100,1,0,0,0,0
1938,1939,Midnight at the Magnolia,2020,all,52/100,1,0,0,0,0
1939,1940,Oh! Baby,2019,,52/100,1,0,0,0,0
1940,1941,J.T. LeRoy,2019,18+,52/100,1,0,0,0,0
1941,1942,26 Years,2012,,52/100,1,0,0,0,0
1942,1943,A Very Country Christmas,2017,all,52/100,1,0,0,0,0
1943,1944,Walk. Ride. Rodeo.,2019,7+,52/100,1,0,0,0,0
1944,1945,Under the Bombs,2007,16+,52/100,1,0,0,0,0
1945,1946,In the Shadow of Iris,2016,18+,52/100,1,0,0,0,0
1946,1947,Little Boxes,2017,,52/100,1,0,0,0,0
1947,1948,Russell Howard: Recalibrate,2017,18+,52/100,1,0,0,0,0
1948,1949,The Yinyang Master,2021,,52/100,1,0,0,0,0
1949,1950,Shine Your Eyes,2020,,52/100,1,0,0,0,0
1950,1951,Uppena,2021,,52/100,1,0,0,0,0
1951,1952,ABCD 2,2015,7+,52/100,1,0,0,0,0
1952,1953,ReMastered: Tricky Dick & The Man in Black,2018,,52/100,1,0,0,0,0
1953,1954,Yol Arkadaşım,2017,13+,52/100,1,0,0,0,0
1954,1955,Manson Family Vacation,2015,,52/100,1,0,0,0,0
1955,1956,Barbie: Dolphin Magic,2017,all,52/100,1,0,0,0,0
1956,1957,The Boss Baby: Get That Baby!,2020,,52/100,1,0,0,0,0
1957,1958,Secret Obsession,2019,13+,52/100,1,0,0,0,0
1958,1959,Naam Shabana,2017,,52/100,1,0,0,0,0
1959,1960,Bill Nye: Science Guy,2017,,52/100,1,0,0,0,0
1960,1961,Murder to Mercy: The Cyntoia Brown Story,2020,,52/100,1,0,0,0,0
1961,1962,Road Trip: Beer Pong,2009,18+,52/100,1,0,0,0,0
1962,1963,Carnaval,2021,,52/100,1,0,0,0,0
1963,1964,Everything About Her,2016,7+,52/100,1,0,0,0,0
1964,1965,Rattlesnake,2019,,52/100,1,0,0,0,0
1965,1966,The Hard Way,2019,,52/100,1,0,0,0,0
1966,1967,Sara's Notebook,2018,18+,52/100,1,0,0,0,0
1967,1968,Jeff Dunham: Relative Disaster,2017,18+,52/100,1,0,0,0,0
1968,1969,Kandasamys The Wedding,2019,,52/100,1,0,0,0,0
1969,1970,Day of the Dead: Bloodline,2017,18+,52/100,1,0,0,0,0
1970,1971,The Ryan White Story,1989,,52/100,1,0,0,0,0
1971,1972,Thambi,2019,,52/100,1,0,0,0,0
1972,1973,You Get Me,2017,18+,52/100,1,0,0,0,0
1973,1974,Carbone,2017,,52/100,1,0,0,0,0
1974,1975,Love Wedding Repeat,2020,18+,52/100,1,0,0,0,0
1975,1976,Tom Papa: Live in New York City,2011,,52/100,1,0,1,0,0
1976,1977,The Drowning,2016,,52/100,1,0,0,0,0
1977,1978,Sturgill Simpson Presents Sound & Fury,2019,,52/100,1,0,0,0,0
1978,1979,Zoot Suit,1981,18+,52/100,1,0,0,0,0
1979,1980,Out Of The Clear Blue Sky,2019,,52/100,1,0,0,0,0
1980,1981,"Norm Macdonald: Hitler's Dog, Gossip & Trickery",2017,,52/100,1,0,0,0,0
1981,1982,Rampage: President Down,2016,,52/100,1,0,0,0,0
1982,1983,Arlo the Alligator Boy,2021,7+,52/100,1,0,0,0,0
1983,1984,Eerie,2018,,52/100,1,0,0,0,0
1984,1985,Woody Woodpecker,2017,7+,52/100,1,0,0,0,0
1985,1986,Clair Obscur,2016,,52/100,1,0,0,0,0
1986,1987,Cities of Last Things,2018,18+,52/100,1,0,0,0,0
1987,1988,Vir Das: For India,2020,18+,52/100,1,0,0,0,0
1988,1989,Ride or Die,2021,18+,52/100,1,0,0,0,0
1989,1990,Fitoor,2016,,52/100,1,0,0,0,0
1990,1991,The Con Is On,2018,18+,52/100,1,0,0,0,0
1991,1992,I'll Sleep When I'm Dead,2016,,52/100,1,0,0,0,0
1992,1993,Super Me,2021,,52/100,1,0,0,0,0
1993,1994,How to Be Really Bad,2018,,52/100,1,0,0,0,0
1994,1995,Alexandria… Why?,1979,,52/100,1,0,0,0,0
1995,1996,Kara Bela,2015,13+,52/100,1,0,0,0,0
1996,1997,The Zoya Factor,2019,,52/100,1,0,0,0,0
1997,1998,Generation Iron 2,2017,13+,52/100,1,0,0,0,0
1998,1999,Panipat,2019,,52/100,1,0,0,0,0
1999,2000,Abzurdah,2015,13+,52/100,1,0,0,0,0
2000,2001,A New York Christmas Wedding,2020,18+,52/100,1,0,0,0,0
2001,2002,Mosquita y Mari,2012,,52/100,1,1,0,0,0
2002,2003,The Beginning of Life,2016,all,52/100,1,0,0,0,0
2003,2004,We Need to Talk,2016,,52/100,1,0,0,0,0
2004,2005,Pizza,2014,,52/100,1,0,0,0,0
2005,2006,She Made Me a Criminal,2006,,52/100,1,0,0,0,0
2006,2007,The Unknown Saint,2020,,52/100,1,0,0,0,0
2007,2008,Pottersville,2017,13+,52/100,1,0,0,0,0
2008,2009,Barcelona: A Love Untold,2016,7+,52/100,1,0,0,0,0
2009,2010,Just The Way You Are,2015,,52/100,1,0,0,0,0
2010,2011,Mostly Sunny,2017,,52/100,1,0,0,0,0
2011,2012,Ek Main Aur Ekk Tu,2012,7+,52/100,1,0,0,0,0
2012,2013,Toro,2016,13+,52/100,1,0,0,0,0
2013,2014,Russell Brand: Re:Birth,2018,,52/100,1,0,0,0,0
2014,2015,Creating an Army of the Dead,2021,18+,52/100,1,0,0,0,0
2015,2016,The Maus,2017,,52/100,1,0,0,0,0
2016,2017,Just Say Yes,2021,,52/100,1,0,0,0,0
2017,2018,Christmas Wedding Planner,2017,7+,52/100,1,0,0,0,0
2018,2019,The Strange House,2020,18+,52/100,1,0,0,0,0
2019,2020,Temple,2017,18+,52/100,1,0,0,0,0
2020,2021,MILF,2018,18+,52/100,1,0,0,0,0
2021,2022,When Angels Sleep,2018,18+,52/100,1,0,0,0,0
2022,2023,The 2nd,2020,16+,52/100,1,0,0,0,0
2023,2024,Welcome to Sudden Death,2020,18+,52/100,1,0,0,0,0
2024,2025,Kurbaan,2009,18+,52/100,1,0,0,0,0
2025,2026,Fortune Feimster: Sweet & Salty,2020,,52/100,1,0,0,0,0
2026,2027,Tracy Morgan: Staying Alive,2017,,52/100,1,0,0,0,0
2027,2028,Sam Kinison: Breaking the Rules,1987,18+,52/100,1,0,0,0,0
2028,2029,Zaki Chan,2005,,52/100,1,0,0,0,0
2029,2030,Sky High,2020,,51/100,1,0,0,1,0
2030,2031,Gad Elmaleh: American Dream,2018,16+,51/100,1,0,0,0,0
2031,2032,Love Beats Rhymes,2017,18+,51/100,1,0,0,0,0
2032,2033,Ram Jaane,1995,13+,51/100,1,0,0,0,0
2033,2034,Wish You,2021,,51/100,1,0,0,0,0
2034,2035,A Life of Speed: The Juan Manuel Fangio Story,2020,,51/100,1,0,0,0,0
2035,2036,Antoine Griezmann: The Making of a Legend,2019,,51/100,1,0,0,0,0
2036,2037,Strange Weather,2016,18+,51/100,1,0,0,0,0
2037,2038,Pa Paandi,2017,,51/100,1,0,0,0,0
2038,2039,Darc,2018,18+,51/100,1,0,0,0,0
2039,2040,Mehandi Circus,2019,,51/100,1,0,0,0,0
2040,2041,Goyo: The Boy General,2018,16+,51/100,1,0,0,0,0
2041,2042,Escape from Mr. Lemoncello's Library,2017,all,51/100,1,0,0,0,0
2042,2043,A Love Song for Latasha,2019,,51/100,1,0,0,0,0
2043,2044,Samantaral,2017,,51/100,1,0,0,0,0
2044,2045,Riot,2015,,51/100,1,0,0,0,0
2045,2046,Jungle Beat: The Movie,2020,all,51/100,1,0,0,0,0
2046,2047,Honeytrap,2015,,51/100,1,0,0,0,0
2047,2048,O Vendedor de Sonhos,2016,,51/100,1,0,0,0,0
2048,2049,Duplicate,1998,7+,51/100,1,0,0,0,0
2049,2050,What We Wanted,2020,18+,51/100,1,0,0,0,0
2050,2051,Jim Norton: Mouthful of Shame,2017,18+,51/100,1,0,0,0,0
2051,2052,Michael McIntyre: Showman,2020,18+,51/100,1,0,0,0,0
2052,2053,No Other Woman,2011,16+,51/100,1,0,0,0,0
2053,2054,River's Edge,2018,,51/100,1,0,0,0,0
2054,2055,Love and Shukla,2017,,51/100,1,0,0,0,0
2055,2056,Ali Baba and the 7 Dwarfs,2015,13+,51/100,1,0,0,0,0
2056,2057,Merata: How Mum Decolonised the Screen,2019,,51/100,1,0,0,0,0
2057,2058,I Hate Luv Storys,2010,7+,51/100,1,0,0,0,0
2058,2059,FTA,1972,18+,51/100,1,0,0,0,0
2059,2060,Let's Dance,2019,18+,51/100,1,0,0,0,0
2060,2061,Tere Naal Love Ho Gaya,2012,7+,51/100,1,0,0,0,0
2061,2062,Lady Driver,2020,7+,51/100,1,0,0,0,0
2062,2063,Sarah Cooper: Everything's Fine,2020,18+,51/100,1,0,0,0,0
2063,2064,League of Legends Origins,2019,,51/100,1,0,0,0,0
2064,2065,The Creative Brain,2019,,51/100,1,0,0,0,0
2065,2066,Jacob's Ladder,2019,18+,51/100,1,0,0,0,0
2066,2067,Free Rein: The Twelve Neighs of Christmas,2018,,51/100,1,0,0,0,0
2067,2068,Love for Sale,2018,,51/100,1,0,0,0,0
2068,2069,Hate by Dani Rovira,2021,,51/100,1,0,0,0,0
2069,2070,The Heaven None Missed,2015,,51/100,1,0,0,0,0
2070,2071,An American Girl: McKenna Shoots for the Stars,2012,all,51/100,1,0,0,0,0
2071,2072,Guest House,2020,18+,51/100,1,0,0,0,0
2072,2073,Squared Love,2021,13+,51/100,1,0,0,0,0
2073,2074,The Milk System,2018,,51/100,1,0,0,0,0
2074,2075,Tottaa Pataaka Item Maal,2018,,51/100,1,0,0,0,0
2075,2076,Whitney Cummings: Money Shot,2010,18+,51/100,1,0,1,0,0
2076,2077,Battlefield Earth,2000,13+,51/100,1,0,0,0,0
2077,2078,Alice Júnior,2019,,51/100,1,0,0,0,0
2078,2079,Private Network: Who Killed Manuel Buendia,2021,,51/100,1,0,0,0,0
2079,2080,Milada,2017,,51/100,1,0,0,0,0
2080,2081,Kilometers and Kilometers,2020,,51/100,1,0,0,0,0
2081,2082,Tom Papa: You're Doing Great!,2020,,51/100,1,0,0,0,0
2082,2083,Prem Ratan Dhan Payo,2015,,51/100,1,0,0,0,0
2083,2084,Black Beach,2020,18+,51/100,1,0,0,0,0
2084,2085,Judwaa 2,2017,16+,51/100,1,0,0,0,0
2085,2086,Roped,2020,7+,51/100,1,0,0,0,0
2086,2087,Yol Arkadaşım 2,2018,13+,51/100,1,0,0,0,0
2087,2088,"Ray Romano: Right Here, Around the Corner",2019,,51/100,1,0,0,0,0
2088,2089,M8 - When Death Rescues Life,2019,,51/100,1,0,0,0,0
2089,2090,Selfie 69,2016,,51/100,1,0,0,0,0
2090,2091,Brian Regan: On the Rocks,2021,,51/100,1,0,0,0,0
2091,2092,Hulk: Where Monsters Dwell,2016,7+,51/100,1,0,0,0,0
2092,2093,Arctic Dogs,2019,7+,51/100,1,0,0,0,0
2093,2094,The Blazing Sun,1954,,51/100,1,0,1,0,0
2094,2095,7 Yards: The Chris Norton Story,2021,,51/100,1,0,0,0,0
2095,2096,Shonar Pahar,2018,,51/100,1,0,0,0,0
2096,2097,Material,2012,,51/100,1,0,0,0,0
2097,2098,Masameer: The Movie,2020,,51/100,1,0,0,0,0
2098,2099,DNA,2020,18+,51/100,1,0,0,0,0
2099,2100,Desire,2017,,51/100,1,0,0,0,0
2100,2101,The Lost Brother,2017,,51/100,1,0,0,0,0
2101,2102,This Earth of Mankind,2019,,51/100,1,0,0,0,0
2102,2103,Cuddle Weather,2019,,51/100,1,0,0,0,0
2103,2104,Husband Factor: Resurrection,2015,7+,51/100,1,0,0,0,0
2104,2105,Born in Gaza,2014,,51/100,1,0,0,0,0
2105,2106,Chameli,2003,,51/100,1,0,0,0,0
2106,2107,The Stolen,2017,16+,51/100,1,0,0,0,0
2107,2108,Love Aaj Kal,2020,,51/100,1,0,0,0,0
2108,2109,Pyaar Ke Side Effects,2006,all,51/100,1,0,0,0,0
2109,2110,Eddie: Strongman,2015,16+,51/100,1,0,0,0,0
2110,2111,Sam Jay: 3 in the Morning,2020,,51/100,1,0,0,0,0
2111,2112,What About Dick?,2012,all,51/100,1,0,0,0,0
2112,2113,"Main, Meri Patni Aur Woh",2005,all,51/100,1,0,0,0,0
2113,2114,Audible,2021,13+,51/100,1,0,0,0,0
2114,2115,Bartkowiak,2021,18+,51/100,1,0,0,0,0
2115,2116,Tarek's Situation,2006,,51/100,1,0,0,0,0
2116,2117,My Führer,2007,,51/100,1,0,0,0,0
2117,2118,Gnome Alone,2017,7+,51/100,1,0,0,0,0
2118,2119,Bride for Rent,2014,,51/100,1,0,0,0,0
2119,2120,The Holiday Calendar,2018,,51/100,1,0,0,0,0
2120,2121,A Kid from Coney Island,2019,18+,51/100,1,0,0,0,0
2121,2122,Aruna & Her Palate,2018,,51/100,1,0,0,0,0
2122,2123,Sabrina,2018,,51/100,1,1,0,0,0
2123,2124,Operações Especiais,2015,,51/100,1,0,0,0,0
2124,2125,The Main Event,2020,,51/100,1,0,0,0,0
2125,2126,Once Again,2019,,51/100,1,0,0,0,0
2126,2127,"Ken Jeong: You Complete Me, Ho",2019,18+,51/100,1,0,0,0,0
2127,2128,Old Thieves: The Legend of Artegio,2007,,51/100,1,0,0,0,0
2128,2129,Chaman Bahar,2020,,51/100,1,0,0,0,0
2129,2130,Delhi-6,2009,,51/100,1,0,0,0,0
2130,2131,ReMastered: The Miami Showband Massacre,2019,,51/100,1,0,0,0,0
2131,2132,Consequences,2014,13+,51/100,1,0,0,0,0
2132,2133,You're My Boss,2015,7+,51/100,1,0,0,0,0
2133,2134,Sen Kiminle Dans Ediyorsun?,2017,13+,51/100,1,0,0,0,0
2134,2135,Miss Virginia,2019,16+,51/100,1,0,0,0,0
2135,2136,Kevin James: Never Don't Give Up,2018,7+,51/100,1,0,0,0,0
2136,2137,Coffee & Kareem,2020,18+,51/100,1,0,0,0,0
2137,2138,Only Mine,2019,16+,51/100,1,0,0,0,0
2138,2139,Lens,2016,,51/100,1,0,0,0,0
2139,2140,Back to the 90s,2015,,50/100,1,0,0,0,0
2140,2141,Tiffany Haddish: She Ready! From the Hood to Hollywood!,2017,18+,50/100,1,0,0,0,0
2141,2142,Pets United,2019,7+,50/100,1,0,0,0,0
2142,2143,DeRay Davis: How to Act Black,2017,7+,50/100,1,0,0,0,0
2143,2144,The C Word,2016,,50/100,1,0,0,0,0
2144,2145,John & Yoko: Above Us Only Sky,2018,,50/100,1,0,0,0,0
2145,2146,ReMastered: Massacre at the Stadium,2019,18+,50/100,1,0,0,0,0
2146,2147,Fate/Grand Order: First Order,2016,,50/100,1,0,0,0,0
2147,2148,Headspace: Unwind Your Mind,2021,all,50/100,1,0,0,0,0
2148,2149,Free Rein: Valentine's Day,2019,,50/100,1,0,0,0,0
2149,2150,Toll Booth,2011,,50/100,1,0,0,0,0
2150,2151,I Will Follow,2010,13+,50/100,1,0,0,0,0
2151,2152,The Mistress,2012,13+,50/100,1,0,0,0,0
2152,2153,Double Dad,2021,,50/100,1,0,0,0,0
2153,2154,Expedition Happiness,2017,all,50/100,1,0,0,0,0
2154,2155,Golmaal Returns,2008,7+,50/100,1,0,0,0,0
2155,2156,Well Done Abba,2010,,50/100,1,0,0,0,0
2156,2157,Running Shaadi,2017,,50/100,1,0,0,0,0
2157,2158,Hedefim Sensin,2018,,50/100,1,0,0,0,0
2158,2159,The Unmarried Wife,2016,,50/100,1,0,0,0,0
2159,2160,Trippin’ with the Kandasamys,2021,,50/100,1,0,0,0,0
2160,2161,Deuces,2017,18+,50/100,1,0,0,0,0
2161,2162,Chaahat,1996,all,50/100,1,0,0,0,0
2162,2163,Brené Brown: The Call to Courage,2019,,50/100,1,0,0,0,0
2163,2164,Ryan Hamilton: Happy Face,2017,,50/100,1,0,0,0,0
2164,2165,Luv Shuv Tey Chicken Khurana,2012,7+,50/100,1,0,0,0,0
2165,2166,The Bridge Curse,2020,,50/100,1,0,0,0,0
2166,2167,"My Teacher, My Obsession",2018,16+,50/100,1,0,0,0,0
2167,2168,1000 Rupee Note,2016,,50/100,1,0,0,0,0
2168,2169,Break,2018,,50/100,1,0,1,0,0
2169,2170,Deadly Illusions,2021,,50/100,1,0,0,0,0
2170,2171,For the Birds,2018,,50/100,1,0,1,1,0
2171,2172,Duniya,1984,,50/100,1,0,0,0,0
2172,2173,Door Ke Darshan,2020,,50/100,1,0,1,0,0
2173,2174,Jaoon Kahan Bata Ae Dil,2018,,50/100,1,0,0,0,0
2174,2175,Laerte-se,2017,,50/100,1,0,0,0,0
2175,2176,Nathicharami,2018,,50/100,1,0,0,0,0
2176,2177,Michelle Buteau: Welcome to Buteaupia,2020,18+,50/100,1,0,0,0,0
2177,2178,The Ronda Rousey Story: Through My Father's Eyes,2019,18+,50/100,1,0,0,0,0
2178,2179,Frank and Cindy,2015,18+,50/100,1,0,0,0,0
2179,2180,My Amnesia Girl,2010,,50/100,1,0,0,0,0
2180,2181,Jen Kirkman: I'm Gonna Die Alone (And I Feel Fine),2015,,50/100,1,0,0,0,0
2181,2182,The Killer,2017,,50/100,1,0,0,0,0
2182,2183,Marlon Wayans: Woke-ish,2018,18+,50/100,1,0,0,0,0
2183,2184,We Are Family,2016,,50/100,1,0,0,0,0
2184,2185,Love.com,2017,,50/100,1,0,0,0,0
2185,2186,Drive,2019,13+,50/100,1,0,0,0,0
2186,2187,Saaho,2019,,50/100,1,0,0,0,0
2187,2188,Rebirth,2016,18+,50/100,1,0,0,0,0
2188,2189,All I Wish,2018,18+,50/100,1,0,0,0,0
2189,2190,Talentime,2009,,50/100,1,0,0,0,0
2190,2191,The Twins Effect II,2004,,50/100,1,0,0,0,0
2191,2192,Kaal,2005,13+,50/100,1,0,0,0,0
2192,2193,Birth Reborn,2013,,50/100,1,0,0,0,0
2193,2194,Angela's Christmas Wish,2020,,50/100,1,0,0,0,0
2194,2195,Heroine,2012,,50/100,1,0,0,0,0
2195,2196,Tini: The New Life of Violetta,2016,all,50/100,1,0,0,0,0
2196,2197,Cycle,2018,,50/100,1,0,0,0,0
2197,2198,Seriously Single,2020,18+,50/100,1,0,0,0,0
2198,2199,And Then Came Lola,2009,7+,50/100,1,0,0,0,0
2199,2200,Killing Hasselhoff,2017,18+,50/100,1,0,0,0,0
2200,2201,Air Strike,2018,18+,50/100,1,0,0,0,0
2201,2202,The Mansion,2017,13+,50/100,1,0,0,0,0
2202,2203,Children of God,1994,,50/100,1,0,1,0,0
2203,2204,The Tambour of Retribution,2021,,50/100,1,0,0,0,0
2204,2205,Ferrari Ki Sawaari,2012,all,50/100,1,0,0,0,0
2205,2206,Doob,2017,,50/100,1,0,0,0,0
2206,2207,Exes Baggage,2018,,50/100,1,0,0,0,0
2207,2208,God Bless the Broken Road,2018,7+,50/100,1,0,0,0,0
2208,2209,Leal,2018,,50/100,1,0,0,0,0
2209,2210,Awara Paagal Deewana,2002,13+,50/100,1,0,0,0,0
2210,2211,Brian Regan: Nunchucks and Flamethrowers,2017,,50/100,1,0,0,0,0
2211,2212,Cops and Robbers,2020,13+,50/100,1,0,0,0,0
2212,2213,Sitting in Limbo,2020,,50/100,1,0,0,0,0
2213,2214,The Meaning of Monty Python,2013,,50/100,1,0,0,0,0
2214,2215,ATM,2012,,50/100,1,0,0,0,0
2215,2216,Asphalt Burning,2020,16+,50/100,1,0,0,0,0
2216,2217,Rainbow Time,2016,,50/100,1,0,0,0,0
2217,2218,Friendsgiving,2020,18+,50/100,1,0,0,0,0
2218,2219,Christina P: Mother Inferior,2017,,50/100,1,0,0,0,0
2219,2220,Sarvam Thaala Mayam,2019,7+,50/100,1,0,0,0,0
2220,2221,Rory Scovel Tries Stand-Up for the First Time,2017,18+,50/100,1,0,0,0,0
2221,2222,Salam - The First ****** Nobel Laureate,2019,,50/100,1,0,0,0,0
2222,2223,Aiyaary,2018,,50/100,1,0,0,0,0
2223,2224,Clive Davis: The Soundtrack of Our Lives,2017,13+,50/100,1,0,0,0,0
2224,2225,Posesif,2017,,50/100,1,0,0,0,0
2225,2226,Puerto Ricans in Paris,2015,18+,50/100,1,0,0,0,0
2226,2227,Chamatkar,1992,7+,50/100,1,0,0,0,0
2227,2228,Poeslief: een ode aan de kat,2021,,50/100,1,0,0,0,0
2228,2229,Brave Blue World: Racing to Solve Our Water Crisis,2019,,50/100,1,0,0,0,0
2229,2230,Apaharan,2005,,50/100,1,0,0,0,0
2230,2231,Off Course,2015,,50/100,1,0,0,0,0
2231,2232,"Oh, Ramona!",2019,18+,50/100,1,0,0,0,0
2232,2233,Tragic Jungle,2020,,50/100,1,0,0,0,0
2233,2234,The Beast,2020,,50/100,1,0,0,0,0
2234,2235,House Arrest,2019,,50/100,1,0,1,0,0
2235,2236,Jeremiah Tower: The Last Magnificent,2016,18+,50/100,1,0,0,0,0
2236,2237,Wandering Stars,2019,,50/100,1,0,0,0,0
2237,2238,23:59,2011,18+,50/100,1,0,0,0,0
2238,2239,Intuition,2020,18+,50/100,1,0,0,0,0
2239,2240,Kevin Hart's Guide to Black History,2019,7+,50/100,1,0,0,0,0
2240,2241,Spanish Affair 2,2015,,50/100,1,0,0,0,0
2241,2242,The Stand at Paxton County,2020,18+,50/100,1,0,0,0,0
2242,2243,SuckSeed,2011,13+,50/100,1,0,0,0,0
2243,2244,Back of the Net,2019,,50/100,1,0,1,0,0
2244,2245,My Perfect Romance,2018,13+,50/100,1,0,0,0,0
2245,2246,Jen Kirkman: Just Keep Livin'?,2017,,50/100,1,0,0,0,0
2246,2247,Paradise Lost,2018,,50/100,1,0,1,0,0
2247,2248,Cemara's Family,2019,all,50/100,1,0,0,0,0
2248,2249,Headwinds,2011,,50/100,1,0,0,0,0
2249,2250,Tales from the Hood 2,2018,18+,50/100,1,0,0,0,0
2250,2251,Painted Faces,1988,7+,50/100,1,0,0,0,0
2251,2252,Despite Everything,2019,18+,50/100,1,0,0,0,0
2252,2253,Aapla Manus,2018,,50/100,1,0,0,0,0
2253,2254,"Isa Pa, with Feelings",2019,,50/100,1,0,0,0,0
2254,2255,Romantik Komedi,2010,all,50/100,1,0,0,0,0
2255,2256,The Doll,2016,,50/100,1,0,0,0,0
2256,2257,Beauties of the Night,2016,,50/100,1,0,0,0,0
2257,2258,Roohi,2021,,50/100,1,0,0,0,0
2258,2259,Grand-Daddy Day Care,2019,13+,50/100,1,0,0,0,0
2259,2260,Born to Play,2020,,49/100,1,1,0,0,0
2260,2261,Elliot: The Littlest Reindeer,2018,7+,49/100,1,0,0,0,0
2261,2262,Your Son,2018,,49/100,1,0,0,0,0
2262,2263,Family Seductions,2021,,49/100,1,0,0,0,0
2263,2264,Sila Samayangalil,2016,16+,49/100,1,0,0,0,0
2264,2265,The B-Side: Elsa Dorfman's Portrait Photography,2017,18+,49/100,1,0,0,0,0
2265,2266,S.M.A.R.T. Chase,2017,,49/100,1,0,0,0,0
2266,2267,Ishq Vishk,2003,,49/100,1,0,0,0,0
2267,2268,Fred Armisen: Standup for Drummers,2018,,49/100,1,0,0,0,0
2268,2269,Milkwater,2020,,49/100,1,0,0,0,0
2269,2270,Solo,2018,,49/100,1,0,0,0,0
2270,2271,Deadly Switch,2019,,49/100,1,0,0,0,0
2271,2272,London Heist,2017,18+,49/100,1,0,0,0,0
2272,2273,Uriyadi 2,2019,all,49/100,1,0,0,0,0
2273,2274,My Stupid Boss,2016,,49/100,1,0,0,0,0
2274,2275,Saheb Biwi Aur Gangster Returns,2013,,49/100,1,0,0,0,0
2275,2276,Layla Majnun,2021,16+,49/100,1,0,0,0,0
2276,2277,Unspeakable Acts,1990,,49/100,1,0,0,0,0
2277,2278,Zindagi Kitni Haseen Hay,2016,all,49/100,1,0,0,0,0
2278,2279,Raja Natwarlal,2014,7+,49/100,1,0,0,0,0
2279,2280,The Trap,2019,,49/100,1,0,0,0,0
2280,2281,Dead Again in Tombstone,2017,18+,49/100,1,0,0,0,0
2281,2282,Amy Tan: Unintended Memoir,2021,,49/100,1,0,0,0,0
2282,2283,Bill Hicks: One Night Stand,1991,18+,49/100,1,0,0,0,0
2283,2284,The Emigrant,1994,,49/100,1,0,0,0,0
2284,2285,Picture a Scientist,2020,13+,49/100,1,0,0,0,0
2285,2286,Devil's Mistress,2016,,49/100,1,0,0,0,0
2286,2287,Life's Speed Bump,2006,,49/100,1,0,0,0,0
2287,2288,Manje Bistre,2017,,49/100,1,0,0,0,0
2288,2289,Kartini: Princess of Java,2017,,49/100,1,0,0,0,0
2289,2290,Thackeray,2019,,49/100,1,0,0,0,0
2290,2291,Hurricane Bianca: From Russia with Hate,2018,,49/100,1,0,0,0,0
2291,2292,Kismat Konnection,2008,all,49/100,1,0,0,0,0
2292,2293,Iron Fists and Kung Fu Kicks,2019,,49/100,1,0,0,0,0
2293,2294,"Lorena, Light-footed Woman",2019,,49/100,1,0,0,0,0
2294,2295,African America,2021,,49/100,1,0,0,0,0
2295,2296,Christmas Catch,2018,7+,49/100,1,0,0,0,0
2296,2297,Brent Morin: I'm Brent Morin,2015,,49/100,1,0,0,0,0
2297,2298,Dead Kids,2019,18+,49/100,1,0,0,0,0
2298,2299,Bygones Be Bygones,2017,13+,49/100,1,0,0,0,0
2299,2300,The Royal Bengal Tiger,2014,,49/100,1,0,0,0,0
2300,2301,Puss in Book: Trapped in an Epic Tale,2017,all,49/100,1,0,0,0,0
2301,2302,The Next Skin,2016,18+,49/100,1,0,0,0,0
2302,2303,"Strip Down, Rise Up",2021,18+,49/100,1,0,0,0,0
2303,2304,Shawn Mendes: In Wonder,2020,18+,49/100,1,0,0,0,0
2304,2305,Lowriders,2017,13+,49/100,1,0,0,0,0
2305,2306,Satyagraha,2013,7+,49/100,1,0,0,0,0
2306,2307,The Brave,2019,18+,49/100,1,0,0,0,0
2307,2308,In Family I Trust,2019,,49/100,1,0,0,0,0
2308,2309,The Great Magician,2011,,49/100,1,0,0,0,0
2309,2310,Maz Jobrani: Immigrant,2017,,49/100,1,0,0,0,0
2310,2311,A Beautiful Life,2011,,49/100,1,0,0,0,0
2311,2312,Lang Tong,2015,18+,49/100,1,0,0,0,0
2312,2313,Gori Tere Pyaar Mein,2013,,49/100,1,0,0,0,0
2313,2314,Nikki Glaser: Bangin',2019,,49/100,1,0,0,0,0
2314,2315,Growing Up Wild,2016,all,49/100,1,0,0,0,0
2315,2316,What Would Sophia Loren Do?,2021,,49/100,1,0,0,0,0
2316,2317,Wedding Association 2: Circumcision,2015,13+,49/100,1,0,0,0,0
2317,2318,Bhaji in Problem,2013,,49/100,1,0,0,0,0
2318,2319,What Did I Mess,2018,,49/100,1,0,0,0,0
2319,2320,The Journey Is the Destination,2016,18+,49/100,1,0,0,0,0
2320,2321,Sister In Law,2016,,49/100,1,0,0,0,0
2321,2322,Ahaan,2021,,49/100,1,0,0,0,0
2322,2323,Dolly Kitty and Those Twinkling Stars,2019,18+,49/100,1,0,0,0,0
2323,2324,Brij Mohan Amar Rahe!,2018,,49/100,1,0,0,0,0
2324,2325,Citation,2020,,49/100,1,0,0,0,0
2325,2326,Rock my Heart,2017,7+,49/100,1,0,0,0,0
2326,2327,Silent,2014,,49/100,1,0,0,0,0
2327,2328,Cristina,2016,,49/100,1,0,0,0,0
2328,2329,Bankrolled,2021,,49/100,1,0,0,0,0
2329,2330,Adam Devine: Best Time of Our Lives,2019,13+,49/100,1,0,0,0,0
2330,2331,Mann,1999,,49/100,1,0,0,0,0
2331,2332,Anjaan,2014,,49/100,1,0,0,0,0
2332,2333,Love or Money,2021,,49/100,1,0,0,0,0
2333,2334,Lionheart,2018,,49/100,1,0,1,0,0
2334,2335,Much Ado About Nothing,2016,,49/100,1,0,0,0,0
2335,2336,Todd Glass: Act Happy,2018,,49/100,1,0,0,0,0
2336,2337,Ave Maryam,2019,,49/100,1,0,0,0,0
2337,2338,Making the Witcher,2020,,49/100,1,0,0,0,0
2338,2339,Todd Barry: Spicy Honey,2017,16+,49/100,1,0,0,0,0
2339,2340,Joe Mande's Award-Winning Comedy Special,2017,18+,49/100,1,0,0,0,0
2340,2341,"Trailer Park Boys: Drunk, High and Unemployed: Live In Austin",2015,,49/100,1,0,0,0,0
2341,2342,Alt-Right: Age of Rage,2018,,49/100,1,0,0,0,0
2342,2343,Back to School,2019,18+,49/100,1,0,0,0,0
2343,2344,The Girl from the Song,2017,,49/100,1,0,0,0,0
2344,2345,Aelay,2021,,49/100,1,0,0,0,0
2345,2346,Care Of Kaadhal,2021,,49/100,1,0,0,0,0
2346,2347,HiGH&LOW The Movie,2016,,49/100,1,0,0,0,0
2347,2348,Aakhri Adaalat,1988,,49/100,1,0,0,0,0
2348,2349,Redemption,2019,,49/100,1,0,1,0,0
2349,2350,Alien Xmas,2020,,49/100,1,0,0,0,0
2350,2351,Neevevaro,2018,,49/100,1,0,0,0,0
2351,2352,World Famous Lover,2020,,49/100,1,0,0,0,0
2352,2353,Under the Riccione Sun,2020,18+,49/100,1,0,0,0,0
2353,2354,Norman Lear: Just Another Version of You,2016,13+,49/100,1,0,0,0,0
2354,2355,Motichoor Chaknachoor,2019,,49/100,1,0,0,0,0
2355,2356,Neşeli Hayat,2009,,49/100,1,0,0,0,0
2356,2357,The Jews,2016,,49/100,1,0,0,0,0
2357,2358,Bon Bini Holland,2015,,49/100,1,0,0,0,0
2358,2359,Surviving Christmas with the Relatives,2018,,49/100,1,0,0,0,0
2359,2360,One 2 Ka 4,2001,7+,49/100,1,0,0,0,0
2360,2361,ReMastered: Who Shot the Sheriff,2018,,49/100,1,0,0,0,0
2361,2362,Dolly Parton: A MusiCares Tribute,2021,7+,49/100,1,0,0,0,0
2362,2363,Invisible,2017,,49/100,1,0,0,0,0
2363,2364,Maska,2020,,49/100,1,0,1,0,0
2364,2365,Theo Von: No Offense,2016,,49/100,1,0,0,0,0
2365,2366,Maria Bamford: Old Baby,2017,18+,49/100,1,0,0,0,0
2366,2367,Overnight Republic,2017,,49/100,1,0,0,0,0
2367,2368,Christmas with a Prince,2018,7+,49/100,1,0,0,0,0
2368,2369,Barbie: Princess Adventure,2020,all,49/100,1,0,0,0,0
2369,2370,Guddiyan Patole,2019,,48/100,1,0,0,0,0
2370,2371,El testigo: Caín y Abel,2018,,48/100,1,0,0,0,0
2371,2372,The Suit,2018,,48/100,1,0,0,0,0
2372,2373,The Love Affair,2015,,48/100,1,0,0,0,0
2373,2374,Sam Smith: Love Goes - Live at Abbey Road Studios,2021,,48/100,1,0,0,0,0
2374,2375,Colin Quinn: The New York Story,2016,,48/100,1,0,0,0,0
2375,2376,Swiped,2018,16+,48/100,1,0,0,0,0
2376,2377,Pinky Memsaab,2018,7+,48/100,1,0,0,0,0
2377,2378,Thi Mai,2018,16+,48/100,1,0,0,0,0
2378,2379,Verses of Love,2008,,48/100,1,0,0,0,0
2379,2380,Joan Rivers: Don't Start with Me,2012,18+,48/100,1,0,0,0,0
2380,2381,Get the Grift,2021,,48/100,1,0,0,0,0
2381,2382,The F**k-It List,2020,18+,48/100,1,0,0,0,0
2382,2383,The Last Paradiso,2021,,48/100,1,0,0,0,0
2383,2384,LEGO Marvel Super Heroes: Black Panther - Trouble in Wakanda,2018,,48/100,1,0,0,0,0
2384,2385,"2,215",2018,,48/100,1,0,0,0,0
2385,2386,Namaste Wahala,2020,,48/100,1,0,0,0,0
2386,2387,Hantu Kak Limah,2018,,48/100,1,0,0,0,0
2387,2388,"Yours Sincerely, Kanan Gill",2020,18+,48/100,1,0,0,0,0
2388,2389,Tribhanga,2021,,48/100,1,0,0,0,0
2389,2390,A Love Story,2007,,48/100,1,0,0,0,0
2390,2391,The Mad Monk,1993,,48/100,1,0,0,0,0
2391,2392,Mrs. Serial Killer,2020,,48/100,1,0,0,0,0
2392,2393,John Henry,2020,18+,48/100,1,0,0,0,0
2393,2394,HiGH&LOW The Movie 3: Final Mission,2017,,48/100,1,0,0,0,0
2394,2395,Tiffany Haddish: Black Mitzvah,2019,18+,48/100,1,0,0,0,0
2395,2396,Helios,2015,,48/100,1,0,0,0,0
2396,2397,Jeff Foxworthy & Larry the Cable Guy: We've Been Thinking,2016,,48/100,1,0,0,0,0
2397,2398,Milestone,2020,,48/100,1,0,0,0,0
2398,2399,Chronically Metropolitan,2016,,48/100,1,0,0,0,0
2399,2400,Spivak,2018,18+,48/100,1,0,0,0,0
2400,2401,Reggie Watts: Spatial,2016,,48/100,1,0,0,0,0
2401,2402,Fiza,2000,,48/100,1,0,0,0,0
2402,2403,"Sincerely Yours, Dhaka",2019,,48/100,1,0,0,0,0
2403,2404,Roll with Me,2017,,48/100,1,0,0,0,0
2404,2405,Kalakalappu,2012,all,48/100,1,0,0,0,0
2405,2406,Chhota Bheem And The Curse of Damyaan,2012,all,48/100,1,0,0,0,0
2406,2407,The Last Thing He Wanted,2020,18+,48/100,1,0,0,0,0
2407,2408,Barbie & Chelsea the Lost Birthday,2021,,48/100,1,0,0,0,0
2408,2409,Dying to Tell,2019,,48/100,1,0,0,0,0
2409,2410,Calum Von Moger: Unbroken,2019,,48/100,1,0,0,0,0
2410,2411,Welcome to Sajjanpur,2008,7+,48/100,1,0,0,0,0
2411,2412,Hero,1997,18+,48/100,1,0,1,0,0
2412,2413,Until Midnight,2018,,48/100,1,0,0,0,0
2413,2414,Pretty Guardians Sailor Moon Eternal The MOVIE - Part 2,2021,,48/100,1,0,0,0,0
2414,2415,Sisters on Track,2021,7+,48/100,1,0,0,0,0
2415,2416,HiGH&LOW THE WORST,2019,,48/100,1,0,0,0,0
2416,2417,Slam,2016,,48/100,1,0,0,0,0
2417,2418,All the Reasons to Forget,2017,,48/100,1,0,0,0,0
2418,2419,Cedric the Entertainer: Live from the Ville,2016,,48/100,1,0,0,0,0
2419,2420,Jo Koy: Live from Seattle,2017,,48/100,1,0,0,0,0
2420,2421,Ghosts of Sugar Land,2019,,48/100,1,0,0,0,0
2421,2422,Kathleen Madigan: Bothering Jesus,2016,18+,48/100,1,0,0,0,0
2422,2423,Professor,1962,,48/100,1,0,0,0,0
2423,2424,Jhankaar Beats,2003,,48/100,1,0,0,0,0
2424,2425,Qila,1998,,48/100,1,0,0,0,0
2425,2426,Disco Dancer,1982,13+,48/100,1,0,0,0,0
2426,2427,The Girl Allergic to Wi-Fi,2018,,48/100,1,0,0,0,0
2427,2428,A Heavy Heart,2015,,48/100,1,0,0,0,0
2428,2429,Paradise Beach,2019,18+,48/100,1,0,0,0,0
2429,2430,Chelsea Handler: Uganda Be Kidding Me Live,2014,,48/100,1,0,0,0,0
2430,2431,Chris D'Elia: Man on Fire,2017,18+,48/100,1,0,0,0,0
2431,2432,Quiet,2020,,48/100,1,0,0,0,0
2432,2433,Mama's Boy,2018,,48/100,1,0,0,0,0
2433,2434,Mayday Life,2019,,48/100,1,0,0,0,0
2434,2435,Coin Heist,2017,7+,48/100,1,0,0,0,0
2435,2436,Dance Dreams: Hot Chocolate Nutcracker,2020,all,48/100,1,0,0,0,0
2436,2437,Belmonte,2019,,48/100,1,0,0,0,0
2437,2438,ReMastered: The Lion's Share,2019,13+,48/100,1,0,0,0,0
2438,2439,Holiday Rush,2019,7+,48/100,1,0,0,0,0
2439,2440,Searching for Sheela,2021,13+,48/100,1,0,0,0,0
2440,2441,The Last Hour,2017,,48/100,1,0,0,0,0
2441,2442,Under the Eiffel Tower,2019,,48/100,1,0,0,0,0
2442,2443,A Truthful Mother,2019,,48/100,1,0,0,0,0
2443,2444,Lynne Koplitz: Hormonal Beast,2017,,48/100,1,0,0,0,0
2444,2445,40 Sticks,2020,,48/100,1,0,0,0,0
2445,2446,Pulang,2018,16+,48/100,1,0,0,0,0
2446,2447,Road To High & Low,2016,,48/100,1,0,0,0,0
2447,2448,From A to B,2015,,48/100,1,0,0,0,0
2448,2449,Gardeners of Eden,2015,,48/100,1,0,0,0,0
2449,2450,Jessica Darling's It List,2016,,48/100,1,0,0,0,0
2450,2451,Woodshock,2017,18+,48/100,1,0,0,0,0
2451,2452,Pants on Fire,2014,,48/100,1,0,1,0,0
2452,2453,F.R.E.D.I.,2018,,48/100,1,0,0,0,0
2453,2454,Opium and the Kung Fu Master,1984,,48/100,1,0,0,0,0
2454,2455,Dad Wanted,2020,,48/100,1,0,0,0,0
2455,2456,Husband Factor,2015,13+,48/100,1,0,0,0,0
2456,2457,A Second Chance: Rivals!,2019,7+,48/100,1,0,0,0,0
2457,2458,Latte and the Magic Waterstone,2019,,48/100,1,0,0,0,0
2458,2459,A Sort of Family,2017,,48/100,1,0,0,0,0
2459,2460,Rajma Chawal,2018,,48/100,1,0,0,0,0
2460,2461,Pegasus,2019,,48/100,1,0,0,0,0
2461,2462,Unchained: The Untold Story of Freestyle Motocross,2016,,48/100,1,0,0,0,0
2462,2463,Airplane Mode,2020,,48/100,1,0,0,0,0
2463,2464,Getaway Plan,2017,,48/100,1,0,0,0,0
2464,2465,Paris Is Us,2019,,48/100,1,0,0,0,0
2465,2466,Unexpectedly Yours,2017,16+,48/100,1,0,0,0,0
2466,2467,Qlimax - The Source,2020,,48/100,1,0,0,0,0
2467,2468,Game,2011,,48/100,1,0,0,0,0
2468,2469,Eeda,2018,,48/100,1,0,0,0,0
2469,2470,The George McKenna Story,1986,,48/100,1,0,0,0,0
2470,2471,Bhai - Vyakti ki Valli,2019,,48/100,1,0,0,0,0
2471,2472,Too Handsome To Handle,2019,,48/100,1,0,0,0,0
2472,2473,What the F* Is Going On?,2019,,48/100,1,0,0,0,0
2473,2474,Budapest,2018,,48/100,1,0,0,0,0
2474,2475,The Married Couples,1981,,48/100,1,0,0,0,0
2475,2476,Jatt James Bond,2014,7+,48/100,1,0,0,0,0
2476,2477,One Last Shot,1998,,48/100,1,0,0,0,0
2477,2478,HiGH&LOW The Movie 2: End of Sky,2017,,48/100,1,0,0,0,0
2478,2479,Liar's Dice,2013,,48/100,1,0,0,0,0
2479,2480,Maria Bamford: The Special Special Special!,2012,18+,48/100,1,0,1,0,0
2480,2481,LEGO Marvel Super Heroes - Guardians of the Galaxy: The Thanos Threat,2017,,48/100,1,0,0,0,0
2481,2482,Brahman Naman,2016,,48/100,1,0,0,0,0
2482,2483,Anjelah Johnson: Not Fancy,2015,,48/100,1,0,0,0,0
2483,2484,Locksmith’s Debt,2016,13+,47/100,1,0,0,0,0
2484,2485,Xico's Journey,2020,,47/100,1,0,0,0,0
2485,2486,"Look Out, Officer!",1990,18+,47/100,1,0,0,0,0
2486,2487,Girls with Balls,2019,,47/100,1,0,0,0,0
2487,2488,Sofía Niño de Rivera: Exposed,2016,18+,47/100,1,0,0,0,0
2488,2489,"Love, Surreal and Odd",2017,all,47/100,1,0,0,0,0
2489,2490,The 3rd Eye 2,2019,,47/100,1,0,0,0,0
2490,2491,"Ron White: If You Quit Listening, I'll Shut Up",2018,,47/100,1,0,0,0,0
2491,2492,Camarón: The Film,2018,,47/100,1,0,0,0,0
2492,2493,Party Monster: Scratching the Surface,2018,,47/100,1,0,0,0,0
2493,2494,Shawn Mendes: Live in Concert,2020,7+,47/100,1,0,0,0,0
2494,2495,Metro,2016,,47/100,1,0,0,0,0
2495,2496,Little Door Gods,2016,,47/100,1,0,0,0,0
2496,2497,#FriendButMarried 2,2020,16+,47/100,1,0,0,0,0
2497,2498,Marvel Super Hero Adventures: Frost Fight!,2015,7+,47/100,1,0,0,0,0
2498,2499,My Way: The Rise and Fall of Silvio Berlusconi,2016,,47/100,1,0,0,0,0
2499,2500,Evvarikee Cheppoddu,2019,,47/100,1,0,0,0,0
2500,2501,Rhys Nicholson: Live at the Athenaeum,2020,,47/100,1,0,0,0,0
2501,2502,Simon Amstell: Set Free,2019,,47/100,1,0,0,0,0
2502,2503,Action Replayy,2010,7+,47/100,1,0,0,0,0
2503,2504,Interview with a Serial Killer,2008,13+,47/100,1,0,0,0,0
2504,2505,Christmas Break-In,2019,,47/100,1,0,0,0,0
2505,2506,The Return of the Prodigal Son,1976,,47/100,1,0,0,0,0
2506,2507,Saawan,2016,,47/100,1,0,0,0,0
2507,2508,Nasha Natasha,2020,7+,47/100,1,0,0,0,0
2508,2509,Zip & Zap and the Captain's Island,2016,,47/100,1,0,0,0,0
2509,2510,Love Is a Story,2015,,47/100,1,0,0,0,0
2510,2511,Haani,2013,7+,47/100,1,0,0,0,0
2511,2512,Alibaba Aur 40 Chor,1979,,47/100,1,0,0,0,0
2512,2513,Carlos Ballarta: Furia Ñera,2018,18+,47/100,1,0,0,0,0
2513,2514,Casablancas: The Man Who Loved Women,2016,,47/100,1,0,0,0,0
2514,2515,Chance Pe Dance,2010,all,47/100,1,0,0,0,0
2515,2516,Bulletproof 2,2020,,47/100,1,0,0,0,0
2516,2517,Meghnadbodh Rohoshyo,2017,,47/100,1,0,0,0,0
2517,2518,Jatts in Golmaal,2013,7+,47/100,1,0,0,0,0
2518,2519,Seven,2019,,47/100,1,0,0,0,0
2519,2520,Jonaki,2018,,47/100,1,0,0,0,0
2520,2521,Colin Quinn: Unconstitutional,2015,,47/100,1,0,0,0,0
2521,2522,Gold Statue,2021,,47/100,1,0,0,0,0
2522,2523,Belief: The Possession of Janet Moses,2015,,47/100,1,0,0,0,0
2523,2524,Kenny Sebastian: The Most Interesting Person in the Room,2020,18+,47/100,1,0,0,0,0
2524,2525,Ghost of the Mountains,2017,all,47/100,1,0,0,0,0
2525,2526,Vir Das: Losing It,2018,13+,47/100,1,0,0,0,0
2526,2527,So Much Love to Give,2020,16+,47/100,1,0,0,0,0
2527,2528,Wish Upon a Unicorn,2020,7+,47/100,1,0,0,0,0
2528,2529,Nightmare in Columbia County,1991,,47/100,1,0,0,0,0
2529,2530,Lucid Dream,2017,,47/100,1,0,0,0,0
2530,2531,Dhan Dhana Dhan Goal,2007,7+,47/100,1,0,0,0,0
2531,2532,Blood Money,2012,7+,47/100,1,0,0,0,0
2532,2533,Moshe Kasher: Live in Oakland,2012,,47/100,1,0,0,0,0
2533,2534,Bobby Jasoos,2014,,47/100,1,0,0,0,0
2534,2535,9to5: The Story of a Movement,2020,,47/100,1,0,0,0,0
2535,2536,Kuntilanak,2018,16+,47/100,1,0,0,0,0
2536,2537,Lift Like a Girl,2020,,47/100,1,0,0,0,0
2537,2538,The Car: Road to Revenge,2019,,47/100,1,0,0,0,0
2538,2539,Vaya,2017,18+,47/100,1,0,0,0,0
2539,2540,Kath & Kimderella,2012,,47/100,1,0,0,0,0
2540,2541,The Open House,2018,18+,47/100,1,0,0,0,0
2541,2542,Blessed Benefit,2017,,47/100,1,0,0,0,0
2542,2543,Katt Williams: Kattpacalypse,2012,18+,47/100,1,0,0,0,0
2543,2544,Rangreza,2017,,47/100,1,0,0,0,0
2544,2545,Danur,2017,,47/100,1,0,0,0,0
2545,2546,Naan Sigappu Manithan,2014,,47/100,1,0,0,0,0
2546,2547,Hikaru Utada Laughter in the Dark Tour 2018,2019,all,47/100,1,0,0,0,0
2547,2548,Dogwashers,2020,,47/100,1,0,0,0,0
2548,2549,A Remarkable Tale,2019,7+,47/100,1,0,0,0,0
2549,2550,#FriendButMarried,2018,,47/100,1,0,0,0,0
2550,2551,Players,2012,,47/100,1,0,0,0,0
2551,2552,Unbridled,2018,13+,47/100,1,0,0,0,0
2552,2553,Jo Pil-ho: The Dawning Rage,2019,,47/100,1,0,0,0,0
2553,2554,The Reconquest,2016,,47/100,1,0,0,0,0
2554,2555,Stars in the Sky: A Hunting Story,2018,,47/100,1,0,0,0,0
2555,2556,Before the Flying Circus,2008,,47/100,1,0,0,0,0
2556,2557,Forever Chape,2018,,47/100,1,0,0,0,0
2557,2558,Blanche Gardin: I Talk to Myself,2017,,47/100,1,0,0,0,0
2558,2559,Malibu Rescue,2019,,47/100,1,0,0,0,0
2559,2560,Malibu Rescue: The Next Wave,2020,,47/100,1,0,0,0,0
2560,2561,The Binding,2020,,47/100,1,0,0,0,0
2561,2562,Justine,2019,18+,47/100,1,0,0,0,0
2562,2563,Brother,2019,,47/100,1,0,0,0,0
2563,2564,Notes from Dunblane: Lessons from a School Shooting,2018,,47/100,1,0,0,0,0
2564,2565,Walk Away from Love,2017,,47/100,1,0,0,0,0
2565,2566,Elizabeth and Margaret: Love and Loyalty,2020,,47/100,1,0,0,0,0
2566,2567,Lavell Crawford: Can a Brother Get Some Love?,2011,18+,47/100,1,0,0,0,0
2567,2568,Animals on the Loose: A You vs. Wild Movie,2021,,47/100,1,0,0,0,0
2568,2569,Sparring,2017,,47/100,1,0,0,0,0
2569,2570,Journey To Greenland,2016,,47/100,1,0,0,0,0
2570,2571,The Heaven None Missed 2,2017,,47/100,1,0,0,0,0
2571,2572,LEGO Marvel Super Heroes: Maximum Overload,2013,7+,47/100,1,0,0,0,0
2572,2573,Four Sisters Before the Wedding,2020,,47/100,1,0,0,0,0
2573,2574,The Larva Island Movie,2020,,47/100,1,0,0,0,0
2574,2575,Whindersson Nunes: Adult,2019,,47/100,1,0,0,0,0
2575,2576,The Fisherman's Diary,2020,,46/100,1,0,0,0,0
2576,2577,Best of Stand-up 2020,2020,,46/100,1,0,0,0,0
2577,2578,Tell Me When,2020,,46/100,1,0,0,0,0
2578,2579,Sofía Niño de Rivera: Natural Selection,2018,18+,46/100,1,0,0,0,0
2579,2580,Not a Game,2020,,46/100,1,0,0,0,0
2580,2581,Maya Memsaab,1993,13+,46/100,1,0,0,0,0
2581,2582,Buddies,2013,,46/100,1,0,0,0,0
2582,2583,Crossroads: One Two Jaga,2018,,46/100,1,0,0,0,0
2583,2584,Goli Soda 2,2018,,46/100,1,0,0,0,0
2584,2585,Santa Girl,2019,,46/100,1,0,0,0,0
2585,2586,The Kite,2003,,46/100,1,0,0,0,0
2586,2587,"Alexandria, Again and Forever",1989,,46/100,1,0,0,0,0
2587,2588,So My Grandma's a Lesbian!,2020,18+,46/100,1,0,0,0,0
2588,2589,Mercenary,2016,,46/100,1,0,0,0,0
2589,2590,Ascharya Fuck It,2018,,46/100,1,0,0,0,0
2590,2591,Komola Rocket,2018,,46/100,1,0,0,0,0
2591,2592,Manusangada,2018,,46/100,1,0,0,0,0
2592,2593,Benchwarmers 2: Breaking Balls,2019,13+,46/100,1,0,0,0,0
2593,2594,Breaking the Bank,2016,,46/100,1,0,0,0,0
2594,2595,Love for Sale 2,2019,,46/100,1,0,0,0,0
2595,2596,The Tenth Man,2016,,46/100,1,0,0,0,0
2596,2597,"Ram Dass, Going Home",2017,13+,46/100,1,0,0,0,0
2597,2598,Bomb Scared,2017,,46/100,1,0,0,0,0
2598,2599,Dedemin Fişi,2016,7+,46/100,1,0,0,0,0
2599,2600,Romance Doll,2020,,46/100,1,0,0,0,0
2600,2601,Frank & Cindy,2007,,46/100,1,0,0,0,0
2601,2602,Lifeline,1997,16+,46/100,1,0,0,0,0
2602,2603,Bombay Rose,2019,13+,46/100,1,0,0,0,0
2603,2604,One More Try,2012,16+,46/100,1,0,0,0,0
2604,2605,Uncertain Glory,2017,,46/100,1,0,0,0,0
2605,2606,Cinderella Pop,2019,,46/100,1,0,0,0,0
2606,2607,Vikruthi,2019,,46/100,1,0,0,0,0
2607,2608,The Influence,2019,18+,46/100,1,0,0,0,0
2608,2609,LEGO Marvel Spider-Man: Vexed By Venom,2019,7+,46/100,1,0,0,0,0
2609,2610,Bill Hicks: Reflections,2015,,46/100,1,0,0,0,0
2610,2611,Fida,2004,,46/100,1,0,0,0,0
2611,2612,The Plane Tree,2011,13+,46/100,1,0,0,0,0
2612,2613,The World We Make,2019,7+,46/100,1,0,0,0,0
2613,2614,Octonauts: The Ring of Fire,2021,all,46/100,1,0,0,0,0
2614,2615,Sigaram Thodu,2014,,46/100,1,0,0,0,0
2615,2616,Break Ke Baad,2010,,46/100,1,0,0,0,0
2616,2617,Lucas Brothers: On Drugs,2017,,46/100,1,0,0,0,0
2617,2618,Going for Gold,2018,all,46/100,1,0,0,0,0
2618,2619,Sardar Ka Grandson,2021,,46/100,1,0,0,0,0
2619,2620,Light of My Eyes,2010,13+,46/100,1,0,0,0,0
2620,2621,Honeymoon Travels Pvt. Ltd.,2007,13+,46/100,1,0,0,0,0
2621,2622,The Day of the Lord,2020,,46/100,1,0,0,0,0
2622,2623,Kiss of Life,2015,all,46/100,1,0,0,0,0
2623,2624,Cristela Alonzo: Lower Classy,2017,18+,46/100,1,0,0,0,0
2624,2625,The Other,1999,,46/100,1,0,0,0,0
2625,2626,Shimla Mirchi,2020,,46/100,1,0,0,0,0
2626,2627,June & Kopi,2021,,46/100,1,0,0,0,0
2627,2628,Puriyaatha Puthir,2017,,46/100,1,0,0,0,0
2628,2629,A 3 Minute Hug,2018,,46/100,1,0,0,0,0
2629,2630,Mo Gilligan: Momentum,2019,,46/100,1,0,0,0,0
2630,2631,Deliha,2014,13+,46/100,1,0,0,0,0
2631,2632,Full Count,2019,,46/100,1,0,0,0,0
2632,2633,The Bare-Footed Kid,1993,18+,46/100,1,0,0,0,0
2633,2634,Strange Voices,1987,,46/100,1,0,0,0,0
2634,2635,Dragons: Rescue Riders: Secrets of the Songwing,2020,all,46/100,1,0,0,0,0
2635,2636,Gun City,2018,,46/100,1,0,0,0,0
2636,2637,Patria,2019,18+,46/100,1,0,0,0,0
2637,2638,The 3rd Eye,2017,18+,46/100,1,0,0,0,0
2638,2639,Fatal Affair,2020,16+,46/100,1,0,0,0,0
2639,2640,Born Beautiful,2019,,46/100,1,0,0,0,0
2640,2641,One in a Billion,2016,,46/100,1,0,0,0,0
2641,2642,Earth and Blood,2020,18+,46/100,1,0,0,0,0
2642,2643,BNK48: Girls Don't Cry,2018,,46/100,1,0,0,0,0
2643,2644,Strain,2021,,46/100,1,0,0,0,0
2644,2645,Gatao 2: Rise of the King,2018,,46/100,1,0,0,0,0
2645,2646,The Student Cop,2004,,46/100,1,0,0,0,0
2646,2647,Emicida: AmarElo – Live in São Paulo,2021,,46/100,1,0,0,0,0
2647,2648,The Letter Reader,2019,,46/100,1,0,0,0,0
2648,2649,Hello Brother,1999,,46/100,1,0,0,0,0
2649,2650,Mustang Island,2017,,46/100,1,0,0,0,0
2650,2651,Loving You,1995,16+,46/100,1,0,0,0,0
2651,2652,Weeds on Fire,2016,,46/100,1,0,0,0,0
2652,2653,Perú: Tesoro Escondido,2017,,46/100,1,0,0,0,0
2653,2654,Seth Rogen's Hilarity for Charity,2018,18+,46/100,1,0,0,0,0
2654,2655,Alelí,2019,18+,46/100,1,0,0,0,0
2655,2656,Manoranjan,1974,,46/100,1,0,0,0,0
2656,2657,Abdullah : The Final Witness,2016,,46/100,1,0,0,0,0
2657,2658,The Panti Sisters,2019,13+,46/100,1,0,0,0,0
2658,2659,Forgive Us Our Debts,2018,18+,46/100,1,0,0,0,0
2659,2660,Mukhsin,2006,,46/100,1,0,0,0,0
2660,2661,How High 2,2019,,46/100,1,0,0,0,0
2661,2662,True: Grabbleapple Harvest,2019,all,46/100,1,0,0,0,0
2662,2663,My Own Man,2014,16+,46/100,1,0,0,0,0
2663,2664,God Calling,2018,,46/100,1,0,0,0,0
2664,2665,Sol Levante,2020,,46/100,1,0,0,0,0
2665,2666,A Very Special Love,2008,7+,46/100,1,0,0,0,0
2666,2667,Good Sam,2019,7+,46/100,1,0,0,0,0
2667,2668,#cats_the_mewvie,2020,16+,46/100,1,0,0,0,0
2668,2669,Offline: Are You Ready for the Next Level?,2016,,46/100,1,0,0,0,0
2669,2670,The Violin Player,2016,,46/100,1,0,0,0,0
2670,2671,Tim Allen: Men Are Pigs,1990,,46/100,1,0,0,0,0
2671,2672,My Little Pony: Equestria Girls - Rollercoaster of Friendship,2018,all,46/100,1,0,0,0,0
2672,2673,Oct-01,2014,,46/100,1,0,0,0,0
2673,2674,Léa & I,2019,,46/100,1,0,0,0,0
2674,2675,You Are My Home,2020,,46/100,1,0,0,0,0
2675,2676,The Knight & The Princess,2020,,46/100,1,0,0,0,0
2676,2677,A Chaster Marriage,2016,13+,46/100,1,0,0,0,0
2677,2678,Munafik 2,2018,,46/100,1,0,0,0,0
2678,2679,Parchís: The Documentary,2019,,46/100,1,0,0,0,0
2679,2680,The Last Days of American Crime,2020,18+,46/100,1,0,0,0,0
2680,2681,Hawaizaada,2015,7+,46/100,1,0,0,0,0
2681,2682,The Doll 2,2017,,46/100,1,0,0,0,0
2682,2683,JFK: The Making of a President,2017,,46/100,1,0,0,0,0
2683,2684,All the Freckles in the World,2019,16+,46/100,1,0,0,0,0
2684,2685,Jagat,2015,,46/100,1,0,0,0,0
2685,2686,3 Türken und ein Baby,2015,,46/100,1,0,0,0,0
2686,2687,I'm Leaving Now,2019,18+,46/100,1,0,0,0,0
2687,2688,Fuga,2006,,46/100,1,0,0,0,0
2688,2689,Mike Epps: Only One Mike,2019,16+,46/100,1,0,0,0,0
2689,2690,Heroes Wanted,2016,,46/100,1,0,0,0,0
2690,2691,Kambili: The Whole 30 Yards,2021,,46/100,1,0,0,0,0
2691,2692,D.L. Hughley: Contrarian,2018,,46/100,1,0,0,0,0
2692,2693,Two Champions of Shaolin,1980,18+,46/100,1,0,0,0,0
2693,2694,Def Comedy Jam 25,2017,,46/100,1,0,0,0,0
2694,2695,A Tale of Two Kitchens,2019,,46/100,1,0,0,0,0
2695,2696,Tarung Sarung,2020,16+,46/100,1,0,0,0,0
2696,2697,All About Asado,2016,,46/100,1,0,0,0,0
2697,2698,The Russian Revloution,2017,16+,45/100,1,0,0,0,0
2698,2699,Bbuddah Hoga Terra Baap,2011,13+,45/100,1,0,0,0,0
2699,2700,Pickpockets,2018,,45/100,1,0,0,0,0
2700,2701,Michael Lost and Found,2017,,45/100,1,0,0,0,0
2701,2702,Adam: His Song Continues,1986,,45/100,1,0,0,0,0
2702,2703,A Fairly Odd Summer,2014,all,45/100,1,1,0,0,0
2703,2704,Wheels of Fortune,2020,18+,45/100,1,0,0,0,0
2704,2705,Boi,2019,18+,45/100,1,0,0,0,0
2705,2706,The Girl and The Gun,2019,,45/100,1,0,0,0,0
2706,2707,ReMastered: Who Killed Jam Master Jay?,2018,,45/100,1,0,0,0,0
2707,2708,Casino Tycoon,1992,,45/100,1,0,1,0,0
2708,2709,Born Racer,2018,18+,45/100,1,0,0,0,0
2709,2710,Out of Life,1991,,45/100,1,0,0,0,0
2710,2711,Finally Found Someone,2017,,45/100,1,0,0,0,0
2711,2712,Resurface,2017,,45/100,1,0,0,0,0
2712,2713,14 Minutes from Earth,2016,,45/100,1,0,0,0,0
2713,2714,I Am Vengeance: Retaliation,2020,18+,45/100,1,0,0,0,0
2714,2715,Halkaa,2018,,45/100,1,0,0,0,0
2715,2716,Ungli,2014,13+,45/100,1,0,0,0,0
2716,2717,MindGamers,2015,18+,45/100,1,0,0,0,0
2717,2718,Thiago Ventura: POKAS,2020,18+,45/100,1,0,0,0,0
2718,2719,Catching Feelings,2017,18+,45/100,1,0,0,0,0
2719,2720,Minnaminungu The Firefly,2017,,45/100,1,0,0,0,0
2720,2721,American Woman,2019,,45/100,1,0,0,0,0
2721,2722,Aashik Aawara,1993,,45/100,1,0,0,0,0
2722,2723,Therapy,2021,,45/100,1,0,0,0,0
2723,2724,Time Out,2015,,45/100,1,0,0,0,0
2724,2725,Madam Chief Minister,2021,,45/100,1,0,0,0,0
2725,2726,A Trash Truck Christmas,2020,,45/100,1,0,0,0,0
2726,2727,Fasel Wa Naoud,2011,,45/100,1,0,0,0,0
2727,2728,Handsome: A Netflix Mystery Movie,2017,16+,45/100,1,0,0,0,0
2728,2729,Hope Frozen: A Quest to Live Twice,2019,,45/100,1,0,0,0,0
2729,2730,48 Christmas Wishes,2017,all,45/100,1,0,0,0,0
2730,2731,It Takes a Lunatic,2019,,45/100,1,0,0,0,0
2731,2732,Tersanjung the Movie,2021,,45/100,1,0,0,0,0
2732,2733,Sakaling Maging Tayo,2019,,45/100,1,0,0,0,0
2733,2734,SDU: Sex Duties Unit,2013,,45/100,1,0,0,0,0
2734,2735,Leyla Everlasting,2020,18+,45/100,1,0,0,0,0
2735,2736,Eggnoid,2019,,45/100,1,0,0,0,0
2736,2737,Amy Schumer: The Leather Special,2017,18+,45/100,1,0,0,0,0
2737,2738,A Mighty Team,2016,,45/100,1,0,0,0,0
2738,2739,Thank You,2011,,45/100,1,0,0,0,0
2739,2740,Hostage House,2021,,45/100,1,0,0,0,0
2740,2741,Up Among the Stars,2018,,45/100,1,0,0,0,0
2741,2742,Shaandaar,2015,13+,45/100,1,0,0,0,0
2742,2743,The Little Switzerland,2019,13+,45/100,1,0,0,0,0
2743,2744,Misfit,2017,,45/100,1,0,0,0,0
2744,2745,Afonso Padilha: Classless,2020,,45/100,1,0,0,0,0
2745,2746,Suzzanna: Buried Alive,2018,,45/100,1,0,0,0,0
2746,2747,Si Doel the Movie,2018,,45/100,1,0,0,0,0
2747,2748,Across Grace Alley,2013,all,45/100,1,0,0,0,0
2748,2749,Lola Igna,2019,,45/100,1,0,0,0,0
2749,2750,Fierce,2020,,45/100,1,0,0,0,0
2750,2751,Dragons: Rescue Riders: Hunt for the Golden Dragon,2020,all,45/100,1,0,0,0,0
2751,2752,The Last Kids on Earth: Happy Apocalypse to You,2021,18+,45/100,1,0,0,0,0
2752,2753,Beauty and the Bestie,2015,16+,45/100,1,0,0,0,0
2753,2754,15-Aug,2019,,45/100,1,0,0,0,0
2754,2755,Milea,2020,,45/100,1,0,0,0,0
2755,2756,Scarecrow,2019,,45/100,1,0,0,0,0
2756,2757,Geez & Ann,2021,16+,45/100,1,0,0,0,0
2757,2758,Whispers,1980,,45/100,1,0,0,0,0
2758,2759,Ghanchakkar,2013,7+,45/100,1,0,0,0,0
2759,2760,Listen,2017,,45/100,1,0,0,0,0
2760,2761,Aagey Se Right,2009,all,45/100,1,0,0,0,0
2761,2762,Dr Jason Leong: Hashtag Blessed,2020,,45/100,1,0,0,0,0
2762,2763,Between Maybes,2019,,45/100,1,0,0,0,0
2763,2764,Naughty Jatts,2013,all,45/100,1,0,0,0,0
2764,2765,Five Nights in Maine,2016,,45/100,1,0,0,0,0
2765,2766,"To Each, Her Own",2018,18+,45/100,1,0,0,0,0
2766,2767,Two Catalonias,2018,,45/100,1,0,0,0,0
2767,2768,Felix Lobrecht: Hype,2020,,45/100,1,0,0,0,0
2768,2769,Nacido en Siria,2016,,45/100,1,0,0,0,0
2769,2770,Question Mark,2011,,45/100,1,0,0,0,0
2770,2771,Malaal,2019,,45/100,1,0,0,0,0
2771,2772,Countdown to Death: Pablo Escobar,2017,,45/100,1,0,0,0,0
2772,2773,Women of Mafia 2,2019,18+,45/100,1,0,0,0,0
2773,2774,Düğüm Salonu,2018,all,45/100,1,0,0,0,0
2774,2775,Love Like the Falling Rain,2020,,45/100,1,0,0,0,0
2775,2776,Amrapali,1966,,44/100,1,0,0,0,0
2776,2777,Judge Singh LLB,2015,all,44/100,1,0,0,0,0
2777,2778,BlackRose,2018,,44/100,1,0,0,0,0
2778,2779,The (Silent) War,2019,18+,44/100,1,0,0,0,0
2779,2780,Paranormal Investigation,2018,,44/100,1,0,0,0,0
2780,2781,Theeya Velai Seiyyanum Kumaru,2013,,44/100,1,0,0,0,0
2781,2782,Garfield's Fun Fest,2008,7+,44/100,1,0,0,0,0
2782,2783,Bhangra Paa Le,2020,,44/100,1,0,0,0,0
2783,2784,Asees,2018,,44/100,1,0,0,0,0
2784,2785,Christmas Crossfire,2020,,44/100,1,0,0,0,0
2785,2786,Cook Off,2017,18+,44/100,1,0,0,0,0
2786,2787,Upstarts,2019,,44/100,1,0,0,0,0
2787,2788,Wannabe Courageous,2019,,44/100,1,0,0,0,0
2788,2789,My Stupid Boss 2,2019,,44/100,1,0,0,0,0
2789,2790,Poster Boys,2017,13+,44/100,1,0,0,0,0
2790,2791,Madness in the Desert: The Paris to Dakar Story,2013,,44/100,1,0,0,0,0
2791,2792,Öldür Beni Sevgilim,2019,,44/100,1,0,0,0,0
2792,2793,The Heartbreak Club,2021,16+,44/100,1,0,0,0,0
2793,2794,Verses of Love 2,2017,,44/100,1,0,0,0,0
2794,2795,Take the 10,2017,,44/100,1,0,0,0,0
2795,2796,Manmadhudu 2,2019,,44/100,1,0,0,0,0
2796,2797,Rainbow Jelly,2018,,44/100,1,0,0,0,0
2797,2798,Wyatt Cenac: Brooklyn,2014,,44/100,1,0,0,0,0
2798,2799,Into the Beat,2020,,44/100,1,0,0,0,0
2799,2800,The Bros,2017,,44/100,1,0,0,0,0
2800,2801,Lembi 8 Giga,2010,,44/100,1,0,0,0,0
2801,2802,Santana,2020,,44/100,1,0,0,0,0
2802,2803,The Road to El Camino: Behind the Scenes of El Camino: A Breaking Bad Movie,2019,13+,44/100,1,0,0,0,0
2803,2804,El Dealer,2010,,44/100,1,0,0,0,0
2804,2805,Jezebel,2020,,44/100,1,0,0,0,0
2805,2806,Tootsies & The Fake,2019,,44/100,1,0,0,0,0
2806,2807,True: Tricky Treat Day,2019,,44/100,1,0,0,0,0
2807,2808,A StoryBots Christmas,2017,,44/100,1,0,0,0,0
2808,2809,Lee Su-geun: The Sense Coach,2021,,44/100,1,0,0,0,0
2809,2810,Thottappan,2019,,44/100,1,0,0,0,0
2810,2811,Heirs,2015,,44/100,1,0,0,0,0
2811,2812,Urzila Carlson: Overqualified Loser,2020,,44/100,1,0,0,0,0
2812,2813,Sam Kinison: Family Entertainment Hour,1991,,44/100,1,0,0,0,0
2813,2814,Too Young The Hero,1988,,44/100,1,0,0,0,0
2814,2815,Chashme Baddoor,2013,,44/100,1,0,0,0,0
2815,2816,Soy Rada: Serendipia,2021,,44/100,1,0,0,0,0
2816,2817,Shanghai Fortress,2019,,44/100,1,0,0,0,0
2817,2818,Andaleeb El Dokki,2008,,44/100,1,0,0,0,0
2818,2819,Vettai,2012,,44/100,1,0,0,0,0
2819,2820,The Claudia Kishi Club,2020,,44/100,1,0,0,0,0
2820,2821,Welcome Mr. President!,2013,,44/100,1,0,0,0,0
2821,2822,Chris Rock Total Blackout: The Tamborine Extended Cut,2021,,44/100,1,0,0,0,0
2822,2823,Bibi & Tina: Bewildered and Bewitched,2014,,44/100,1,0,0,0,0
2823,2824,Sugar High,2020,all,44/100,1,0,0,0,0
2824,2825,Los Tigres del Norte at Folsom Prison,2019,,44/100,1,0,0,0,0
2825,2826,A Family Reunion Christmas,2019,,44/100,1,0,0,0,0
2826,2827,Franco Escamilla: bienvenido al mundo,2019,18+,44/100,1,0,0,0,0
2827,2828,Resort to Love,2021,,44/100,1,0,0,0,0
2828,2829,Larry The Cable Guy: Remain Seated,2020,18+,44/100,1,0,0,0,0
2829,2830,Rooting for Roona,2020,,44/100,1,0,0,0,0
2830,2831,My Step Dad: The Hippie,2018,,44/100,1,0,0,0,0
2831,2832,Gatao: The Last Stray,2021,,44/100,1,0,0,0,0
2832,2833,Mugamoodi,2012,,44/100,1,0,0,0,0
2833,2834,Clash,2021,,44/100,1,0,0,0,0
2834,2835,You've Got This,2020,,44/100,1,0,0,0,0
2835,2836,I Love You - A Divorce Comedy,2016,,44/100,1,0,0,0,0
2836,2837,Todo lo que sería Lucas Lauriente,2018,,44/100,1,0,0,0,0
2837,2838,The Day I Lost My Shadow,2018,,44/100,1,0,0,0,0
2838,2839,Rafinha Bastos: Ultimatum,2018,18+,44/100,1,0,0,0,0
2839,2840,Kalushi,2017,,44/100,1,0,0,0,0
2840,2841,Mutiny of the Worker Bees,2020,18+,44/100,1,0,0,0,0
2841,2842,Krishna and His Leela,2020,,44/100,1,0,0,0,0
2842,2843,Evening Shadows,2018,,44/100,1,0,0,0,0
2843,2844,Fantastica,2018,all,44/100,1,0,0,0,0
2844,2845,Vir Das: Abroad Understanding,2017,18+,44/100,1,0,0,0,0
2845,2846,Mere Pyare Prime Minister,2019,,44/100,1,0,0,0,0
2846,2847,Deliha 2,2018,all,44/100,1,0,0,0,0
2847,2848,Chupan Chupai,2018,,44/100,1,0,0,0,0
2848,2849,Main Aurr Mrs Khanna,2009,,44/100,1,0,0,0,0
2849,2850,SunGanges,2019,,44/100,1,0,0,0,0
2850,2851,Vir Das: Outside in - The Lockdown Special,2020,,44/100,1,0,0,0,0
2851,2852,One Lagos Night,2021,,44/100,1,0,0,0,0
2852,2853,Stretch Armstrong: The Breakout,2018,,44/100,1,0,0,0,0
2853,2854,Bibi & Tina: Girls vs. Boys,2016,,44/100,1,0,0,0,0
2854,2855,Hazel Brugger: Tropical,2020,,44/100,1,0,0,0,0
2855,2856,Kiss and Cry,2017,13+,44/100,1,0,0,0,0
2856,2857,The Rope Curse 2,2020,,44/100,1,0,0,0,0
2857,2858,Amandla! A Revolution in Four-Part Harmony,2002,13+,44/100,1,0,0,0,0
2858,2859,Elaan,1971,,44/100,1,0,0,0,0
2859,2860,Coffee for All,2017,,44/100,1,0,0,0,0
2860,2861,Hometown Holiday,2018,7+,44/100,1,0,0,0,0
2861,2862,The Massively Mixed-Up Middle School Mystery,2015,all,44/100,1,0,0,0,0
2862,2863,Salaakhen,1975,,44/100,1,0,0,0,0
2863,2864,Bypass Road,2019,,44/100,1,0,0,0,0
2864,2865,Sisterakas,2012,,44/100,1,0,0,0,0
2865,2866,Un + une,2015,,44/100,1,0,0,0,0
2866,2867,Rogue Warfare,2019,18+,44/100,1,0,0,0,0
2867,2868,From Stress To Happiness,2020,,44/100,1,0,0,0,0
2868,2869,Spookley the Square Pumpkin,2004,all,44/100,1,0,0,0,0
2869,2870,Nila,2016,,44/100,1,0,0,0,0
2870,2871,Story of Kale: When Someone's in Love,2020,18+,44/100,1,0,0,0,0
2871,2872,Dark Waters,1956,,44/100,1,0,0,0,0
2872,2873,Holly Star,2018,7+,44/100,1,0,0,0,0
2873,2874,West Coast,2015,,44/100,1,0,0,0,0
2874,2875,The Insomnia Club,2018,13+,44/100,1,0,0,0,0
2875,2876,First Love,2018,,44/100,1,0,1,0,0
2876,2877,Saudi Arabia Uncovered,2016,,44/100,1,0,0,0,0
2877,2878,Willy and the Guardians of the Lake,2018,,44/100,1,0,0,0,0
2878,2879,Prince,1969,,44/100,1,0,0,0,0
2879,2880,Girl's Revenge,2020,,44/100,1,0,0,0,0
2880,2881,Arctic Heart,2016,16+,44/100,1,0,0,0,0
2881,2882,Garfield Gets Real,2007,all,44/100,1,0,0,0,0
2882,2883,El club de los buenos infieles,2018,,43/100,1,0,0,0,0
2883,2884,Felipe Esparza: They're Not Gonna Laugh At You,2012,,43/100,1,0,0,0,0
2884,2885,This Is the Life,2008,,43/100,1,0,0,0,0
2885,2886,Omar & Salma 2,2009,,43/100,1,0,0,0,0
2886,2887,Oversize Cops,2017,,43/100,1,0,0,0,0
2887,2888,French Toast,2015,,43/100,1,0,0,0,0
2888,2889,Mohamed Hussein,2019,,43/100,1,0,0,0,0
2889,2890,Little Miss Sumo,2018,,43/100,1,0,0,0,0
2890,2891,Ma Rainey's Black Bottom: A Legacy Brought to Screen,2020,7+,43/100,1,0,0,0,0
2891,2892,Pedal the World,2014,,43/100,1,0,0,0,0
2892,2893,Pretty Little Stalker,2018,16+,43/100,1,0,0,0,0
2893,2894,Tum Milo Toh Sahi,2010,,43/100,1,0,0,0,0
2894,2895,Andre and His Olive Tree,2020,,43/100,1,0,0,0,0
2895,2896,A Triumph of the Heart: The Ricky Bell Story,1991,,43/100,1,0,0,0,0
2896,2897,D.L. Hughley: Clear,2014,,43/100,1,0,1,0,0
2897,2898,Mundina Nildana,2019,,43/100,1,0,0,0,0
2898,2899,Katti Batti,2015,,43/100,1,0,0,0,0
2899,2900,Souk Bazaar,2015,7+,43/100,1,0,0,0,0
2900,2901,Wira,2019,,43/100,1,0,0,0,0
2901,2902,Deadcon,2019,,43/100,1,0,0,0,0
2902,2903,Edge of Fear,2018,18+,43/100,1,0,0,0,0
2903,2904,The Spooky Tale of Captain Underpants Hack-a-ween,2019,,43/100,1,0,0,0,0
2904,2905,Living in Bondage: Breaking Free,2019,,43/100,1,0,0,0,0
2905,2906,Saye Bahr,2004,,43/100,1,0,0,0,0
2906,2907,Jai Mummy Di,2020,,43/100,1,0,0,0,0
2907,2908,Monster Run,2020,,43/100,1,0,0,0,0
2908,2909,Malena Pichot: Estupidez compleja,2018,,43/100,1,0,0,0,0
2909,2910,Adel Karam: Live from Beirut,2018,18+,43/100,1,0,0,0,0
2910,2911,Bigflo & Oli: Hip Hop Frenzy,2020,,43/100,1,0,0,0,0
2911,2912,X: Past Is Present,2015,13+,43/100,1,0,0,0,0
2912,2913,U-Turn,2020,,43/100,1,0,0,0,0
2913,2914,Fanatyk,2017,,43/100,1,0,0,0,0
2914,2915,Sethum Aayiram Pon,2019,all,43/100,1,0,0,0,0
2915,2916,Alejandro Sanz: What I Was Is What I Am,2018,,43/100,1,0,0,0,0
2916,2917,Pandigai,2017,,43/100,1,0,1,0,0
2917,2918,Rabun,2003,,43/100,1,0,0,0,0
2918,2919,Super Monsters: Once Upon a Rhyme,2021,,43/100,1,0,0,0,0
2919,2920,Alien Warfare,2019,,43/100,1,0,0,0,0
2920,2921,Spirit Riding Free: Spirit of Christmas,2019,7+,43/100,1,0,0,0,0
2921,2922,Mayurakshi,2017,,43/100,1,0,0,0,0
2922,2923,A Choo,2020,,43/100,1,0,0,0,0
2923,2924,The Lost Okoroshi,2020,,43/100,1,0,0,0,0
2924,2925,No Place Like Home,2019,16+,43/100,1,0,0,0,0
2925,2926,KL Zombie,2013,,43/100,1,0,0,0,0
2926,2927,Alaska Is a Drag,2012,,43/100,1,0,0,0,0
2927,2928,Chhota Bheem - Neeli Pahaadi,2021,,43/100,1,0,0,0,0
2928,2929,Camellia Sisters,2020,,43/100,1,0,0,0,0
2929,2930,Casino Tycoon II,1992,,43/100,1,0,0,0,0
2930,2931,"Rob Schneider: Asian Momma, Mexican Kids",2020,18+,43/100,1,0,0,0,0
2931,2932,Zulu Man in Japan,2020,,43/100,1,0,0,0,0
2932,2933,The Match,2020,,43/100,1,0,0,0,0
2933,2934,Miranda Sings Live... Your Welcome.,2019,,43/100,1,0,0,0,0
2934,2935,The Third Party,2016,,43/100,1,0,0,0,0
2935,2936,Monster Island,2017,7+,43/100,1,0,0,0,0
2936,2937,Yaar Gaddar,1994,,43/100,1,0,0,0,0
2937,2938,Fary Is the New Black,2018,18+,43/100,1,0,0,0,0
2938,2939,Autumn,2010,,43/100,1,0,0,0,0
2939,2940,Shubh Aarambh,2017,,43/100,1,0,0,0,0
2940,2941,The Misadventures of Hedi and Cokeman,2021,,43/100,1,0,0,0,0
2941,2942,Tuesdays And Fridays,2021,,43/100,1,0,0,0,0
2942,2943,Ralphie May: Unruly,2015,,43/100,1,0,0,0,0
2943,2944,Indoo Ki Jawani,2020,,43/100,1,0,0,0,0
2944,2945,The Truth About Alcohol,2016,,43/100,1,0,0,0,0
2945,2946,Chhota Bheem Aur Krishna,2008,all,43/100,1,0,0,0,0
2946,2947,Katherine Ryan: Glitter Room,2019,,43/100,1,0,0,0,0
2947,2948,Mo Amer: The Vagabond,2018,18+,43/100,1,0,0,0,0
2948,2949,Revenge of the Pontianak,2019,,43/100,1,0,0,0,0
2949,2950,Me or My Aunt,2005,7+,43/100,1,0,0,0,0
2950,2951,Hospital,2020,,43/100,1,0,0,0,0
2951,2952,A Home with a View,2019,,43/100,1,0,0,0,0
2952,2953,A Stoning in Fulham County,1988,,43/100,1,0,0,0,0
2953,2954,Holiday on Mars,2020,,43/100,1,0,0,0,0
2954,2955,Undercover Brother 2,2019,18+,43/100,1,0,0,0,0
2955,2956,My Wife & I,2017,,43/100,1,0,0,0,0
2956,2957,Brad Paisley's Comedy Rodeo,2017,,43/100,1,0,0,0,0
2957,2958,Deviant Love,2019,16+,43/100,1,0,0,0,0
2958,2959,Couples Counseling,2016,,43/100,1,0,0,0,0
2959,2960,Illegal Woman,2020,,43/100,1,0,0,0,0
2960,2961,Generation Iron 3,2018,,43/100,1,0,0,0,0
2961,2962,The Royal Hibiscus Hotel,2018,7+,43/100,1,0,0,0,0
2962,2963,For the Broken Hearted,2018,,43/100,1,0,0,0,0
2963,2964,Poshter Girl,2016,,43/100,1,0,0,0,0
2964,2965,Mommy Issues,2021,,43/100,1,0,0,0,0
2965,2966,Bridget Christie: Stand Up For Her,2016,,43/100,1,0,0,0,0
2966,2967,Enter the Anime,2019,,43/100,1,0,0,0,0
2967,2968,"Out of Many, One",2018,,43/100,1,0,0,0,0
2968,2969,Set Off,2008,,43/100,1,0,0,0,0
2969,2970,Octonauts and the Caves of Sac Actun,2020,,43/100,1,0,0,0,0
2970,2971,Mission Kathmandu: The Adventures of Nelly & Simon,2017,,43/100,1,0,0,0,0
2971,2972,Sayed The Servant,1985,,43/100,1,0,0,0,0
2972,2973,Rogue Warfare: Death of a Nation,2020,18+,43/100,1,0,0,0,0
2973,2974,Shabd,2005,,43/100,1,0,0,0,0
2974,2975,Break Up 100,2014,,43/100,1,0,0,0,0
2975,2976,Liefling Die Movie,2010,,43/100,1,0,0,0,0
2976,2977,Loyiso Gola: Unlearning,2021,16+,43/100,1,0,0,0,0
2977,2978,Tita Rahiba,2012,,43/100,1,0,0,0,0
2978,2979,The Body,2019,,42/100,1,0,0,0,0
2979,2980,III Smoking Barrels,2017,,42/100,1,0,0,0,0
2980,2981,Music Teacher,2018,,42/100,1,0,0,0,0
2981,2982,Firebrand,2019,,42/100,1,0,0,0,0
2982,2983,Stray Bullet,2011,,42/100,1,0,0,0,0
2983,2984,Òlòtūré,2019,,42/100,1,0,0,0,0
2984,2985,Sylvia,2018,16+,42/100,1,0,0,0,0
2985,2986,Dhh,2018,,42/100,1,0,0,0,0
2986,2987,True: Happy Hearts Day,2019,all,42/100,1,0,0,0,0
2987,2988,Bibi & Tina,2014,,42/100,1,0,0,0,0
2988,2989,Guna 369,2019,,42/100,1,0,0,0,0
2989,2990,Fear Bay,2019,,42/100,1,0,0,0,0
2990,2991,Autohead,2016,,42/100,1,0,0,0,0
2991,2992,Street Flow,2019,18+,42/100,1,0,0,0,0
2992,2993,Boshkash,2008,,42/100,1,0,0,0,0
2993,2994,Islands of Faith,2020,,42/100,1,0,0,0,0
2994,2995,Gad Gone Wild,2017,,42/100,1,0,0,0,0
2995,2996,Isoken,2017,,42/100,1,0,0,0,0
2996,2997,Being Napoleon,2018,,42/100,1,0,0,0,0
2997,2998,Si Doel the Movie 2,2019,,42/100,1,0,0,0,0
2998,2999,Notes for My Son,2020,,42/100,1,0,0,0,0
2999,3000,Amelia: A Tale of Two Sisters,2017,,42/100,1,0,0,0,0
3000,3001,B. A. Pass 2,2017,,42/100,1,0,0,0,0
3001,3002,Ánima,2018,,42/100,1,0,0,0,0
3002,3003,All of You,2017,16+,42/100,1,0,0,0,0
3003,3004,Niyazi Gül Dörtnala,2015,7+,42/100,1,0,0,0,0
3004,3005,#Selfie,2014,,42/100,1,0,0,0,0
3005,3006,Horrid Henry's Gross Day Out,2020,,42/100,1,0,0,0,0
3006,3007,Albert Pinto Ko Gussa Kyun Aata Hai?,2019,,42/100,1,0,1,0,0
3007,3008,Jeff Garlin: Our Man in Chicago,2019,,42/100,1,0,0,0,0
3008,3009,"El Potro, lo mejor del amor",2018,,42/100,1,0,0,0,0
3009,3010,Whipped,2020,,42/100,1,0,0,0,0
3010,3011,The Wedding Shaman,2019,,42/100,1,0,0,0,0
3011,3012,Sur,2002,,42/100,1,0,0,0,0
3012,3013,Fatso!,2012,,42/100,1,0,0,0,0
3013,3014,Soul Thieves,2015,,42/100,1,0,0,0,0
3014,3015,Just in Time,2021,,42/100,1,0,0,0,0
3015,3016,In Defense of a Married Man,1990,,42/100,1,0,0,0,0
3016,3017,The Figurine,2009,13+,42/100,1,0,0,0,0
3017,3018,The Young Vagabond,1985,,42/100,1,0,0,0,0
3018,3019,The Super Parental Guardians,2016,,42/100,1,0,0,0,0
3019,3020,Mumbai Delhi Mumbai,2014,7+,42/100,1,0,0,0,0
3020,3021,Pyar Ke Do Pal,1986,,42/100,1,0,0,0,0
3021,3022,5 Star Christmas,2018,16+,42/100,1,0,0,0,0
3022,3023,"My Schoolmate, the Barbarian",2001,18+,42/100,1,0,0,0,0
3023,3024,Sebastián Marcelo Wainraich,2018,18+,42/100,1,0,0,0,0
3024,3025,Muzaffarnagar Baaqi Hai,2015,,42/100,1,0,0,0,0
3025,3026,Chippa,2020,,42/100,1,0,0,0,0
3026,3027,Agustín Aristarán: Soy Rada,2018,18+,42/100,1,0,0,0,0
3027,3028,Carlos Almaraz: Playing With Fire,2019,,42/100,1,0,0,0,0
3028,3029,Good Game: The Beginning,2018,13+,42/100,1,0,0,0,0
3029,3030,Kill Me Twice,2019,16+,42/100,1,0,0,0,0
3030,3031,Crazy Awesome Teachers,2020,,42/100,1,0,0,0,0
3031,3032,George Lopez: We'll Do It for Half,2020,18+,42/100,1,0,0,0,0
3032,3033,Octonauts and the Great Barrier Reef,2020,,42/100,1,0,0,0,0
3033,3034,Keeping the Bees,2019,,42/100,1,0,0,0,0
3034,3035,Ghost Patrol,2016,,42/100,1,0,0,0,0
3035,3036,Dany de Boon - Des Hauts-De-France,2017,18+,42/100,1,0,0,0,0
3036,3037,Zokkomon,2011,7+,42/100,1,0,0,0,0
3037,3038,Birders,2019,,42/100,1,0,0,0,0
3038,3039,The Bittersweet,2017,,42/100,1,0,0,0,0
3039,3040,The Reliant,2019,13+,42/100,1,0,0,0,0
3040,3041,Holy Goalie,2018,,42/100,1,0,0,0,0
3041,3042,Rakkhosh,2019,,42/100,1,0,0,0,0
3042,3043,Jack Whitehall: I'm Only Joking,2020,,42/100,1,0,0,0,0
3043,3044,Prince Charming,1984,,42/100,1,0,0,0,0
3044,3045,Voiceless,2020,,42/100,1,0,0,0,0
3045,3046,Son Of Adam,2018,,42/100,1,0,0,0,0
3046,3047,Three Words to Forever,2018,,42/100,1,0,0,0,0
3047,3048,Gina Yashere: Skinny B*tch,2008,,42/100,1,0,1,0,0
3048,3049,Black Is Beltza,2018,,42/100,1,0,0,0,0
3049,3050,Sommore: Chandelier Status,2013,,42/100,1,0,0,0,0
3050,3051,Before the Summer Crowds,2016,,42/100,1,0,0,0,0
3051,3052,The Wedding Party 2: Destination Dubai,2017,13+,42/100,1,0,0,0,0
3052,3053,Aalorukkam,2018,,42/100,1,0,0,0,0
3053,3054,Pup Star,2016,all,42/100,1,0,0,0,0
3054,3055,The School of Mischief,1973,,42/100,1,0,0,0,0
3055,3056,The Arbitration,2016,,42/100,1,0,0,0,0
3056,3057,Inkaar,2013,18+,42/100,1,0,0,0,0
3057,3058,Motor Mitraan Di,2016,all,42/100,1,0,0,0,0
3058,3059,Echcharikkai,2018,,42/100,1,0,0,0,0
3059,3060,HiGH&LOW: The Red Rain,2016,,42/100,1,0,0,0,0
3060,3061,Potato Potahto,2017,,42/100,1,0,0,0,0
3061,3062,Ayotzinapa: The Turtle's Pace,2018,,42/100,1,0,0,0,0
3062,3063,Dragons: Rescue Riders: Huttsgalor Holiday,2020,,42/100,1,0,0,0,0
3063,3064,100% Halal,2020,,42/100,1,0,0,0,0
3064,3065,Still Laugh-In: The Stars Celebrate,2019,,42/100,1,0,0,0,0
3065,3066,Spirit Riding Free: Ride Along Adventure,2020,,42/100,1,0,0,0,0
3066,3067,Osuofia in London,2003,,42/100,1,0,0,0,0
3067,3068,Lilli,2018,18+,42/100,1,0,0,0,0
3068,3069,Fishtronaut: The Movie,2018,all,41/100,1,0,0,0,0
3069,3070,Alan Saldaña: Mi vida de pobre,2017,,41/100,1,0,0,0,0
3070,3071,Taxi Driver,2015,,41/100,1,0,0,0,0
3071,3072,Pettson and Findus: The Best Christmas Ever,2016,,41/100,1,0,0,0,0
3072,3073,What are the Odds?,2019,,41/100,1,0,0,0,0
3073,3074,Arrest Letter,2017,,41/100,1,0,0,0,0
3074,3075,Generasi 90an: Melankolia,2020,13+,41/100,1,0,0,0,0
3075,3076,Super Monsters Save Halloween,2018,,41/100,1,0,0,0,0
3076,3077,Khido Khundi,2018,7+,41/100,1,0,0,0,0
3077,3078,Dark City Beneath the Beat,2020,,41/100,1,0,0,0,0
3078,3079,Beirut oh Beirut,1975,,41/100,1,0,0,0,0
3079,3080,Family Blood,2018,18+,41/100,1,0,0,0,0
3080,3081,The War Against Women,2013,,41/100,1,0,0,0,0
3081,3082,She's The One,2013,,41/100,1,0,0,0,0
3082,3083,Vanjagar Ulagam,2018,,41/100,1,0,0,0,0
3083,3084,King of Boys,2018,,41/100,1,0,0,0,0
3084,3085,Jaal,1986,,41/100,1,0,0,0,0
3085,3086,Bibi & Tina: Perfect Pandemonium,2017,,41/100,1,0,0,0,0
3086,3087,Target,2018,,41/100,1,0,0,0,0
3087,3088,One Day: Justice Delivered,2019,,41/100,1,0,0,0,0
3088,3089,"Do Paise Ki Dhoop, Chaar Aane Ki Baarish",2009,,41/100,1,0,0,0,0
3089,3090,"River, el Más Grande Siempre",2019,,41/100,1,0,0,0,0
3090,3091,Heritages,2014,,41/100,1,0,0,0,0
3091,3092,Agyaat,2009,,41/100,1,0,0,0,0
3092,3093,Hope Aur Hum,2018,,41/100,1,0,0,0,0
3093,3094,Sarbath,2021,,41/100,1,0,0,0,0
3094,3095,Daniel Sosa: Maleducado,2019,18+,41/100,1,0,0,0,0
3095,3096,Rogue Warfare: The Hunt,2019,18+,41/100,1,0,0,0,0
3096,3097,David Batra: Elephant in The Room,2020,,41/100,1,0,0,0,0
3097,3098,Settai,2013,,41/100,1,0,0,0,0
3098,3099,Department,2012,18+,41/100,1,0,0,0,0
3099,3100,Ralphie May: Imperfectly Yours,2013,,41/100,1,0,0,0,0
3100,3101,Happy Go Lucky,2014,,41/100,1,0,1,0,0
3101,3102,Disconnect,2018,18+,41/100,1,0,0,0,0
3102,3103,The App,2019,,41/100,1,0,0,0,0
3103,3104,Maniyarayile Ashokan,2020,,41/100,1,0,0,0,0
3104,3105,Little Singham: Kaal Ki Tabaahi,2019,,41/100,1,0,0,0,0
3105,3106,Savita Damodar Paranjpe,2018,,41/100,1,0,0,0,0
3106,3107,Baxu and the Giants,2019,,41/100,1,0,0,0,0
3107,3108,Merry Men: The Real Yoruba Demons,2018,,41/100,1,0,0,0,0
3108,3109,Franco Escamilla: For the Anecdote,2018,,41/100,1,0,0,0,0
3109,3110,Jack Whitehall: Christmas with my Father,2019,,41/100,1,0,0,0,0
3110,3111,A Place in the Stars,2014,,41/100,1,0,0,0,0
3111,3112,Gang of the Caribbean,2016,,41/100,1,0,0,0,0
3112,3113,The Memory of Water,2015,,41/100,1,0,0,0,0
3113,3114,All Because of You,2020,7+,41/100,1,0,0,0,0
3114,3115,Melle,2017,,41/100,1,0,0,0,0
3115,3116,Quiet Victory: The Charlie Wedemeyer Story,1988,,41/100,1,0,0,0,0
3116,3117,"Blue, Painful, and Brittle",2020,,41/100,1,0,0,0,0
3117,3118,Rodney Carrington: Here Comes The Truth,2017,,41/100,1,0,0,0,0
3118,3119,A Go Go Cory Carson Halloween,2020,all,41/100,1,0,0,0,0
3119,3120,Poacher,2018,,41/100,1,0,0,0,0
3120,3121,Phone Swap,2012,,41/100,1,0,0,0,0
3121,3122,The 9th Precinct,2019,,41/100,1,0,0,0,0
3122,3123,Norm of the North: King Sized Adventure,2019,,41/100,1,0,0,0,0
3123,3124,PNL - Dans la légende tour,2020,,41/100,1,0,0,0,0
3124,3125,Frat Star,2017,18+,41/100,1,0,0,0,0
3125,3126,Pup Star: Better 2Gether,2017,all,41/100,1,0,0,0,0
3126,3127,Na Bangaaru Talli,2014,,41/100,1,0,0,0,0
3127,3128,Panoptic,2017,,41/100,1,0,0,0,0
3128,3129,Stunt School,2019,,41/100,1,0,0,0,0
3129,3130,Ojukokoro (Greed),2016,,41/100,1,0,1,0,0
3130,3131,Feo pero Sabroso,2019,18+,41/100,1,0,0,0,0
3131,3132,Rattlesnake: The Ahanna Story,2020,,41/100,1,0,0,0,0
3132,3133,Full Out 2: You Got This!,2020,,41/100,1,0,0,0,0
3133,3134,Aziza,2019,,41/100,1,0,0,0,0
3134,3135,Baby Mamas,2018,,41/100,1,0,0,0,0
3135,3136,Carlos Ballarta: El Amor es de Putos,2016,,41/100,1,0,0,0,0
3136,3137,Todd Glass Stand-Up Special,2012,,41/100,1,0,0,0,0
3137,3138,Blind Intersections,2013,,41/100,1,0,0,0,0
3138,3139,Gumrah,1993,,41/100,1,0,0,0,0
3139,3140,Tuna Girl,2019,7+,41/100,1,0,0,0,0
3140,3141,Enissa Amani: Ehrenwort,2018,7+,41/100,1,0,0,0,0
3141,3142,4th Republic,2019,,41/100,1,0,0,0,0
3142,3143,Furtive,2020,,41/100,1,0,0,0,0
3143,3144,The Remix: Hip Hop x Fashion,2019,,41/100,1,0,0,0,0
3144,3145,Little Dragon Maiden,1983,16+,41/100,1,0,0,0,0
3145,3146,Limitless,2017,,41/100,1,0,0,0,0
3146,3147,Kids on the Block,2019,,41/100,1,0,0,0,0
3147,3148,El Sendero de la Anaconda,2019,,41/100,1,0,0,0,0
3148,3149,GIMS: On the Record,2020,18+,41/100,1,0,0,0,0
3149,3150,Gadaar: The Traitor,2015,7+,41/100,1,0,0,0,0
3150,3151,Growing Up,2018,,41/100,1,0,0,0,0
3151,3152,After the Raid,2019,,41/100,1,0,0,0,0
3152,3153,"¡Ay, mi madre!",2019,18+,41/100,1,0,0,0,0
3153,3154,Alan Saldaña: Locked Up,2021,,41/100,1,0,0,0,0
3154,3155,English Babu Desi Mem,1996,7+,41/100,1,0,0,0,0
3155,3156,Pacíficum,2017,,41/100,1,0,0,0,0
3156,3157,Taxi Ballad,2012,,41/100,1,0,0,0,0
3157,3158,Swearnet Live,2014,,41/100,1,0,0,0,0
3158,3159,¡Asu Mare! 2,2015,18+,41/100,1,0,0,0,0
3159,3160,25 Kille,2016,7+,41/100,1,0,0,0,0
3160,3161,One by Two,2014,,41/100,1,0,0,0,0
3161,3162,Garbage,2018,,41/100,1,0,0,0,0
3162,3163,Jonah,2016,,41/100,1,0,0,0,0
3163,3164,Singapore,1960,,41/100,1,0,0,0,0
3164,3165,"Martin Matte : La vie, la mort... eh la la..!",2019,,40/100,1,0,0,0,0
3165,3166,Paharganj,2019,,40/100,1,0,0,0,0
3166,3167,Teen Aur Aadha,2018,,40/100,1,0,0,0,0
3167,3168,Buddy Thunderstruck: The Maybe Pile,2017,,40/100,1,0,0,0,0
3168,3169,Luccas Neto em: Uma Babá Muito Esquisita,2019,,40/100,1,0,0,0,0
3169,3170,Mundeyan Ton Bachke Rahin,2014,7+,40/100,1,0,0,0,0
3170,3171,Expedition China,2017,all,40/100,1,0,0,0,0
3171,3172,The Trader,2018,,40/100,1,0,0,0,0
3172,3173,Berlin Berlin,2020,,40/100,1,0,0,0,0
3173,3174,Bollywood Calling,2001,,40/100,1,0,0,0,0
3174,3175,Ujala,1959,,40/100,1,0,0,0,0
3175,3176,Babamın Ceketi,2018,,40/100,1,0,0,0,0
3176,3177,The Amazing Praybeyt Benjamin,2014,7+,40/100,1,0,0,0,0
3177,3178,Bosta,2005,,40/100,1,0,0,0,0
3178,3179,Merry Men 2: Another Mission,2019,18+,40/100,1,0,0,0,0
3179,3180,Joker,2012,,40/100,1,0,1,0,0
3180,3181,Ser Tão Velho Cerrado,2018,,40/100,1,0,0,0,0
3181,3182,Palermo Hollywood,2004,,40/100,1,0,0,0,0
3182,3183,Chhota Bheem Kung Fu Dhamaka,2019,all,40/100,1,0,0,0,0
3183,3184,Captain Underpants: Epic Choice-o-rama,2020,7+,40/100,1,0,0,0,0
3184,3185,Up North,2018,,40/100,1,0,0,0,0
3185,3186,King of Peking,2017,,40/100,1,0,0,0,0
3186,3187,Lal Pathar,1964,,40/100,1,0,0,0,0
3187,3188,A Witches' Ball,2017,7+,40/100,1,0,0,0,0
3188,3189,Jada,2019,,40/100,1,0,0,0,0
3189,3190,Norm of the North: Keys to the Kingdom,2018,7+,40/100,1,0,0,0,0
3190,3191,When Love Happens,2014,,40/100,1,0,0,0,0
3191,3192,Mau Nieto: viviendo sobrio… desde el bar,2018,18+,40/100,1,0,0,0,0
3192,3193,Bhai - Vyakti Ki Valli 2 Uttarardha,2019,,40/100,1,0,0,0,0
3193,3194,Bucket List,2018,,40/100,1,0,0,0,0
3194,3195,"All's Well, Ends Well 2009",2009,,40/100,1,0,0,0,0
3195,3196,My Friend Pinto,2011,,40/100,1,0,0,0,0
3196,3197,Jackie: A Tale of Two Sisters,2017,,40/100,1,0,0,0,0
3197,3198,"Sí, Mi Amor",2020,,40/100,1,0,0,0,0
3198,3199,How to Stage a Coup,2017,,40/100,1,0,0,0,0
3199,3200,Mumbai's King,2012,,40/100,1,0,0,0,0
3200,3201,Ricardo Quevedo: Hay gente así,2018,18+,40/100,1,0,0,0,0
3201,3202,Thaandavam,2012,,40/100,1,0,0,0,0
3202,3203,Alexis Viera: A Story of Surviving,2019,,40/100,1,0,0,0,0
3203,3204,Red Snow,2019,,40/100,1,0,0,0,0
3204,3205,Something Huge,2017,,40/100,1,0,0,0,0
3205,3206,The Visit,2015,,40/100,1,0,0,0,0
3206,3207,Kaaliyan,2017,,40/100,1,0,0,0,0
3207,3208,Three Thieves,2019,,40/100,1,0,0,0,0
3208,3209,The Magic School Bus Rides Again: Kids in Space,2020,all,40/100,1,0,0,0,0
3209,3210,Doctor Bello,2013,,40/100,1,0,0,0,0
3210,3211,2 Weeks in Lagos,2021,,40/100,1,0,0,0,0
3211,3212,Doubles Cause Troubles,1989,,40/100,1,0,0,0,0
3212,3213,Aiyyaa,2012,all,40/100,1,0,0,0,0
3213,3214,Marriage Palace,2018,,40/100,1,0,0,0,0
3214,3215,Schubert in Love,2016,,40/100,1,0,0,0,0
3215,3216,Tim Allen: Rewires America,1991,7+,40/100,1,0,0,0,0
3216,3217,What's Your Raashee?,2009,13+,40/100,1,0,0,0,0
3217,3218,Mike Epps: Don't Take It Personal,2015,18+,40/100,1,0,0,0,0
3218,3219,Ricardo Quevedo: Los amargados somos más,2019,,40/100,1,0,0,0,0
3219,3220,Look for a Star,2009,,40/100,1,0,0,0,0
3220,3221,Tee Shot: Ariya Jutanugarn,2019,,40/100,1,0,0,0,0
3221,3222,Right Here Right Now,2018,,40/100,1,0,0,0,0
3222,3223,Pomegranates and Myrrh,2009,,40/100,1,0,0,0,0
3223,3224,Ricardo O'Farrill: Abrazo Genial,2016,18+,40/100,1,0,0,0,0
3224,3225,Grandmother's Farm Part 2,2015,,40/100,1,0,0,0,0
3225,3226,Lock,2016,7+,40/100,1,0,0,0,0
3226,3227,Shikari,1991,,40/100,1,0,0,0,0
3227,3228,Once In A Lifetime Sessions with TLC,2018,,40/100,1,0,0,0,0
3228,3229,Thomas & Friends: Full Steam To The Rescue!,2016,,40/100,1,0,0,0,0
3229,3230,Reframe THEATER EXPERIENCE with you,2020,,40/100,1,0,0,0,0
3230,3231,Perfume Imaginary Museum “Time Warp”,2020,,40/100,1,0,0,0,0
3231,3232,This Lady Called Life,2020,,40/100,1,0,0,0,0
3232,3233,Skin,2019,,40/100,1,0,1,0,0
3233,3234,W/O Ram,2018,,40/100,1,0,0,0,0
3234,3235,Food on the Go,2017,,40/100,1,0,0,0,0
3235,3236,Go! The Unforgettable Party,2019,,40/100,1,0,0,0,0
3236,3237,The American Game,2019,,40/100,1,0,0,0,0
3237,3238,Mauricio Meirelles: Generating Chaos,2020,,40/100,1,0,0,0,0
3238,3239,Myriam Fares: The Journey,2021,,40/100,1,0,0,0,0
3239,3240,Virgen de San Juan,2021,,40/100,1,0,0,0,0
3240,3241,Aditi Mittal: Things They Wouldn't Let Me Say,2017,18+,40/100,1,0,0,0,0
3241,3242,Fukrey Boyzzz: Space Mein Fukrapanti,2020,,40/100,1,0,0,0,0
3242,3243,Misfit 2,2019,,40/100,1,0,0,0,0
3243,3244,The End of Doel's Love Story,2020,,40/100,1,0,0,0,0
3244,3245,Ainu Mosir,2020,,40/100,1,0,0,0,0
3245,3246,Romantik Komedi 2: Bekarlığa Veda,2013,,40/100,1,0,0,0,0
3246,3247,Candyflip,2019,,40/100,1,0,0,0,0
3247,3248,Captain Underpants: Mega Blissmas,2020,,40/100,1,0,0,0,0
3248,3249,No One Will Ever Know,2018,18+,40/100,1,0,0,0,0
3249,3250,The Blind Christ,2016,,40/100,1,0,0,0,0
3250,3251,Dhoondte Reh Jaaoge,2009,7+,39/100,1,0,0,0,0
3251,3252,Garfield's Pet Force,2009,all,39/100,1,0,0,0,0
3252,3253,Go! Go! Cory Carson: The Chrissy,2020,all,39/100,1,0,0,0,0
3253,3254,Super Monsters Furever Friends,2019,,39/100,1,0,0,0,0
3254,3255,The Mirror Boy,2011,,39/100,1,0,0,0,0
3255,3256,Odu Raja Odu,2018,7+,39/100,1,0,0,0,0
3256,3257,DTC -Yukemuri Junjou Hen- from HiGH & LOW,2018,,39/100,1,0,0,0,0
3257,3258,The Magic School Bus Rides Again in the Zone,2020,all,39/100,1,0,0,0,0
3258,3259,Aliens Stole My Body,2020,7+,39/100,1,0,0,0,0
3259,3260,Back to Q82,2017,,39/100,1,0,0,0,0
3260,3261,Splatter,2015,,39/100,1,0,0,0,0
3261,3262,Sat Shri Akaal England,2017,7+,39/100,1,0,0,0,0
3262,3263,Menahi,2008,,39/100,1,0,0,0,0
3263,3264,Twins Mission,2007,,39/100,1,0,0,0,0
3264,3265,Mr. Virgin,1984,,39/100,1,0,0,0,0
3265,3266,Baadshaho,2017,,39/100,1,0,0,0,0
3266,3267,Once a Gangster,2010,,39/100,1,0,0,0,0
3267,3268,The App That Stole Christmas,2020,7+,39/100,1,0,0,0,0
3268,3269,Saavat,2019,,39/100,1,0,0,0,0
3269,3270,Awon Boyz,2019,,39/100,1,0,0,0,0
3270,3271,Mama Drama,2020,,39/100,1,0,0,0,0
3271,3272,The First Lady,2016,,39/100,1,0,0,0,0
3272,3273,Jo Koy: In His Elements,2020,18+,39/100,1,0,0,0,0
3273,3274,Azali,2018,,39/100,1,0,0,0,0
3274,3275,The Wishing Tree,2017,,39/100,1,0,0,0,0
3275,3276,Muqaddar Ka Faisla,1987,,39/100,1,0,0,0,0
3276,3277,Si saben cómo me pongo ¿pa' qué me invitan?,2018,,39/100,1,0,0,0,0
3277,3278,Mexicanos de bronce,2016,,39/100,1,0,0,0,0
3278,3279,Kisaan,2009,,39/100,1,0,0,0,0
3279,3280,Elevator Baby,2019,18+,39/100,1,0,0,0,0
3280,3281,The Christmas Trap,2017,7+,39/100,1,0,0,0,0
3281,3282,Hope Ranch,2020,all,39/100,1,0,1,0,0
3282,3283,Fate of Alakada,2020,,39/100,1,0,0,0,0
3283,3284,Uncovered,2019,,39/100,1,0,0,0,0
3284,3285,Imago,2018,,39/100,1,0,0,0,0
3285,3286,"El Especial de Alex Fernández, el Especial",2017,18+,39/100,1,0,0,0,0
3286,3287,What Happened to Mr. Cha?,2021,,39/100,1,0,0,0,0
3287,3288,Peace Haven,2015,,39/100,1,0,0,0,0
3288,3289,Kaali Khuhi,2020,16+,39/100,1,0,0,0,0
3289,3290,Sam Kinison: The Scream Continues,2016,,39/100,1,0,0,0,0
3290,3291,Jani Dueñas: Grandes fracasos de ayer y hoy,2018,,39/100,1,0,0,0,0
3291,3292,Hakkunde,2017,,39/100,1,0,0,0,0
3292,3293,The Breakup Playlist,2015,7+,39/100,1,0,0,0,0
3293,3294,Romina,2018,,39/100,1,0,0,0,0
3294,3295,Any Crybabies Around?,2020,,39/100,1,0,0,0,0
3295,3296,Natalia Valdebenito: El especial,2018,,39/100,1,0,0,0,0
3296,3297,Bangistan,2015,,39/100,1,0,0,0,0
3297,3298,Ek Khiladi Ek Haseena,2005,all,39/100,1,0,0,0,0
3298,3299,Project Papa,2018,,39/100,1,0,0,0,0
3299,3300,Weapon of Choice,2018,,39/100,1,0,0,0,0
3300,3301,Pekak,2016,,39/100,1,0,0,0,0
3301,3302,Tango with Me,2010,,39/100,1,0,0,0,0
3302,3303,XV Beyond the Tryline,2016,,39/100,1,0,0,0,0
3303,3304,The Little Wars,1982,,39/100,1,0,0,0,0
3304,3305,Beat Bugs: All Together Now,2017,all,39/100,1,0,0,0,0
3305,3306,My Birthday Song,2018,,39/100,1,0,0,0,0
3306,3307,Bombairiya,2019,,39/100,1,0,0,0,0
3307,3308,Still,2010,18+,39/100,1,1,0,0,0
3308,3309,10 Days In Sun City,2017,,39/100,1,0,0,0,0
3309,3310,10 jours en or,2012,,39/100,1,0,0,0,0
3310,3311,Bonne nuit Blanche,2019,,39/100,1,0,0,0,0
3311,3312,Alex Fernández: The Best Comedian in the World,2020,,39/100,1,0,0,0,0
3312,3313,Loudon Wainwright III: Surviving Twin,2018,,39/100,1,0,0,0,0
3313,3314,Luccas Neto in: The End of Christmas,2019,,39/100,1,0,0,0,0
3314,3315,Shark Busters,2002,16+,39/100,1,0,0,0,0
3315,3316,Project Marathwada,2016,,39/100,1,0,0,0,0
3316,3317,The Worthy,2016,,39/100,1,0,0,0,0
3317,3318,Dorasaani,2019,,39/100,1,0,0,0,0
3318,3319,Jindua,2017,,39/100,1,0,0,0,0
3319,3320,Tiger,2016,,39/100,1,0,0,0,0
3320,3321,Mission: Destroy Love,2014,,39/100,1,0,0,0,0
3321,3322,Husbands in Goa,2012,,39/100,1,0,0,0,0
3322,3323,Miss India,2020,,39/100,1,0,0,0,0
3323,3324,Laatu,2018,7+,39/100,1,0,0,0,0
3324,3325,Penalty,2019,,39/100,1,0,0,0,0
3325,3326,Tattoo of Revenge,2018,18+,39/100,1,0,0,0,0
3326,3327,Mauli,2018,,39/100,1,0,0,0,0
3327,3328,Once in a Lifetime Sessions with Moby,2018,,39/100,1,0,0,0,0
3328,3329,Mujeres arriba,2020,,39/100,1,0,0,0,0
3329,3330,A Go! Go! Cory Carson Christmas,2020,all,39/100,1,0,0,0,0
3330,3331,Eve's Apple,2017,,39/100,1,0,0,0,0
3331,3332,SPF-18,2017,13+,39/100,1,0,0,0,0
3332,3333,Needhi Singh,2016,7+,39/100,1,0,0,0,0
3333,3334,Luccas Neto in: Children's Day,2019,,39/100,1,0,0,0,0
3334,3335,Are We Done,2018,,39/100,1,0,0,0,0
3335,3336,Life Ki Toh Lag Gayi,2012,7+,39/100,1,0,0,0,0
3336,3337,Bekia,2018,,39/100,1,0,0,0,0
3337,3338,Light in the Dark,2020,16+,39/100,1,0,0,0,0
3338,3339,Little Singham: Kaal Ka Badla,2020,,39/100,1,0,0,0,0
3339,3340,New Money,2018,,39/100,1,0,0,0,0
3340,3341,Here Comes the Rain,2011,,38/100,1,0,0,0,0
3341,3342,Chhota Bheem & Krishna in Mayanagari,2011,,38/100,1,0,0,0,0
3342,3343,Karkar,2007,,38/100,1,0,0,0,0
3343,3344,Pup Star: World Tour,2018,all,38/100,1,0,0,0,0
3344,3345,Kasanova,2019,,38/100,1,0,0,0,0
3345,3346,Bobbleheads: The Movie,2020,7+,38/100,1,0,0,0,0
3346,3347,"Pop, Lock 'n Roll",2017,,38/100,1,0,0,0,0
3347,3348,Chief Daddy,2018,,38/100,1,0,0,0,0
3348,3349,Felipe Neto: My Life Makes No Sense,2017,,38/100,1,0,0,0,0
3349,3350,BNK48: One Take,2020,,38/100,1,0,0,0,0
3350,3351,A Yellow Bird,2016,,38/100,1,0,0,0,0
3351,3352,A Trip to Jamaica,2017,,38/100,1,0,0,0,0
3352,3353,Cross: Rise of the Villains,2019,18+,38/100,1,0,0,0,0
3353,3354,Nothing to Lose - Part 2,2019,13+,38/100,1,0,0,0,0
3354,3355,Calico Critters: Everyone's Big Dream Flying in the Sky,2020,,38/100,1,0,0,0,0
3355,3356,Mumbai Matinee,2003,,38/100,1,0,0,0,0
3356,3357,PhotoCopy,2016,,38/100,1,0,0,0,0
3357,3358,Silence Is Welcome,2017,,38/100,1,0,0,0,0
3358,3359,The Birth Reborn 3,2018,13+,38/100,1,0,0,0,0
3359,3360,Chocolate City: Vegas Strip,2016,13+,38/100,1,0,0,0,0
3360,3361,Arsenio Hall: Smart and Classy,2019,,38/100,1,0,0,0,0
3361,3362,What's Up?,2006,,38/100,1,0,0,0,0
3362,3363,Mariah Carey's Merriest Christmas,2015,all,38/100,1,0,0,0,0
3363,3364,Sam Kinison: Live in Vegas,1991,,38/100,1,0,0,0,0
3364,3365,We Are All for the Fatherland,1979,,38/100,1,0,0,0,0
3365,3366,90 ML,2019,,38/100,1,0,0,0,0
3366,3367,The Midas Touch,2013,,38/100,1,0,0,0,0
3367,3368,Ni de coña,2020,,38/100,1,0,0,0,0
3368,3369,Faraar,2015,13+,38/100,1,0,0,0,0
3369,3370,Without Gorky,2013,,38/100,1,0,0,0,0
3370,3371,Mr. Chandramouli,2018,18+,38/100,1,0,0,0,0
3371,3372,#Rucker50,2016,,38/100,1,0,0,0,0
3372,3373,Blitz Patrollie,2012,,38/100,1,0,0,0,0
3373,3374,Muran,2011,,38/100,1,0,0,0,0
3374,3375,Dismissal,2017,18+,38/100,1,0,0,0,0
3375,3376,Maj Rati Keteki,2017,,38/100,1,0,0,0,0
3376,3377,Hans Teeuwen: Real Rancour,2016,,38/100,1,0,0,0,0
3377,3378,Anthony Kaun Hai?,2006,,38/100,1,0,0,0,0
3378,3379,True: Friendship Day,2020,,38/100,1,0,0,0,0
3379,3380,Seven Souls in the Skull Castle,2013,,38/100,1,0,0,0,0
3380,3381,Freshman Year,2019,,38/100,1,0,0,0,0
3381,3382,The Accidental Spy,2017,,38/100,1,0,0,0,0
3382,3383,Chhota Bheem in the Incan Adventure,2013,,38/100,1,0,0,0,0
3383,3384,A Go! Go! Cory Carson Summer Camp,2020,,38/100,1,0,0,0,0
3384,3385,Zero Hour,2019,,38/100,1,0,0,0,0
3385,3386,Bir Baba Hindu,2016,13+,38/100,1,0,0,0,0
3386,3387,Lechmi,2017,,38/100,1,0,0,0,0
3387,3388,We Are Legends,2019,,38/100,1,0,0,0,0
3388,3389,Mokalik (Mechanic),2019,,38/100,1,0,0,0,0
3389,3390,Anchor Baby,2010,,38/100,1,0,1,0,0
3390,3391,Ayana,2017,,38/100,1,0,0,0,0
3391,3392,Voulez-vous rire avec moi ce soir?,2018,,38/100,1,0,0,0,0
3392,3393,David A. Arnold: Fat Ballerina,2020,,38/100,1,0,0,0,0
3393,3394,High End Yaariyaan,2019,,38/100,1,0,0,0,0
3394,3395,Park Na-rae: Glamour Warning,2019,,38/100,1,0,0,0,0
3395,3396,Uncle Naji in UAE,2019,13+,38/100,1,0,0,0,0
3396,3397,Kanavu Variyam,2017,all,38/100,1,0,0,0,0
3397,3398,An Imperfect Murder,2017,18+,38/100,1,0,0,0,0
3398,3399,Jefe,2018,18+,38/100,1,0,0,0,0
3399,3400,Shortcut Safari,2016,,38/100,1,0,0,0,0
3400,3401,Nimbe,2019,,38/100,1,0,0,0,0
3401,3402,Zoé Panoramas,2017,,38/100,1,0,0,0,0
3402,3403,Ugly Aur Pagli,2008,,38/100,1,0,0,0,0
3403,3404,The Perfect Picture: Ten Years Later,2019,,38/100,1,0,0,0,0
3404,3405,Last Night,2018,,37/100,1,0,0,0,0
3405,3406,I’m No Longer Here: A Conversation with Guillermo Del Toro & Alfonso Cuarón,2020,,37/100,1,0,0,0,0
3406,3407,Super Monsters Save Christmas,2019,all,37/100,1,0,0,0,0
3407,3408,Aaviri,2019,,37/100,1,0,0,0,0
3408,3409,The Set Up,2019,18+,37/100,1,0,0,0,0
3409,3410,Soldier,1998,,37/100,1,0,0,0,0
3410,3411,Guatemala: Corazón del Mundo Maya,2019,,37/100,1,0,0,0,0
3411,3412,Dark Forces,2020,,37/100,1,0,0,0,0
3412,3413,Mercy,2016,all,37/100,1,0,0,0,0
3413,3414,Confusion Na Wa,2013,,37/100,1,0,0,0,0
3414,3415,Pretville,2012,,37/100,1,0,0,0,0
3415,3416,Alejandro Riaño: Especial de stand up,2018,,37/100,1,0,0,0,0
3416,3417,Krutant,2019,,37/100,1,0,0,0,0
3417,3418,Kalek Shanab,2019,13+,37/100,1,0,0,0,0
3418,3419,Finding Agnes,2020,,37/100,1,0,0,0,0
3419,3420,Pranaam,2019,,37/100,1,0,0,0,0
3420,3421,First Kiss,2018,,37/100,1,0,0,0,0
3421,3422,Bhasmasur,2017,,37/100,1,0,0,0,0
3422,3423,The CEO,2016,13+,37/100,1,0,0,0,0
3423,3424,Adhugo,2018,,37/100,1,0,0,0,0
3424,3425,The Reservoir Game,2017,,37/100,1,0,0,0,0
3425,3426,Virunga: Gorillas in Peril,2015,,37/100,1,0,0,0,0
3426,3427,Kaake Da Viyah,2019,,37/100,1,0,0,0,0
3427,3428,The Delivery Boy,2018,,37/100,1,0,0,0,0
3428,3429,Coco y Raulito: Carrusel de ternura,2018,13+,37/100,1,0,0,0,0
3429,3430,"Hoshino Gen Dome Tour ""POP VIRUS"" at Tokyo Dome",2019,all,37/100,1,0,0,0,0
3430,3431,Cultivating the Seas: History and Future of the Full-Cycle Cultured Kindai Tuna,2019,,37/100,1,0,0,0,0
3431,3432,Elf Pets: A Fox Cub's Christmas Tale,2019,,37/100,1,0,0,0,0
3432,3433,Anaamika,2014,7+,37/100,1,0,0,0,0
3433,3434,American Factory: A Short Conversation with the Obamas,2019,,37/100,1,0,0,0,0
3434,3435,The First Line,2014,,37/100,1,0,0,0,0
3435,3436,The Netflix Afterparty: The Best Shows of The Worst Year,2020,,37/100,1,0,0,0,0
3436,3437,In Line,2017,,37/100,1,0,0,0,0
3437,3438,To Be of Service,2019,,37/100,1,0,0,0,0
3438,3439,In My Country,2017,,37/100,1,0,0,0,0
3439,3440,Super Monsters: Dia de los Monsters,2020,all,37/100,1,0,0,0,0
3440,3441,Super Monsters: The New Class,2020,,37/100,1,0,0,0,0
3441,3442,Wives on Strike,2016,,37/100,1,0,0,0,0
3442,3443,The Millions,2019,,37/100,1,0,0,0,0
3443,3444,Don't Go Breaking My Heart 2,2014,,37/100,1,0,0,0,0
3444,3445,Uqdat el-Khawagah,2018,,37/100,1,0,0,0,0
3445,3446,Kolaiyuthir Kaalam,2019,,37/100,1,0,0,0,0
3446,3447,Super Monsters: Vida's First Halloween,2019,,37/100,1,0,0,0,0
3447,3448,Bangkok Hell: Nor Chor - The Prisoners,2002,,37/100,1,0,0,0,0
3448,3449,Saadey CM Saab,2016,7+,37/100,1,0,0,0,0
3449,3450,The Women Who Kill Lions,2016,13+,37/100,1,0,0,0,0
3450,3451,Fadily Camara: La plus drôle de tes copines,2019,,37/100,1,0,0,0,0
3451,3452,Grandmother's Farm,2013,,37/100,1,0,0,0,0
3452,3453,Edoardo Ferrario: Temi Caldi,2019,,37/100,1,0,0,0,0
3453,3454,La Leyenda del Diamante,2018,,37/100,1,0,0,0,0
3454,3455,Fronteras,2020,18+,37/100,1,0,0,0,0
3455,3456,Nasha,2013,13+,37/100,1,0,0,0,0
3456,3457,Oru Visheshapetta Biriyani Kissa,2017,,37/100,1,0,0,0,0
3457,3458,To and From New York,2006,,36/100,1,0,0,0,0
3458,3459,Osuofia in London 2,2004,,36/100,1,0,0,0,0
3459,3460,Iyore,2015,,36/100,1,0,0,0,0
3460,3461,Mi amigo Alexis,2019,,36/100,1,0,0,0,0
3461,3462,Penalty Kick,2018,13+,36/100,1,0,0,0,0
3462,3463,We Are One,2020,18+,36/100,1,0,0,0,0
3463,3464,Oloibiri,2015,,36/100,1,0,0,0,0
3464,3465,Bombshell - The Sinking Of The Rainbow Warrior,2016,,36/100,1,0,0,0,0
3465,3466,Beyond the Boundary: ICC Women's T20 World Cup Australia 2020,2020,,36/100,1,0,0,0,0
3466,3467,Loving is Losing,2019,,36/100,1,0,0,0,0
3467,3468,RebellComedy: Straight Outta the Zoo,2021,18+,36/100,1,0,0,0,0
3468,3469,Luccas Neto in: Summer Camp,2019,,36/100,1,0,0,0,0
3469,3470,Kavin Jay : Everybody Calm Down!,2018,,36/100,1,0,0,0,0
3470,3471,Ali and Alia,2019,13+,36/100,1,0,0,0,0
3471,3472,Bridezilla,2019,,36/100,1,0,0,0,0
3472,3473,Macho,2016,,36/100,1,0,0,0,0
3473,3474,Slow Country,2017,18+,36/100,1,0,0,0,0
3474,3475,Lara and the Beat,2018,,36/100,1,0,0,0,0
3475,3476,Bogda,2018,,36/100,1,0,0,0,0
3476,3477,True: Winter Wishes,2019,all,36/100,1,0,0,0,0
3477,3478,Jugaad,2009,,36/100,1,0,0,0,0
3478,3479,Prince of Peoria A Christmas Moose Miracle,2018,all,36/100,1,0,0,0,0
3479,3480,Aerials,2016,,36/100,1,0,0,0,0
3480,3481,Fan of Amoory,2018,,36/100,1,0,0,0,0
3481,3482,Your Excellency,2019,,36/100,1,0,0,0,0
3482,3483,Love Is War,2019,,36/100,1,0,0,0,0
3483,3484,Solo el amor,2018,,36/100,1,0,0,0,0
3484,3485,Chhota Bheem Aur Hanuman,2013,,36/100,1,0,0,0,0
3485,3486,Marco Luque - We are together,2017,,36/100,1,0,0,0,0
3486,3487,The Birth Reborn 2,2018,7+,36/100,1,0,0,0,0
3487,3488,Chico Bon Bon and the Very Berry Holiday,2020,,36/100,1,0,0,0,0
3488,3489,R. K. Nagar,2019,,36/100,1,0,0,0,0
3489,3490,Sur Sapata,2019,,36/100,1,0,0,0,0
3490,3491,The Magic School Bus Rides Again: The Frizz Connection,2020,,36/100,1,0,0,0,0
3491,3492,5Gang: A Different Kind of Christmas,2019,,36/100,1,0,0,0,0
3492,3493,Natalie Palamides: Nate - A One Man Show,2020,,36/100,1,0,0,0,0
3493,3494,Fabrizio Copano: solo pienso en mí,2017,,36/100,1,0,0,0,0
3494,3495,Sommore: The Reign Continues,2015,18+,36/100,1,0,0,0,0
3495,3496,Daniel Sosa: Sosafado,2017,18+,36/100,1,0,0,0,0
3496,3497,Khoon Khoon,1973,,36/100,1,0,0,0,0
3497,3498,Wives on Strike: The Revolution,2019,,36/100,1,0,0,0,0
3498,3499,It's Her Day,2016,,36/100,1,0,0,0,0
3499,3500,Chhota Bheem Aur Ganesh in The Amazing Odyssey,2012,,36/100,1,0,0,0,0
3500,3501,Brother's Shadow,2006,,36/100,1,0,0,0,0
3501,3502,Saverio Raimondo: Il Satiro Parlante,2019,13+,36/100,1,0,0,0,0
3502,3503,History of Joy,2017,,36/100,1,0,0,0,0
3503,3504,"Hello, Privilege. It's Me, Chelsea",2019,,36/100,1,0,0,0,0
3504,3505,Into the Wind,2018,,36/100,1,0,0,0,0
3505,3506,Super Monsters and the Wish Star,2018,,36/100,1,0,0,0,0
3506,3507,Lagos Real Fake Life,2018,,36/100,1,0,0,0,0
3507,3508,Rise: Ini Kalilah,2018,,36/100,1,0,0,0,0
3508,3509,Finding Hubby,2020,,36/100,1,0,0,0,0
3509,3510,Elf Pets: Santas Reindeer Rescue,2020,,36/100,1,0,0,0,0
3510,3511,Imperfect,2012,,36/100,1,0,0,0,0
3511,3512,Fernando Sanjiao: Hombre,2018,,36/100,1,0,0,0,0
3512,3513,Pagpag: Nine Lives,2013,16+,35/100,1,0,0,0,0
3513,3514,Super Monsters: Santa's Super Monster Helpers,2020,,35/100,1,0,0,0,0
3514,3515,Miniforce: New Heroes Rise,2016,,35/100,1,0,0,0,0
3515,3516,Chhota Bheem In Dholakpur to Kathmandu,2012,all,35/100,1,0,0,0,0
3516,3517,The Bling Lagosians,2019,,35/100,1,0,0,0,0
3517,3518,Thug Life,2017,,35/100,1,0,0,0,0
3518,3519,In Paradox,2019,,35/100,1,0,0,0,0
3519,3520,Gollu Aur Pappu,2014,all,35/100,1,0,0,0,0
3520,3521,Harith Iskander: I Told You So,2018,,35/100,1,0,0,0,0
3521,3522,Dieter Nuhr: Nuhr in Berlin,2016,,35/100,1,0,0,0,0
3522,3523,Table Manners,2018,,35/100,1,0,0,0,0
3523,3524,Puppy Star Christmas,2018,7+,35/100,1,0,0,0,0
3524,3525,Go Buster!,2018,,35/100,1,0,0,0,0
3525,3526,Santa Banta Pvt Ltd,2016,,35/100,1,0,0,0,0
3526,3527,Habibi Na'eman,2009,,35/100,1,0,0,0,0
3527,3528,Yeh Hai Bakrapur,2015,,35/100,1,0,0,0,0
3528,3529,Hunter in the Blue Side of Manchester,2020,,35/100,1,0,0,0,0
3529,3530,Mighty Express: A Mighty Christmas,2020,,35/100,1,0,0,0,0
3530,3531,Bandie,1978,,35/100,1,0,0,0,0
3531,3532,Francesco De Carlo: Cose di Questo Mondo,2019,,35/100,1,0,0,0,0
3532,3533,Super Monsters Back to School,2019,,35/100,1,0,0,0,0
3533,3534,What the Fish,2013,13+,35/100,1,0,0,0,0
3534,3535,Gina Yashere: Laughing To America,2014,,35/100,1,0,1,0,0
3535,3536,Mujrim,2001,,35/100,1,0,0,0,0
3536,3537,Next Enti?,2018,,35/100,1,0,0,0,0
3537,3538,Satria Heroes: Revenge of Darkness,2017,,35/100,1,0,0,0,0
3538,3539,Meet The in-Laws,2016,,35/100,1,0,0,0,0
3539,3540,StarBeam: Halloween Hero,2020,,35/100,1,0,0,0,0
3540,3541,DreamWorks Home: For the Holidays,2017,13+,35/100,1,0,0,0,0
3541,3542,Lakeeran,2016,,35/100,1,0,0,0,0
3542,3543,Gbomo Gbomo Express,2015,,35/100,1,0,0,0,0
3543,3544,Okafor's Law,2017,,35/100,1,0,0,0,0
3544,3545,Virsa,2010,,35/100,1,0,0,0,0
3545,3546,La gran il·lusió amb el Mago Pop,2016,,35/100,1,0,0,0,0
3546,3547,Life of An Outcast,2018,,35/100,1,0,0,0,0
3547,3548,Being Mrs Elliot,2014,,35/100,1,0,0,0,0
3548,3549,Ek Jaan Hain Hum,1983,,35/100,1,0,0,0,0
3549,3550,Hot Gimmick: Girl Meets Boy,2019,,35/100,1,0,0,0,0
3550,3551,Ricardo O'Farrill: Abrazo Navideño,2016,18+,35/100,1,0,0,0,0
3551,3552,Ibrahim: A Fate to Define,2019,,34/100,1,0,0,0,0
3552,3553,Mahi NRI,2017,,34/100,1,0,0,0,0
3553,3554,The End,2019,,34/100,1,0,0,0,0
3554,3555,Ban'yuuki,2010,,34/100,1,0,0,0,0
3555,3556,Surviving R. Kelly: The Impact,2019,7+,34/100,1,0,0,0,0
3556,3557,Besieged Bread,2016,,34/100,1,0,0,0,0
3557,3558,Ms J Contemplates Her Choice,2014,18+,34/100,1,0,0,0,0
3558,3559,Mythily Veendum Varunnu...,2017,,34/100,1,0,0,0,0
3559,3560,El límite infinito,2020,,34/100,1,0,0,0,0
3560,3561,The Price of Success,2017,,34/100,1,0,0,0,0
3561,3562,Bathinda Express,2016,7+,34/100,1,0,0,0,0
3562,3563,Alexis de Anda: Mea Culpa,2017,,34/100,1,0,0,0,0
3563,3564,Oh Darling! Yeh Hai India!,1995,all,34/100,1,0,0,0,0
3564,3565,Geezas,2011,,34/100,1,0,0,0,0
3565,3566,Banana Island Ghost,2017,,34/100,1,0,0,0,0
3566,3567,Good and Prosperous,2017,,34/100,1,0,0,0,0
3567,3568,Who's the Boss,2020,,34/100,1,0,0,0,0
3568,3569,Hajwala 2: Mysterious Mission,2018,13+,34/100,1,0,0,0,0
3569,3570,Rembat,2015,,34/100,1,0,0,0,0
3570,3571,Couple Of Days,2016,,34/100,1,0,0,0,0
3571,3572,London Hughes: To Catch A D*ck,2020,,34/100,1,0,0,0,0
3572,3573,Fakkah Fuzz: Almost Banned,2018,,34/100,1,0,0,0,0
3573,3574,Sanitation Day,2021,,34/100,1,0,0,0,0
3574,3575,Himmatwala,2013,,34/100,1,0,0,0,0
3575,3576,The Island,2018,,34/100,1,0,0,0,0
3576,3577,Kaagar,2019,,34/100,1,0,0,0,0
3577,3578,Payday,2018,,34/100,1,0,0,0,0
3578,3579,Spookley and the Christmas Kittens,2019,,34/100,1,0,0,0,0
3579,3580,Simplemente Manu NNa,2017,,34/100,1,0,0,0,0
3580,3581,True: Rainbow Rescue,2020,,34/100,1,0,0,0,0
3581,3582,Yoo Byung Jae: Too Much Information,2018,,34/100,1,0,0,0,0
3582,3583,Mighty Raju Rio Calling,2014,all,34/100,1,0,0,0,0
3583,3584,Moms at War,2018,,33/100,1,0,0,0,0
3584,3585,Grillo vs Grillo,2017,,33/100,1,0,0,0,0
3585,3586,Mahjong Heroes,1981,,33/100,1,0,0,0,0
3586,3587,The Land of Cards,2013,,33/100,1,0,0,0,0
3587,3588,Drink Drank Drunk,2016,,33/100,1,0,0,0,0
3588,3589,Cold Harbour,2014,,33/100,1,0,0,0,0
3589,3590,True: Wuzzle Wegg Day,2020,,33/100,1,0,0,0,0
3590,3591,Lo más sencillo es complicarlo todo,2018,7+,33/100,1,0,0,0,0
3591,3592,Chhota Bheem & Krishna vs Zimbara,2013,,33/100,1,0,0,0,0
3592,3593,An Unremarkable Christmas,2020,,33/100,1,0,0,0,0
3593,3594,Chadi Jawani Budhe Nu,1976,,33/100,1,0,0,0,0
3594,3595,Die Ontwaking,2016,,33/100,1,0,0,0,0
3595,3596,Wedy Atkalam,2018,,33/100,1,0,0,0,0
3596,3597,Luckee,2019,,33/100,1,0,0,0,0
3597,3598,Truckbhar Sapne,2018,,33/100,1,0,0,0,0
3598,3599,Liss Pereira: Renteniendo Liquidos,2019,,33/100,1,0,0,0,0
3599,3600,"Chatô, The King of Brazil",2015,,33/100,1,0,0,0,0
3600,3601,Thomas e Seus Amigos - A Locomotiva Real,2020,,33/100,1,0,0,0,0
3601,3602,Asuraguru,2020,,32/100,1,0,0,0,0
3602,3603,Santo Cachón,2018,,32/100,1,0,0,0,0
3603,3604,Hajwala: The Missing Engine,2016,13+,32/100,1,0,0,0,0
3604,3605,Arango y Sanint: Ríase el show,2018,,32/100,1,0,0,0,0
3605,3606,Match,2017,,32/100,1,0,0,0,0
3606,3607,One Like It,2020,,32/100,1,0,0,0,0
3607,3608,What the Jatt!!,2015,all,32/100,1,0,0,0,0
3608,3609,Deewana Main Deewana,2013,,32/100,1,0,0,0,0
3609,3610,Pooja Kiven Aa,2013,7+,32/100,1,0,0,0,0
3610,3611,Sin City,2019,,32/100,1,0,0,0,0
3611,3612,Freej Al Taibeen,2018,13+,32/100,1,0,0,0,0
3612,3613,Sei,2018,,31/100,1,0,0,0,0
3613,3614,The Ghost and the Tout,2018,,31/100,1,0,0,0,0
3614,3615,Dushman,2017,,31/100,1,0,0,0,0
3615,3616,Dil Vil Pyaar Vyaar,2014,all,31/100,1,0,0,0,0
3616,3617,Small Chops,2020,,31/100,1,0,0,0,0
3617,3618,After Maria,2019,,31/100,1,0,0,0,0
3618,3619,Yoo Byung Jae: Discomfort Zone,2018,,31/100,1,0,0,0,0
3619,3620,Chal Bhaag,2014,7+,31/100,1,0,0,0,0
3620,3621,Crazy People,2018,,30/100,1,0,0,0,0
3621,3622,Holy Expectations,2019,,30/100,1,0,0,0,0
3622,3623,"Edmilson Filho: Notas, Comedy about Relationships",2018,,30/100,1,0,0,0,0
3623,3624,Grego Rossello: disculpe las molestias,2019,18+,29/100,1,0,0,0,0
3624,3625,Last Flight to Abuja,2012,,29/100,1,0,0,0,0
3625,3626,Catch.er,2017,,29/100,1,0,0,0,0
3626,3627,Tatu,2017,,29/100,1,0,0,0,0
3627,3628,Hattrick,2007,7+,29/100,1,0,0,0,0
3628,3629,S Storm,2016,13+,29/100,1,0,0,0,0
3629,3630,Thomas E Seus Amigos Minas do Mistério,2019,,28/100,1,0,0,0,0
3630,3631,Thomas E Seus Amigos Todos os trilhos levam a Roma,2019,,27/100,1,0,0,0,0
3631,3632,Trese After Dark,2021,13+,24/100,1,0,0,0,0
3632,3633,The Last Mercenary,2021,,23/100,1,0,0,0,0
3633,3634,The Circle: The Afterparty,2021,,21/100,1,0,0,0,0
3634,3635,The Upshaws - The Afterparty,2021,18+,20/100,1,0,0,0,0
3635,3636,Angu Vaikuntapurathu (Malayalam),2020,,17/100,1,0,0,0,0
3636,3637,The Boys in the Band: Something Personal,2020,,17/100,1,0,0,0,0
3637,3638,D.O.D.: Day of Destiny,2021,,16/100,1,0,0,0,0
3638,3639,Time To Dance,2021,,15/100,1,0,0,0,0
3639,3640,The Mitfords: A Tale of Two Sisters,2017,,15/100,1,0,0,0,0
3640,3641,Death Can Wait,2020,,15/100,1,0,0,0,0
3641,3642,The Last Shaman,2016,,15/100,1,0,0,0,0
3642,3643,Sohni Mahiwal,1984,,15/100,1,0,0,0,0
3643,3644,Har Kisse Ke Hisse Kaamyaab,2020,7+,15/100,1,0,0,0,0
3644,3645,ReFrame,2020,,14/100,1,0,0,0,0
3645,3646,Once In A Lifetime Sessions with Nile Rodgers,2018,,14/100,1,0,0,0,0
3646,3647,Once in a Lifetime Sessions with Snow Patrol,2018,,14/100,1,0,0,0,0
3647,3648,Seven Souls in the Skull Castle: Season Flower,2017,,14/100,1,0,0,0,0
3648,3649,Once in a Lifetime Sessions with OneRepublic,2018,,13/100,1,0,0,0,0
3649,3650,Once In A Lifetime Sessions with Noel Gallagher,2018,,13/100,1,0,0,0,0
3650,3651,Wave of Cinema: Surat Dari Timur,2020,,13/100,1,0,0,0,0
3651,3652,Mr. Romantic,2009,,13/100,1,0,0,0,0
3652,3653,Alarmoty in the Land of Fire,2017,,13/100,1,0,0,0,0
3653,3654,Seven Souls in the Skull Castle: Season Bird,2017,,13/100,1,0,0,0,0
3654,3655,"Tomasz Jachimek, Jacek Stramik Laugh at Live",2016,,12/100,1,0,0,0,0
3655,3656,Chhota Bheem Ka Roosi Romanch,2019,all,12/100,1,0,0,0,0
3656,3657,Once in a Lifetime Sessions with George Ezra,2018,,12/100,1,0,0,0,0
3657,3658,Diamonds In The Sky,2018,,12/100,1,0,0,0,0
3658,3659,"Karol Modzelewski, Łukasz „Lotek"" Lodkowski No Offense",2016,,12/100,1,0,0,0,0
3659,3660,Ratones Paranoicos: The Band that Rocked Argentina,2021,,12/100,1,0,0,0,0
3660,3661,Guillermo Vilas: Settling the Score,2020,,12/100,1,0,0,0,0
3661,3662,Rehmataan,2012,,12/100,1,0,0,0,0
3662,3663,"Rafał Banaś, Michał Leja Laugh out Loud",2016,,12/100,1,0,0,0,0
3663,3664,Joaquín Reyes: Una y no más,2017,,12/100,1,0,0,0,0
3664,3665,Little Singham: Mahabali,2019,,12/100,1,0,0,0,0
3665,3666,ChuChuTV Surprise Eggs Learning Videos (Hindi),2019,,12/100,1,0,0,0,0
3666,3667,Kuppivala,2017,,12/100,1,0,0,0,0
3667,3668,Raya and Sakina,1984,,12/100,1,0,0,0,0
3668,3669,Seven Souls in the Skull Castle: Season Wind,2017,,12/100,1,0,0,0,0
3669,3670,Little Singham: Legend of Dugabakka,2020,,12/100,1,0,0,0,0
3670,3671,Pinkfong and Baby Shark's Space Adventure,2019,,12/100,1,0,0,0,0
3671,3672,Real Crime: Supermarket Heist (Tesco Bomber),2010,,12/100,1,0,0,0,0
3672,3673,Velvet Colección: Grand Finale,2020,,12/100,1,0,0,0,0
3673,3674,Once in a Lifetime Sessions with Kasabian,2018,,12/100,1,0,0,0,0
3674,3675,She Is,2019,,12/100,1,0,0,0,0
3675,3676,Monty Python Conquers America,2000,,10/100,1,0,0,0,0
3676,3677,The Last Bomb of the Second World War,2019,,10/100,1,0,0,0,0
3677,3678,You're Everything To Me,2016,,10/100,1,0,0,0,0
3678,3679,Falz Experience,2018,,10/100,1,0,0,0,0
3679,3680,"Mariusz Kałamaga, Karol Kopiec, Wiolka Walaszczyk Hilarious Trio",2016,,10/100,1,0,0,0,0
3680,3681,Thomas & Friends: Marvelous Machinery: A New Arrival,2020,,10/100,1,0,0,0,0
3681,3682,Alakada Reloaded,2017,,10/100,1,0,0,0,0
3682,3683,Cop Watchers,2016,,10/100,1,0,0,0,0
3683,3684,Jandino: Whatever it Takes,2016,,10/100,1,0,0,0,0
3684,3685,ChuChuTV Surprise Eggs Learning Videos (English),2019,,10/100,1,0,0,0,0
3685,3686,Lock Your Girls In,1982,,10/100,1,0,0,0,0
3686,3687,ChuChuTV Bedtime Stories & Moral Stories for Kids (Hindi),2019,,10/100,1,0,0,0,0
3687,3688,Dear Affy,2020,,10/100,1,0,0,0,0
3688,3689,Amit Tandon: Family Tandoncies,2019,,,1,0,0,0,0
3689,3690,Wave of Cinema: Filosofi Kopi,2020,,,1,0,0,0,0
3690,3691,Thomas & Friends: Marvelous Machinery: World of Tomorrow,2020,,,1,0,0,0,0
3691,3692,ChuChuTV Bedtime Stories & Moral Stories for Kids (English),2019,,,1,0,0,0,0
3692,3693,Fifty Year Old Teenager,1996,,,1,0,0,0,0
3693,3694,"Alias JJ, la celebridad del mal",2017,,,1,0,0,0,0
3694,3695,The Vendor,2018,,,1,0,0,0,0
3695,3696,The Dark Knight,2008,13+,94/100,0,1,0,0,0
3696,3697,Minding the Gap,2018,18+,90/100,0,1,0,0,0
3697,3698,Parasite,2019,18+,88/100,0,1,0,0,0
3698,3699,Batman Begins,2005,13+,88/100,0,1,0,0,0
3699,3700,Gone Girl,2014,18+,87/100,0,1,0,0,0
3700,3701,Catch Me If You Can,2002,13+,87/100,0,1,0,0,0
3701,3702,The Terminator,1984,18+,87/100,0,1,0,0,0
3702,3703,Arrival,2016,13+,86/100,0,1,0,0,0
3703,3704,Prisoners,2013,16+,86/100,0,1,0,0,0
3704,3705,Bohemian Rhapsody,2018,13+,85/100,0,1,0,0,0
3705,3706,Shrek,2001,7+,85/100,0,1,0,0,0
3706,3707,12 Years a Slave,2013,18+,85/100,0,1,0,0,0
3707,3708,Slumdog Millionaire,2008,18+,85/100,0,1,0,0,0
3708,3709,Skyfall,2012,13+,84/100,0,1,0,0,0
3709,3710,Stand by Me,1986,18+,84/100,0,1,0,0,0
3710,3711,The Girl with the Dragon Tattoo,2011,18+,84/100,0,1,1,0,0
3711,3712,Big Fish,2003,13+,84/100,0,1,1,0,0
3712,3713,Happiest Season,2020,13+,83/100,0,1,0,0,0
3713,3714,Kick-Ass,2010,18+,83/100,0,1,0,0,0
3714,3715,(500) Days of Summer,2009,13+,83/100,0,1,0,0,0
3715,3716,28 Days Later,2002,18+,83/100,0,1,0,0,0
3716,3717,Once Upon a Time in the West,1968,13+,83/100,0,1,0,0,0
3717,3718,Predator,1987,18+,83/100,0,1,0,0,0
3718,3719,Big Time Adolescence,2020,18+,83/100,0,1,0,0,0
3719,3720,Ice Age,2002,7+,82/100,0,1,0,0,0
3720,3721,The Shape of Water,2017,18+,82/100,0,1,0,0,0
3721,3722,The Iron Giant,1999,7+,82/100,0,1,0,0,0
3722,3723,50/50,2011,18+,82/100,0,1,1,0,0
3723,3724,Memories of Murder,2003,all,81/100,0,1,0,0,0
3724,3725,Beetlejuice,1988,7+,81/100,0,1,0,0,0
3725,3726,Train to Busan,2016,16+,81/100,0,1,0,0,0
3726,3727,Lucky Number Slevin,2006,18+,81/100,0,1,0,0,0
3727,3728,127 Hours,2010,18+,81/100,0,1,0,0,0
3728,3729,Mission: Impossible - Ghost Protocol,2011,13+,81/100,0,1,0,0,0
3729,3730,Akira,1988,18+,81/100,0,1,0,0,0
3730,3731,Shrek 2,2004,7+,81/100,0,1,0,0,0
3731,3732,Let the Right One In,2008,18+,81/100,0,1,0,0,0
3732,3733,Hell or High Water,2016,18+,81/100,0,1,0,0,0
3733,3734,The Nice Guys,2016,18+,81/100,0,1,0,0,0
3734,3735,RoboCop,1987,18+,80/100,0,1,0,0,0
3735,3736,Star Trek Beyond,2016,13+,80/100,0,1,0,0,0
3736,3737,Jack Reacher,2012,13+,80/100,0,1,0,0,0
3737,3738,Another Round,2020,18+,80/100,0,1,0,0,0
3738,3739,Portrait of a Lady on Fire,2019,18+,80/100,0,1,0,0,0
3739,3740,The Secret Life of Walter Mitty,2013,7+,80/100,0,1,1,0,0
3740,3741,Dumb and Dumber,1994,13+,80/100,0,1,0,0,0
3741,3742,Palm Springs,2020,18+,79/100,0,1,0,0,0
3742,3743,Flight,2012,18+,79/100,0,1,0,0,0
3743,3744,I Saw the Devil,2010,18+,79/100,0,1,0,0,0
3744,3745,The Mask,1994,13+,79/100,0,1,0,0,0
3745,3746,Collective,2020,,79/100,0,1,0,0,0
3746,3747,Rocketman,2019,18+,79/100,0,1,0,0,0
3747,3748,Sweeney Todd: The Demon Barber of Fleet Street,2007,18+,79/100,0,1,0,0,0
3748,3749,Coherence,2013,7+,79/100,0,1,1,0,0
3749,3750,Nomadland,2021,18+,79/100,0,1,0,0,0
3750,3751,Enemy at the Gates,2001,18+,79/100,0,1,0,0,0
3751,3752,Space Jam,1996,7+,79/100,0,1,0,0,0
3752,3753,Sunshine,2007,18+,79/100,0,1,0,0,0
3753,3754,Becoming Bond,2017,18+,78/100,0,1,0,0,0
3754,3755,Galaxy Quest,1999,7+,78/100,0,1,0,0,0
3755,3756,Dredd,2012,18+,78/100,0,1,0,0,0
3756,3757,28 Weeks Later,2007,18+,78/100,0,1,0,0,0
3757,3758,Booksmart,2019,18+,78/100,0,1,0,0,0
3758,3759,We Need to Talk About Kevin,2011,18+,78/100,0,1,1,0,0
3759,3760,Ghostbusters,2016,13+,78/100,0,1,0,0,0
3760,3761,The Peanut Butter Falcon,2019,13+,78/100,0,1,0,0,0
3761,3762,Silence,2016,18+,77/100,0,1,0,0,0
3762,3763,Take Shelter,2011,18+,77/100,0,1,1,0,0
3763,3764,Cashback,2006,18+,77/100,0,1,0,0,0
3764,3765,The Age of Adaline,2015,13+,77/100,0,1,0,0,0
3765,3766,Crime + Punishment,2018,,77/100,0,1,0,0,0
3766,3767,The Judge,2014,18+,77/100,0,1,1,0,0
3767,3768,Logan Lucky,2017,13+,77/100,0,1,0,0,0
3768,3769,Star Trek II: The Wrath of Khan,1982,7+,77/100,0,1,0,0,0
3769,3770,The Adventures of Tintin,2011,7+,77/100,0,1,0,0,0
3770,3771,Star Trek: First Contact,1996,13+,77/100,0,1,0,0,0
3771,3772,Hancock,2008,13+,77/100,0,1,0,0,0
3772,3773,Revolutionary Road,2008,18+,77/100,0,1,1,0,0
3773,3774,Fighting With My Family,2019,13+,77/100,0,1,0,0,0
3774,3775,The Conversation,1974,7+,77/100,0,1,0,0,0
3775,3776,The Host,2006,18+,76/100,0,1,0,0,0
3776,3777,Caddyshack,1980,18+,76/100,0,1,0,0,0
3777,3778,Melancholia,2011,18+,76/100,0,1,0,0,0
3778,3779,Vice,2018,18+,76/100,0,1,0,0,0
3779,3780,Hostiles,2017,18+,76/100,0,1,0,0,0
3780,3781,Shoplifters,2018,18+,76/100,0,1,0,0,0
3781,3782,Leave No Trace,2018,7+,76/100,0,1,1,0,0
3782,3783,The Man from Nowhere,2010,18+,76/100,0,1,0,0,0
3783,3784,Underworld: Evolution,2006,18+,76/100,0,1,1,0,0
3784,3785,The Virgin Suicides,1999,18+,76/100,0,1,0,0,0
3785,3786,Terminator: Dark Fate,2019,18+,76/100,0,1,0,0,0
3786,3787,Harold & Kumar Go to White Castle,2004,18+,76/100,0,1,0,0,0
3787,3788,Across the Universe,2007,13+,76/100,0,1,1,0,0
3788,3789,Romeo + Juliet,1996,13+,76/100,0,1,0,0,0
3789,3790,Bombshell,2019,18+,76/100,0,1,0,0,0
3790,3791,The Act of Killing,2012,,76/100,0,1,0,0,0
3791,3792,Hotel Mumbai,2019,18+,75/100,0,1,0,0,0
3792,3793,The Grapes of Wrath,1940,all,75/100,0,1,0,0,0
3793,3794,The Way Back,2010,13+,75/100,0,1,1,0,0
3794,3795,Heathers,1989,18+,75/100,0,1,1,0,0
3795,3796,The Polar Express,2004,all,75/100,0,1,0,0,0
3796,3797,The A-Team,2010,13+,75/100,0,1,0,0,0
3797,3798,Boss Level,2021,18+,75/100,0,1,0,0,0
3798,3799,We Were Soldiers,2002,18+,75/100,0,1,0,0,0
3799,3800,The Expendables,2010,18+,75/100,0,1,0,0,0
3800,3801,The Wailing,2016,18+,75/100,0,1,1,0,0
3801,3802,Super Troopers,2001,18+,75/100,0,1,0,0,0
3802,3803,Eye in the Sky,2015,18+,75/100,0,1,0,0,0
3803,3804,The Upside,2019,13+,75/100,0,1,0,0,0
3804,3805,Burning,2018,,75/100,0,1,1,0,0
3805,3806,The Blair Witch Project,1999,18+,75/100,0,1,0,0,0
3806,3807,Papillon,2017,18+,75/100,0,1,1,0,0
3807,3808,Star Trek IV: The Voyage Home,1986,7+,74/100,0,1,0,0,0
3808,3809,Run,2020,13+,74/100,0,1,0,0,0
3809,3810,This Means War,2012,13+,74/100,0,1,1,0,0
3810,3811,Dumb: The Story of Big Brother Magazine,2017,18+,74/100,0,1,0,0,0
3811,3812,Sympathy for Lady Vengeance,2005,18+,74/100,0,1,0,0,0
3812,3813,Fyre Fraud,2019,,74/100,0,1,0,0,0
3813,3814,The Mole Agent,2020,,74/100,0,1,0,0,0
3814,3815,Knowing,2009,13+,74/100,0,1,0,0,0
3815,3816,Open Range,2003,18+,74/100,0,1,0,0,0
3816,3817,Hansel & Gretel: Witch Hunters,2013,18+,74/100,0,1,0,0,0
3817,3818,Machete,2010,18+,74/100,0,1,0,0,0
3818,3819,Lights Out,2016,13+,74/100,0,1,0,0,0
3819,3820,Predators,2010,18+,74/100,0,1,0,0,0
3820,3821,Resident Evil: Apocalypse,2004,18+,74/100,0,1,1,0,0
3821,3822,13 Assassins,2010,18+,74/100,0,1,0,0,0
3822,3823,The Crazies,2010,18+,73/100,0,1,1,0,0
3823,3824,The Croods 2,2020,7+,73/100,0,1,0,0,0
3824,3825,The Chaser,2008,13+,73/100,0,1,0,0,0
3825,3826,Scrooged,1988,13+,73/100,0,1,0,0,0
3826,3827,The Dictator,2012,18+,73/100,0,1,0,0,0
3827,3828,Sorry to Bother You,2018,18+,73/100,0,1,0,0,0
3828,3829,Star Trek VI: The Undiscovered Country,1991,7+,73/100,0,1,0,0,0
3829,3830,Sympathy for Mr. Vengeance,2002,18+,73/100,0,1,0,0,0
3830,3831,The House That Jack Built,2018,18+,73/100,0,1,0,0,0
3831,3832,The Natural,1984,7+,73/100,0,1,0,0,0
3832,3833,The Guilty,2018,18+,73/100,0,1,0,0,0
3833,3834,Broken Flowers,2005,18+,73/100,0,1,0,0,0
3834,3835,Alive,1993,18+,73/100,0,1,0,0,0
3835,3836,Barb & Star Go to Vista Del Mar,2021,13+,73/100,0,1,0,0,0
3836,3837,Storks,2016,7+,73/100,0,1,0,0,0
3837,3838,Robot & Frank,2012,13+,73/100,0,1,1,0,0
3838,3839,God's Own Country,2017,,73/100,0,1,0,0,0
3839,3840,Billy Madison,1995,13+,73/100,0,1,0,0,0
3840,3841,Gemini Man,2019,13+,73/100,0,1,0,0,0
3841,3842,Predator 2,1990,18+,73/100,0,1,0,0,0
3842,3843,Abominable,2019,7+,73/100,0,1,0,0,0
3843,3844,Chaplin,1992,13+,73/100,0,1,0,0,0
3844,3845,Seabiscuit,2003,13+,72/100,0,1,0,0,0
3845,3846,Something's Gotta Give,2003,13+,72/100,0,1,0,0,0
3846,3847,Crawl,2019,18+,72/100,0,1,0,0,0
3847,3848,American Animals,2018,18+,72/100,0,1,1,0,0
3848,3849,The Dead Zone,1983,18+,72/100,0,1,0,0,0
3849,3850,Bill & Ted Face the Music,2020,7+,72/100,0,1,0,0,0
3850,3851,The Sisters Brothers,2018,18+,72/100,0,1,0,0,0
3851,3852,Waiting...,2005,18+,72/100,0,1,0,0,0
3852,3853,The One I Love,2014,18+,72/100,0,1,0,0,0
3853,3854,You're Next,2011,18+,72/100,0,1,0,0,0
3854,3855,Date Night,2010,13+,72/100,0,1,0,0,0
3855,3856,Red Cliff,2008,18+,72/100,0,1,0,0,0
3856,3857,The Skeleton Key,2005,13+,72/100,0,1,0,0,0
3857,3858,The Mountain Between Us,2017,13+,72/100,0,1,0,0,0
3858,3859,"Summer of Soul (...or, When the Revolution Could Not Be Televised)",2021,13+,72/100,0,1,0,0,0
3859,3860,March of the Penguins 2,2017,7+,72/100,0,1,0,0,0
3860,3861,Breach,2007,13+,72/100,0,1,1,0,0
3861,3862,Footloose,1984,7+,72/100,0,1,0,0,0
3862,3863,Bound,1996,18+,72/100,0,1,0,0,0
3863,3864,A Most Wanted Man,2014,18+,72/100,0,1,0,0,0
3864,3865,Graduation,2016,18+,72/100,0,1,0,0,0
3865,3866,Whip It,2009,13+,72/100,0,1,0,0,0
3866,3867,National Lampoon's Van Wilder,2002,18+,72/100,0,1,0,0,0
3867,3868,The Expendables 3,2014,13+,71/100,0,1,0,0,0
3868,3869,Goodnight Mommy,2014,18+,71/100,0,1,0,0,0
3869,3870,Thelma,2017,,71/100,0,1,0,0,0
3870,3871,Star Trek: Generations,1994,7+,71/100,0,1,0,0,0
3871,3872,Love & Mercy,2015,13+,71/100,0,1,0,0,0
3872,3873,I Love You Phillip Morris,2009,18+,71/100,0,1,0,0,0
3873,3874,Before We Go,2014,13+,71/100,0,1,0,0,0
3874,3875,The Big Chill,1983,18+,71/100,0,1,0,0,0
3875,3876,The Nightingale,2018,18+,71/100,0,1,0,0,0
3876,3877,"Quo vadis, Aida?",2021,,71/100,0,1,0,0,0
3877,3878,Harold & Kumar Escape from Guantanamo Bay,2008,18+,71/100,0,1,0,0,0
3878,3879,'71,2014,18+,71/100,0,1,0,0,0
3879,3880,If Beale Street Could Talk,2018,18+,71/100,0,1,0,0,0
3880,3881,Weekend at Bernie's,1989,13+,71/100,0,1,0,0,0
3881,3882,Saint Maud,2019,18+,71/100,0,1,0,0,0
3882,3883,Bloody Sunday,2002,18+,71/100,0,1,0,0,0
3883,3884,Jennifer's Body,2009,18+,71/100,0,1,0,0,0
3884,3885,Cliffhanger,1993,18+,71/100,0,1,0,0,0
3885,3886,Judy,2019,13+,71/100,0,1,0,0,0
3886,3887,DragonHeart,1996,13+,71/100,0,1,0,0,0
3887,3888,"The Good, the Bad, the Weird",2008,18+,71/100,0,1,0,0,0
3888,3889,1900,1976,18+,71/100,0,1,1,0,0
3889,3890,Free Fall,2013,,71/100,0,1,0,0,0
3890,3891,Hannibal Rising,2007,18+,71/100,0,1,0,0,0
3891,3892,Colossal,2017,18+,71/100,0,1,0,0,0
3892,3893,Odd Thomas,2013,13+,70/100,0,1,1,0,0
3893,3894,Australia,2008,13+,70/100,0,1,0,0,0
3894,3895,To Die For,1995,18+,70/100,0,1,0,0,0
3895,3896,Sputnik,2020,18+,70/100,0,1,0,0,0
3896,3897,Gamer,2009,18+,70/100,0,1,0,0,0
3897,3898,Johnny English,2003,7+,70/100,0,1,0,0,0
3898,3899,Bad Teacher,2011,18+,70/100,0,1,0,0,0
3899,3900,The Iron Lady,2011,13+,70/100,0,1,0,0,0
3900,3901,From Paris with Love,2010,18+,70/100,0,1,0,0,0
3901,3902,Arachnophobia,1990,13+,70/100,0,1,0,0,0
3902,3903,Hud,1963,,70/100,0,1,1,0,0
3903,3904,The Time Machine,2002,13+,70/100,0,1,0,0,0
3904,3905,The Last Stand,2013,18+,70/100,0,1,0,0,0
3905,3906,Boy,2010,,70/100,0,1,0,0,0
3906,3907,Plan B,2021,18+,70/100,0,1,0,0,0
3907,3908,Honeyland,2019,,70/100,0,1,0,0,0
3908,3909,A Perfect Getaway,2009,18+,70/100,0,1,0,0,0
3909,3910,Blast from the Past,1999,13+,70/100,0,1,0,0,0
3910,3911,Killer Joe,2011,18+,70/100,0,1,0,0,0
3911,3912,Coyote Ugly,2000,13+,70/100,0,1,0,0,0
3912,3913,El Dorado,1966,all,70/100,0,1,0,0,0
3913,3914,Ingrid Goes West,2017,18+,70/100,0,1,0,0,0
3914,3915,Wall Street: Money Never Sleeps,2010,13+,70/100,0,1,0,0,0
3915,3916,Possessor Uncut,2020,18+,70/100,0,1,0,0,0
3916,3917,Wayne's World 2,1993,13+,69/100,0,1,0,0,0
3917,3918,47 Meters Down,2017,13+,69/100,0,1,0,0,0
3918,3919,Florence Foster Jenkins,2016,13+,69/100,0,1,0,0,0
3919,3920,The Forbidden Kingdom,2008,13+,69/100,0,1,0,0,0
3920,3921,Like Crazy,2011,13+,69/100,0,1,0,0,0
3921,3922,Dangerous Minds,1995,18+,69/100,0,1,0,0,0
3922,3923,What's Love Got To Do With It,1993,18+,69/100,0,1,0,0,0
3923,3924,The November Man,2014,18+,69/100,0,1,0,0,0
3924,3925,The 33,2015,13+,69/100,0,1,0,0,0
3925,3926,Force Majeure,2014,18+,69/100,0,1,1,0,0
3926,3927,The Beatles: Eight Days a Week - The Touring Years,2016,,69/100,0,1,0,0,0
3927,3928,In a World...,2013,18+,69/100,0,1,0,0,0
3928,3929,Step Up 2: The Streets,2008,13+,69/100,0,1,0,0,0
3929,3930,Willy's Wonderland,2021,18+,69/100,0,1,0,0,0
3930,3931,Trolls World Tour,2020,7+,69/100,0,1,0,0,0
3931,3932,Young Adult,2011,18+,69/100,0,1,0,0,0
3932,3933,The Biggest Little Farm,2019,7+,69/100,0,1,0,0,0
3933,3934,How Green Was My Valley,1941,,69/100,0,1,0,0,0
3934,3935,Cartel Land,2015,18+,69/100,0,1,0,0,0
3935,3936,Mercury Rising,1998,16+,69/100,0,1,0,0,0
3936,3937,Pet Sematary,2019,18+,68/100,0,1,0,0,0
3937,3938,Border,2018,18+,68/100,0,1,0,0,0
3938,3939,The Art of Self-Defense,2019,18+,68/100,0,1,0,0,0
3939,3940,The Soloist,2009,13+,68/100,0,1,0,0,0
3940,3941,Zappa,2020,,68/100,0,1,0,0,0
3941,3942,A Hard Day,2014,13+,68/100,0,1,0,0,0
3942,3943,Sinbad: Legend of the Seven Seas,2003,7+,68/100,0,1,0,0,0
3943,3944,Some Kind of Heaven,2021,13+,68/100,0,1,0,0,0
3944,3945,Missing Link,2019,7+,68/100,0,1,0,0,0
3945,3946,The Amazing Johnathan Documentary,2019,,68/100,0,1,0,0,0
3946,3947,Dora and the Lost City of Gold,2019,7+,68/100,0,1,0,0,0
3947,3948,Marrowbone,2017,18+,68/100,0,1,0,0,0
3948,3949,Confessions of a Shopaholic,2009,7+,68/100,0,1,0,0,0
3949,3950,The Company You Keep,2012,18+,68/100,0,1,0,0,0
3950,3951,Universal Soldier,1992,18+,68/100,0,1,0,0,0
3951,3952,The Addams Family,2019,7+,68/100,0,1,0,0,0
3952,3953,The Boondock Saints II: All Saints Day,2009,18+,68/100,0,1,0,0,0
3953,3954,Hollow Man,2000,18+,68/100,0,1,0,0,0
3954,3955,The Messenger,2009,18+,68/100,0,1,0,0,0
3955,3956,"20,000 Days on Earth",2014,,67/100,0,1,0,0,0
3956,3957,Sightseers,2012,,67/100,0,1,0,0,0
3957,3958,Rules of Engagement,2000,18+,67/100,0,1,0,0,0
3958,3959,Diary of a Wimpy Kid,2010,7+,67/100,0,1,0,1,0
3959,3960,Antebellum,2020,18+,67/100,0,1,0,0,0
3960,3961,Hellbound: Hellraiser II,1988,18+,67/100,0,1,1,0,0
3961,3962,I Feel Pretty,2018,13+,67/100,0,1,0,0,0
3962,3963,Child's Play,2019,18+,67/100,0,1,1,0,0
3963,3964,The Hustle,2019,13+,67/100,0,1,0,0,0
3964,3965,Timeline,2003,13+,67/100,0,1,0,0,0
3965,3966,Super Dark Times,2017,,67/100,0,1,0,0,0
3966,3967,Dogman,2018,,67/100,0,1,0,0,0
3967,3968,Ammonite,2020,18+,67/100,0,1,0,0,0
3968,3969,Derek DelGaudio's In & of Itself,2020,13+,67/100,0,1,0,0,0
3969,3970,High-Rise,2015,18+,67/100,0,1,1,0,0
3970,3971,Somewhere,2010,18+,67/100,0,1,0,0,0
3971,3972,Dragonfly,2002,13+,67/100,0,1,0,0,0
3972,3973,Red Dawn,2012,13+,67/100,0,1,0,0,0
3973,3974,"Where'd You Go, Bernadette",2019,13+,67/100,0,1,0,0,0
3974,3975,Borg vs McEnroe,2017,18+,67/100,0,1,0,0,0
3975,3976,Brüno,2009,18+,67/100,0,1,0,0,0
3976,3977,Babyteeth,2020,,67/100,0,1,0,0,0
3977,3978,Kung Pow: Enter the Fist,2002,13+,67/100,0,1,0,0,0
3978,3979,The United States vs. Billie Holiday,2021,18+,67/100,0,1,0,0,0
3979,3980,The Congress,2013,,67/100,0,1,0,0,0
3980,3981,Jesus Camp,2006,13+,67/100,0,1,0,0,0
3981,3982,A Hologram for the King,2016,18+,67/100,0,1,0,0,0
3982,3983,The Connection,2014,18+,67/100,0,1,1,0,0
3983,3984,The Haunting in Connecticut,2009,13+,67/100,0,1,0,0,0
3984,3985,Destroyer,2018,18+,66/100,0,1,0,0,0
3985,3986,McLintock!,1963,,66/100,0,1,1,0,0
3986,3987,The Assistant,2020,18+,66/100,0,1,0,0,0
3987,3988,Rookie of the Year,1993,7+,66/100,0,1,0,0,0
3988,3989,The Condemned,2007,18+,66/100,0,1,0,0,0
3989,3990,Grudge Match,2013,13+,66/100,0,1,0,0,0
3990,3991,Spare Parts,2015,13+,66/100,0,1,0,0,0
3991,3992,Spontaneous,2020,18+,66/100,0,1,0,0,0
3992,3993,My Friend Dahmer,2017,18+,66/100,0,1,0,0,0
3993,3994,AKA Jane Roe,2020,18+,66/100,0,1,0,0,0
3994,3995,Pietà,2012,,66/100,0,1,0,0,0
3995,3996,Charlotte's Web,1973,all,66/100,0,1,0,0,0
3996,3997,Grandma,2015,18+,66/100,0,1,0,0,0
3997,3998,Rebel in the Rye,2017,13+,66/100,0,1,0,0,0
3998,3999,Cyrus,2010,18+,66/100,0,1,0,0,0
3999,4000,The Pawnbroker,1965,,66/100,0,1,1,0,0
4000,4001,Places in the Heart,1984,7+,66/100,0,1,0,0,0
4001,4002,Unacknowledged,2017,,66/100,0,1,1,0,0
4002,4003,Beirut,2018,18+,66/100,0,1,0,0,0
4003,4004,Sword Art Online: The Movie - Ordinal Scale,2017,13+,66/100,0,1,0,0,0
4004,4005,Wild Rose,2019,18+,66/100,0,1,0,0,0
4005,4006,Trial by Fire,2019,18+,66/100,0,1,0,0,0
4006,4007,Pan,2015,7+,66/100,0,1,0,0,0
4007,4008,McQueen,2018,18+,66/100,0,1,0,0,0
4008,4009,The Man Who Killed Don Quixote,2018,,66/100,0,1,0,0,0
4009,4010,The Last House on the Left,1972,18+,66/100,0,1,0,0,0
4010,4011,The Sitter,2011,18+,66/100,0,1,0,0,0
4011,4012,Children of the Corn,1984,18+,66/100,0,1,1,0,0
4012,4013,Family Law,2006,,66/100,0,1,0,0,0
4013,4014,Borgman,2013,,66/100,0,1,0,0,0
4014,4015,Don't Think Twice,2016,18+,66/100,0,1,0,0,0
4015,4016,Fired Up!,2009,13+,66/100,0,1,0,0,0
4016,4017,Active Measures,2018,13+,66/100,0,1,0,0,0
4017,4018,Second Act,2018,13+,66/100,0,1,0,0,0
4018,4019,Step Up 3D,2010,13+,66/100,0,1,0,0,0
4019,4020,The Painted Bird,2019,,66/100,0,1,0,0,0
4020,4021,How to Train Your Dragon: Homecoming,2019,7+,65/100,0,1,0,0,0
4021,4022,Sweet Bean,2015,,65/100,0,1,0,0,0
4022,4023,The Guilt Trip,2012,13+,65/100,0,1,0,0,0
4023,4024,The Colony,2013,,65/100,0,1,0,0,0
4024,4025,Thunderheart,1992,18+,65/100,0,1,0,0,0
4025,4026,The World to Come,2020,18+,65/100,0,1,0,0,0
4026,4027,"Hello, My Name Is Doris",2015,18+,65/100,0,1,0,0,0
4027,4028,Ben Is Back,2018,18+,65/100,0,1,0,0,0
4028,4029,"Elvira, Mistress of the Dark",1988,13+,65/100,0,1,1,0,0
4029,4030,2 Days in Paris,2007,18+,65/100,0,1,0,0,0
4030,4031,Like Someone in Love,2012,,65/100,0,1,0,0,0
4031,4032,Jawline,2019,,65/100,0,1,0,0,0
4032,4033,Rare Exports: A Christmas Tale,2010,18+,65/100,0,1,0,0,0
4033,4034,Gretel & Hansel,2020,13+,65/100,0,1,0,0,0
4034,4035,Mr. Jones,2019,,65/100,0,1,0,0,0
4035,4036,The Limehouse Golem,2016,,65/100,0,1,0,0,0
4036,4037,Wilde,1997,18+,65/100,0,1,0,0,0
4037,4038,Open Water,2004,18+,65/100,0,1,0,0,0
4038,4039,Monster Trucks,2016,7+,65/100,0,1,0,0,0
4039,4040,Ri¢hie Ri¢h,1994,7+,65/100,0,1,0,0,0
4040,4041,Enforcement,2020,,65/100,0,1,0,0,0
4041,4042,The Escort,2015,,65/100,0,1,0,0,0
4042,4043,Silk Road,2021,18+,65/100,0,1,0,0,0
4043,4044,The Quake,2018,13+,65/100,0,1,0,0,0
4044,4045,Shadow in the Cloud,2021,18+,65/100,0,1,0,0,0
4045,4046,Young Sherlock Holmes,1985,13+,65/100,0,1,0,0,0
4046,4047,The Man Who Invented Christmas,2017,7+,65/100,0,1,0,0,0
4047,4048,Devil's Knot,2013,,65/100,0,1,0,0,0
4048,4049,Monos,2019,18+,65/100,0,1,0,0,0
4049,4050,Hearts Beat Loud,2018,13+,65/100,0,1,0,0,0
4050,4051,Dinosaur 13,2014,7+,65/100,0,1,0,0,0
4051,4052,78/52,2017,,64/100,0,1,0,0,0
4052,4053,We Are Freestyle Love Supreme,2020,18+,64/100,0,1,0,0,0
4053,4054,Blair Witch,2016,18+,64/100,0,1,0,0,0
4054,4055,The Rhythm Section,2020,18+,64/100,0,1,0,0,0
4055,4056,A Field in England,2013,,64/100,0,1,0,0,0
4056,4057,A Beautiful Planet,2016,all,64/100,0,1,0,0,0
4057,4058,Manic,2001,18+,64/100,0,1,0,0,0
4058,4059,The Indian in the Cupboard,1995,7+,64/100,0,1,0,0,0
4059,4060,The Chumscrubber,2005,18+,64/100,0,1,0,0,0
4060,4061,Amazing Grace,2018,all,64/100,0,1,0,0,0
4061,4062,Beats Rhymes & Life: The Travels of A Tribe Called Quest,2011,18+,64/100,0,1,1,0,0
4062,4063,Plus One,2019,,64/100,0,1,0,0,0
4063,4064,Luce,2019,18+,64/100,0,1,0,0,0
4064,4065,I Still Believe,2020,7+,64/100,0,1,0,0,0
4065,4066,Last Chance Harvey,2008,13+,64/100,0,1,0,0,0
4066,4067,The Tuxedo,2002,13+,64/100,0,1,0,0,0
4067,4068,Fear of Rain,2021,13+,64/100,0,1,0,0,0
4068,4069,Southbound,2015,18+,64/100,0,1,0,0,0
4069,4070,The Best Man,1999,18+,64/100,0,1,1,0,0
4070,4071,Lo and Behold: Reveries of the Connected World,2016,13+,64/100,0,1,0,0,0
4071,4072,The Queen of Versailles,2012,7+,64/100,0,1,0,0,0
4072,4073,Intermission,2003,18+,64/100,0,1,0,0,0
4073,4074,Lords of Chaos,2018,18+,64/100,0,1,0,0,0
4074,4075,Playing It Cool,2014,18+,64/100,0,1,0,0,0
4075,4076,Poetic Justice,1993,18+,64/100,0,1,0,0,0
4076,4077,Sweet Virginia,2017,18+,64/100,0,1,0,0,0
4077,4078,Framing Britney Spears,2021,16+,64/100,0,1,0,0,0
4078,4079,Shirley,2020,18+,64/100,0,1,0,0,0
4079,4080,Reno 911!: Miami,2007,18+,64/100,0,1,0,0,0
4080,4081,The Little Hours,2017,18+,64/100,0,1,0,0,0
4081,4082,The Relic,1997,18+,64/100,0,1,0,0,0
4082,4083,Assassination Nation,2018,18+,64/100,0,1,0,0,0
4083,4084,Terminal,2018,,64/100,0,1,0,0,0
4084,4085,They Came Together,2014,18+,64/100,0,1,0,0,0
4085,4086,Totally Under Control,2020,16+,64/100,0,1,0,0,0
4086,4087,31,2016,18+,64/100,0,1,1,0,0
4087,4088,Once Upon a Time in Venice,2017,18+,63/100,0,1,0,0,0
4088,4089,The Spy Next Door,2010,7+,63/100,0,1,0,0,0
4089,4090,The Rewrite,2014,13+,63/100,0,1,0,0,0
4090,4091,Brian Banks,2019,13+,63/100,0,1,0,0,0
4091,4092,Soul Food,1997,18+,63/100,0,1,0,0,0
4092,4093,My Scientology Movie,2016,,63/100,0,1,0,0,0
4093,4094,Hail Satan?,2019,18+,63/100,0,1,0,0,0
4094,4095,Tiny Toon Adventures: How I Spent My Vacation,1992,,63/100,0,1,0,0,0
4095,4096,Little Fish,2021,16+,63/100,0,1,0,0,0
4096,4097,Aniara,2019,18+,63/100,0,1,0,0,0
4097,4098,Woman at War,2018,,63/100,0,1,0,0,0
4098,4099,Beach Rats,2017,18+,63/100,0,1,0,0,0
4099,4100,The Hero,2017,18+,63/100,0,1,1,0,0
4100,4101,The Trip to Greece,2021,13+,63/100,0,1,0,0,0
4101,4102,Mad Detective,2007,,63/100,0,1,0,0,0
4102,4103,The Wrecking Crew,2008,7+,63/100,0,1,0,0,0
4103,4104,Two of Us,2019,,63/100,0,1,0,0,0
4104,4105,Hounds of Love,2016,,63/100,0,1,0,0,0
4105,4106,Walking Tall,1973,18+,63/100,0,1,0,0,0
4106,4107,The Postcard Killings,2020,18+,63/100,0,1,0,0,0
4107,4108,Barking Dogs Never Bite,2000,,63/100,0,1,0,0,0
4108,4109,High Strung,2016,all,63/100,0,1,1,0,0
4109,4110,Tooth Fairy,2010,7+,63/100,0,1,1,0,0
4110,4111,Chappaquiddick,2018,13+,63/100,0,1,0,0,0
4111,4112,Angel of Mine,2019,18+,63/100,0,1,0,0,0
4112,4113,The Assassin,2015,,63/100,0,1,0,0,0
4113,4114,Trigun: Badlands Rumble,2010,16+,63/100,0,1,0,0,0
4114,4115,4th Man Out,2015,,63/100,0,1,0,0,0
4115,4116,Southside with You,2016,13+,63/100,0,1,0,0,0
4116,4117,Band Aid,2017,18+,63/100,0,1,0,0,0
4117,4118,Virtuosity,1995,18+,63/100,0,1,0,0,0
4118,4119,It's a Disaster,2013,18+,63/100,0,1,0,0,0
4119,4120,Moffie,2020,18+,63/100,0,1,0,0,0
4120,4121,I Am Greta,2020,16+,63/100,0,1,0,0,0
4121,4122,Dealt,2017,,63/100,0,1,0,0,0
4122,4123,The Unknown Girl,2016,,63/100,0,1,0,0,0
4123,4124,Sleepwalkers,1992,18+,63/100,0,1,0,0,0
4124,4125,Meek's Cutoff,2010,7+,62/100,0,1,0,0,0
4125,4126,The Painter and the Thief,2020,,62/100,0,1,0,0,0
4126,4127,The Keeping Room,2014,18+,62/100,0,1,1,0,0
4127,4128,Buffaloed,2020,,62/100,0,1,0,0,0
4128,4129,Flower,2017,18+,62/100,0,1,0,0,0
4129,4130,Villains,2019,18+,62/100,0,1,0,0,0
4130,4131,Miss Stevens,2016,,62/100,0,1,0,0,0
4131,4132,The Kid,2019,18+,62/100,0,1,0,1,0
4132,4133,The Scent of Green Papaya,1993,,62/100,0,1,0,0,0
4133,4134,The Beach Bum,2019,18+,62/100,0,1,0,0,0
4134,4135,2067,2020,16+,62/100,0,1,0,0,0
4135,4136,Teen Titans Go! vs. Teen Titans,2019,,62/100,0,1,0,0,0
4136,4137,Daphne,2017,18+,62/100,0,1,0,0,0
4137,4138,Cowboys,2020,,62/100,0,1,0,0,0
4138,4139,Tragedy Girls,2017,18+,62/100,0,1,0,0,0
4139,4140,The Man Who Killed Hitler and Then the Bigfoot,2019,18+,62/100,0,1,0,0,0
4140,4141,Vox Lux,2018,18+,62/100,0,1,0,0,0
4141,4142,Just Wright,2010,7+,62/100,0,1,0,0,0
4142,4143,The Binge,2020,18+,62/100,0,1,0,0,0
4143,4144,Shine a Light,2008,13+,62/100,0,1,0,0,0
4144,4145,MLK/FBI,2021,7+,62/100,0,1,0,0,0
4145,4146,New in Town,2009,7+,62/100,0,1,0,0,0
4146,4147,Support the Girls,2018,18+,62/100,0,1,0,0,0
4147,4148,Proxima,2019,,62/100,0,1,0,0,0
4148,4149,Blue Chips,1994,13+,62/100,0,1,0,0,0
4149,4150,Middle School: The Worst Years of My Life,2016,7+,62/100,0,1,0,0,0
4150,4151,In the Cut,2003,18+,62/100,0,1,0,0,0
4151,4152,For Richer or Poorer,1997,13+,62/100,0,1,0,0,0
4152,4153,One for the Money,2012,13+,62/100,0,1,0,0,0
4153,4154,kid 90,2021,13+,62/100,0,1,0,0,0
4154,4155,Evening,2007,13+,62/100,0,1,0,0,0
4155,4156,The Courier,2019,18+,61/100,0,1,0,0,0
4156,4157,The Festival,2018,18+,61/100,0,1,0,0,0
4157,4158,Here to be Heard: The Story of The Slits,2018,13+,61/100,0,1,0,0,0
4158,4159,68 Kill,2018,18+,61/100,0,1,0,0,0
4159,4160,Factotum,2005,18+,61/100,0,1,0,0,0
4160,4161,The Ramen Girl,2008,13+,61/100,0,1,0,0,0
4161,4162,And So It Goes,2014,13+,61/100,0,1,1,0,0
4162,4163,Were the World Mine,2008,,61/100,0,1,0,0,0
4163,4164,Batman & Bill,2017,16+,61/100,0,1,0,0,0
4164,4165,The Tax Collector,2020,18+,61/100,0,1,0,0,0
4165,4166,Blue Sky,1994,13+,61/100,0,1,0,0,0
4166,4167,Dismissed,2017,,61/100,0,1,1,0,0
4167,4168,The Outside Story,2021,,61/100,0,1,0,0,0
4168,4169,Spree,2020,,61/100,0,1,0,0,0
4169,4170,Dear Comrades!,2020,,61/100,0,1,0,0,0
4170,4171,WeWork: or The Making and Breaking of a $47 Billion Unicorn,2021,13+,61/100,0,1,0,0,0
4171,4172,Princess Cyd,2017,,61/100,0,1,0,0,0
4172,4173,Ode to Joy,2019,18+,61/100,0,1,0,0,0
4173,4174,The China Hustle,2018,18+,61/100,0,1,0,0,0
4174,4175,Those People,2015,,61/100,0,1,1,0,0
4175,4176,Girls Just Want to Have Fun,1985,7+,61/100,0,1,1,0,0
4176,4177,Black Gold,2011,18+,61/100,0,1,1,0,0
4177,4178,"Race for Your Life, Charlie Brown",1977,all,61/100,0,1,0,0,0
4178,4179,The Cave,2019,13+,61/100,0,1,0,0,0
4179,4180,Time Freak,2018,13+,61/100,0,1,0,0,0
4180,4181,Eliminators,2016,18+,61/100,0,1,0,0,0
4181,4182,Wild Mountain Thyme,2020,13+,61/100,0,1,0,0,0
4182,4183,Save Yourselves!,2020,18+,61/100,0,1,0,0,0
4183,4184,Spinning Man,2018,18+,61/100,0,1,0,0,0
4184,4185,12 Hour Shift,2020,,60/100,0,1,0,0,0
4185,4186,Skate Kitchen,2018,18+,60/100,0,1,0,0,0
4186,4187,The Hunchback of Notre Dame,1923,,60/100,0,1,0,1,0
4187,4188,Margarita with a Straw,2015,13+,60/100,0,1,0,0,0
4188,4189,Beasts Clawing at Straws,2020,,60/100,0,1,0,0,0
4189,4190,Elena Undone,2010,18+,60/100,0,1,0,0,0
4190,4191,Anacondas: The Hunt for the Blood Orchid,2004,13+,60/100,0,1,1,0,0
4191,4192,An American Haunting,2005,13+,60/100,0,1,0,0,0
4192,4193,Last Days Here,2011,,60/100,0,1,0,0,0
4193,4194,Back in Time,2015,,60/100,0,1,0,0,0
4194,4195,Flesh and Blood,2017,,60/100,0,1,1,0,0
4195,4196,Clemency,2019,18+,60/100,0,1,0,0,0
4196,4197,Foxfire,1996,18+,60/100,0,1,0,0,0
4197,4198,The Haunting in Connecticut 2: Ghosts of Georgia,2013,18+,60/100,0,1,0,0,0
4198,4199,Books of Blood,2020,18+,60/100,0,1,0,0,0
4199,4200,The Secret Garden,2020,7+,60/100,0,1,0,0,0
4200,4201,Rent-A-Pal,2020,,60/100,0,1,0,0,0
4201,4202,Waiting for the Barbarians,2019,16+,60/100,0,1,0,0,0
4202,4203,Caveman,1981,7+,60/100,0,1,0,0,0
4203,4204,Teen Spirit,2019,13+,60/100,0,1,0,1,0
4204,4205,Ordinary Love,2019,18+,60/100,0,1,0,0,0
4205,4206,Dog Days,2018,7+,60/100,0,1,0,0,0
4206,4207,The Miracle Season,2018,7+,60/100,0,1,0,0,0
4207,4208,A Boy Named Charlie Brown,1969,all,60/100,0,1,0,0,0
4208,4209,Too Funny to Fail: The Life & Death of The Dana Carvey Show,2017,18+,60/100,0,1,0,0,0
4209,4210,Already Tomorrow in Hong Kong,2016,,60/100,0,1,0,0,0
4210,4211,Rams,2020,13+,60/100,0,1,0,0,0
4211,4212,RoboCop 3,1993,13+,60/100,0,1,0,0,0
4212,4213,Losing Isaiah,1995,18+,60/100,0,1,0,0,0
4213,4214,Dark Was the Night,2014,,60/100,0,1,1,0,0
4214,4215,Primal,2019,18+,60/100,0,1,0,0,0
4215,4216,Pyewacket,2017,,59/100,0,1,0,0,0
4216,4217,R100,2013,,59/100,0,1,0,0,0
4217,4218,Grand Isle,2019,18+,59/100,0,1,0,0,0
4218,4219,The Donut King,2020,,59/100,0,1,0,0,0
4219,4220,The Furies,1950,,59/100,0,1,0,0,0
4220,4221,Little Woods,2019,18+,59/100,0,1,0,0,0
4221,4222,The Layover,2017,18+,59/100,0,1,0,0,0
4222,4223,Hannie Caulder,1971,18+,59/100,0,1,1,0,0
4223,4224,Tesla,2020,13+,59/100,0,1,0,0,0
4224,4225,Running with the Devil,2019,18+,59/100,0,1,0,0,0
4225,4226,You Cannot Kill David Arquette,2020,18+,59/100,0,1,0,0,0
4226,4227,100% Wolf,2020,7+,59/100,0,1,0,0,0
4227,4228,Bad Company,1972,7+,59/100,0,1,1,0,0
4228,4229,Pilgrimage,2017,,59/100,0,1,0,0,0
4229,4230,Reaching for the Moon,2013,,59/100,0,1,1,0,0
4230,4231,Night of the Kings,2021,18+,59/100,0,1,0,0,0
4231,4232,Overdrive,2017,13+,59/100,0,1,0,0,0
4232,4233,Stray,2020,,59/100,0,1,1,0,0
4233,4234,Open Water 2: Adrift,2006,18+,59/100,0,1,0,0,0
4234,4235,Priceless,2016,13+,59/100,0,1,0,0,0
4235,4236,False Positive,2021,18+,59/100,0,1,0,0,0
4236,4237,The Osiris Child,2016,,59/100,0,1,0,0,0
4237,4238,Loro 1,2018,,59/100,0,1,0,0,0
4238,4239,The Doorman,2020,18+,59/100,0,1,0,0,0
4239,4240,Almost Adults,2016,16+,59/100,0,1,0,0,0
4240,4241,The Final Member,2012,18+,59/100,0,1,0,0,0
4241,4242,Neil Young: Heart of Gold,2006,7+,59/100,0,1,0,0,0
4242,4243,Getting Go: The Go Doc Project,2013,,59/100,0,1,1,0,0
4243,4244,Four Lovers,2010,,59/100,0,1,0,0,0
4244,4245,28 Hotel Rooms,2012,,59/100,0,1,0,0,0
4245,4246,Graveyard Shift,1990,18+,59/100,0,1,0,0,0
4246,4247,"Snoopy, Come Home",1972,all,59/100,0,1,0,0,0
4247,4248,Maze,2017,,58/100,0,1,1,0,0
4248,4249,Bull,2020,18+,58/100,0,1,0,0,0
4249,4250,Bad Hair,2021,,58/100,0,1,0,0,0
4250,4251,Little Joe,2019,,58/100,0,1,0,0,0
4251,4252,The Orange Years: The Nickelodeon Story,2020,,58/100,0,1,0,0,0
4252,4253,The Monkey King 3,2018,,58/100,0,1,0,0,0
4253,4254,The Fight,2020,13+,58/100,0,1,0,0,0
4254,4255,The Mandela Effect,2019,,58/100,0,1,1,0,0
4255,4256,L!fe Happens,2011,18+,58/100,0,1,0,0,0
4256,4257,The Ladies Man,2000,18+,58/100,0,1,1,0,0
4257,4258,Sold,2016,13+,58/100,0,1,0,0,0
4258,4259,Oh Lucy!,2017,,58/100,0,1,0,0,0
4259,4260,Fairy Tail: Phoenix Priestess,2012,13+,58/100,0,1,0,0,0
4260,4261,Crypto,2019,18+,58/100,0,1,0,0,0
4261,4262,A Score to Settle,2019,,58/100,0,1,0,0,0
4262,4263,WolfCop,2014,,58/100,0,1,0,0,0
4263,4264,The Owners,2020,,58/100,0,1,0,0,0
4264,4265,The Sweet Life,2017,,58/100,0,1,0,0,0
4265,4266,The Panama Papers,2018,13+,58/100,0,1,0,0,0
4266,4267,Casa de los Babys,2003,18+,58/100,0,1,0,0,0
4267,4268,Vita & Virginia,2019,,58/100,0,1,0,0,0
4268,4269,The 10 Year Plan,2014,13+,58/100,0,1,0,0,0
4269,4270,A Kind of Murder,2016,18+,58/100,0,1,0,0,0
4270,4271,Suburban Gothic,2014,18+,58/100,0,1,0,0,0
4271,4272,The Hornet's Nest,2014,18+,58/100,0,1,1,0,0
4272,4273,Welcome Home Roscoe Jenkins,2008,13+,58/100,0,1,0,0,0
4273,4274,The Other Man,2008,18+,58/100,0,1,0,0,0
4274,4275,The Other Lamb,2020,18+,58/100,0,1,0,0,0
4275,4276,The Houses October Built,2014,,58/100,0,1,0,0,0
4276,4277,Ozzy,2016,all,58/100,0,1,0,0,0
4277,4278,Once Were Brothers: Robbie Robertson and The Band,2020,18+,58/100,0,1,0,0,0
4278,4279,The Bellboy,1960,,58/100,0,1,0,0,0
4279,4280,Himalaya,1999,,58/100,0,1,0,0,0
4280,4281,Digging for Fire,2015,18+,58/100,0,1,0,0,0
4281,4282,A Glitch in the Matrix,2021,,58/100,0,1,0,0,0
4282,4283,Crock of Gold: A Few Rounds with Shane MacGowan,2020,,58/100,0,1,0,0,0
4283,4284,Good Deeds,2012,13+,57/100,0,1,0,0,0
4284,4285,The Face of Love,2013,13+,57/100,0,1,0,0,0
4285,4286,Stonewall,2015,18+,57/100,0,1,0,0,0
4286,4287,Nurse 3-D,2013,18+,57/100,0,1,0,0,0
4287,4288,Hello I Must Be Going,2012,18+,57/100,0,1,0,0,0
4288,4289,Ma Ma,2015,18+,57/100,0,1,0,0,0
4289,4290,Racer and the Jailbird,2017,18+,57/100,0,1,0,0,0
4290,4291,Henry Gamble's Birthday Party,2015,18+,57/100,0,1,0,0,0
4291,4292,First Girl I Loved,2016,,57/100,0,1,0,0,0
4292,4293,Non-Fiction,2018,18+,57/100,0,1,0,0,0
4293,4294,100 Streets,2016,18+,57/100,0,1,1,0,0
4294,4295,Zoom,2006,7+,57/100,0,1,0,0,0
4295,4296,Body Cam,2020,18+,57/100,0,1,0,0,0
4296,4297,Above the Shadows,2019,,57/100,0,1,0,0,0
4297,4298,Where Hope Grows,2014,13+,57/100,0,1,0,0,0
4298,4299,Lady in a Cage,1964,,57/100,0,1,1,0,0
4299,4300,Buddy Games,2021,18+,57/100,0,1,0,0,0
4300,4301,Gundala,2019,16+,57/100,0,1,0,0,0
4301,4302,XX,2017,18+,57/100,0,1,0,0,0
4302,4303,Rebuilding Paradise,2020,13+,57/100,0,1,0,0,0
4303,4304,Let the Sunshine In,2017,,57/100,0,1,0,0,0
4304,4305,Above and Beyond,2015,,57/100,0,1,1,0,0
4305,4306,Swimming with Men,2018,,57/100,0,1,0,0,0
4306,4307,Book of Blood,2009,18+,57/100,0,1,0,0,0
4307,4308,Valley Girl,2020,13+,57/100,0,1,0,0,0
4308,4309,The Feels,2017,18+,57/100,0,1,0,0,0
4309,4310,My Little Pony: The Princess Promenade,2006,all,57/100,0,1,0,0,0
4310,4311,Someone Marry Barry,2014,,57/100,0,1,0,0,0
4311,4312,IMAX: Galapagos 3D,1999,,57/100,0,1,0,0,0
4312,4313,Rogue,2020,18+,57/100,0,1,0,0,0
4313,4314,The Dream Is Alive,1985,,57/100,0,1,0,0,0
4314,4315,Hideaway,1995,18+,57/100,0,1,0,0,0
4315,4316,Sword Art Online: Extra Edition,2014,16+,57/100,0,1,0,0,0
4316,4317,Damsel,2018,18+,57/100,0,1,0,0,0
4317,4318,I Declare War,2013,18+,57/100,0,1,0,0,0
4318,4319,Shelley,2016,,56/100,0,1,0,0,0
4319,4320,Astro Kid,2019,7+,56/100,0,1,0,0,0
4320,4321,Superpower Dogs,2019,all,56/100,0,1,0,0,0
4321,4322,Diane,2019,,56/100,0,1,0,0,0
4322,4323,Gimme the Loot,2012,,56/100,0,1,0,0,0
4323,4324,The First Monday in May,2016,13+,56/100,0,1,0,0,0
4324,4325,The Skull,1965,,56/100,0,1,1,0,0
4325,4326,The World of Kanako,2014,,56/100,0,1,0,0,0
4326,4327,Ben 10: Secret of the Omnitrix,2007,7+,56/100,0,1,0,0,0
4327,4328,Judy & Punch,2019,,56/100,0,1,0,0,0
4328,4329,Frankenstein and the Monster from Hell,1974,18+,56/100,0,1,0,0,0
4329,4330,You Instead,2011,18+,56/100,0,1,0,0,0
4330,4331,Digging Up the Marrow,2015,,56/100,0,1,0,0,0
4331,4332,Book of Shadows: Blair Witch 2,2000,18+,56/100,0,1,0,0,0
4332,4333,Knuckleball!,2012,,56/100,0,1,0,0,0
4333,4334,Sordid Lives,2000,18+,56/100,0,1,0,0,0
4334,4335,Monsters and Men,2018,18+,56/100,0,1,0,0,0
4335,4336,Sea of Shadows,2019,13+,56/100,0,1,0,0,0
4336,4337,Bad Reputation,2018,18+,56/100,0,1,0,0,0
4337,4338,Carnage Park,2016,,56/100,0,1,0,0,0
4338,4339,Sex Ed,2014,,56/100,0,1,1,0,0
4339,4340,Skin: A History of Nudity in the Movies,2020,,56/100,0,1,0,0,0
4340,4341,Getaway,2013,13+,56/100,0,1,1,0,0
4341,4342,A Nice Girl Like You,2020,18+,56/100,0,1,0,0,0
4342,4343,Vault,2019,18+,56/100,0,1,0,0,0
4343,4344,Obey Giant,2017,,56/100,0,1,0,0,0
4344,4345,Still Waiting...,2009,18+,56/100,0,1,0,0,0
4345,4346,Nina,2016,,56/100,0,1,0,0,0
4346,4347,Turbulence,1997,18+,56/100,0,1,0,0,0
4347,4348,Wakko's Wish,1999,all,56/100,0,1,0,0,0
4348,4349,Just Charlie,2017,,56/100,0,1,1,0,0
4349,4350,Dark Web: Cicada 3301,2021,18+,56/100,0,1,0,0,0
4350,4351,Trevor Noah: You Laugh But It's True,2011,,56/100,0,1,0,0,0
4351,4352,Caddyshack II,1988,13+,56/100,0,1,0,0,0
4352,4353,Gemini,2017,18+,55/100,0,1,0,0,0
4353,4354,Robert the Bruce,2019,,55/100,0,1,0,0,0
4354,4355,Breaking Fast,2020,,55/100,0,1,0,0,0
4355,4356,Detective Dee: The Four Heavenly Kings,2018,18+,55/100,0,1,0,0,0
4356,4357,Amira & Sam,2014,,55/100,0,1,0,0,0
4357,4358,Amulet,2020,18+,55/100,0,1,0,0,0
4358,4359,Out Stealing Horses,2019,,55/100,0,1,0,0,0
4359,4360,Space Station 3D,2002,,55/100,0,1,0,0,0
4360,4361,Liz in September,2014,,55/100,0,1,0,0,0
4361,4362,Lowlife,2017,,55/100,0,1,0,0,0
4362,4363,Kindergarten Cop 2,2016,13+,55/100,0,1,0,0,0
4363,4364,Donnybrook,2019,18+,55/100,0,1,0,0,0
4364,4365,The Devil's Doorway,2018,,55/100,0,1,0,0,0
4365,4366,An Acceptable Loss,2019,18+,55/100,0,1,0,0,0
4366,4367,Take Every Wave: The Life of Laird Hamilton,2018,7+,55/100,0,1,0,0,0
4367,4368,Notturno,2020,18+,55/100,0,1,0,0,0
4368,4369,Pokémon the Movie: Hoopa and the Clash of Ages,2015,7+,55/100,0,1,0,0,0
4369,4370,The Female Brain,2018,16+,55/100,0,1,0,0,0
4370,4371,Fun in Acapulco,1963,7+,55/100,0,1,0,0,0
4371,4372,Pledge,2019,,55/100,0,1,0,0,0
4372,4373,Exit Plan,2019,,55/100,0,1,0,0,0
4373,4374,Sheep & Wolves,2016,all,55/100,0,1,1,0,0
4374,4375,Centigrade,2020,,55/100,0,1,0,0,0
4375,4376,A Nasty Piece of Work,2019,,55/100,0,1,0,0,0
4376,4377,Legion of Brothers,2017,16+,55/100,0,1,0,0,0
4377,4378,K: Missing Kings,2014,16+,55/100,0,1,0,0,0
4378,4379,Our Family Wedding,2010,13+,55/100,0,1,0,0,0
4379,4380,Wander Darkly,2020,18+,55/100,0,1,0,0,0
4380,4381,Wounds,2019,18+,55/100,0,1,0,0,0
4381,4382,Hooking Up,2020,18+,55/100,0,1,0,0,0
4382,4383,Wolves,2016,18+,55/100,0,1,0,0,0
4383,4384,"Nico, 1988",2017,18+,55/100,0,1,0,0,0
4384,4385,Star Kid,1997,7+,55/100,0,1,1,0,0
4385,4386,Follow Me,2020,18+,55/100,0,1,0,0,0
4386,4387,American Gun,2005,18+,55/100,0,1,0,0,0
4387,4388,The Tomorrow Man,2019,13+,54/100,0,1,0,0,0
4388,4389,Almost Human,2013,,54/100,0,1,0,0,0
4389,4390,Premature,2020,,54/100,0,1,0,0,0
4390,4391,Wild Nights with Emily,2018,13+,54/100,0,1,0,0,0
4391,4392,Let's Be Evil,2016,,54/100,0,1,0,0,0
4392,4393,R.L. Stine's Monsterville: The Cabinet of Souls,2015,7+,54/100,0,1,0,0,0
4393,4394,Big Men,2014,,54/100,0,1,0,0,0
4394,4395,The Midnight Man,2016,,54/100,0,1,0,0,0
4395,4396,Black and White,1999,18+,54/100,0,1,0,0,0
4396,4397,Journey to the South Pacific,2013,all,54/100,0,1,0,0,0
4397,4398,The Dinner,2017,18+,54/100,0,1,0,0,0
4398,4399,Before We Vanish,2017,18+,54/100,0,1,0,0,0
4399,4400,Pokémon the Movie: Volcanion and the Mechanical Marvel,2016,7+,54/100,0,1,0,0,0
4400,4401,The Ultimate Playlist of Noise,2021,18+,54/100,0,1,0,0,0
4401,4402,Eating Animals,2018,,54/100,0,1,0,0,0
4402,4403,Into the Ashes,2019,,54/100,0,1,0,0,0
4403,4404,This Is Not Berlin,2019,,54/100,0,1,0,0,0
4404,4405,Just Eat It: A Food Waste Story,2014,,54/100,0,1,0,0,0
4405,4406,Chasing Trane,2017,,54/100,0,1,0,0,0
4406,4407,Rabid Dogs,2015,,54/100,0,1,0,0,0
4407,4408,AWOL,2017,,54/100,0,1,0,0,0
4408,4409,The Night Watchmen,2017,18+,54/100,0,1,0,0,0
4409,4410,Cabin Fever: Patient Zero,2014,,54/100,0,1,0,0,0
4410,4411,The Year of Spectacular Men,2018,,54/100,0,1,0,0,0
4411,4412,Pit Stop,2013,,54/100,0,1,1,0,0
4412,4413,Meeting Gorbachev,2019,,54/100,0,1,0,0,0
4413,4414,We Die Young,2019,18+,54/100,0,1,0,0,0
4414,4415,Killers Anonymous,2019,18+,54/100,0,1,0,0,0
4415,4416,Ask Dr. Ruth,2019,,54/100,0,1,0,0,0
4416,4417,Intersect,2020,18+,53/100,0,1,0,0,0
4417,4418,Depraved,2019,,53/100,0,1,0,0,0
4418,4419,Legends of Oz: Dorothy's Return,2014,7+,53/100,0,1,0,0,0
4419,4420,Mary,2019,18+,53/100,0,1,0,0,0
4420,4421,Trick,2019,,53/100,0,1,0,0,0
4421,4422,Bratz,2007,7+,53/100,0,1,0,0,0
4422,4423,Taffin,1988,18+,53/100,0,1,0,0,0
4423,4424,Passage to Mars,2016,,53/100,0,1,0,0,0
4424,4425,Soul Survivors,2001,13+,53/100,0,1,0,0,0
4425,4426,Lucky Day,2019,18+,53/100,0,1,0,0,0
4426,4427,Radioflash,2019,,53/100,0,1,0,0,0
4427,4428,The Boy Downstairs,2018,13+,53/100,0,1,0,0,0
4428,4429,Disappearance at Clifton Hill,2020,,53/100,0,1,0,0,0
4429,4430,Margaret Atwood: A Word After a Word After a Word Is Power,2019,,53/100,0,1,0,0,0
4430,4431,The Big Ugly,2020,18+,53/100,0,1,0,0,0
4431,4432,The Roads Not Taken,2020,18+,53/100,0,1,0,0,0
4432,4433,I Met a Girl,2020,,53/100,0,1,0,0,0
4433,4434,Mapplethorpe,2018,,53/100,0,1,0,0,0
4434,4435,Dragonheart: Battle for the Heartfire,2017,13+,53/100,0,1,0,0,0
4435,4436,35 and Ticking,2011,18+,53/100,0,1,0,0,0
4436,4437,Billie,2020,,53/100,0,1,0,0,0
4437,4438,69: The Saga of Danny Hernandez,2021,18+,53/100,0,1,0,0,0
4438,4439,I Trapped the Devil,2019,,53/100,0,1,0,0,0
4439,4440,The Escape,2018,,53/100,0,1,0,0,0
4440,4441,Anchor and Hope,2017,,53/100,0,1,0,0,0
4441,4442,VHYes,2020,,53/100,0,1,0,0,0
4442,4443,It Had to Be You,2016,18+,53/100,0,1,1,0,0
4443,4444,Ismael's Ghosts,2017,18+,53/100,0,1,0,0,0
4444,4445,Ron White: A Little Unprofessional,2012,,53/100,0,1,0,0,0
4445,4446,Mister America,2019,18+,53/100,0,1,0,0,0
4446,4447,I Wish I Knew,2010,,52/100,0,1,0,0,0
4447,4448,The Housemaid,2016,,52/100,0,1,0,0,0
4448,4449,Infamous,2020,,52/100,0,1,0,0,0
4449,4450,Mass Effect: Paragon Lost,2012,7+,52/100,0,1,0,0,0
4450,4451,Hellions,2015,,52/100,0,1,0,0,0
4451,4452,Farewell Amor,2020,,52/100,0,1,0,0,0
4452,4453,The Evil in Us,2016,,52/100,0,1,0,0,0
4453,4454,This Mountain Life,2018,7+,52/100,0,1,0,0,0
4454,4455,Good Boy,2020,,52/100,0,1,0,0,0
4455,4456,The Obituary of Tunde Johnson,2019,,52/100,0,1,0,0,0
4456,4457,James vs. His Future Self,2019,,52/100,0,1,0,0,0
4457,4458,The Mountain,2019,,52/100,0,1,0,0,0
4458,4459,The Sound of Silence,2019,,52/100,0,1,0,0,0
4459,4460,The Hug,2018,13+,52/100,0,1,0,0,0
4460,4461,A Crooked Somebody,2018,18+,52/100,0,1,0,0,0
4461,4462,I Do... Until I Don't,2017,18+,52/100,0,1,0,0,0
4462,4463,Beneath the Darkness,2012,18+,52/100,0,1,1,0,0
4463,4464,Gayby,2012,,52/100,0,1,0,0,0
4464,4465,Toni Morrison: The Pieces I Am,2019,13+,52/100,0,1,0,0,0
4465,4466,Backtrace,2018,18+,52/100,0,1,0,0,0
4466,4467,Dragon Age: Dawn of the Seeker,2012,,52/100,0,1,0,0,0
4467,4468,Bucky Larson: Born to Be a Star,2011,18+,52/100,0,1,0,0,0
4468,4469,Kusama : Infinity,2018,,52/100,0,1,0,0,0
4469,4470,Behind You,2020,18+,52/100,0,1,0,0,0
4470,4471,Cruise,2018,18+,52/100,0,1,0,0,0
4471,4472,Run the Race,2019,7+,52/100,0,1,0,0,0
4472,4473,The Resort,2021,,52/100,0,1,0,0,0
4473,4474,Daphne & Velma,2018,all,52/100,0,1,0,0,0
4474,4475,Trespassers,2019,,51/100,0,1,0,0,0
4475,4476,Frank Serpico,2017,,51/100,0,1,0,0,0
4476,4477,Dr. Bird's Advice for Sad Poets,2021,18+,51/100,0,1,0,0,0
4477,4478,Raise Hell: The Life & Times of Molly Ivins,2019,,51/100,0,1,0,0,0
4478,4479,Pokémon the Movie: Diancie and the Cocoon of Destruction,2014,7+,51/100,0,1,0,0,0
4479,4480,In Search of Greatness,2018,13+,51/100,0,1,0,0,0
4480,4481,Wrinkles the Clown,2019,,51/100,0,1,0,0,0
4481,4482,Mostly Ghostly,2008,7+,51/100,0,1,0,0,0
4482,4483,Bad Roomies,2015,,51/100,0,1,0,0,0
4483,4484,Pooka Lives!,2020,18+,51/100,0,1,0,0,0
4484,4485,A Guide to Second Date Sex,2019,,51/100,0,1,0,0,0
4485,4486,Phobias,2021,18+,51/100,0,1,0,0,0
4486,4487,Uncanny Annie,2019,,51/100,0,1,0,0,0
4487,4488,Feral,2018,,51/100,0,1,0,0,0
4488,4489,Pandas: The Journey Home,2018,all,51/100,0,1,0,0,0
4489,4490,The Brink,2019,18+,51/100,0,1,0,0,0
4490,4491,Stars Fell on Alabama,2021,13+,51/100,0,1,0,0,0
4491,4492,Nostalgia,2018,18+,51/100,0,1,0,0,0
4492,4493,Ms. Purple,2019,,51/100,0,1,1,0,0
4493,4494,Love After Love,2018,,51/100,0,1,0,0,0
4494,4495,Red Dog,2019,18+,51/100,0,1,1,0,0
4495,4496,The Time of Their Lives,2017,16+,51/100,0,1,0,0,0
4496,4497,RoboGeisha,2009,18+,51/100,0,1,0,0,0
4497,4498,Citizen Soldier,2016,18+,51/100,0,1,0,0,0
4498,4499,Don't Go,2018,,51/100,0,1,0,0,0
4499,4500,Grace Jones: Bloodlight and Bami,2017,7+,51/100,0,1,0,0,0
4500,4501,Crawlers,2020,,51/100,0,1,0,0,0
4501,4502,Soldiers of Fortune,2012,18+,50/100,0,1,0,0,0
4502,4503,Body at Brighton Rock,2019,18+,50/100,0,1,0,0,0
4503,4504,The Alchemist Cookbook,2016,18+,50/100,0,1,0,0,0
4504,4505,Blurt!,2018,all,50/100,0,1,0,0,0
4505,4506,Ballet Now,2018,,50/100,0,1,0,0,0
4506,4507,Euphoria,2018,18+,50/100,0,1,1,0,0
4507,4508,Tru Love,2013,,50/100,0,1,1,0,0
4508,4509,Pop Aye,2017,,50/100,0,1,0,0,0
4509,4510,Joyride,1997,18+,50/100,0,1,0,0,0
4510,4511,A Christmas Movie Christmas,2019,all,50/100,0,1,0,0,0
4511,4512,Ghost Team,2016,13+,50/100,0,1,0,0,0
4512,4513,The Flood,2019,,50/100,0,1,0,1,0
4513,4514,Mostly Ghostly: Have You Met My Ghoulfriend?,2014,7+,50/100,0,1,0,0,0
4514,4515,Divide and Conquer: The Story of Roger Ailes,2018,,50/100,0,1,0,0,0
4515,4516,The Rape of Recy Taylor,2019,,50/100,0,1,0,0,0
4516,4517,Good Kisser,2019,,50/100,0,1,1,0,0
4517,4518,Attack of the 50 Foot Cheerleader,2012,18+,50/100,0,1,1,0,0
4518,4519,Treading Water,2013,,50/100,0,1,0,0,0
4519,4520,The Sunlit Night,2020,,50/100,0,1,0,0,0
4520,4521,Knives and Skin,2019,,50/100,0,1,0,0,0
4521,4522,Curious George: A Very Monkey Christmas,2009,all,50/100,0,1,0,0,0
4522,4523,The Gospel According to André,2018,13+,50/100,0,1,0,0,0
4523,4524,Shared Rooms,2016,,50/100,0,1,0,0,0
4524,4525,Most Likely to Murder,2018,18+,50/100,0,1,0,0,0
4525,4526,Bayou Caviar,2018,18+,49/100,0,1,1,0,0
4526,4527,T-Rex: Back to the Cretaceous,1998,,49/100,0,1,0,0,0
4527,4528,Locating Silver Lake,2018,,49/100,0,1,0,0,0
4528,4529,10.0 Earthquake,2014,7+,49/100,0,1,1,0,0
4529,4530,Tyrel,2018,,49/100,0,1,0,0,0
4530,4531,Madonna and the Breakfast Club,2019,,49/100,0,1,0,0,0
4531,4532,Lost in Hong Kong,2015,,49/100,0,1,0,0,0
4532,4533,All About E,2015,,49/100,0,1,0,0,0
4533,4534,Boom for Real: The Late Teenage Years of Jean-Michel Basquiat,2018,,49/100,0,1,0,0,0
4534,4535,Gigli,2003,18+,49/100,0,1,0,0,0
4535,4536,The Current Occupant,2020,,49/100,0,1,0,0,0
4536,4537,Bad Therapy,2020,,49/100,0,1,0,0,0
4537,4538,Ramen Heads,2017,,49/100,0,1,0,0,0
4538,4539,Hot Air,2018,,49/100,0,1,0,0,0
4539,4540,Anaconda 3: Offspring,2008,18+,49/100,0,1,0,0,0
4540,4541,Cherry Pop,2017,,49/100,0,1,1,0,0
4541,4542,Savage State,2020,,49/100,0,1,0,0,0
4542,4543,Shangri-La Suite,2016,16+,49/100,0,1,0,0,0
4543,4544,Wings of Courage,1996,all,49/100,0,1,0,0,0
4544,4545,Hillbilly,2018,,49/100,0,1,0,0,0
4545,4546,Pony Express,1953,,48/100,0,1,0,0,0
4546,4547,Christmas on Holly Lane,2018,7+,48/100,0,1,0,0,0
4547,4548,Anacondas: Trail of Blood,2009,18+,48/100,0,1,0,0,0
4548,4549,Slay the Dragon,2019,13+,48/100,0,1,0,0,0
4549,4550,After Darkness,2019,18+,48/100,0,1,0,0,0
4550,4551,Stairs,2020,,48/100,0,1,0,0,0
4551,4552,Rag Doll,2020,,48/100,0,1,0,0,0
4552,4553,Supervized,2019,18+,48/100,0,1,0,0,0
4553,4554,The Dustwalker,2020,,48/100,0,1,0,0,0
4554,4555,The Turkey Bowl,2019,16+,48/100,0,1,0,0,0
4555,4556,Old Stone,2016,,48/100,0,1,0,0,0
4556,4557,Dirt Music,2019,13+,48/100,0,1,0,0,0
4557,4558,Olympic Dreams Featuring Jonas Brothers,2021,7+,48/100,0,1,0,0,0
4558,4559,Another Time,2018,18+,48/100,0,1,0,0,0
4559,4560,Racetime,2018,7+,48/100,0,1,0,0,0
4560,4561,House of the Dead,2003,18+,48/100,0,1,0,0,0
4561,4562,Sex Guaranteed,2017,,48/100,0,1,0,0,0
4562,4563,Get Big,2017,,48/100,0,1,0,0,0
4563,4564,The Adventures of Hercules,1985,7+,48/100,0,1,0,0,0
4564,4565,Alive and Kicking,2017,,48/100,0,1,0,0,0
4565,4566,Harvie and the Magic Museum,2017,,47/100,0,1,0,0,0
4566,4567,Hurley,2019,7+,47/100,0,1,0,0,0
4567,4568,Alpha and Omega: The Legend of the Saw Tooth Cave,2014,7+,47/100,0,1,0,0,0
4568,4569,Hot Guys with Guns,2013,,47/100,0,1,1,0,0
4569,4570,The Cookout,2004,13+,47/100,0,1,0,0,0
4570,4571,The State of Texas vs. Melissa,2020,,47/100,0,1,0,0,0
4571,4572,In The Mix,2005,13+,47/100,0,1,0,0,0
4572,4573,Swimming for Gold,2020,,47/100,0,1,0,0,0
4573,4574,Across the Line,2016,,47/100,0,1,1,0,0
4574,4575,Christmas Perfection,2018,7+,47/100,0,1,0,0,0
4575,4576,Her Name Is Chef,2021,,47/100,0,1,0,0,0
4576,4577,Soldier Boyz,1995,18+,47/100,0,1,0,0,0
4577,4578,Naz & Maalik,2015,,47/100,0,1,0,0,0
4578,4579,Into the Dark: I'm Just F*cking With You,2019,,47/100,0,1,0,0,0
4579,4580,Dreamcatcher,2021,,47/100,0,1,0,0,0
4580,4581,Monogamy,2010,,47/100,0,1,0,0,0
4581,4582,Gorp,1980,18+,47/100,0,1,0,0,0
4582,4583,DriverX,2018,,47/100,0,1,0,0,0
4583,4584,The Complex: Lockdown,2020,,47/100,0,1,0,0,0
4584,4585,The Standard,2020,,47/100,0,1,0,0,0
4585,4586,Mostly Ghostly 3: One Night in Doom House,2016,7+,47/100,0,1,0,0,0
4586,4587,Telescope,2016,7+,47/100,0,1,0,0,0
4587,4588,Pretenders,2019,,46/100,0,1,0,0,0
4588,4589,Delivered,2020,,46/100,0,1,0,0,0
4589,4590,Into the Deep,1994,all,46/100,0,1,0,0,0
4590,4591,Rattlesnakes,2019,,46/100,0,1,0,0,0
4591,4592,The Legend of Baron To'a,2020,18+,46/100,0,1,0,0,0
4592,4593,The Relationtrip,2017,,46/100,0,1,0,0,0
4593,4594,The Tall Stranger,1957,,46/100,0,1,0,0,0
4594,4595,A Man Alone,1955,,46/100,0,1,0,0,0
4595,4596,Baby Steps,2015,18+,46/100,0,1,0,0,0
4596,4597,Awoken,2020,,46/100,0,1,0,0,0
4597,4598,General Commander,2019,18+,46/100,0,1,0,0,0
4598,4599,The Warrior Queen of Jhansi,2019,18+,46/100,0,1,1,0,0
4599,4600,Phat Girlz,2006,13+,46/100,0,1,0,0,0
4600,4601,Autonomy,2019,7+,46/100,0,1,0,0,0
4601,4602,The Quiet One,2019,,46/100,0,1,0,0,0
4602,4603,The Box,2018,,46/100,0,1,0,0,0
4603,4604,Modern Persuasion,2020,,46/100,0,1,0,0,0
4604,4605,Chef Flynn,2018,,45/100,0,1,0,0,0
4605,4606,Ip Man: Kung Fu Master,2019,,45/100,0,1,0,0,0
4606,4607,Unbanned: The Legend of AJ1,2018,,45/100,0,1,0,0,0
4607,4608,Hail Columbia!,1982,,45/100,0,1,0,0,0
4608,4609,2099: The Soldier Protocol,2019,,45/100,0,1,0,0,0
4609,4610,Cunningham,2019,7+,45/100,0,1,0,0,0
4610,4611,My Valentine,2020,13+,45/100,0,1,0,0,0
4611,4612,Wetlands,2017,18+,45/100,0,1,0,0,0
4612,4613,The Place of No Words,2019,,45/100,0,1,0,0,0
4613,4614,Bayala: A Magical Adventure,2019,,45/100,0,1,0,0,0
4614,4615,In the Radiant City,2016,,45/100,0,1,0,0,0
4615,4616,More Barney songs,1999,all,45/100,0,1,0,0,0
4616,4617,The Cage Fighter,2018,,45/100,0,1,0,0,0
4617,4618,The Blood Is at the Doorstep,2017,,45/100,0,1,0,0,0
4618,4619,Sharp Edges,1986,13+,45/100,0,1,0,0,0
4619,4620,Changing the Game,2019,,44/100,0,1,0,0,0
4620,4621,Avenues,2019,,44/100,0,1,0,0,0
4621,4622,Who Let the Dogs Out,2019,13+,44/100,0,1,0,0,0
4622,4623,Get Squirrely,2015,all,44/100,0,1,0,0,0
4623,4624,Bratz: Babyz - The Movie,2006,,44/100,0,1,0,0,0
4624,4625,1 Night In San Diego,2020,,44/100,0,1,0,0,0
4625,4626,North Korea: Inside The Mind of a Dictator,2021,13+,44/100,0,1,0,0,0
4626,4627,The Swing of Things,2020,18+,44/100,0,1,0,0,0
4627,4628,The Story of Soaps,2020,,44/100,0,1,0,0,0
4628,4629,A Haunting on Potter Street: The Potter Street Station,2012,7+,44/100,0,1,0,0,0
4629,4630,Dr. Seuss' The Grinch Musical,2020,,44/100,0,1,0,0,0
4630,4631,The Archer,2017,,44/100,0,1,1,0,0
4631,4632,Midnight Kiss,2019,,44/100,0,1,0,0,0
4632,4633,Savage Youth,2018,,44/100,0,1,0,0,0
4633,4634,How to Fake a War,2020,,44/100,0,1,0,0,0
4634,4635,Safer at Home,2021,18+,44/100,0,1,0,0,0
4635,4636,Breakup at a Wedding,2013,13+,44/100,0,1,0,0,0
4636,4637,Daffodils,2019,,44/100,0,1,0,0,0
4637,4638,Meet Me in Montenegro,2015,,44/100,0,1,0,0,0
4638,4639,Danger Close,2017,16+,44/100,0,1,0,0,0
4639,4640,"Soul on Ice: Past, Present and Future",2017,16+,43/100,0,1,0,0,0
4640,4641,The Dark Side of The Sun,2017,7+,43/100,0,1,0,0,0
4641,4642,My Little Pony: A Very Minty Christmas,2005,all,43/100,0,1,0,0,0
4642,4643,D.L. Hughley: Reset,2012,18+,43/100,0,1,1,0,0
4643,4644,Braking for Whales,2019,,43/100,0,1,0,0,0
4644,4645,Endless,2020,,43/100,0,1,0,0,0
4645,4646,12 Pups of Christmas,2019,7+,43/100,0,1,1,0,0
4646,4647,The Landing,2017,,43/100,0,1,0,0,0
4647,4648,Here Awhile,2019,,43/100,0,1,0,0,0
4648,4649,Paws P.I.,2018,7+,43/100,0,1,0,0,0
4649,4650,Fafner in the Azure: Dead Aggressor - Heaven and Earth,2010,16+,43/100,0,1,0,0,0
4650,4651,Vic the Viking and the Magic Sword,2019,,43/100,0,1,0,0,0
4651,4652,Boonie Bears: The Big Shrink,2018,7+,43/100,0,1,0,0,0
4652,4653,Own The Sky,2019,,43/100,0,1,0,0,0
4653,4654,Destiny in Space,1994,,43/100,0,1,0,0,0
4654,4655,Next Level,2019,,43/100,0,1,1,0,0
4655,4656,My Little Pony: Twinkle Wish Adventure,2009,all,43/100,0,1,0,0,0
4656,4657,5 Years Apart,2019,,43/100,0,1,0,0,0
4657,4658,Cannabis Evolution,2019,,42/100,0,1,0,0,0
4658,4659,Christmas Crush,2019,,42/100,0,1,1,0,0
4659,4660,Sister Aimee,2019,,42/100,0,1,0,0,0
4660,4661,Deep in Vogue,2019,18+,42/100,0,1,0,0,0
4661,4662,Amy Winehouse - A Last Goodbye,2011,,42/100,0,1,0,0,0
4662,4663,Naughty Books,2020,,42/100,0,1,0,0,0
4663,4664,Bernie the Dolphin 2,2019,all,42/100,0,1,0,0,0
4664,4665,9/11: 15 years later,2016,,41/100,0,1,0,0,0
4665,4666,GameStopped,2021,,41/100,0,1,0,0,0
4666,4667,The Man Who Used to Be Me,2000,,41/100,0,1,0,0,0
4667,4668,Women & Sometimes Men,2017,16+,41/100,0,1,0,0,0
4668,4669,Hard Romanticker,2011,13+,41/100,0,1,1,0,0
4669,4670,Hunt for the Skinwalker,2018,,41/100,0,1,0,0,0
4670,4671,The Secret of Life on Earth,1993,all,41/100,0,1,0,0,0
4671,4672,Curious George: Royal Monkey,2019,all,41/100,0,1,0,0,0
4672,4673,Catching Faith,2015,,41/100,0,1,1,0,0
4673,4674,Thomas & Friends: Songs from the Station,2005,all,41/100,0,1,0,0,0
4674,4675,Drag Kids,2019,,41/100,0,1,0,0,0
4675,4676,I Am Alone,2015,,40/100,0,1,0,0,0
4676,4677,After Parkland,2019,,40/100,0,1,0,0,0
4677,4678,Boomtown,2017,,40/100,0,1,0,0,0
4678,4679,Carrion,2020,,39/100,0,1,0,0,0
4679,4680,Robo-Dog,2015,,39/100,0,1,0,0,0
4680,4681,Playin' for Love,2015,,39/100,0,1,0,0,0
4681,4682,Where We Go from Here,2019,,39/100,0,1,0,0,0
4682,4683,This One's for the Ladies,2018,18+,39/100,0,1,0,0,0
4683,4684,Zoo-Head,2019,,39/100,0,1,0,0,0
4684,4685,A Christmas Hero,2020,,39/100,0,1,0,0,0
4685,4686,The Assault,2017,18+,38/100,0,1,0,0,0
4686,4687,Constructing Albert,2017,,38/100,0,1,0,0,0
4687,4688,Life Without Basketball,2018,7+,38/100,0,1,0,0,0
4688,4689,Miss Snake Charmer,2018,,38/100,0,1,0,0,0
4689,4690,Horses: The Story of Equus,2002,,38/100,0,1,0,0,0
4690,4691,Treehouse,2014,18+,38/100,0,1,0,0,0
4691,4692,24 Hour Love,2013,18+,37/100,0,1,0,0,0
4692,4693,"New Year, New You",2017,,37/100,0,1,0,0,0
4693,4694,Gary Owen: I Agree With Myself,2015,18+,35/100,0,1,0,0,0
4694,4695,Barney's Night Before Christmas,1999,all,35/100,0,1,0,0,0
4695,4696,The Clintons: An American Odyssey,2012,,35/100,0,1,0,0,0
4696,4697,Oddbods: Party Monsters,2018,,33/100,0,1,0,0,0
4697,4698,Man-Eating Python,2017,16+,31/100,0,1,0,0,0
4698,4699,Michael Smerconish: Things I Wish I Knew Before I Started Talking,2020,,20/100,0,1,0,0,0
4699,4700,Alien Contact,2020,,15/100,0,1,0,0,0
4700,4701,Legend of Heroes: Trails in the Sky,2011,13+,15/100,0,1,0,0,0
4701,4702,The Confessions,2017,,13/100,0,1,1,0,0
4702,4703,Comrades & Cash: How Money Found Its Way Through the Iron Curtain,2014,,12/100,0,1,0,0,0
4703,4704,Fight Club,1999,18+,93/100,0,0,1,0,0
4704,4705,Tumbbad,2018,,93/100,0,0,1,0,0
4705,4706,Gully Boy,2019,,91/100,0,0,1,0,0
4706,4707,Chak De! India,2007,7+,90/100,0,0,1,0,0
4707,4708,Honey Boy,2019,18+,89/100,0,0,1,0,0
4708,4709,The Report,2019,18+,89/100,0,0,1,0,0
4709,4710,Alien,1979,18+,88/100,0,0,1,0,0
4710,4711,Borat Subsequent Moviefilm,2020,18+,88/100,0,0,1,0,0
4711,4712,Raazi,2018,,88/100,0,0,1,0,0
4712,4713,Snatch,2000,18+,87/100,0,0,1,0,0
4713,4714,Beautiful Boy,2018,18+,87/100,0,0,1,0,0
4714,4715,One Night in Miami...,2021,18+,86/100,0,0,1,0,0
4715,4716,Mahanati,2018,7+,86/100,0,0,1,0,0
4716,4717,Knives Out,2019,13+,85/100,0,0,1,0,0
4717,4718,Rear Window,1954,7+,85/100,0,0,1,0,0
4718,4719,Brittany Runs a Marathon,2019,18+,85/100,0,0,1,0,0
4719,4720,Invisible Life,2019,18+,85/100,0,0,1,0,0
4720,4721,Vertigo,1958,7+,84/100,0,0,1,0,0
4721,4722,One Child Nation,2019,18+,84/100,0,0,1,0,0
4722,4723,It's a Wonderful Life,1946,7+,84/100,0,0,1,0,0
4723,4724,Late Night,2019,18+,84/100,0,0,1,0,0
4724,4725,E.T. the Extra-Terrestrial,1982,7+,83/100,0,0,1,0,0
4725,4726,Sultan,2016,,83/100,0,0,1,0,0
4726,4727,Midnight in Paris,2011,13+,82/100,0,0,1,0,0
4727,4728,The Boondock Saints,1999,18+,82/100,0,0,1,0,0
4728,4729,Gaslight,1940,,82/100,0,0,1,0,0
4729,4730,"I, Robot",2004,13+,82/100,0,0,1,0,0
4730,4731,Blow the Man Down,2019,18+,82/100,0,0,1,0,0
4731,4732,Thappad,2020,,82/100,0,0,1,0,0
4732,4733,Unbreakable,2000,13+,82/100,0,0,1,0,0
4733,4734,Titli,2015,,81/100,0,0,1,0,0
4734,4735,The Handmaiden,2016,18+,81/100,0,0,1,0,0
4735,4736,Dodsworth,1936,,81/100,0,0,1,0,0
4736,4737,The Wrestler,2008,18+,81/100,0,0,1,0,0
4737,4738,The Tomorrow War,2021,13+,81/100,0,0,1,0,0
4738,4739,Manchester by the Sea,2016,18+,81/100,0,0,1,0,0
4739,4740,Sunset Boulevard,1950,7+,81/100,0,0,1,0,0
4740,4741,Hotel Rwanda,2004,13+,80/100,0,0,1,0,0
4741,4742,Fan,2016,,80/100,0,0,1,0,0
4742,4743,Scent of a Woman,1992,18+,80/100,0,0,1,0,0
4743,4744,Burn Notice: The Fall of Sam Axe,2011,7+,80/100,0,0,1,0,0
4744,4745,Midsommar,2019,18+,80/100,0,0,1,0,0
4745,4746,Sound of Metal,2020,18+,80/100,0,0,1,0,0
4746,4747,The Lighthouse,2019,18+,80/100,0,0,1,0,0
4747,4748,The Elephant Man,1980,7+,80/100,0,0,1,0,0
4748,4749,Tropic Thunder,2008,18+,80/100,0,0,1,0,0
4749,4750,Philadelphia,1993,13+,79/100,0,0,1,0,0
4750,4751,Adaptation.,2002,18+,79/100,0,0,1,0,0
4751,4752,A.I. Artificial Intelligence,2001,13+,79/100,0,0,1,0,0
4752,4753,Rab Ne Bana Di Jodi,2008,7+,79/100,0,0,1,0,0
4753,4754,Dum Laga Ke Haisha,2015,,79/100,0,0,1,0,0
4754,4755,The Big Sick,2017,18+,79/100,0,0,1,0,0
4755,4756,Rocket Singh: Salesman of the Year,2009,13+,79/100,0,0,1,0,0
4756,4757,On the Waterfront,1954,7+,79/100,0,0,1,0,0
4757,4758,The Abyss,1989,13+,79/100,0,0,1,0,0
4758,4759,Ran,1985,18+,79/100,0,0,1,0,0
4759,4760,Awakenings,1990,13+,79/100,0,0,1,0,0
4760,4761,Burn After Reading,2008,16+,78/100,0,0,1,0,0
4761,4762,Sylvie's Love,2020,13+,78/100,0,0,1,0,0
4762,4763,Perfume: The Story of a Murderer,2006,18+,78/100,0,0,1,0,0
4763,4764,Hellboy,2004,13+,78/100,0,0,1,0,0
4764,4765,Master and Commander: The Far Side of the World,2003,13+,78/100,0,0,1,0,0
4765,4766,The Descent,2006,18+,78/100,0,0,1,0,0
4766,4767,The Ghazi Attack,2017,7+,77/100,0,0,1,0,0
4767,4768,Patton,1970,7+,77/100,0,0,1,0,0
4768,4769,"Love, Rosie",2014,18+,77/100,0,0,1,0,0
4769,4770,Jean-Michel Basquiat: The Radiant Child,2010,,77/100,0,0,1,0,0
4770,4771,The Last King of Scotland,2006,18+,77/100,0,0,1,0,0
4771,4772,Roman Holiday,1953,all,77/100,0,0,1,0,0
4772,4773,Only Lovers Left Alive,2013,18+,77/100,0,0,1,0,0
4773,4774,Resident Evil,2002,18+,77/100,0,0,1,0,0
4774,4775,The French Connection,1971,18+,77/100,0,0,1,0,0
4775,4776,The Boys of St. Vincent,1992,,77/100,0,0,1,0,0
4776,4777,Inside Llewyn Davis,2013,18+,77/100,0,0,1,0,0
4777,4778,WarGames,1983,7+,76/100,0,0,1,0,0
4778,4779,My Spy,2020,13+,76/100,0,0,1,0,0
4779,4780,DodgeBall: A True Underdog Story,2004,13+,76/100,0,0,1,0,0
4780,4781,An American Werewolf in London,1981,18+,76/100,0,0,1,0,0
4781,4782,Dilwale Dulhania Le Jayenge,1995,all,76/100,0,0,1,0,0
4782,4783,Clue,1985,7+,76/100,0,0,1,0,0
4783,4784,Dear Zachary: A Letter to a Son About His Father,2008,,76/100,0,0,1,0,0
4784,4785,Incident at Oglala,1992,7+,76/100,0,0,1,0,0
4785,4786,Crimson Tide,1995,18+,76/100,0,0,1,0,0
4786,4787,Highlander,1986,18+,76/100,0,0,1,0,0
4787,4788,Chicken Run,2000,all,76/100,0,0,1,0,0
4788,4789,The Farewell,2019,7+,76/100,0,0,1,0,0
4789,4790,"Tomorrow, When the War Began",2010,18+,76/100,0,0,1,0,0
4790,4791,Trilogy of Terror,1975,,76/100,0,0,1,0,0
4791,4792,Charade,1963,13+,75/100,0,0,1,0,0
4792,4793,7500,2019,18+,75/100,0,0,1,0,0
4793,4794,The Fisher King,1991,18+,75/100,0,0,1,0,0
4794,4795,High Noon,1952,7+,75/100,0,0,1,0,0
4795,4796,Phone Booth,2002,18+,75/100,0,0,1,0,0
4796,4797,King Lear,2018,16+,75/100,0,0,1,0,0
4797,4798,Hard Candy,2005,18+,75/100,0,0,1,0,0
4798,4799,The Wicker Man,1973,18+,75/100,0,0,1,0,0
4799,4800,102 Not Out,2018,7+,75/100,0,0,1,0,0
4800,4801,Trumbo,2015,18+,75/100,0,0,1,0,0
4801,4802,The African Queen,1952,7+,75/100,0,0,1,0,0
4802,4803,Good Newwz,2019,,75/100,0,0,1,0,0
4803,4804,Climax,2018,18+,75/100,0,0,1,0,0
4804,4805,Chasing Happiness,2019,,75/100,0,0,1,0,0
4805,4806,The Mask of Zorro,1998,7+,74/100,0,0,1,0,0
4806,4807,Delicatessen,1991,18+,74/100,0,0,1,0,0
4807,4808,Mallrats,1995,18+,74/100,0,0,1,0,0
4808,4809,An Education,2009,13+,74/100,0,0,1,0,0
4809,4810,Open Your Eyes,1997,18+,74/100,0,0,1,0,0
4810,4811,You Were Never Really Here,2017,18+,74/100,0,0,1,0,0
4811,4812,Eagle Eye,2008,13+,74/100,0,0,1,0,0
4812,4813,His Girl Friday,1940,,74/100,0,0,1,0,0
4813,4814,Timecrimes,2007,18+,74/100,0,0,1,0,0
4814,4815,Rudy,1993,7+,74/100,0,0,1,0,0
4815,4816,To Catch a Thief,1955,7+,74/100,0,0,1,0,0
4816,4817,Alien Resurrection,1997,18+,74/100,0,0,1,0,0
4817,4818,Pantani: The Accidental Death of a Cyclist,2014,7+,74/100,0,0,1,0,0
4818,4819,The Lost City of Z,2017,13+,74/100,0,0,1,0,0
4819,4820,Photograph,2019,13+,74/100,0,0,1,0,0
4820,4821,All In: The Fight for Democracy,2020,13+,74/100,0,0,1,0,0
4821,4822,Jungle,2017,18+,74/100,0,0,1,0,0
4822,4823,Our Friend,2021,18+,74/100,0,0,1,0,0
4823,4824,Pride,2014,18+,74/100,0,0,1,0,0
4824,4825,Guns Akimbo,2020,18+,74/100,0,0,1,0,0
4825,4826,Hellraiser,1987,18+,74/100,0,0,1,0,0
4826,4827,The Little Prince,2015,7+,74/100,0,0,1,0,0
4827,4828,Seeking a Friend for the End of the World,2012,18+,73/100,0,0,1,0,0
4828,4829,Los Olvidados,1950,,73/100,0,0,1,0,0
4829,4830,Paterson,2016,18+,73/100,0,0,1,0,0
4830,4831,Time,2020,13+,73/100,0,0,1,0,0
4831,4832,Invasion of the Body Snatchers,1956,,73/100,0,0,1,0,0
4832,4833,Frailty,2001,18+,73/100,0,0,1,0,0
4833,4834,Julie & Julia,2009,13+,73/100,0,0,1,0,0
4834,4835,Guess Who's Coming to Dinner,1967,,73/100,0,0,1,0,0
4835,4836,Troll Hunter,2010,13+,73/100,0,0,1,0,0
4836,4837,Grizzly Man,2005,18+,73/100,0,0,1,0,0
4837,4838,The 39 Steps,1935,,73/100,0,0,1,0,0
4838,4839,The Gravedancers,2006,18+,73/100,0,0,1,0,0
4839,4840,Suspiria,2018,18+,73/100,0,0,1,0,0
4840,4841,Top Secret!,1984,7+,73/100,0,0,1,0,0
4841,4842,Get Duked!,2019,18+,73/100,0,0,1,0,0
4842,4843,Mr. Church,2016,13+,73/100,0,0,1,0,0
4843,4844,A Dark Place,2019,,73/100,0,0,1,0,0
4844,4845,Rambo: Last Blood,2019,18+,73/100,0,0,1,0,0
4845,4846,Salaam Namaste,2005,7+,73/100,0,0,1,0,0
4846,4847,Empire of Dreams: The Story of the Star Wars Trilogy,2004,,73/100,0,0,1,1,0
4847,4848,What If,2013,13+,72/100,0,0,1,0,0
4848,4849,Stop Making Sense,1984,,72/100,0,0,1,0,0
4849,4850,Ace in the Hole,1951,,72/100,0,0,1,0,0
4850,4851,Battleship Potemkin,1925,,72/100,0,0,1,0,0
4851,4852,The Salesman,2016,13+,72/100,0,0,1,0,0
4852,4853,Monsters,2010,18+,72/100,0,0,1,0,0
4853,4854,Tumhari Sulu,2017,,72/100,0,0,1,0,0
4854,4855,Super Size Me,2004,13+,72/100,0,0,1,0,0
4855,4856,Cold War,2018,18+,72/100,0,0,1,0,0
4856,4857,K.G.F: Chapter 1,2018,,72/100,0,0,1,0,0
4857,4858,Biutiful,2010,18+,72/100,0,0,1,0,0
4858,4859,Unhinged,2020,18+,72/100,0,0,1,0,0
4859,4860,Sonu Ke Titu Ki Sweety,2018,,72/100,0,0,1,0,0
4860,4861,My Favorite Season,1993,,72/100,0,0,1,0,0
4861,4862,Ali,2001,18+,72/100,0,0,1,0,0
4862,4863,Honest Thief,2020,13+,72/100,0,0,1,0,0
4863,4864,Pinocchio,2019,13+,72/100,0,0,1,1,0
4864,4865,The Vast of Night,2020,13+,72/100,0,0,1,0,0
4865,4866,Green Lantern,2011,13+,72/100,0,0,1,0,0
4866,4867,Kingpin,1996,13+,72/100,0,0,1,0,0
4867,4868,The Italian Job,1969,all,72/100,0,0,1,0,0
4868,4869,Tiger Zinda Hai,2017,7+,72/100,0,0,1,0,0
4869,4870,Shane,1953,,72/100,0,0,1,0,0
4870,4871,The Discreet Charm of the Bourgeoisie,1972,7+,72/100,0,0,1,0,0
4871,4872,The Last Castle,2001,18+,72/100,0,0,1,0,0
4872,4873,In a Lonely Place,1950,,72/100,0,0,1,0,0
4873,4874,Colombiana,2011,13+,72/100,0,0,1,0,0
4874,4875,Marie Antoinette,2006,13+,72/100,0,0,1,0,0
4875,4876,Burlesque,2010,13+,72/100,0,0,1,0,0
4876,4877,Hard Eight,1996,18+,72/100,0,0,1,0,0
4877,4878,Badrinath Ki Dulhania,2017,7+,72/100,0,0,1,0,0
4878,4879,Nick and Norah's Infinite Playlist,2008,13+,72/100,0,0,1,0,0
4879,4880,A Taxi Driver,2017,,72/100,0,0,1,0,0
4880,4881,Star Trek: Nemesis,2002,13+,72/100,0,0,1,0,0
4881,4882,The Dressmaker,2015,18+,72/100,0,0,1,0,0
4882,4883,Reign of Fire,2002,13+,72/100,0,0,1,0,0
4883,4884,Rent,2005,13+,71/100,0,0,1,0,0
4884,4885,The Quiet Man,1952,all,71/100,0,0,1,0,0
4885,4886,Vantage Point,2008,13+,71/100,0,0,1,0,0
4886,4887,Peeping Tom,1960,,71/100,0,0,1,0,0
4887,4888,The Aeronauts,2019,13+,71/100,0,0,1,0,0
4888,4889,New York,2009,,71/100,0,0,1,0,0
4889,4890,Lords of Dogtown,2005,13+,71/100,0,0,1,0,0
4890,4891,Boys,2014,,71/100,0,0,1,0,0
4891,4892,The Flaw,2011,13+,71/100,0,0,1,0,0
4892,4893,Why Did I Get Married?,2007,13+,71/100,0,0,1,0,0
4893,4894,Testament of Youth,2014,13+,71/100,0,0,1,0,0
4894,4895,The Taking of Pelham One Two Three,1974,18+,71/100,0,0,1,0,0
4895,4896,House of Sand and Fog,2003,18+,71/100,0,0,1,0,0
4896,4897,Rangasthalam,2018,13+,71/100,0,0,1,0,0
4897,4898,Vivarium,2019,18+,71/100,0,0,1,0,0
4898,4899,Goon,2012,18+,71/100,0,0,1,0,0
4899,4900,The Devil's Double,2011,18+,71/100,0,0,1,0,0
4900,4901,The Odd Couple,1968,all,70/100,0,0,1,0,0
4901,4902,The Men Who Stare at Goats,2009,18+,70/100,0,0,1,0,0
4902,4903,The Informer,2019,18+,70/100,0,0,1,0,0
4903,4904,Hector and the Search for Happiness,2014,18+,70/100,0,0,1,0,0
4904,4905,The Collector,2009,18+,70/100,0,0,1,0,0
4905,4906,"See No Evil, Hear No Evil",1989,18+,70/100,0,0,1,0,0
4906,4907,The Party,1968,7+,70/100,0,0,1,0,0
4907,4908,The Towering Inferno,1974,7+,70/100,0,0,1,0,0
4908,4909,The Grudge,2004,13+,70/100,0,0,1,0,0
4909,4910,Beowulf,2007,13+,70/100,0,0,1,0,0
4910,4911,Of Mice and Men,1992,13+,70/100,0,0,1,0,0
4911,4912,A Place in the Sun,1951,,70/100,0,0,1,0,0
4912,4913,True Grit,1969,all,70/100,0,0,1,0,0
4913,4914,Unsane,2018,18+,70/100,0,0,1,0,0
4914,4915,Lucky,2017,,70/100,0,0,1,0,0
4915,4916,Tickled,2016,18+,70/100,0,0,1,0,0
4916,4917,The Last Unicorn,1982,all,70/100,0,0,1,0,0
4917,4918,The Neon Demon,2016,18+,70/100,0,0,1,0,0
4918,4919,The Last Black Man in San Francisco,2019,18+,70/100,0,0,1,0,0
4919,4920,The Ghost and the Darkness,1996,18+,70/100,0,0,1,0,0
4920,4921,Two Night Stand,2014,18+,70/100,0,0,1,0,0
4921,4922,Coming 2 America,2021,13+,70/100,0,0,1,0,0
4922,4923,Searching for Bobby Fischer,1993,7+,70/100,0,0,1,0,0
4923,4924,Becoming Cary Grant,2017,7+,70/100,0,0,1,0,0
4924,4925,Hummingbird,2013,18+,70/100,0,0,1,0,0
4925,4926,Little Big Man,1970,16+,70/100,0,0,1,0,0
4926,4927,The Lady from Shanghai,1947,,70/100,0,0,1,0,0
4927,4928,Fist of Fury,1972,18+,69/100,0,0,1,0,0
4928,4929,Fanboys,2009,13+,69/100,0,0,1,0,0
4929,4930,The Monster Squad,1987,13+,69/100,0,0,1,0,0
4930,4931,Uncle Tom,2020,all,69/100,0,0,1,0,0
4931,4932,Candy,2006,18+,69/100,0,0,1,0,0
4932,4933,Europa Report,2013,13+,69/100,0,0,1,0,0
4933,4934,My Man Godfrey,1936,,69/100,0,0,1,0,0
4934,4935,Romeo and Juliet,1968,7+,69/100,0,0,1,0,0
4935,4936,Irrational Man,2015,18+,69/100,0,0,1,0,0
4936,4937,Before I Go to Sleep,2014,18+,69/100,0,0,1,0,0
4937,4938,Miss Pettigrew Lives for a Day,2008,13+,69/100,0,0,1,0,0
4938,4939,The Uninvited,2009,13+,69/100,0,0,1,0,0
4939,4940,The Ladykillers,2004,18+,69/100,0,0,1,0,0
4940,4941,The Map of Tiny Perfect Things,2021,13+,69/100,0,0,1,0,0
4941,4942,House of 1000 Corpses,2003,18+,69/100,0,0,1,0,0
4942,4943,30 Minutes or Less,2011,16+,69/100,0,0,1,0,0
4943,4944,Lara Croft: Tomb Raider - The Cradle of Life,2003,13+,69/100,0,0,1,0,0
4944,4945,Ek Tha Tiger,2012,13+,69/100,0,0,1,0,0
4945,4946,StreetDance 3D,2010,13+,69/100,0,0,1,0,0
4946,4947,Phantasm,1979,18+,69/100,0,0,1,0,0
4947,4948,Café Society,2016,13+,69/100,0,0,1,0,0
4948,4949,The Green Hornet,2011,13+,69/100,0,0,1,0,0
4949,4950,Small Soldiers,1998,13+,69/100,0,0,1,0,0
4950,4951,Danger Close: The Battle of Long Tan,2019,18+,69/100,0,0,1,0,0
4951,4952,Bringing Out the Dead,1999,18+,69/100,0,0,1,0,0
4952,4953,Chisholm '72: Unbought & Unbossed,2004,,69/100,0,0,1,0,0
4953,4954,Unlocked,2017,18+,69/100,0,0,1,0,0
4954,4955,Funny Girl,1968,all,69/100,0,0,1,0,0
4955,4956,Pawn Sacrifice,2015,13+,69/100,0,0,1,0,0
4956,4957,Newton,2017,,69/100,0,0,1,0,0
4957,4958,Rewind,2019,,69/100,0,0,1,0,0
4958,4959,Dhoom,2004,7+,69/100,0,0,1,0,0
4959,4960,The Three Burials of Melquiades Estrada,2005,18+,69/100,0,0,1,0,0
4960,4961,Open Season,2006,7+,69/100,0,0,1,0,0
4961,4962,The Limey,1999,18+,69/100,0,0,1,0,0
4962,4963,Uncle Frank,2020,18+,69/100,0,0,1,0,0
4963,4964,Come and Get It,1936,,69/100,0,0,1,0,0
4964,4965,The Miseducation of Cameron Post,2018,,69/100,0,0,1,0,0
4965,4966,Bad Lieutenant,1992,18+,69/100,0,0,1,0,0
4966,4967,The Loved Ones,2009,18+,69/100,0,0,1,0,0
4967,4968,City Island,2009,13+,69/100,0,0,1,0,0
4968,4969,Tom Clancy's Without Remorse,2021,18+,69/100,0,0,1,0,0
4969,4970,A Rainy Day in New York,2019,13+,68/100,0,0,1,0,0
4970,4971,Veer-Zaara,2004,7+,68/100,0,0,1,0,0
4971,4972,A Brilliant Young Mind,2014,13+,68/100,0,0,1,0,0
4972,4973,The Family Stone,2005,13+,68/100,0,0,1,0,0
4973,4974,Funny Face,1957,,68/100,0,0,1,0,0
4974,4975,My Name Is Nobody,1973,7+,68/100,0,0,1,0,0
4975,4976,John Dies at the End,2012,18+,68/100,0,0,1,0,0
4976,4977,Æon Flux,2005,13+,68/100,0,0,1,0,0
4977,4978,To Rome with Love,2012,18+,68/100,0,0,1,0,0
4978,4979,Iron Sky,2012,18+,68/100,0,0,1,0,0
4979,4980,Sky Captain and the World of Tomorrow,2004,7+,68/100,0,0,1,0,0
4980,4981,Life in a Year,2020,13+,68/100,0,0,1,0,0
4981,4982,The Spanish Prisoner,1998,7+,68/100,0,0,1,0,0
4982,4983,Centurion,2010,18+,68/100,0,0,1,0,0
4983,4984,Theeran Adhigaaram Ondru,2017,18+,68/100,0,0,1,0,0
4984,4985,Sarbjit,2016,,68/100,0,0,1,0,0
4985,4986,Courageous,2011,13+,68/100,0,0,1,0,0
4986,4987,Sólo con tu pareja,1992,,68/100,0,0,1,0,0
4987,4988,The 36th Chamber of Shaolin,1978,18+,68/100,0,0,1,0,0
4988,4989,Narc,2002,18+,68/100,0,0,1,0,0
4989,4990,The Lady in the Van,2015,13+,68/100,0,0,1,0,0
4990,4991,Author: The JT LeRoy Story,2016,18+,68/100,0,0,1,0,0
4991,4992,Life Itself,2018,18+,68/100,0,0,1,0,0
4992,4993,An Inspector Calls,2015,7+,68/100,0,0,1,0,0
4993,4994,The Shootist,1976,7+,68/100,0,0,1,0,0
4994,4995,The House Bunny,2008,13+,68/100,0,0,1,0,0
4995,4996,Archive,2020,18+,68/100,0,0,1,0,0
4996,4997,Frozen River,2008,18+,68/100,0,0,1,0,0
4997,4998,The Whistleblower,2010,18+,68/100,0,0,1,0,0
4998,4999,The Accused,1988,18+,68/100,0,0,1,0,0
4999,5000,How to Steal a Dog,2014,,68/100,0,0,1,0,0
5000,5001,In Order of Disappearance,2014,18+,68/100,0,0,1,0,0