,ID,Title,Year,Age,Rotten Tomatoes,Netflix,Hulu,Prime Video,Disney+,Type
6761,6762,God's Compass,2016,,47/100,0,0,1,0,0
6762,6763,Nobody,2007,,47/100,0,0,1,0,0
6763,6764,Camino,2016,18+,47/100,0,0,1,0,0
6764,6765,The Conclave,2006,,47/100,0,0,1,0,0
6765,6766,The Mystery of Agatha Christie with David Suchet,2013,,47/100,0,0,1,0,0
6766,6767,My Neighbor’s Wife,2011,13+,47/100,0,0,1,0,0
6767,6768,Local Legends,2013,,47/100,0,0,1,0,0
6768,6769,Change in the Air,2018,7+,47/100,0,0,1,0,0
6769,6770,The Hike,2011,18+,47/100,0,0,1,0,0
6770,6771,Jean of the Joneses,2016,,47/100,0,0,1,0,0
6771,6772,Eye of the Beholder: The Art of Dungeons & Dragons,2018,,47/100,0,0,1,0,0
6772,6773,The Saturn V Story,2014,,47/100,0,0,1,0,0
6773,6774,The Silent Mountain,2014,,47/100,0,0,1,0,0
6774,6775,David,2013,,47/100,0,0,1,0,0
6775,6776,Ostatni ludzie Czarnobyla,2018,,47/100,0,0,1,0,0
6776,6777,Winds of the Wasteland,1936,,47/100,0,0,1,0,0
6777,6778,4/20 Massacre,2018,18+,47/100,0,0,1,0,0
6778,6779,Avida,2006,,47/100,0,0,1,0,0
6779,6780,Toxic Shark,2017,16+,47/100,0,0,1,0,0
6780,6781,Stalled,2013,,47/100,0,0,1,0,0
6781,6782,"The Doctor, The Tornado & The Kentucky Kid",2006,,47/100,0,0,1,0,0
6782,6783,Out of the Wild,2017,,47/100,0,0,1,0,0
6783,6784,1999 Madeleine,1999,,47/100,0,0,1,0,0
6784,6785,Gunday,2014,,47/100,0,0,1,0,0
6785,6786,Les invités de mon père,2010,,47/100,0,0,1,0,0
6786,6787,Story Of Queen: Mercury Rising,2011,,47/100,0,0,1,0,0
6787,6788,The Crystal Ball,1943,,47/100,0,0,1,0,0
6788,6789,A Hitman in London,2015,18+,47/100,0,0,1,0,0
6789,6790,Nene Raju Nene Mantri,2017,,47/100,0,0,1,0,0
6790,6791,Redeemer,2014,,47/100,0,0,1,0,0
6791,6792,Dwayne Perkins: Take Note,2016,18+,47/100,0,0,1,0,0
6792,6793,Most Likely to Succeed,2019,16+,47/100,0,0,1,0,0
6793,6794,Adventures of Power,2008,13+,47/100,0,0,1,0,0
6794,6795,A To Zeppelin: The Story Of Led Zeppelin,2004,,47/100,0,0,1,0,0
6795,6796,I'll Take Sweden,1965,,47/100,0,0,1,0,0
6796,6797,The Puppetoon Movie,1987,all,47/100,0,0,1,0,0
6797,6798,The Great War,2019,18+,47/100,0,0,1,0,0
6798,6799,Stash House,2012,18+,47/100,0,0,1,0,0
6799,6800,Bloody Knuckles,2014,18+,47/100,0,0,1,0,0
6800,6801,Jungle Shuffle,2014,,47/100,0,0,1,0,0
6801,6802,Oklahoma Crude,1973,7+,47/100,0,0,1,0,0
6802,6803,Robert,2015,,47/100,0,0,1,0,0
6803,6804,"Spirits of the Air, Gremlins of the Clouds",1989,,47/100,0,0,1,0,0
6804,6805,Kickin' It Old Skool,2007,13+,47/100,0,0,1,0,0
6805,6806,Eugene Mirman: Vegan on His Way to the Complain Store,2015,,47/100,0,0,1,0,0
6806,6807,Journey to Royal: A WWII Rescue Mission,2021,,47/100,0,0,1,0,0
6807,6808,Margaret Cho: PsyCHO,2015,18+,47/100,0,0,1,0,0
6808,6809,Heartbeats,2017,7+,47/100,0,0,1,0,0
6809,6810,Tom Sawyer & Huckleberry Finn,2014,13+,47/100,0,0,1,0,0
6810,6811,Almost Sunrise,2017,13+,47/100,0,0,1,0,0
6811,6812,Penguin,2020,,47/100,0,0,1,0,0
6812,6813,Bazodee,2016,13+,47/100,0,0,1,0,0
6813,6814,There Is Many Like Us,2015,13+,47/100,0,0,1,0,0
6814,6815,The Night Crew,2015,,47/100,0,0,1,0,0
6815,6816,The First American,2016,,47/100,0,0,1,0,0
6816,6817,Stone Pillow,1985,,47/100,0,0,1,0,0
6817,6818,What Happens Next,2011,,47/100,0,0,1,0,0
6818,6819,The Smell of Success,2009,13+,47/100,0,0,1,0,0
6819,6820,Against a Crooked Sky,1975,all,47/100,0,0,1,0,0
6820,6821,Midnight,1934,,47/100,0,0,1,0,0
6821,6822,American Tragedy,2019,,47/100,0,0,1,0,0
6822,6823,Never Let Go,2015,18+,47/100,0,0,1,0,0
6823,6824,They Come to America IV: Immigration & Politics,2020,,47/100,0,0,1,0,0
6824,6825,The Girl Is in Trouble,2015,,47/100,0,0,1,0,0
6825,6826,Gamera vs. Viras,1968,,47/100,0,0,1,0,0
6826,6827,Ned Kelly,1970,7+,47/100,0,0,1,0,0
6827,6828,Tracktown,2017,,47/100,0,0,1,0,0
6828,6829,BloodRayne: The Third Reich,2010,18+,47/100,0,0,1,0,0
6829,6830,The Silver Brumby,1993,all,47/100,0,0,1,0,0
6830,6831,We Think the World of You,1988,7+,47/100,0,0,1,0,0
6831,6832,Black Field,2009,,47/100,0,0,1,0,0
6832,6833,Konga,1961,,47/100,0,0,1,0,0
6833,6834,The Eternal,1998,18+,47/100,0,0,1,0,0
6834,6835,Consumed,2015,,47/100,0,0,1,0,0
6835,6836,Mere Dad Ki Maruti,2013,all,47/100,0,0,1,0,0
6836,6837,Revenge for Jolly!,2012,18+,47/100,0,0,1,0,0
6837,6838,The Days of Noah Part 1: The Flood,2019,,47/100,0,0,1,0,0
6838,6839,Journey Together,1945,,47/100,0,0,1,0,0
6839,6840,El Crazy Che,2015,,47/100,0,0,1,0,0
6840,6841,Wrangler: Anatomy of an Icon,2008,,47/100,0,0,1,0,0
6841,6842,Imaginary Friend,2012,13+,47/100,0,0,1,0,0
6842,6843,Udhayam NH4,2013,7+,47/100,0,0,1,0,0
6843,6844,A Haunting On Dice Road 2: Town of the Dead,2017,,47/100,0,0,1,0,0
6844,6845,Kempe Gowda,2011,,47/100,0,0,1,0,0
6845,6846,Reunion,2020,,47/100,0,0,1,0,0
6846,6847,Confession,2005,18+,47/100,0,0,1,0,0
6847,6848,Secretly (Chori Chori),1956,,47/100,0,0,1,0,0
6848,6849,Steve Trevino: 'Til Death,2019,,47/100,0,0,1,0,0
6849,6850,Spirit of the Pony Express,2012,,47/100,0,0,1,0,0
6850,6851,Four,2013,18+,47/100,0,0,1,0,0
6851,6852,Sweet Home Carolina,2017,,47/100,0,0,1,0,0
6852,6853,Long Lost Son,2006,7+,47/100,0,0,1,0,0
6853,6854,Lift Me Up,2015,,47/100,0,0,1,0,0
6854,6855,The Ambassador's Daughter,1956,,47/100,0,0,1,0,0
6855,6856,Carrie's War,2004,,47/100,0,0,1,0,0
6856,6857,Mahler on the Couch,2010,,47/100,0,0,1,0,0
6857,6858,Shola Aur Shabnam,1992,,47/100,0,0,1,0,0
6858,6859,All Stars,2014,7+,47/100,0,0,1,0,0
6859,6860,N.T.R: Kathanayakudu,2019,,47/100,0,0,1,0,0
6860,6861,A World Away,2019,13+,47/100,0,0,1,0,0
6861,6862,Like Arrows,2018,,47/100,0,0,1,0,0
6862,6863,Caught Up,1998,18+,47/100,0,0,1,0,0
6863,6864,Until September,1984,18+,47/100,0,0,1,0,0
6864,6865,Allies,2014,,47/100,0,0,1,0,0
6865,6866,Baabul,2006,all,47/100,0,0,1,0,0
6866,6867,Road Dogz,2002,18+,47/100,0,0,1,0,0
6867,6868,Loyalty & Respect,2006,,47/100,0,0,1,0,0
6868,6869,The 41–Year–Old Virgin Who Knocked Up Sarah Marshall and Felt Superbad About It,2010,18+,47/100,0,0,1,0,0
6869,6870,The Man From Utah,1934,all,47/100,0,0,1,0,0
6870,6871,Gog,1954,,47/100,0,0,1,0,0
6871,6872,Ghost Team One,2013,18+,47/100,0,0,1,0,0
6872,6873,Slipstream,2005,18+,47/100,0,0,1,0,0
6873,6874,Honeymoon,2013,,47/100,0,0,1,0,0
6874,6875,Shotgun,1955,,47/100,0,0,1,0,0
6875,6876,Home Invasion,2012,13+,47/100,0,0,1,0,0
6876,6877,Snakes and Earrings,2008,,47/100,0,0,1,0,0
6877,6878,Tormented,1960,,47/100,0,0,1,0,0
6878,6879,Home Sweet Home,2020,7+,47/100,0,0,1,0,0
6879,6880,Ukraine Is Not a Brothel,2013,,47/100,0,0,1,0,0
6880,6881,Silas Marner,1985,,47/100,0,0,1,0,0
6881,6882,Walter Williams: Suffer No Fools,2014,,47/100,0,0,1,0,0
6882,6883,Cafe Society,1997,18+,47/100,0,0,1,0,0
6883,6884,The Perfect Daughter,2016,16+,47/100,0,0,1,0,0
6884,6885,Our Mighty Yaya,2017,,46/100,0,0,1,0,0
6885,6886,The Trumpet Of The Swan,2001,all,46/100,0,0,1,0,0
6886,6887,Delightfully Dangerous,1945,,46/100,0,0,1,0,0
6887,6888,My Brother's Keeper,2021,13+,46/100,0,0,1,0,0
6888,6889,Hostile Border,2015,18+,46/100,0,0,1,0,0
6889,6890,Brad Williams: Fun Size,2015,18+,46/100,0,0,1,0,0
6890,6891,Pride and Prejudice - A New Musical,2020,,46/100,0,0,1,0,0
6891,6892,Dominick Dunne: After the Party,2008,,46/100,0,0,1,0,0
6892,6893,Joni,1979,all,46/100,0,0,1,0,0
6893,6894,These Streets We Haunt,2021,,46/100,0,0,1,0,0
6894,6895,The Fight Within,2016,13+,46/100,0,0,1,0,0
6895,6896,Soul to Keep,2018,,46/100,0,0,1,0,0
6896,6897,Beatles Stories,2011,,46/100,0,0,1,0,0
6897,6898,Resistance,2003,18+,46/100,0,0,1,0,0
6898,6899,Red Rover,2018,,46/100,0,0,1,0,0
6899,6900,Top Dog,1995,13+,46/100,0,0,1,0,0
6900,6901,The Age of Blood,2017,,46/100,0,0,1,0,0
6901,6902,Sweet Sunshine,2020,,46/100,0,0,1,0,0
6902,6903,The Interpreters,2018,13+,46/100,0,0,1,0,0
6903,6904,Born to the West,1937,all,46/100,0,0,1,0,0
6904,6905,Steps,2021,,46/100,0,0,1,0,0
6905,6906,Millie,1931,,46/100,0,0,1,0,0
6906,6907,Kaloori,2007,,46/100,0,0,1,0,0
6907,6908,Gharana Mogudu,1992,,46/100,0,0,1,0,0
6908,6909,Adam Ferrara: Funny As Hell,2009,,46/100,0,0,1,0,0
6909,6910,Echoes of Fear,2018,,46/100,0,0,1,0,0
6910,6911,The Sign of Four,1983,,46/100,0,0,1,0,0
6911,6912,306 Hollywood,2018,,46/100,0,0,1,0,0
6912,6913,We Still Say Grace,2020,,46/100,0,0,1,0,0
6913,6914,A Christmas Recipe for Romance,2019,all,46/100,0,0,1,0,0
6914,6915,Stan Lee Presents: Mosaic,2007,7+,46/100,0,0,1,0,0
6915,6916,Doll Face,1945,,46/100,0,0,1,0,0
6916,6917,National Lampoon's The Legend of Awesomest Maximus,2011,18+,46/100,0,0,1,0,0
6917,6918,The Wild Horse Redemption,2007,,46/100,0,0,1,0,0
6918,6919,Faan's Train,2014,,46/100,0,0,1,0,0
6919,6920,Omega Doom,1996,13+,46/100,0,0,1,0,0
6920,6921,Curse of the Mayans,2017,,46/100,0,0,1,0,0
6921,6922,Intern,2000,18+,46/100,0,0,1,0,0
6922,6923,Blue Steel,1934,all,46/100,0,0,1,0,0
6923,6924,Eternally Yours,1939,,46/100,0,0,1,0,0
6924,6925,Wah-Wah,2005,18+,46/100,0,0,1,0,0
6925,6926,The Rise & Fall of Penn Station,2004,7+,46/100,0,0,1,0,0
6926,6927,The Perfect Weapon,2016,13+,46/100,0,0,1,0,0
6927,6928,"Good Morning, Killer",2011,16+,46/100,0,0,1,0,0
6928,6929,Bob the Drag Queen: Suspiciously Large Woman,2017,18+,46/100,0,0,1,0,0
6929,6930,Expiry,2021,,46/100,0,0,1,0,0
6930,6931,The Hairy Ape,1944,,46/100,0,0,1,0,0
6931,6932,Raffles,1939,,46/100,0,0,1,0,0
6932,6933,Olympia,2018,16+,46/100,0,0,1,0,0
6933,6934,Ear Buds: The Podcasting Documentary,2016,,46/100,0,0,1,0,0
6934,6935,Cry Uncle!,1971,18+,46/100,0,0,1,0,0
6935,6936,Motives 2,2007,18+,46/100,0,0,1,0,0
6936,6937,Luckytown,2000,18+,46/100,0,0,1,0,0
6937,6938,Remington and the Curse of the Zombadings,2011,,46/100,0,0,1,0,0
6938,6939,Without a Paddle: Nature's Calling,2009,13+,46/100,0,0,1,0,0
6939,6940,No Greater Love,2017,16+,46/100,0,0,1,0,0
6940,6941,Vampire Dog,2012,all,46/100,0,0,1,0,0
6941,6942,The Manster,1959,,46/100,0,0,1,0,0
6942,6943,The Ride,1997,7+,46/100,0,0,1,0,0
6943,6944,Maria Bamford: Weakness Is the Brand,2020,,46/100,0,0,1,0,0
6944,6945,Elipsis,2006,,46/100,0,0,1,0,0
6945,6946,Rapid Response,2019,13+,46/100,0,0,1,0,0
6946,6947,Andrew Dice Clay: One Night with Dice,1987,18+,46/100,0,0,1,0,0
6947,6948,Fireman Sam: The Great Fire of Pontypandy,2010,,46/100,0,0,1,0,0
6948,6949,Living the Change: Inspiring Stories for a Sustainable Future,2018,,46/100,0,0,1,0,0
6949,6950,Chris Porter: A Man From Kansas,2019,,46/100,0,0,1,0,0
6950,6951,Unspeakable,2017,,46/100,0,0,1,0,0
6951,6952,Mark & Russell's Wild Ride,2015,,46/100,0,0,1,0,0
6952,6953,Azorian: The Raising of the K-129,2011,7+,46/100,0,0,1,0,0
6953,6954,Arrowhead,1953,,46/100,0,0,1,0,0
6954,6955,Romeo Ranjha,2014,,46/100,0,0,1,0,0
6955,6956,The Work and the Glory,2004,7+,46/100,0,0,1,0,0
6956,6957,Physical Graffiti: A Classic Album Under Review,2008,,46/100,0,0,1,0,0
6957,6958,Teenage Bank Heist,2012,16+,46/100,0,0,1,0,0
6958,6959,Late Bloomers,1996,,46/100,0,0,1,0,0
6959,6960,Bewakoofiyaan,2014,7+,46/100,0,0,1,0,0
6960,6961,ETs Among Us: UFO Witnesses and Whistleblowers,2016,,46/100,0,0,1,0,0
6961,6962,Three Guys Named Mike,1951,,46/100,0,0,1,0,0
6962,6963,Miracle in the Woods,1997,7+,46/100,0,0,1,0,0
6963,6964,The Legend of Sarila,2013,7+,46/100,0,0,1,0,0
6964,6965,Dennis Hopper: Uneasy Rider,2016,,46/100,0,0,1,0,0
6965,6966,The Race Underground,2017,,46/100,0,0,1,0,0
6966,6967,Steve Byrne: The Byrne Identity,2010,13+,46/100,0,0,1,0,0
6967,6968,The Wrong Car,2016,13+,46/100,0,0,1,0,0
6968,6969,Karma,2015,,46/100,0,0,1,0,0
6969,6970,Apocalypse Soon: The Making of 'Citizen Toxie',2002,,46/100,0,0,1,0,0
6970,6971,Joey Coco Diaz: Sociably UnAcceptable,2016,,46/100,0,0,1,0,0
6971,6972,#Lucky Number,2015,16+,46/100,0,0,1,0,0
6972,6973,Heterosexual Jill,2013,,46/100,0,0,1,0,0
6973,6974,Cocaine Prison,2019,,46/100,0,0,1,0,0
6974,6975,Noor,2017,,46/100,0,0,1,0,0
6975,6976,El Gringo,2012,18+,46/100,0,0,1,0,0
6976,6977,Flight of Fury,2007,18+,46/100,0,0,1,0,0
6977,6978,Doe,2018,18+,46/100,0,0,1,0,0
6978,6979,Ice,1998,13+,46/100,0,0,1,0,0
6979,6980,The Dragon Pearl,2011,7+,46/100,0,0,1,0,0
6980,6981,Morgan Murphy: Irish Goodbye,2014,,46/100,0,0,1,0,0
6981,6982,The Uncomfortable Truth,2018,13+,46/100,0,0,1,0,0
6982,6983,The Immortalists,2014,,46/100,0,0,1,0,0
6983,6984,The Great Alligator,1979,,46/100,0,0,1,0,0
6984,6985,My Last Love,1999,7+,46/100,0,0,1,0,0
6985,6986,Queens and Cowboys: A Straight Year on the Gay Rodeo,2014,,46/100,0,0,1,0,0
6986,6987,Come Out Fighting,2016,18+,46/100,0,0,1,0,0
6987,6988,Hitler's SS: Portrait In Evil,1985,,46/100,0,0,1,0,0
6988,6989,Hell Commandos,1969,,46/100,0,0,1,0,0
6989,6990,Acquainted,2019,13+,46/100,0,0,1,0,0
6990,6991,The Heiress,2021,18+,46/100,0,0,1,0,0
6991,6992,Apple of My Eye,2017,7+,46/100,0,0,1,0,0
6992,6993,Sankashta Kara Ganapathi,2018,,46/100,0,0,1,0,0
6993,6994,Attack Force,2006,18+,46/100,0,0,1,0,0
6994,6995,A Girl's Best Friend,2015,,46/100,0,0,1,0,0
6995,6996,Life with Murder,2010,,46/100,0,0,1,0,0
6996,6997,Skills Like This,2007,,46/100,0,0,1,0,0
6997,6998,Gen-Y Cops,2000,18+,46/100,0,0,1,0,0
6998,6999,Sahil Shah's: Childish Behaviour,2018,,46/100,0,0,1,0,0
6999,7000,Third Eye Spies,2019,,46/100,0,0,1,0,0
7000,7001,The Trojan Horse,1961,,46/100,0,0,1,0,0
7001,7002,Dudes & Dragons,2015,,46/100,0,0,1,0,0
7002,7003,Nevada,1944,,46/100,0,0,1,0,0
7003,7004,Martin Lawrence Doin’ Time,2016,,46/100,0,0,1,0,0
7004,7005,Prisoner Number A26188: Henia Bryer,2015,,46/100,0,0,1,0,0
7005,7006,Trump: The Art of the Insult,2018,,46/100,0,0,1,0,0
7006,7007,Little Murder,2011,18+,46/100,0,0,1,0,0
7007,7008,Flight 666,2018,,46/100,0,0,1,0,0
7008,7009,In the Dark Half,2012,,46/100,0,0,1,0,0
7009,7010,All She Wishes,2015,,46/100,0,0,1,0,0
7010,7011,Yellow Colt,2014,,46/100,0,0,1,0,0
7011,7012,Lazarus,2021,,46/100,0,0,1,0,0
7012,7013,Shackles,2005,18+,46/100,0,0,1,0,0
7013,7014,The Vampire Happening,1971,,46/100,0,0,1,0,0
7014,7015,"Blood, Sand & Gold",2017,16+,46/100,0,0,1,0,0
7015,7016,Finding Grace,2020,,46/100,0,0,1,0,0
7016,7017,Ghost in the Graveyard,2019,,46/100,0,0,1,0,0
7017,7018,Anthem of a Teenage Prophet,2019,18+,46/100,0,0,1,0,0
7018,7019,Inside Out,2005,,46/100,0,0,1,1,0
7019,7020,The Wedding Night,1935,,46/100,0,0,1,0,0
7020,7021,10 Cent Pistol,2014,18+,46/100,0,0,1,0,0
7021,7022,Naples '44,2016,,45/100,0,0,1,0,0
7022,7023,Muay Thai Giant,2008,18+,45/100,0,0,1,0,0
7023,7024,Girlfriends of Christmas Past,2016,all,45/100,0,0,1,0,0
7024,7025,Taking 5,2007,7+,45/100,0,0,1,0,0
7025,7026,Supercon,2018,18+,45/100,0,0,1,0,0
7026,7027,Salmonberries,1991,18+,45/100,0,0,1,0,0
7027,7028,Who's Your Caddy?,2007,13+,45/100,0,0,1,0,0
7028,7029,Sugar Daddies,2014,7+,45/100,0,0,1,0,0
7029,7030,The Over-the-Hill Gang Rides Again,1970,13+,45/100,0,0,1,0,0
7030,7031,Pride of the Bowery,1940,all,45/100,0,0,1,0,0
7031,7032,Leading Lady,2014,,45/100,0,0,1,0,0
7032,7033,A Company Of Heroes,2012,,45/100,0,0,1,0,0
7033,7034,Night Skies,2007,18+,45/100,0,0,1,0,0
7034,7035,Keeping the Promise,1997,,45/100,0,0,1,0,0
7035,7036,Warriors of the Year 2072,1984,,45/100,0,0,1,0,0
7036,7037,Urvi,2017,,45/100,0,0,1,0,0
7037,7038,Saved by Grace,2016,7+,45/100,0,0,1,0,0
7038,7039,Survival of the Film Freaks,2018,,45/100,0,0,1,0,0
7039,7040,Stalking Chernobyl: Exploration After Apocalypse,2020,,45/100,0,0,1,0,0
7040,7041,12 Dog Days Till Christmas,2014,,45/100,0,0,1,0,0
7041,7042,A Christmas Princess,2019,7+,45/100,0,0,1,0,0
7042,7043,Flesh Eating Mothers,1988,18+,45/100,0,0,1,0,0
7043,7044,The Patchwork Girl of Oz,1914,,45/100,0,0,1,0,0
7044,7045,Ghost,2020,,45/100,0,0,1,0,0
7045,7046,Hank and Mike,2008,18+,45/100,0,0,1,0,0
7046,7047,Doors Open,2012,16+,45/100,0,0,1,0,0
7047,7048,The Over-the-Hill Gang,1969,13+,45/100,0,0,1,0,0
7048,7049,Welcome to Kutsher's: The Last Catskills Resort,2012,,45/100,0,0,1,0,0
7049,7050,French Biriyani,2020,,45/100,0,0,1,0,0
7050,7051,Reclusion,2016,,45/100,0,0,1,0,0
7051,7052,Remember the Sultana,2018,,45/100,0,0,1,0,0
7052,7053,Messenger on a White Horse,2017,,45/100,0,0,1,0,0
7053,7054,Hesburgh,2019,,45/100,0,0,1,0,0
7054,7055,An English Haunting,2020,13+,45/100,0,0,1,0,0
7055,7056,Wodehouse In Exile,2013,,45/100,0,0,1,0,0
7056,7057,Out of Liberty,2019,7+,45/100,0,0,1,0,0
7057,7058,Gone Missing,2013,7+,45/100,0,0,1,0,0
7058,7059,Anjelah Johnson: The Homecoming Show,2013,,45/100,0,0,1,0,0
7059,7060,U.F.O.,2012,18+,45/100,0,0,1,0,0
7060,7061,Gold Star,2016,,45/100,0,0,1,0,0
7061,7062,The Chef's Wife,2014,7+,45/100,0,0,1,0,0
7062,7063,Madha,2020,,45/100,0,0,1,0,0
7063,7064,Va,2010,,45/100,0,0,1,0,0
7064,7065,A Haunting in Georgia,2001,,45/100,0,0,1,0,0
7065,7066,The Farmer and the Belle: Saving Santaland,2020,,45/100,0,0,1,0,0
7066,7067,On the Trail of Bigfoot- The Search,2020,,45/100,0,0,1,0,0
7067,7068,Andaaz,2003,,45/100,0,0,1,0,0
7068,7069,Bryan Callen: Never Grow Up,2016,18+,45/100,0,0,1,0,0
7069,7070,White Fire,1984,18+,45/100,0,0,1,0,0
7070,7071,Gallagher: the Bookkeeper,1985,,45/100,0,0,1,0,0
7071,7072,The Sundowners,1950,,45/100,0,0,1,0,0
7072,7073,Sprinter,2019,,45/100,0,0,1,0,0
7073,7074,Chocolate City,2015,18+,45/100,0,0,1,0,0
7074,7075,Wandering Eye,2011,13+,45/100,0,0,1,0,0
7075,7076,"Bruce Lee: The Man, The Myth",1976,18+,45/100,0,0,1,0,0
7076,7077,Grateful Dawg,2000,13+,45/100,0,0,1,0,0
7077,7078,The Adventures of RoboRex,2014,7+,45/100,0,0,1,0,0
7078,7079,Rodeo and Juliet,2015,,45/100,0,0,1,0,0
7079,7080,Debug,2014,13+,45/100,0,0,1,0,0
7080,7081,My Beautiful Bride,2021,,45/100,0,0,1,0,0
7081,7082,Volcanic UFO Mysteries,2021,,45/100,0,0,1,0,0
7082,7083,What if it Works?,2017,18+,45/100,0,0,1,0,0
7083,7084,Loafer,1973,,45/100,0,0,1,0,0
7084,7085,Marriage of Lies,2016,7+,45/100,0,0,1,0,0
7085,7086,Manhattan Undying,2016,,45/100,0,0,1,0,0
7086,7087,Kiltro,2006,,45/100,0,0,1,0,0
7087,7088,Casual Encounters,2016,18+,45/100,0,0,1,0,0
7088,7089,Jhoom Barabar Jhoom,2007,13+,45/100,0,0,1,0,0
7089,7090,The McMasters,1970,,45/100,0,0,1,0,0
7090,7091,Circle of Two,1981,7+,45/100,0,0,1,0,0
7091,7092,Floating City,2012,,45/100,0,0,1,0,0
7092,7093,Street of No Return,1989,,45/100,0,0,1,0,0
7093,7094,Fanney Khan,2018,,45/100,0,0,1,0,0
7094,7095,Missing Mom,2016,,45/100,0,0,1,0,0
7095,7096,Elimination Game,2014,18+,45/100,0,0,1,0,0
7096,7097,Eddie Griffin: Undeniable,2018,7+,45/100,0,0,1,0,0
7097,7098,Apparition,2019,,45/100,0,0,1,0,0
7098,7099,Billy Gardell: Halftime,2011,16+,45/100,0,0,1,0,0
7099,7100,The Cleansing,2019,,45/100,0,0,1,0,0
7100,7101,Drunk Wedding,2015,18+,45/100,0,0,1,0,0
7101,7102,Trade Winds,1938,,45/100,0,0,1,0,0
7102,7103,Idaho The Movie,2012,,45/100,0,0,1,0,0
7103,7104,Garnet’s Gold,2014,13+,45/100,0,0,1,0,0
7104,7105,Agathe Cléry,2008,,45/100,0,0,1,0,0
7105,7106,Dushmani: A Violent Love Story,1995,,45/100,0,0,1,0,0
7106,7107,Deadlocked,2020,,45/100,0,0,1,0,0
7107,7108,Smitty,2012,7+,45/100,0,0,1,0,0
7108,7109,If These Knishes Could Talk: The Story of the NY Accent,2013,13+,45/100,0,0,1,0,0
7109,7110,Dan Cummins: Get Outta Here; Devil!,2020,,45/100,0,0,1,0,0
7110,7111,Guilty Men,2016,,45/100,0,0,1,0,0
7111,7112,I Am Watching You,2016,16+,45/100,0,0,1,0,0
7112,7113,Taqdeerwala,1995,,45/100,0,0,1,0,0
7113,7114,Bright Hill Road,2020,,45/100,0,0,1,0,0
7114,7115,Karate Warriors,1976,18+,45/100,0,0,1,0,0
7115,7116,Dino Dana: The Movie,2020,7+,45/100,0,0,1,0,0
7116,7117,The Moo Man,2013,,45/100,0,0,1,0,0
7117,7118,Spooks Run Wild,1941,,45/100,0,0,1,0,0
7118,7119,Tc Gn: Take Care Good Night,2018,,45/100,0,0,1,0,0
7119,7120,Egypt's Lost Queens,2014,13+,45/100,0,0,1,0,0
7120,7121,Safe Inside,2019,,45/100,0,0,1,0,0
7121,7122,Fairhaven,2013,,45/100,0,0,1,0,0
7122,7123,Monsieur Papa,2011,7+,45/100,0,0,1,0,0
7123,7124,Hard to Get,2014,,45/100,0,0,1,0,0
7124,7125,Falling from the Sky: Flight 174,1995,,45/100,0,0,1,0,0
7125,7126,Jaya Janaki Nayaka,2017,,45/100,0,0,1,0,0
7126,7127,My Dad's a Soccer Mom,2014,7+,45/100,0,0,1,0,0
7127,7128,Zombies Have Fallen,2017,,45/100,0,0,1,0,0
7128,7129,Cabin 28,2017,18+,45/100,0,0,1,0,0
7129,7130,Kireedam,2007,,45/100,0,0,1,0,0
7130,7131,Dohchay,2015,,45/100,0,0,1,0,0
7131,7132,By Love Possessed,1961,,45/100,0,0,1,0,0
7132,7133,The Delegation,2018,13+,45/100,0,0,1,0,0
7133,7134,Aatagadharaa Siva,2018,,45/100,0,0,1,0,0
7134,7135,Slow Burn,2000,18+,45/100,0,0,1,0,0
7135,7136,No Place to Hide: The Rehtaeh Parsons Story,2015,13+,45/100,0,0,1,0,0
7136,7137,Apache Woman,1976,,45/100,0,0,1,0,0
7137,7138,Ek Niranjan,2009,,45/100,0,0,1,0,0
7138,7139,Nervous Ticks,1992,18+,45/100,0,0,1,0,0
7139,7140,Ghosts on the Loose,1943,,45/100,0,0,1,0,0
7140,7141,Doubting Thomas,2018,18+,45/100,0,0,1,0,0
7141,7142,Loco Love,2003,7+,45/100,0,0,1,0,0
7142,7143,A Bucket of Blood,1995,18+,45/100,0,0,1,0,0
7143,7144,The Engagement Ring,2005,7+,45/100,0,0,1,0,0
7144,7145,Fighting Caravans,1931,,45/100,0,0,1,0,0
7145,7146,The Price of Fame,2017,7+,45/100,0,0,1,0,0
7146,7147,Kaafi Filmy,2019,18+,45/100,0,0,1,0,0
7147,7148,The Forbidden Dance,1990,13+,45/100,0,0,1,0,0
7148,7149,Tone Bell - Can't Cancel This,2019,18+,45/100,0,0,1,0,0
7149,7150,My 5 Wives,2000,18+,45/100,0,0,1,0,0
7150,7151,The Sleepless,2020,,45/100,0,0,1,0,0
7151,7152,Knuckle Jack,2013,,45/100,0,0,1,0,0
7152,7153,The Devil to Pay!,1930,all,45/100,0,0,1,0,0
7153,7154,Hans Christian Andersen: My Life as a Fairytale,2003,,45/100,0,0,1,0,0
7154,7155,First We Take Brooklyn,2018,18+,45/100,0,0,1,0,0
7155,7156,Hide Away,2012,13+,45/100,0,0,1,0,0
7156,7157,In Search of Doc Holliday,2016,,45/100,0,0,1,0,0
7157,7158,Katherine,1975,16+,45/100,0,0,1,0,0
7158,7159,The Speed of Thought,2011,,45/100,0,0,1,0,0
7159,7160,Bulldog Drummond,1929,,45/100,0,0,1,0,0
7160,7161,It Happened One Valentine's,2017,,45/100,0,0,1,0,0
7161,7162,Shoelaces for Christmas,2018,7+,45/100,0,0,1,0,0
7162,7163,The Hottie & The Nottie,2008,13+,45/100,0,0,1,0,0
7163,7164,Devil's Diary,2007,,45/100,0,0,1,0,0
7164,7165,Before the Revolution,2013,,45/100,0,0,1,0,0
7165,7166,Flying Elephants,1928,,45/100,0,0,1,0,0
7166,7167,Gamera vs. Zigra,1971,,45/100,0,0,1,0,0
7167,7168,I Met My Love Again,1938,,44/100,0,0,1,0,0
7168,7169,Secrets of Deception,2017,18+,44/100,0,0,1,0,0
7169,7170,Love Is a Ball,1963,,44/100,0,0,1,0,0
7170,7171,Bengal Tiger,2015,,44/100,0,0,1,0,0
7171,7172,Ferro,2020,,44/100,0,0,1,0,0
7172,7173,Paradise Canyon,1935,,44/100,0,0,1,0,0
7173,7174,Bottom Feeders,2021,,44/100,0,0,1,0,0
7174,7175,"Henry Rollins: Keep Talking, Pal.",2018,18+,44/100,0,0,1,0,0
7175,7176,Kill Order,2017,,44/100,0,0,1,0,0
7176,7177,Cameron Esposito: Marriage Material,2016,,44/100,0,0,1,0,0
7177,7178,Adolf Hitler - My Part in His Downfall,1973,,44/100,0,0,1,0,0
7178,7179,Achmed Saves America,2014,,44/100,0,0,1,0,0
7179,7180,Loving Miss Hatto,2012,16+,44/100,0,0,1,0,0
7180,7181,Blue,2018,,44/100,0,0,1,0,0
7181,7182,Madagascar Skin,1995,,44/100,0,0,1,0,0
7182,7183,Bumm Bumm Bole,2010,,44/100,0,0,1,0,0
7183,7184,The Demolitionist,1995,18+,44/100,0,0,1,0,0
7184,7185,FANG,2018,18+,44/100,0,0,1,0,0
7185,7186,Dusky Paradise,2016,,44/100,0,0,1,0,0
7186,7187,Winterset,1936,,44/100,0,0,1,0,0
7187,7188,Beyond Paradise,2015,7+,44/100,0,0,1,0,0
7188,7189,Black November,2012,13+,44/100,0,0,1,0,0
7189,7190,Mississippi Madam: The Life of Nellie Jackson,2017,,44/100,0,0,1,0,0
7190,7191,Hitler's Britain,2008,7+,44/100,0,0,1,0,0
7191,7192,The Screaming Skull,1958,,44/100,0,0,1,0,0
7192,7193,The White Bus,1967,,44/100,0,0,1,0,0
7193,7194,The Good Shepherd,2004,13+,44/100,0,0,1,0,0
7194,7195,Never Wave at a WAC,1953,,44/100,0,0,1,0,0
7195,7196,The Amish: Shunned,2014,7+,44/100,0,0,1,0,0
7196,7197,The Retrievers,2001,,44/100,0,0,1,0,0
7197,7198,Undercover with the Clerics: Iraq's Secret Sex Trade,2019,13+,44/100,0,0,1,0,0
7198,7199,7 Assassins,2013,18+,44/100,0,0,1,0,0
7199,7200,Attagasam,2004,,44/100,0,0,1,0,0
7200,7201,The Lawless Frontier,1934,,44/100,0,0,1,0,0
7201,7202,Lower Learning,2008,18+,44/100,0,0,1,0,0
7202,7203,Titeuf,2011,all,44/100,0,0,1,0,0
7203,7204,Valerie,1957,,44/100,0,0,1,0,0
7204,7205,Ninu Veedani Needanu Nene,2019,,44/100,0,0,1,0,0
7205,7206,Shadow Company,2006,13+,44/100,0,0,1,0,0
7206,7207,Luke and Lucy: The Texas Rangers,2009,7+,44/100,0,0,1,0,0
7207,7208,The Price,2017,,44/100,0,0,1,0,0
7208,7209,"Fanchon, the Cricket",1915,,44/100,0,0,1,0,0
7209,7210,Alone for Christmas,2013,all,44/100,0,0,1,0,0
7210,7211,Bob Saget: That's What I'm Talking About,2013,18+,44/100,0,0,1,0,0
7211,7212,Kingdom of Conquerors,2013,13+,44/100,0,0,1,0,0
7212,7213,Woman of Desire,1994,18+,44/100,0,0,1,0,0
7213,7214,Jun-09,2008,,44/100,0,0,1,0,0
7214,7215,Petromax,2019,,44/100,0,0,1,0,0
7215,7216,Devil's Whisper,2017,,44/100,0,0,1,0,0
7216,7217,Rock N' Roll Christmas,2019,7+,44/100,0,0,1,0,0
7217,7218,Two Wrongs,2015,16+,44/100,0,0,1,0,0
7218,7219,The Bold Caballero,1936,,44/100,0,0,1,0,0
7219,7220,Bryan Callen: Man Class,2012,18+,44/100,0,0,1,0,0
7220,7221,Our People Will Be Healed,2017,,44/100,0,0,1,0,0
7221,7222,One Great Love,2018,13+,44/100,0,0,1,0,0
7222,7223,Race 3,2018,,44/100,0,0,1,0,0
7223,7224,Howie Mandel Presents Howie Mandel at the Howie Mandel Comedy Club,2019,18+,44/100,0,0,1,0,0
7224,7225,The Christine Jorgensen Story,1970,18+,44/100,0,0,1,0,0
7225,7226,Raccoon Valley,2018,,44/100,0,0,1,0,0
7226,7227,Marrying the Mafia 2,2005,,44/100,0,0,1,0,0
7227,7228,Voyage Into Space,1970,,44/100,0,0,1,0,0
7228,7229,Nat Turner: A Troublesome Property,2003,7+,44/100,0,0,1,0,0
7229,7230,Farmland,2014,all,44/100,0,0,1,0,0
7230,7231,C.C. and Company,1970,18+,44/100,0,0,1,0,0
7231,7232,Death at a Barbecue,2017,,44/100,0,0,1,0,0
7232,7233,Mohawk,1956,7+,44/100,0,0,1,0,0
7233,7234,"Remembering Leonard: His Life, Legacy and Battle with COPD",2017,all,44/100,0,0,1,0,0
7234,7235,Vietnam: American Holocaust,2008,,44/100,0,0,1,0,0
7235,7236,Lady Death,2004,,44/100,0,0,1,0,0
7236,7237,American Experience: Rachel Carson,2017,7+,44/100,0,0,1,0,0
7237,7238,Alonzo Bodden: Heavy Lightweight,2019,,44/100,0,0,1,0,0
7238,7239,The Genesis Code,2010,7+,44/100,0,0,1,0,0
7239,7240,Trojan Eddie,1996,,44/100,0,0,1,0,0
7240,7241,Dick Winters: Hang Tough,2012,,44/100,0,0,1,0,0
7241,7242,Killing Oswald,2013,,44/100,0,0,1,0,0
7242,7243,The Night Before Christmas,1994,,44/100,0,0,1,0,0
7243,7244,Killing Jimmy Hoffa,2014,,44/100,0,0,1,0,0
7244,7245,The Black Candle,1991,,44/100,0,0,1,0,0
7245,7246,A Different Loyalty,2004,18+,44/100,0,0,1,0,0
7246,7247,Doomed to Die,1940,,44/100,0,0,1,0,0
7247,7248,A Real American Hero,1978,16+,44/100,0,0,1,0,0
7248,7249,Boonie Bears: Blast into the Past,2019,7+,44/100,0,0,1,0,0
7249,7250,Trapper Jake,2013,,44/100,0,0,1,0,0
7250,7251,Noelle,2007,7+,44/100,0,0,1,1,0
7251,7252,Tick Tock,2000,18+,44/100,0,0,1,0,0
7252,7253,Alonzo Bodden: Who's Paying Attention,2011,18+,44/100,0,0,1,0,0
7253,7254,Black Pumpkin,2020,,44/100,0,0,1,0,0
7254,7255,Mr. Wong in Chinatown,1939,,44/100,0,0,1,0,0
7255,7256,Rain Fall,2009,18+,44/100,0,0,1,0,0
7256,7257,Mikhael,2019,,44/100,0,0,1,0,0
7257,7258,Bring Me the Head of the Machine Gun Woman,2012,,44/100,0,0,1,0,0
7258,7259,"You Belong to Me: Sex, Race and Murder in the South",2015,,44/100,0,0,1,0,0
7259,7260,Henry VII: Winter King,2013,,44/100,0,0,1,0,0
7260,7261,Spooky House,2002,7+,44/100,0,0,1,0,0
7261,7262,Spring 1941,2007,18+,44/100,0,0,1,0,0
7262,7263,Raju Gari Gadhi 2,2017,18+,44/100,0,0,1,0,0
7263,7264,Licks,2013,18+,44/100,0,0,1,0,0
7264,7265,Harriet Tubman: They Called Her Moses,2018,,44/100,0,0,1,0,0
7265,7266,SS United States: Lady in Waiting,2008,all,44/100,0,0,1,0,0
7266,7267,A Stray Goat,2017,,44/100,0,0,1,0,0
7267,7268,Available,2016,,44/100,0,0,1,0,0
7268,7269,Sensitivity Training,2016,,44/100,0,0,1,0,0
7269,7270,Sidekick,2005,,44/100,0,0,1,0,0
7270,7271,Marjaavaan,2019,,44/100,0,0,1,0,0
7271,7272,Death of a Child,2017,13+,44/100,0,0,1,0,0
7272,7273,Ride Out for Revenge,1957,,44/100,0,0,1,0,0
7273,7274,Treasure State,2013,7+,44/100,0,0,1,0,0
7274,7275,Any Bullet Will Do,2019,,44/100,0,0,1,0,0
7275,7276,The Cat in the Hat Knows a Lot About Christmas!,2012,all,44/100,0,0,1,0,0
7276,7277,Lady Valor: The Kristin Beck Story,2014,,44/100,0,0,1,0,0
7277,7278,One Rainy Afternoon,1936,,44/100,0,0,1,0,0
7278,7279,Hollywood North,2004,18+,44/100,0,0,1,0,0
7279,7280,Third Contact,2013,,44/100,0,0,1,0,0
7280,7281,Ape Canyon,2021,,44/100,0,0,1,0,0
7281,7282,I Will Be Murdered,2013,,44/100,0,0,1,0,0
7282,7283,The Basket,2000,7+,44/100,0,0,1,0,0
7283,7284,A Thousand Junkies,2017,18+,44/100,0,0,1,0,0
7284,7285,Fatal Flip,2015,16+,44/100,0,0,1,0,0
7285,7286,Breakfast in Hollywood,1946,,44/100,0,0,1,0,0
7286,7287,For the Love of Money,2012,18+,44/100,0,0,1,0,0
7287,7288,The Swiss Conspiracy,1976,7+,44/100,0,0,1,0,0
7288,7289,Dog City: The Movie,1989,all,44/100,0,0,1,0,0
7289,7290,A Haunting at the Hoyt Library,2015,,44/100,0,0,1,0,0
7290,7291,Ghar,1978,,44/100,0,0,1,0,0
7291,7292,Fighting the Odds: The Marilyn Gambrell Story,2005,,44/100,0,0,1,0,0
7292,7293,"Daniel Boone, Trail Blazer",1956,all,44/100,0,0,1,0,0
7293,7294,Beast Mode,2020,18+,44/100,0,0,1,0,0
7294,7295,Barista,2015,,44/100,0,0,1,0,0
7295,7296,Vatthikuchi,2013,,44/100,0,0,1,0,0
7296,7297,Return to Paradise,1953,,44/100,0,0,1,0,0
7297,7298,Throwback Holiday,2018,,44/100,0,0,1,0,0
7298,7299,Angel of Death,1990,,44/100,0,0,1,0,0
7299,7300,Dirty Movie,2011,18+,44/100,0,0,1,0,0
7300,7301,30 Nights of Paranormal Activity With the Devil Inside the Girl With the Dragon Tattoo,2013,18+,44/100,0,0,1,0,0
7301,7302,Summer School Teachers,1974,18+,44/100,0,0,1,0,0
7302,7303,The Legend of Halloween Jack,2018,18+,44/100,0,0,1,0,0
7303,7304,Bear with Us,2016,18+,44/100,0,0,1,0,0
7304,7305,Northern Borders,2015,,44/100,0,0,1,0,0
7305,7306,Arnez J: Racially Motivated,2013,,44/100,0,0,1,0,0
7306,7307,Dracula 3000,2004,18+,44/100,0,0,1,0,0
7307,7308,'Neath Brooklyn Bridge,1942,,44/100,0,0,1,0,0
7308,7309,Winter Wedding,2017,7+,44/100,0,0,1,0,0
7309,7310,The Identity Theft of Mitch Mustain,2013,7+,44/100,0,0,1,0,0
7310,7311,The Custodian,2012,7+,44/100,0,0,1,0,0
7311,7312,A Country Christmas,2013,7+,44/100,0,0,1,0,0
7312,7313,Bells of Rosarita,1945,all,44/100,0,0,1,0,0
7313,7314,The People Across the Lake,1988,7+,44/100,0,0,1,0,0
7314,7315,Joan the Woman,1916,,44/100,0,0,1,0,0
7315,7316,Mrs. Pollifax — Spy,1971,all,44/100,0,0,1,0,0
7316,7317,The Flemish Farm,1943,,44/100,0,0,1,0,0
7317,7318,Hal Sparks: Charmageddon,2010,,44/100,0,0,1,0,0
7318,7319,Bog,1979,7+,44/100,0,0,1,0,0
7319,7320,Elyse,2020,,44/100,0,0,1,0,0
7320,7321,Hirokin: The Last Samurai,2012,18+,44/100,0,0,1,0,0
7321,7322,Clockwork Orange County,2012,,44/100,0,0,1,0,0
7322,7323,2 Years of Love,2016,,44/100,0,0,1,0,0
7323,7324,8 Days,2014,13+,44/100,0,0,1,0,0
7324,7325,The Ghost and the Whale,2016,,44/100,0,0,1,0,0
7325,7326,Remember Pearl Harbor,2016,7+,44/100,0,0,1,0,0
7326,7327,Riders in the Sky,1949,,44/100,0,0,1,0,0
7327,7328,Good Intentions,2010,13+,44/100,0,0,1,0,0
7328,7329,Hello Carter,2013,,44/100,0,0,1,0,0
7329,7330,Mehrunisa V Lub U,2017,,44/100,0,0,1,0,0
7330,7331,I Saw Mommy Kissing Santa Claus,2002,7+,44/100,0,0,1,0,0
7331,7332,An Eye for an Eye,2016,,44/100,0,0,1,0,0
7332,7333,Vitality,2012,,44/100,0,0,1,0,0
7333,7334,Sabretooth,2002,18+,44/100,0,0,1,0,0
7334,7335,Cosh Boy,1953,,44/100,0,0,1,0,0
7335,7336,Hot Money,2021,,44/100,0,0,1,0,0
7336,7337,Travis Turner,2021,,44/100,0,0,1,0,0
7337,7338,Nightingale: A Melody of Life,2021,,43/100,0,0,1,0,0
7338,7339,The Curse of Robert the Doll,2016,,43/100,0,0,1,0,0
7339,7340,Daniel Boone,1936,,43/100,0,0,1,0,0
7340,7341,Darling Nikki,2019,,43/100,0,0,1,0,0
7341,7342,The Pollinators,2019,,43/100,0,0,1,0,0
7342,7343,Cowboys vs. Dinosaurs,2015,,43/100,0,0,1,0,0
7343,7344,Miracle Dogs,2003,all,43/100,0,0,1,0,0
7344,7345,I Cover the Waterfront,1933,,43/100,0,0,1,0,0
7345,7346,"Mummy, I'm a Zombie",2014,7+,43/100,0,0,1,0,0
7346,7347,C.S. Lewis Onstage: The Most Reluctant Convert,2018,,43/100,0,0,1,0,0
7347,7348,Cold Zone,2017,13+,43/100,0,0,1,0,0
7348,7349,Useless,2020,7+,43/100,0,0,1,0,0
7349,7350,Lavell Crawford: Home for the Holidays,2017,18+,43/100,0,0,1,0,0
7350,7351,High Kick Girl!,2009,,43/100,0,0,1,0,0
7351,7352,Aries Spears: Comedy Blueprint,2016,,43/100,0,0,1,0,0
7352,7353,Galapagos Realm Of Giant Sharks,2014,all,43/100,0,0,1,0,0
7353,7354,Lisa Lampanelli: Back to the Drawing Board,2015,18+,43/100,0,0,1,0,0
7354,7355,Trois: The Escort,2004,18+,43/100,0,0,1,0,0
7355,7356,Wolf,2012,,43/100,0,0,1,0,0
7356,7357,Sufiyum Sujatayum,2020,,43/100,0,0,1,0,0
7357,7358,Marshall's Miracle,2015,7+,43/100,0,0,1,0,0
7358,7359,The Legend of Swee' Pea,2015,,43/100,0,0,1,0,0
7359,7360,Springtime in the Sierras,1947,,43/100,0,0,1,0,0
7360,7361,I Eat Your Skin,1971,,43/100,0,0,1,0,0
7361,7362,Backstabbed,2016,7+,43/100,0,0,1,0,0
7362,7363,Top Secret Rosies: The Female 'Computers' of WWII,2009,,43/100,0,0,1,0,0
7363,7364,Gamera: Super Monster,1980,,43/100,0,0,1,0,0
7364,7365,At the Fork,2016,,43/100,0,0,1,0,0
7365,7366,Don't Click,2012,,43/100,0,0,1,0,0
7366,7367,The Daredevils,1979,,43/100,0,0,1,0,0
7367,7368,3 Magic Words,2010,all,43/100,0,0,1,0,0
7368,7369,Red Is the Color of,2007,,43/100,0,0,1,0,0
7369,7370,"Django, The Last Killer",1967,,43/100,0,0,1,0,0
7370,7371,Survive The Hollow Shoals,2018,18+,43/100,0,0,1,0,0
7371,7372,Fireman Sam: Heroes of the Storm,2014,,43/100,0,0,1,0,0
7372,7373,The Believer,2021,,43/100,0,0,1,0,0
7373,7374,Atone,2019,,43/100,0,0,1,0,0
7374,7375,Living with the Enemy,2005,18+,43/100,0,0,1,0,0
7375,7376,Stealing Paradise,2012,16+,43/100,0,0,1,0,0
7376,7377,A Haunting on Washington Avenue: The Temple Theatre,2014,,43/100,0,0,1,0,0
7377,7378,Alcatraz,2018,,43/100,0,0,1,0,0
7378,7379,Bob Saget: Zero to Sixty,2017,18+,43/100,0,0,1,0,0
7379,7380,Road Show,1941,,43/100,0,0,1,0,0
7380,7381,Money Kings,1998,18+,43/100,0,0,1,0,0
7381,7382,Monster from Green Hell,1957,,43/100,0,0,1,0,0
7382,7383,Jail Bait,1954,,43/100,0,0,1,0,0
7383,7384,Hookers on Davie,1984,,43/100,0,0,1,0,0
7384,7385,Cuddle Party,2015,,43/100,0,0,1,0,0
7385,7386,Under Nevada Skies,1946,all,43/100,0,0,1,0,0
7386,7387,Farm Girl in New York,2008,,43/100,0,0,1,0,0
7387,7388,Tobruk,2008,,43/100,0,0,1,0,0
7388,7389,"Watch Me, Alone",2014,,43/100,0,0,1,0,0
7389,7390,Dangerous Flowers,2006,18+,43/100,0,0,1,0,0
7390,7391,At Granny's House,2015,,43/100,0,0,1,0,0
7391,7392,Terrordactyl,2016,,43/100,0,0,1,0,0
7392,7393,A Time for Heaven,2017,,43/100,0,0,1,0,0
7393,7394,Roth on Roth,2013,,43/100,0,0,1,0,0
7394,7395,False Hopes,2020,7+,43/100,0,0,1,0,0
7395,7396,Hidden Agenda,2001,18+,43/100,0,0,1,0,0
7396,7397,Angel of the Skies,2013,13+,43/100,0,0,1,0,0
7397,7398,Joel Mchale: Live from Pyongyang,2019,,43/100,0,0,1,0,0
7398,7399,Extraordinary: The Seeding,2019,,43/100,0,0,1,0,0
7399,7400,Kilroy,2021,,43/100,0,0,1,0,0
7400,7401,Stalked by My Doctor: Patient's Revenge,2018,16+,43/100,0,0,1,0,0
7401,7402,Luna: Spirit of the Whale,2007,7+,43/100,0,0,1,0,0
7402,7403,Henry & Me,2014,7+,43/100,0,0,1,0,0
7403,7404,The Mystery of Mr. Wong,1939,,43/100,0,0,1,0,0
7404,7405,Instant Death,2017,,43/100,0,0,1,0,0
7405,7406,Gallagher: Stuck in the Sixties,1983,,43/100,0,0,1,0,0
7406,7407,Petunia,2013,,43/100,0,0,1,0,0
7407,7408,Dragon Day,2013,7+,43/100,0,0,1,0,0
7408,7409,Ice Princess Lily,2018,7+,43/100,0,0,1,0,0
7409,7410,Mickey,1948,,43/100,0,0,1,0,0
7410,7411,Mambo,1954,,43/100,0,0,1,0,0
7411,7412,Kuldip Patwal: I Didn't Do It!,2018,,43/100,0,0,1,0,0
7412,7413,The Dalton Girls,1957,,43/100,0,0,1,0,0
7413,7414,Seven Alone,1974,all,43/100,0,0,1,0,0
7414,7415,Red Garters,1954,,43/100,0,0,1,0,0
7415,7416,I Need You to Kill,2017,18+,43/100,0,0,1,0,0
7416,7417,The Admiral Was a Lady,1950,all,43/100,0,0,1,0,0
7417,7418,The Gangster's Daughter,2017,,43/100,0,0,1,0,0
7418,7419,Back in the Saddle,1941,,43/100,0,0,1,0,0
7419,7420,A Mother's Revenge,2016,16+,43/100,0,0,1,0,0
7420,7421,"Dennis Miller: Fake News, Real Jokes",2018,,43/100,0,0,1,0,0
7421,7422,Frame 313: The JFK Assassination Theories,2008,,43/100,0,0,1,0,0
7422,7423,Midnight Stallion,2013,,43/100,0,0,1,0,0
7423,7424,The Night Is Young,2015,18+,43/100,0,0,1,0,0
7424,7425,Smiley Face Killers,2020,18+,43/100,0,0,1,0,0
7425,7426,UFOs: The Secret History,2010,,43/100,0,0,1,0,0
7426,7427,Pearl,2020,,43/100,0,0,1,0,0
7427,7428,Under Western Stars,1938,,43/100,0,0,1,0,0
7428,7429,I Heard the Owl Call My Name,1973,,43/100,0,0,1,0,0
7429,7430,Flight from Ashiya,1964,,43/100,0,0,1,0,0
7430,7431,Who Put The Klan Into Ku Klux Klan,2018,,43/100,0,0,1,0,0
7431,7432,Get Well Soon,2001,18+,43/100,0,0,1,0,0
7432,7433,Look Again,2012,,43/100,0,0,1,0,0
7433,7434,The Cat In The Hat Knows A Lot About Halloween!,2016,all,43/100,0,0,1,0,0
7434,7435,My First Love,2015,,43/100,0,0,1,0,0
7435,7436,Who Needs Enemies,2013,18+,43/100,0,0,1,0,0
7436,7437,Custer's Last Stand,1936,,43/100,0,0,1,0,0
7437,7438,Bells of San Angelo,1947,,43/100,0,0,1,0,0
7438,7439,Nibiru - Return of the Gods,2014,,43/100,0,0,1,0,0
7439,7440,Rolling Stone: Life and Death of Brian Jones,2019,13+,43/100,0,0,1,0,0
7440,7441,Friends & Crocodiles,2005,,43/100,0,0,1,0,0
7441,7442,Happy Hour,2003,16+,43/100,0,0,1,0,0
7442,7443,Black Boys,2020,,43/100,0,0,1,0,0
7443,7444,Agent F.O.X.,2015,all,43/100,0,0,1,0,0
7444,7445,Inspector Gadget's Last Case,2002,7+,43/100,0,0,1,0,0
7445,7446,The Bray Road Beast,2018,,43/100,0,0,1,0,0
7446,7447,Wyeth,2018,,43/100,0,0,1,0,0
7447,7448,Willed to Kill,2012,16+,43/100,0,0,1,0,0
7448,7449,Stunts,1977,7+,43/100,0,0,1,0,0
7449,7450,Melody Makers,2019,,43/100,0,0,1,0,0
7450,7451,Boyfriend Killer,2017,16+,43/100,0,0,1,0,0
7451,7452,Don't Call Me Bigfoot,2020,7+,43/100,0,0,1,0,0
7452,7453,LAW,2020,,43/100,0,0,1,0,0
7453,7454,Andrew Santino: Home Field Advantage,2017,18+,43/100,0,0,1,0,0
7454,7455,The Zombie King,2013,,43/100,0,0,1,0,0
7455,7456,Jenny McCarthy's Dirty Sexy Funny,2014,18+,43/100,0,0,1,0,0
7456,7457,Grandma's House,2016,7+,43/100,0,0,1,0,0
7457,7458,Minesweeper,1943,,43/100,0,0,1,0,0
7458,7459,No Room To Die,1969,,43/100,0,0,1,0,0
7459,7460,Tarzan and the Trappers,1958,all,43/100,0,0,1,0,0
7460,7461,For the Love of Jessee,2020,16+,43/100,0,0,1,0,0
7461,7462,Global Meltdown,2017,18+,43/100,0,0,1,0,0
7462,7463,Brian Posehn: Posehn 25x2,2017,,43/100,0,0,1,0,0
7463,7464,The Painted Hills,1951,all,43/100,0,0,1,0,0
7464,7465,The Bobot,2018,,43/100,0,0,1,0,0
7465,7466,Sinful,2020,,43/100,0,0,1,0,0
7466,7467,The Florentine,1999,18+,43/100,0,0,1,0,0
7467,7468,My Rebound Girl,2016,,43/100,0,0,1,0,0
7468,7469,"Salome, Where She Danced",1945,13+,43/100,0,0,1,0,0
7469,7470,Dirty Dirty Jokes,1984,18+,43/100,0,0,1,0,0
7470,7471,The Missouri Traveler,1958,,43/100,0,0,1,0,0
7471,7472,Relentless,2020,,43/100,0,0,1,0,0
7472,7473,Takedown,2010,18+,43/100,0,0,1,0,0
7473,7474,Light Girls,2015,,43/100,0,0,1,0,0
7474,7475,The Initiation of Sarah,1978,,43/100,0,0,1,0,0
7475,7476,The Giant Killer,2017,,43/100,0,0,1,0,0
7476,7477,Mule Train,1950,,43/100,0,0,1,0,0
7477,7478,He's Mine Not Yours,2011,,43/100,0,0,1,0,0
7478,7479,Stuck on You!,1982,18+,43/100,0,0,1,0,0
7479,7480,Doctor Blood's Coffin,1961,,43/100,0,0,1,0,0
7480,7481,Diana: The Royal Truth,2017,,43/100,0,0,1,0,0
7481,7482,La calle de los pianistas,2015,,43/100,0,0,1,0,0
7482,7483,Never Met Picasso,1996,,43/100,0,0,1,0,0
7483,7484,Love by Accident,2020,,43/100,0,0,1,0,0
7484,7485,Bryan Callen: Complicated Apes,2019,,43/100,0,0,1,0,0
7485,7486,JFK's Women: The Scandals Revealed,2006,,43/100,0,0,1,0,0
7486,7487,Boss 2,2017,,43/100,0,0,1,0,0
7487,7488,Snow Is on the Sea Breeze,2015,,43/100,0,0,1,0,0
7488,7489,Gina Brillon: The Floor Is Lava,2020,18+,43/100,0,0,1,0,0
7489,7490,Revival: The Sam Bush Story,2015,,43/100,0,0,1,0,0
7490,7491,Terrortory 2,2018,,43/100,0,0,1,0,0
7491,7492,Tio Papi,2013,7+,43/100,0,0,1,0,0
7492,7493,A Fine Step,2014,7+,43/100,0,0,1,0,0
7493,7494,By Night's End,2020,18+,43/100,0,0,1,0,0
7494,7495,A Haunting on Hamilton Street 2: The Stable,2011,,43/100,0,0,1,0,0
7495,7496,The Capture,1950,,43/100,0,0,1,0,0
7496,7497,The Stalker,2020,,43/100,0,0,1,0,0
7497,7498,Last Call,2012,,43/100,0,0,1,0,0
7498,7499,Jayam,2003,,43/100,0,0,1,0,0
7499,7500,The First Secret City,2015,7+,43/100,0,0,1,0,0
7500,7501,The Real Lost World,2006,,42/100,0,0,1,0,0
7501,7502,Soul Assassin,2001,18+,42/100,0,0,1,0,0
7502,7503,Boyz 2,2018,,42/100,0,0,1,0,0
7503,7504,Roommate Wanted,2015,18+,42/100,0,0,1,0,0
7504,7505,The Painted Desert,1931,,42/100,0,0,1,0,0
7505,7506,Wives Under Suspicion,1938,,42/100,0,0,1,0,0
7506,7507,2 Bedroom 1 Bath,2014,18+,42/100,0,0,1,0,0
7507,7508,Babru,2019,,42/100,0,0,1,0,0
7508,7509,Gallagher: Over Your Head,1984,,42/100,0,0,1,0,0
7509,7510,Solar Impact: The Destruction of London,2019,,42/100,0,0,1,0,0
7510,7511,Hired to Kill,1990,18+,42/100,0,0,1,0,0
7511,7512,The Secret World of Lewis Carroll,2015,,42/100,0,0,1,0,0
7512,7513,Silence Patton,2018,,42/100,0,0,1,0,0
7513,7514,To Catch a Serial Killer with Trevor McDonald,2018,16+,42/100,0,0,1,0,0
7514,7515,Ice Spiders,2007,18+,42/100,0,0,1,0,0
7515,7516,The Racing Scene,1969,all,42/100,0,0,1,0,0
7516,7517,Infected,2013,18+,42/100,0,0,1,0,0
7517,7518,Breaking Wind,2012,18+,42/100,0,0,1,0,0
7518,7519,Prince of Central Park,2000,13+,42/100,0,0,1,0,0
7519,7520,Lake Los Angeles,2014,7+,42/100,0,0,1,0,0
7520,7521,Marvin & Tige,1985,7+,42/100,0,0,1,0,0
7521,7522,Falls Around Her,2018,,42/100,0,0,1,0,0
7522,7523,Goodland,2018,,42/100,0,0,1,0,0
7523,7524,Ostatni ludzie Czarnobyla 2,2019,,42/100,0,0,1,0,0
7524,7525,Dark Woods II,2015,,42/100,0,0,1,0,0
7525,7526,The Ranger and the Lady,1940,,42/100,0,0,1,0,0
7526,7527,Tom Wilson: Bigger Than You,2011,,42/100,0,0,1,0,0
7527,7528,Blockade,1938,,42/100,0,0,1,0,0
7528,7529,Four Enchanted Sisters,2020,7+,42/100,0,0,1,0,0
7529,7530,There's Always Tomorrow,1934,,42/100,0,0,1,0,0
7530,7531,The Fox Family,2006,,42/100,0,0,1,0,0
7531,7532,Secrets,2017,13+,42/100,0,0,1,0,0
7532,7533,Amar Akbar Anthony,2018,,42/100,0,0,1,0,0
7533,7534,Erik Griffin: AmERIKan Warrior,2018,18+,42/100,0,0,1,0,0
7534,7535,Escape and Evasion,2019,16+,42/100,0,0,1,0,0
7535,7536,Painted Horses,2017,,42/100,0,0,1,0,0
7536,7537,A Kiss for Jed Wood,2011,,42/100,0,0,1,0,0
7537,7538,Housequake,2009,,42/100,0,0,1,0,0
7538,7539,RISE,2014,18+,42/100,0,0,1,0,0
7539,7540,The Reef 2: High Tide,2012,all,42/100,0,0,1,0,0
7540,7541,Gun and a Hotel Bible,2021,,42/100,0,0,1,0,0
7541,7542,Hi-De-Ho,1947,7+,42/100,0,0,1,0,0
7542,7543,Project Moon Base,1953,,42/100,0,0,1,0,0
7543,7544,Deadly Nightshade,1953,,42/100,0,0,1,0,0
7544,7545,The Sharkfighters,1956,,42/100,0,0,1,0,0
7545,7546,Tribulation,2000,13+,42/100,0,0,1,0,0
7546,7547,La Cucaracha,1998,18+,42/100,0,0,1,0,0
7547,7548,Roadhouse Girl,1953,,42/100,0,0,1,0,0
7548,7549,Do Anjaane,1976,,42/100,0,0,1,0,0
7549,7550,A Stone in the Water,2019,18+,42/100,0,0,1,0,0
7550,7551,"ETs Among Us 2: Our Alien Origins, Antarctica, Mars and Beyond",2018,,42/100,0,0,1,0,0
7551,7552,Axeman at Cutters Creek,2021,,42/100,0,0,1,0,0
7552,7553,The Perfect Victim,2012,13+,42/100,0,0,1,0,0
7553,7554,Raiders of the Seven Seas,1953,,42/100,0,0,1,0,0
7554,7555,The Chronology Protection Case,2013,,42/100,0,0,1,0,0
7555,7556,Wild Faith,2017,7+,42/100,0,0,1,0,0
7556,7557,"Angry, White and American",2017,13+,42/100,0,0,1,0,0
7557,7558,I Am or How Jack Became Black,2017,,42/100,0,0,1,0,0
7558,7559,The Wereth Eleven,2011,,42/100,0,0,1,0,0
7559,7560,Hampton's Legion,2021,,42/100,0,0,1,0,0
7560,7561,Mr. Imperium,1951,,42/100,0,0,1,0,0
7561,7562,Solar Attack,2006,7+,42/100,0,0,1,0,0
7562,7563,The Real Macaw,1998,all,42/100,0,0,1,0,0
7563,7564,The Christmas Elves,1995,,42/100,0,0,1,0,0
7564,7565,Gary Gulman: Boyish Man,2005,,42/100,0,0,1,0,0
7565,7566,4Closed,2013,13+,42/100,0,0,1,0,0
7566,7567,The Busy Little Engine,2005,,42/100,0,0,1,0,0
7567,7568,Marina,2012,,42/100,0,0,1,0,0
7568,7569,Dope Fiend,2017,,42/100,0,0,1,0,0
7569,7570,Raabta,2017,,42/100,0,0,1,0,0
7570,7571,Devil's Trail,2017,,42/100,0,0,1,0,0
7571,7572,Lillith,2019,,42/100,0,0,1,0,0
7572,7573,My Man Is a Loser,2014,18+,42/100,0,0,1,0,0
7573,7574,Taken Heart,2017,,42/100,0,0,1,0,0
7574,7575,Sherlock Holmes and the Sign of Four,1983,,42/100,0,0,1,0,0
7575,7576,Sleeping Fist,1979,,42/100,0,0,1,0,0
7576,7577,Before Dawn,2013,,42/100,0,0,1,0,0
7577,7578,Dan Cummins: Don't Wake The Bear,2017,,42/100,0,0,1,0,0
7578,7579,Home for Harvest,2019,,42/100,0,0,1,0,0
7579,7580,Terror Birds,2016,,42/100,0,0,1,0,0
7580,7581,Alien Intruder,1993,18+,42/100,0,0,1,0,0
7581,7582,Wedding Swingers,2018,,42/100,0,0,1,0,0
7582,7583,Android Apocalypse,2006,13+,42/100,0,0,1,0,0
7583,7584,Blood and Lace,1971,18+,42/100,0,0,1,0,0
7584,7585,Following Phil,2018,,42/100,0,0,1,0,0
7585,7586,Trouble with Sex,2006,18+,42/100,0,0,1,0,0
7586,7587,Alice Wetterlund: My Mama Is a Human and So Am I,2019,18+,42/100,0,0,1,0,0
7587,7588,Prison of Secrets,1997,13+,42/100,0,0,1,0,0
7588,7589,Copper Bill,2020,7+,42/100,0,0,1,0,0
7589,7590,Ek Vivaah Aisa Bhi,2008,all,42/100,0,0,1,0,0
7590,7591,Samar,2013,,42/100,0,0,1,0,0
7591,7592,Streets of New York,1939,,42/100,0,0,1,0,0
7592,7593,The Wrong Babysitter,2017,16+,42/100,0,0,1,0,0
7593,7594,Coyote County Loser,2009,7+,42/100,0,0,1,0,0
7594,7595,The Missing Corpse,1945,,42/100,0,0,1,0,0
7595,7596,Chasing Niagara,2016,,42/100,0,0,1,0,0
7596,7597,Ghetto Dawg,2002,18+,42/100,0,0,1,0,0
7597,7598,Jack White: Kneeling At The Anthem D.C.,2018,,42/100,0,0,1,0,0
7598,7599,Trail to San Antone,1947,,42/100,0,0,1,0,0
7599,7600,Iliza Shlesinger: Over & Over,2019,,42/100,0,0,1,0,0
7600,7601,Sx_Tape,2013,18+,42/100,0,0,1,0,0
7601,7602,Red Sun Rising,1994,18+,42/100,0,0,1,0,0
7602,7603,Beyond the Purple Hills,1950,,42/100,0,0,1,0,0
7603,7604,Before Your Time,2017,all,42/100,0,0,1,0,0
7604,7605,Wild Kratts: Creepy Creatures,2018,all,42/100,0,0,1,0,0
7605,7606,CRSHD,2019,,42/100,0,0,1,0,0
7606,7607,"Mr. Wong, Detective",1938,,42/100,0,0,1,0,0
7607,7608,The Hired Heart,1997,7+,42/100,0,0,1,0,0
7608,7609,Bad is Bad,2011,,42/100,0,0,1,0,0
7609,7610,Murder at Midnight,1931,,42/100,0,0,1,0,0
7610,7611,Swordsman and Enchantress,1978,,42/100,0,0,1,0,0
7611,7612,Locas por el Cambio,2020,13+,42/100,0,0,1,0,0
7612,7613,"A Boy, a Girl and a Dog",1946,,42/100,0,0,1,0,0
7613,7614,Werewolf,2020,,42/100,0,0,1,0,0
7614,7615,Separate Ways,1981,18+,42/100,0,0,1,0,0
7615,7616,Odd Squad: World Turned Odd,2018,,42/100,0,0,1,0,0
7616,7617,The Go-Getters,2018,,42/100,0,0,1,0,0
7617,7618,Afterimages,2014,,42/100,0,0,1,0,0
7618,7619,Gun Brothers,1956,,42/100,0,0,1,0,0
7619,7620,Meteor Moon,2020,7+,42/100,0,0,1,0,0
7620,7621,Maggie's War,2012,,42/100,0,0,1,0,0
7621,7622,The Haunting of Borley Rectory,2019,,42/100,0,0,1,0,0
7622,7623,High: The True Tale of American Marijuana,2008,,42/100,0,0,1,0,0
7623,7624,Striking Range,2006,18+,42/100,0,0,1,0,0
7624,7625,DIVOS!,2020,,42/100,0,0,1,0,0
7625,7626,The Eagle and the Hawk,1950,,42/100,0,0,1,0,0
7626,7627,Drugs as Weapons Against Us: The CIA War on Musicians and Activists,2018,,42/100,0,0,1,0,0
7627,7628,The Coverup,2008,18+,42/100,0,0,1,0,0
7628,7629,Kaatru Veliyidai,2017,7+,42/100,0,0,1,0,0
7629,7630,Space Dogs: Tropical Adventure,2020,7+,42/100,0,0,1,0,0
7630,7631,I Love N.Y.,1987,18+,42/100,0,0,1,0,0
7631,7632,Rudy Ruettiger: The Walk On,2017,,42/100,0,0,1,0,0
7632,7633,Suburban Nightmare,2004,18+,42/100,0,0,1,0,0
7633,7634,The Magical Life of Long Tack Sam,2003,,42/100,0,0,1,0,0
7634,7635,Snowbound for Christmas,2019,7+,42/100,0,0,1,0,0
7635,7636,Lost Holiday,2019,,42/100,0,0,1,0,0
7636,7637,Forgotten Ellis Island,2008,7+,42/100,0,0,1,0,0
7637,7638,Savage Island,2004,18+,42/100,0,0,1,0,0
7638,7639,Wax: We Are The X,2015,,42/100,0,0,1,0,0
7639,7640,Papam Cheyyathavar Kalleriyatte,2020,,42/100,0,0,1,0,0
7640,7641,The Far Frontier,1948,,42/100,0,0,1,0,0
7641,7642,99,2019,,42/100,0,0,1,0,0
7642,7643,Blonde for a Day,1946,,42/100,0,0,1,0,0
7643,7644,Dead Silent,1999,,42/100,0,0,1,0,0
7644,7645,Bail Out,1989,18+,42/100,0,0,1,0,0
7645,7646,Sharing the Secret,2000,,42/100,0,0,1,0,0
7646,7647,The Devil to Pay,2020,18+,42/100,0,0,1,0,0
7647,7648,Private Information,1952,,42/100,0,0,1,0,0
7648,7649,"High, Wild and Free",1968,,42/100,0,0,1,0,0
7649,7650,Midnight Chronicles,2008,,42/100,0,0,1,0,0
7650,7651,Tarzan the Fearless,1933,7+,42/100,0,0,1,0,0
7651,7652,Revelation Trail,2014,18+,42/100,0,0,1,0,0
7652,7653,Riders of the Whistling Pines,1949,,42/100,0,0,1,0,0
7653,7654,The Swap,1979,18+,42/100,0,0,1,1,0
7654,7655,Break Even,2020,,42/100,0,0,1,0,0
7655,7656,Custody of the Heart,2000,,42/100,0,0,1,0,0
7656,7657,Omaha Beach: Honor and Sacrifice,2014,,42/100,0,0,1,0,0
7657,7658,The Murder of Hi Good,2012,,42/100,0,0,1,0,0
7658,7659,Convergence,2000,18+,42/100,0,0,1,0,0
7659,7660,Jane and Emma,2018,7+,42/100,0,0,1,0,0
7660,7661,Cowboy and the Senorita,1944,,42/100,0,0,1,0,0
7661,7662,Old Goats,2014,,42/100,0,0,1,0,0
7662,7663,Before I Say Goodbye,2003,13+,42/100,0,0,1,0,0
7663,7664,Locomotive,2013,,42/100,0,0,1,0,0
7664,7665,Spirit of the Game,2016,7+,42/100,0,0,1,0,0
7665,7666,Still Today,2020,16+,42/100,0,0,1,0,0
7666,7667,Sons of New Mexico,1949,,42/100,0,0,1,0,0
7667,7668,Josie & Jack,2019,,42/100,0,0,1,0,0
7668,7669,Lady Behave!,1937,,42/100,0,0,1,0,0
7669,7670,The Duke Is Tops,1938,,42/100,0,0,1,0,0
7670,7671,Romance on the Range,1942,,42/100,0,0,1,0,0
7671,7672,Calendar Girl,1947,,42/100,0,0,1,0,0
7672,7673,Song of Texas,1943,,41/100,0,0,1,0,0
7673,7674,Condemned to Live,1935,,41/100,0,0,1,0,0
7674,7675,"An American Girl Story: Summer Camp, Friends For Life",2017,,41/100,0,0,1,0,0
7675,7676,The Black Tent,1956,,41/100,0,0,1,0,0
7676,7677,Perfect Plan,2010,18+,41/100,0,0,1,0,0
7677,7678,"Love, Repeat",2020,,41/100,0,0,1,0,0
7678,7679,Mike E. Winfield: Stepman,2019,,41/100,0,0,1,0,0
7679,7680,Seed of Innocence,1980,18+,41/100,0,0,1,0,0
7680,7681,Sakka Podu Podu Raja,2017,,41/100,0,0,1,0,0
7681,7682,Guardians of the Lost Code,2010,,41/100,0,0,1,0,0
7682,7683,Double Down,2020,,41/100,0,0,1,0,0
7683,7684,100 Kilos,2001,18+,41/100,0,0,1,0,0
7684,7685,The Majestic Life of Queen Elizabeth II,2013,,41/100,0,0,1,0,0
7685,7686,Jack the Reaper,2011,18+,41/100,0,0,1,0,0
7686,7687,Mayor Cupcake,2011,7+,41/100,0,0,1,0,0
7687,7688,Shoot First And Pray You Live,2008,18+,41/100,0,0,1,0,0
7688,7689,Bombay To Bangkok,2008,,41/100,0,0,1,0,0
7689,7690,Bunnyman Vengeance,2017,,41/100,0,0,1,0,0
7690,7691,"Kevin Nealon: Whelmed, But Not Overly",2012,16+,41/100,0,0,1,0,0
7691,7692,Ekaj,2015,,41/100,0,0,1,0,0
7692,7693,Overrun!,1970,,41/100,0,0,1,0,0
7693,7694,Stagecoach to Denver,1946,all,41/100,0,0,1,0,0
7694,7695,Nick Di Paolo: Raw Nerve,2011,18+,41/100,0,0,1,0,0
7695,7696,Four Seasons Lodge,2008,,41/100,0,0,1,0,0
7696,7697,Last Chance Cafe,2006,13+,41/100,0,0,1,0,0
7697,7698,Roarin' Lead,1936,,41/100,0,0,1,0,0
7698,7699,Doug Stanhope: The Comedians' Comedian's Comedians,2017,,41/100,0,0,1,0,0
7699,7700,Cern and the Sense of Beauty,2017,,41/100,0,0,1,0,0
7700,7701,Vinaya Vidheya Rama,2019,,41/100,0,0,1,0,0
7701,7702,Willie Barcena: The Truth Hurts,2016,,41/100,0,0,1,0,0
7702,7703,Voyage to the Planet of Prehistoric Women,1968,7+,41/100,0,0,1,0,0
7703,7704,Hornet's Nest,2012,16+,41/100,0,0,1,0,0
7704,7705,Martin Clunes: Heavy Horsepower,2010,,41/100,0,0,1,0,0
7705,7706,Moments Without Proper Names,1987,,41/100,0,0,1,0,0
7706,7707,The Man from Kathmandu,2020,13+,41/100,0,0,1,0,0
7707,7708,San Fernando Valley,1944,,41/100,0,0,1,0,0
7708,7709,William the Conqueror,2015,,41/100,0,0,1,0,0
7709,7710,Don't Look Down,2016,,41/100,0,0,1,0,0
7710,7711,American Visa,2005,18+,41/100,0,0,1,0,0
7711,7712,Mike Case in: The Big Kiss Off,2013,,41/100,0,0,1,0,0
7712,7713,The Bid,2021,18+,41/100,0,0,1,0,0
7713,7714,Warrior Road,2017,18+,41/100,0,0,1,0,0
7714,7715,My Father's Will,2009,13+,41/100,0,0,1,0,0
7715,7716,The Fear,2013,,41/100,0,0,1,0,0
7716,7717,ExPatriot,2017,,41/100,0,0,1,0,0
7717,7718,Forest Fairies,2015,all,41/100,0,0,1,0,0
7718,7719,Phantom Racer,2009,16+,41/100,0,0,1,0,0
7719,7720,Black Ballerina,2016,all,41/100,0,0,1,0,0
7720,7721,The Curse of Hobbes House,2020,18+,41/100,0,0,1,0,0
7721,7722,Eggy,2015,,41/100,0,0,1,0,0
7722,7723,Rim of the Canyon,1949,,41/100,0,0,1,0,0
7723,7724,In the Blink of an Eye,1996,,41/100,0,0,1,0,0
7724,7725,Palooka,1934,,41/100,0,0,1,0,0
7725,7726,Rideshare,2018,,41/100,0,0,1,0,0
7726,7727,Blackmark,2018,,41/100,0,0,1,0,0
7727,7728,The Princess Castle,1996,,41/100,0,0,1,0,0
7728,7729,Six Million Steps: A Journey Inward,2011,,41/100,0,0,1,0,0
7729,7730,Lady in the Death House,1944,,41/100,0,0,1,0,0
7730,7731,Pretend You Don't See Her,2002,13+,41/100,0,0,1,0,0
7731,7732,The Moors Murders,1999,,41/100,0,0,1,0,0
7732,7733,Ring of Darkness,2004,18+,41/100,0,0,1,0,0
7733,7734,The Groom Wore Spurs,1951,,41/100,0,0,1,0,0
7734,7735,The Big Sombrero,1949,,41/100,0,0,1,0,0
7735,7736,Act of God,2009,all,41/100,0,0,1,0,0
7736,7737,No Solicitors,2015,,41/100,0,0,1,0,0
7737,7738,Thief: Someday You Will Pay,2017,,41/100,0,0,1,0,0
7738,7739,The Astral Factor,1976,7+,41/100,0,0,1,0,0
7739,7740,The Fanny Crosby Story,2003,,41/100,0,0,1,0,0
7740,7741,Guilty of Treason,1950,,41/100,0,0,1,0,0
7741,7742,Musical Chairs,2012,13+,41/100,0,0,1,0,0
7742,7743,Gallagher: Melon Crazy,1984,,41/100,0,0,1,0,0
7743,7744,The New Adventures of Peter Rabbit,1995,,41/100,0,0,1,0,0
7744,7745,West by Orphan Train,2014,,41/100,0,0,1,0,0
7745,7746,Snoop Dogg Presents The Bad Girls of Comedy,2012,18+,41/100,0,0,1,0,0
7746,7747,All In,2019,,41/100,0,0,1,0,0
7747,7748,Subira,2019,,41/100,0,0,1,0,0
7748,7749,Kanna Laddu Thinna Aasaiya,2013,,41/100,0,0,1,0,0
7749,7750,The Lion of Judah,2011,7+,41/100,0,0,1,0,0
7750,7751,Swing Hostess,1944,,41/100,0,0,1,0,0
7751,7752,Dov Davidoff: Lower Your Expectations,2016,,41/100,0,0,1,0,0
7752,7753,Dead Man's Cards,2006,13+,41/100,0,0,1,0,0
7753,7754,Mystic Iran: The Unseen World,2002,7+,41/100,0,0,1,0,0
7754,7755,Danny Roane: First Time Director,2006,18+,41/100,0,0,1,0,0
7755,7756,Ashes,2018,,41/100,0,0,1,0,0
7756,7757,Ocean Blues,2013,,41/100,0,0,1,0,0
7757,7758,Ties That Bind,2010,16+,41/100,0,0,1,0,0
7758,7759,Stay,2018,,41/100,0,0,1,0,0
7759,7760,Coach of the Year,1980,all,41/100,0,0,1,0,0
7760,7761,Sworn to Justice,1996,18+,41/100,0,0,1,0,0
7761,7762,Dreaming Out Loud,1940,7+,41/100,0,0,1,0,0
7762,7763,Mitsein,2009,,41/100,0,0,1,0,0
7763,7764,Yellowstone,1936,,41/100,0,0,1,0,0
7764,7765,Resistance Movement,2013,,41/100,0,0,1,0,0
7765,7766,Living & Dying,2007,18+,41/100,0,0,1,0,0
7766,7767,Pete Correale: Let Me Tell Ya,2015,,41/100,0,0,1,0,0
7767,7768,A Promise To Astrid,2019,7+,41/100,0,0,1,0,0
7768,7769,The Boarder,2012,16+,41/100,0,0,1,0,0
7769,7770,Main Aur Mr. Riight,2014,,41/100,0,0,1,0,0
7770,7771,High Voltage,1929,,41/100,0,0,1,0,0
7771,7772,The Job,2003,18+,41/100,0,0,1,0,0
7772,7773,2eleven,2015,18+,41/100,0,0,1,0,0
7773,7774,Kettle of Fish,2006,18+,41/100,0,0,1,0,0
7774,7775,Steve Lemme & Kevin Heffernan: The Potential Farewell Tour,2018,,41/100,0,0,1,0,0
7775,7776,Sunshine Barry & the Disco Worms,2008,7+,41/100,0,0,1,0,0
7776,7777,Alex and Leo,2010,,41/100,0,0,1,0,0
7777,7778,Alonzo Bodden: Historically Incorrect,2016,18+,41/100,0,0,1,0,0
7778,7779,Ilzaam,1986,,41/100,0,0,1,0,0
7779,7780,Three for Bedroom C,1952,,41/100,0,0,1,0,0
7780,7781,Juncture,2007,18+,41/100,0,0,1,0,0
7781,7782,How Not to Work & Claim Benefits... (and Other Useful Information for Wasters),2016,,41/100,0,0,1,0,0
7782,7783,Good Enough,2017,,41/100,0,0,1,0,0
7783,7784,Texans Never Cry,1951,,41/100,0,0,1,0,0
7784,7785,Gene Autry and the Mounties,1951,,41/100,0,0,1,0,0
7785,7786,Indian Territory,1950,,41/100,0,0,1,0,0
7786,7787,Southward Ho,1939,,41/100,0,0,1,0,0
7787,7788,Burma,2014,,41/100,0,0,1,0,0
7788,7789,Last Summer in the Hamptons,1995,18+,41/100,0,0,1,0,0
7789,7790,Lured Innocence,2000,18+,41/100,0,0,1,0,0
7790,7791,Confessions of an Action Star,2009,13+,41/100,0,0,1,0,0
7791,7792,Tumsa Nahin Dekha,1957,,41/100,0,0,1,0,0
7792,7793,Skydog,2020,,41/100,0,0,1,0,0
7793,7794,Armageddon Gospels,2019,,41/100,0,0,1,0,0
7794,7795,Hate Story IV,2018,18+,41/100,0,0,1,0,0
7795,7796,All Good Things,2019,,41/100,0,0,1,0,0
7796,7797,Made in Korea: A One Way Ticket Seoul-Amsterdam?,2007,,41/100,0,0,1,0,0
7797,7798,The Desperate Mission,1969,18+,41/100,0,0,1,0,0
7798,7799,Rickover: The Birth of Nuclear Power,2014,7+,41/100,0,0,1,0,0
7799,7800,Bury Them Deep,1968,,41/100,0,0,1,0,0
7800,7801,Branded a Coward,1935,,41/100,0,0,1,0,0
7801,7802,Race Against Time: The Search for Sarah,1996,,41/100,0,0,1,0,0
7802,7803,The Last Round-up,1947,,41/100,0,0,1,0,0
7803,7804,"Jungledyret Hugo: Fræk, flabet og fri",2007,,41/100,0,0,1,0,0
7804,7805,Come Morning,2012,,41/100,0,0,1,0,0
7805,7806,It's All Good,2016,,41/100,0,0,1,0,0
7806,7807,Buckskin Frontier,1943,,41/100,0,0,1,0,0
7807,7808,Party Girl,1930,,41/100,0,0,1,0,0
7808,7809,Josh Blue: Delete,2016,,41/100,0,0,1,0,0
7809,7810,Anatomy of a Psycho,1961,13+,41/100,0,0,1,0,0
7810,7811,Lewis & Klarq,2017,,41/100,0,0,1,0,0
7811,7812,The Master of Kung Fu,1973,18+,41/100,0,0,1,0,0
7812,7813,See Jane Run,1995,,41/100,0,0,1,0,0
7813,7814,Found.,2020,,41/100,0,0,1,0,0
7814,7815,Equal Means Equal,2016,,41/100,0,0,1,0,0
7815,7816,Runnin' from my Roots,2018,,41/100,0,0,1,0,0
7816,7817,Mitchell,1975,18+,41/100,0,0,1,0,0
7817,7818,Lyfe's Journey,2014,,41/100,0,0,1,0,0
7818,7819,Speed Demons,2018,16+,41/100,0,0,1,0,0
7819,7820,Cut in Half,2017,,41/100,0,0,1,0,0
7820,7821,He Watches Over Me,2018,,41/100,0,0,1,0,0
7821,7822,Priorities Chapter One: Money Isn't Everything,2021,,41/100,0,0,1,0,0
7822,7823,Women of Twilight,1952,,41/100,0,0,1,0,0
7823,7824,Tarzan's Revenge,1938,,41/100,0,0,1,0,0
7824,7825,The Rocket,2018,,41/100,0,0,1,0,0
7825,7826,Bacterium,2006,13+,41/100,0,0,1,0,0
7826,7827,Dark Iris,2018,,41/100,0,0,1,0,0
7827,7828,Nicole,2019,,41/100,0,0,1,0,0
7828,7829,The World's Oldest Living Bridesmaid,1990,,41/100,0,0,1,0,0
7829,7830,Copper Mountain,1983,,41/100,0,0,1,0,0
7830,7831,Mega Shark vs. Crocosaurus,2010,18+,41/100,0,0,1,0,0
7831,7832,Dead Voices,2020,,41/100,0,0,1,0,0
7832,7833,Coming Out,2014,,40/100,0,0,1,0,0
7833,7834,Theresa Is a Mother,2015,,40/100,0,0,1,0,0
7834,7835,Answers to Nothing,2011,18+,40/100,0,0,1,0,0
7835,7836,Soursweet,1988,,40/100,0,0,1,0,0
7836,7837,My Heart of Darkness,2010,,40/100,0,0,1,0,0
7837,7838,Betrayed,2014,,40/100,0,0,1,0,0
7838,7839,Sitting on the Moon,1936,,40/100,0,0,1,0,0
7839,7840,The Lost Treasure of Sawtooth Island,1999,7+,40/100,0,0,1,0,0
7840,7841,"Barry Brewer: Chicago, I'm Home",2019,,40/100,0,0,1,0,0
7841,7842,Jennifer Aniston: More Than Friends,2020,7+,40/100,0,0,1,0,0
7842,7843,All We Got,2021,,40/100,0,0,1,0,0
7843,7844,The Voyage Beyond,1989,,40/100,0,0,1,0,0
7844,7845,Heart of the Rockies,1937,,40/100,0,0,1,0,0
7845,7846,The Fighter,1952,,40/100,0,0,1,0,0
7846,7847,The DMV Truth,2012,,40/100,0,0,1,0,0
7847,7848,Bruce Lee The Invincible,1978,18+,40/100,0,0,1,0,0
7848,7849,The Voyage of Curiosity,2017,,40/100,0,0,1,0,0
7849,7850,Stormswept,1995,18+,40/100,0,0,1,0,0
7850,7851,The Horse Dancer,2017,all,40/100,0,0,1,0,0
7851,7852,In the Year 2889,1967,,40/100,0,0,1,0,0
7852,7853,Ruta Madre,2019,13+,40/100,0,0,1,0,0
7853,7854,Loaded Pistols,1948,,40/100,0,0,1,0,0
7854,7855,Respite,2020,,40/100,0,0,1,0,0
7855,7856,"Come On, Tarzan",1932,,40/100,0,0,1,0,0
7856,7857,An Affirmative Act,2010,,40/100,0,0,1,0,0
7857,7858,The Bridgewater Triangle,2013,,40/100,0,0,1,0,0
7858,7859,The Devil's Woods,2015,,40/100,0,0,1,0,0
7859,7860,Good Grief It's Friday,2021,,40/100,0,0,1,0,0
7860,7861,जान तेरे नाम,1992,,40/100,0,0,1,0,0
7861,7862,Raw Herring,2013,,40/100,0,0,1,0,0
7862,7863,After School,1988,18+,40/100,0,0,1,0,0
7863,7864,The Panther's Claw,1942,,40/100,0,0,1,0,0
7864,7865,Kanchana,2011,,40/100,0,0,1,0,0
7865,7866,Code of the Cactus,1939,,40/100,0,0,1,0,0
7866,7867,Tenkai Knights,2013,,40/100,0,0,1,0,0
7867,7868,School Spirits,2017,,40/100,0,0,1,0,0
7868,7869,Gelo,2016,,40/100,0,0,1,0,0
7869,7870,Heroes of the Alamo,1937,,40/100,0,0,1,0,0
7870,7871,Spiral,2018,,40/100,0,0,1,0,0
7871,7872,Sometimes the Good Kill,2017,16+,40/100,0,0,1,0,0
7872,7873,Fifteen Scaffolds for the Killer,1967,,40/100,0,0,1,0,0
7873,7874,Blood of Redemption,2013,18+,40/100,0,0,1,0,0
7874,7875,A Box for Rob,2013,,40/100,0,0,1,0,0
7875,7876,Wall Of Secrets,2003,,40/100,0,0,1,0,0
7876,7877,National Lampoon's Snatched,2011,18+,40/100,0,0,1,0,0
7877,7878,Queen of Walking,2016,,40/100,0,0,1,0,0
7878,7879,Dangar Doctor Jelly,2017,,40/100,0,0,1,0,0
7879,7880,Tammy Pescatelli: Finding the Funny,2013,,40/100,0,0,1,0,0
7880,7881,Disappearances,2007,13+,40/100,0,0,1,0,0
7881,7882,A Deadly Legend,2020,,40/100,0,0,1,0,0
7882,7883,Never Forget,2008,18+,40/100,0,0,1,0,0
7883,7884,Crimson Romance,1934,,40/100,0,0,1,0,0
7884,7885,The Unwonted Sasquatch,2016,,40/100,0,0,1,0,0
7885,7886,Fleetwood Mac - Unbroken Chain,2004,,40/100,0,0,1,0,0
7886,7887,Desert Gold,1936,,40/100,0,0,1,0,0
7887,7888,Curse of the Blind Dead,2019,,40/100,0,0,1,0,0
7888,7889,The Gatling Gun,1971,7+,40/100,0,0,1,0,0
7889,7890,One Remains,2019,,40/100,0,0,1,0,0
7890,7891,Corsair,1931,,40/100,0,0,1,0,0
7891,7892,People Are Funny,1946,,40/100,0,0,1,0,0
7892,7893,Two Weeks to Live,1943,,40/100,0,0,1,0,0
7893,7894,New Faces,1954,,40/100,0,0,1,0,0
7894,7895,Tennessee Queer,2014,,40/100,0,0,1,0,0
7895,7896,Jill-Michele Meleán: White / Latina,2019,,40/100,0,0,1,0,0
7896,7897,The Prankster,2010,,40/100,0,0,1,0,0
7897,7898,Mistress of the Apes,1979,18+,40/100,0,0,1,0,0
7898,7899,Christmas Coupon,2019,all,40/100,0,0,1,0,0
7899,7900,The Deadly Knives,1972,,40/100,0,0,1,0,0
7900,7901,Janeane Garofalo: If I May,2016,,40/100,0,0,1,0,0
7901,7902,Joe & Joe,1996,,40/100,0,0,1,0,0
7902,7903,Moon Point,2011,13+,40/100,0,0,1,0,0
7903,7904,Gila!,2012,18+,40/100,0,0,1,0,0
7904,7905,Selfie Dad,2020,7+,40/100,0,0,1,0,0
7905,7906,Reach for Me,2008,,40/100,0,0,1,0,0
7906,7907,Hannibal Thompson: Out of Control,2020,,40/100,0,0,1,0,0
7907,7908,#IMomSoHard Live,2019,18+,40/100,0,0,1,0,0
7908,7909,Shaolin Kung-Fu Mystagogue,1977,18+,40/100,0,0,1,0,0
7909,7910,Ninja Academy,1989,18+,40/100,0,0,1,0,0
7910,7911,A Christmas Village,2018,all,40/100,0,0,1,0,0
7911,7912,He's Such a Girl,2009,,40/100,0,0,1,0,0
7912,7913,Righteous Villains,2020,18+,40/100,0,0,1,0,0
7913,7914,The Dragon's Snake Fist,1982,,40/100,0,0,1,0,0
7914,7915,The Story of The Bee Gees,2011,,40/100,0,0,1,0,0
7915,7916,The Royal Bed,1931,,40/100,0,0,1,0,0
7916,7917,Ragmork,2019,,40/100,0,0,1,0,0
7917,7918,Nevada City,1941,,40/100,0,0,1,0,0
7918,7919,Vellipomakey,2017,,40/100,0,0,1,0,0
7919,7920,Haz conmigo lo que quieras,2004,,40/100,0,0,1,0,0
7920,7921,Michael Ian Black: Noted Expert,2016,18+,40/100,0,0,1,0,0
7921,7922,Jamie Kennedy: Uncomfortable,2010,18+,40/100,0,0,1,0,0
7922,7923,Pray TV,1980,7+,40/100,0,0,1,0,0
7923,7924,Swimsuit,1989,,40/100,0,0,1,0,0
7924,7925,Pocket Full of Game,2020,,40/100,0,0,1,0,0
7925,7926,Solitaire for 2,1995,18+,40/100,0,0,1,0,0
7926,7927,Girls in Chains,1943,,40/100,0,0,1,0,0
7927,7928,DSP Dev,2019,,40/100,0,0,1,0,0
7928,7929,Chee and T,2017,,40/100,0,0,1,0,0
7929,7930,Wild Prairie Rose,2016,13+,40/100,0,0,1,0,0
7930,7931,Stolen Hours,1963,,40/100,0,0,1,0,0
7931,7932,Honeymoon with Mom,2006,13+,40/100,0,0,1,0,0
7932,7933,Huk!,1956,,40/100,0,0,1,0,0
7933,7934,6-Headed Shark Attack,2018,16+,40/100,0,0,1,0,0
7934,7935,Route 9,1998,18+,40/100,0,0,1,0,0
7935,7936,The Big Cat,1949,,40/100,0,0,1,0,0
7936,7937,Goblin,2020,,40/100,0,0,1,0,0
7937,7938,True Crime: Safe House,2012,,40/100,0,0,1,0,0
7938,7939,Sinbad: Make Me Wanna Holla,2014,16+,40/100,0,0,1,0,0
7939,7940,Turnout,2011,,40/100,0,0,1,0,0
7940,7941,The Nightowls of Coventry,2004,,40/100,0,0,1,0,0
7941,7942,My Other Mother,2014,7+,40/100,0,0,1,0,0
7942,7943,The Kid's Last Ride,1941,,40/100,0,0,1,0,0
7943,7944,Danny Boy,1945,,40/100,0,0,1,0,0
7944,7945,Mentor,2014,,40/100,0,0,1,0,0
7945,7946,"Congratulations, It's a Boy!",1971,16+,40/100,0,0,1,0,0
7946,7947,Eyes of Texas,1948,all,40/100,0,0,1,0,0
7947,7948,Becoming Burlesque,2019,,40/100,0,0,1,0,0
7948,7949,In Remembrance of Martin,1986,,40/100,0,0,1,0,0
7949,7950,The Cowboy and the Indians,1949,,40/100,0,0,1,0,0
7950,7951,Song of Arizona,1946,,40/100,0,0,1,0,0
7951,7952,Sierra Sue,1941,,40/100,0,0,1,0,0
7952,7953,No Surrender,2011,7+,40/100,0,0,1,0,0
7953,7954,Dangerous Attraction,2000,,40/100,0,0,1,0,0
7954,7955,Fear of Clowns,2004,18+,40/100,0,0,1,0,0
7955,7956,The Proud and Damned,1972,7+,40/100,0,0,1,0,0
7956,7957,Uncle P,2007,7+,40/100,0,0,1,0,0
7957,7958,Black Eagle Of Santa Fe,1965,,40/100,0,0,1,0,0
7958,7959,The Coming Convergence,2017,18+,40/100,0,0,1,0,0
7959,7960,City Of Joel,2018,,40/100,0,0,1,0,0
7960,7961,Sunset on the Desert,1942,,40/100,0,0,1,0,0
7961,7962,Teen Bahuraniyan,1968,,40/100,0,0,1,0,0
7962,7963,Purgatory,1988,,40/100,0,0,1,0,0
7963,7964,Underplayed,2020,,40/100,0,0,1,0,0
7964,7965,Greg Fitzsimmons: Life on Stage,2013,18+,40/100,0,0,1,0,0
7965,7966,Rifftrax: The House on Sorority Row,2018,,40/100,0,0,1,0,0
7966,7967,The Love Letter,2013,,40/100,0,0,1,0,0
7967,7968,Nine Lives,2002,18+,40/100,0,0,1,0,0
7968,7969,Murder with Pictures,1936,,40/100,0,0,1,0,0
7969,7970,James McNeill Whistler and the Case for Beauty,2014,,40/100,0,0,1,0,0
7970,7971,Stock Option,2015,,40/100,0,0,1,0,0
7971,7972,Terror at Blood Fart Lake,2009,,40/100,0,0,1,0,0
7972,7973,Boy of the Streets,1937,,40/100,0,0,1,0,0
7973,7974,"Scenesters: Music, Mayhem and Melrose ave. 1985-1990",2017,,40/100,0,0,1,0,0
7974,7975,Hard Breed to Kill,1967,,40/100,0,0,1,0,0
7975,7976,Who Wrote the New Testament?,2013,,40/100,0,0,1,0,0
7976,7977,Last Train Home,1989,,40/100,0,0,1,0,0
7977,7978,She Knows Y'Know,1962,,39/100,0,0,1,0,0
7978,7979,Dancing Pirate,1936,,39/100,0,0,1,0,0
7979,7980,Courageous Love,2017,,39/100,0,0,1,0,0
7980,7981,Love and Love Only,2016,,39/100,0,0,1,0,0
7981,7982,Getting Lucky,1989,,39/100,0,0,1,0,0
7982,7983,Hitler of the Andes,2003,,39/100,0,0,1,0,0
7983,7984,Tails of Iceland,2019,,39/100,0,0,1,0,0
7984,7985,Bullwhip,1958,,39/100,0,0,1,0,0
7985,7986,Mandao of the Dead,2018,,39/100,0,0,1,0,0
7986,7987,Unli Life,2018,,39/100,0,0,1,0,0
7987,7988,She's Not Our Sister,2011,,39/100,0,0,1,0,0
7988,7989,Love Simple,2009,,39/100,0,0,1,0,0
7989,7990,Murim Bewitched Master,1982,,39/100,0,0,1,0,0
7990,7991,Krishnashtami,2016,,39/100,0,0,1,0,0
7991,7992,I m 24,2012,,39/100,0,0,1,0,0
7992,7993,Being Venice,2013,,39/100,0,0,1,0,0
7993,7994,Hope Dances,2017,7+,39/100,0,0,1,0,0
7994,7995,A Bridge Apart,2013,,39/100,0,0,1,0,0
7995,7996,One Hit From Home,2012,,39/100,0,0,1,0,0
7996,7997,Greg Warren: Where the Field Corn Grows,2020,,39/100,0,0,1,0,0
7997,7998,Life After Life,2017,,39/100,0,0,1,0,0
7998,7999,Wild Kratts: Creatures of the Deep Sea,2016,all,39/100,0,0,1,0,0
7999,8000,Interviewing Monsters and Bigfoot,2020,16+,39/100,0,0,1,0,0
8000,8001,Velocity Trap,1999,18+,39/100,0,0,1,0,0
8001,8002,Chad Daniels: As Is,2012,,39/100,0,0,1,0,0
8002,8003,Soccer City,2011,,39/100,0,0,1,0,0
8003,8004,Bold Eagles,2013,,39/100,0,0,1,0,0
8004,8005,Operation Diplomat,1953,,39/100,0,0,1,0,0
8005,8006,A Fly in the Champagne,2009,,39/100,0,0,1,0,0
8006,8007,Garden of Hedon,2013,,39/100,0,0,1,0,0
8007,8008,Murder in Law,1989,,39/100,0,0,1,0,0
8008,8009,Jigsaw,2002,18+,39/100,0,0,1,0,0
8009,8010,Kim McVicar: Please Notice Me,2020,,39/100,0,0,1,0,0
8010,8011,Pooja Ke Phool,1964,,39/100,0,0,1,0,0
8011,8012,I Hate Tom Petty,2011,,39/100,0,0,1,0,0
8012,8013,Demon with the Atomic Brain,2017,,39/100,0,0,1,0,0
8013,8014,Danger Street,1947,,39/100,0,0,1,0,0
8014,8015,Porches and Private Eyes,2016,,39/100,0,0,1,0,0
8015,8016,The Demonic Tapes,2017,,39/100,0,0,1,0,0
8016,8017,Neal 'n' Nikki,2005,13+,39/100,0,0,1,0,0
8017,8018,The Count of Monte Cristo,1996,,39/100,0,0,1,0,0
8018,8019,Turning Point,2013,,39/100,0,0,1,0,0
8019,8020,Five Pounds,2010,,39/100,0,0,1,0,0
8020,8021,Jessie's Dad,2011,,39/100,0,0,1,0,0
8021,8022,The Private Life of Deer,2013,all,39/100,0,0,1,0,0
8022,8023,The Christmas Ride,2020,,39/100,0,0,1,0,0
8023,8024,Blitzed: Nazis on Drugs,2018,,39/100,0,0,1,0,0
8024,8025,Love Stalk,2016,,39/100,0,0,1,0,0
8025,8026,Blood Child,1982,,39/100,0,0,1,0,0
8026,8027,First One In,2020,,39/100,0,0,1,0,0
8027,8028,Space Girls in Beverly Hills,2009,,39/100,0,0,1,0,0
8028,8029,Into His Arms,1999,,39/100,0,0,1,0,0
8029,8030,World Without End (No Reported Incidents),2017,,39/100,0,0,1,0,0
8030,8031,Miracle Dogs Too,2006,7+,39/100,0,0,1,0,0
8031,8032,Nick Thune: Good Guy,2016,,39/100,0,0,1,0,0
8032,8033,Quit,2010,,39/100,0,0,1,0,0
8033,8034,Griefwalker,2008,,39/100,0,0,1,0,0
8034,8035,Dil Tera Diwana,1996,,39/100,0,0,1,0,0
8035,8036,Yonggary,1999,13+,39/100,0,0,1,0,0
8036,8037,Saleslady,1938,,39/100,0,0,1,0,0
8037,8038,I Am Gangster,2015,,39/100,0,0,1,0,0
8038,8039,Lazarus: Apocalypse,2014,18+,39/100,0,0,1,0,0
8039,8040,Eat Your Heart Out,1997,18+,39/100,0,0,1,0,0
8040,8041,Dana Gould: I Know It's Wrong,2013,18+,39/100,0,0,1,0,0
8041,8042,Straight Shooter,1939,7+,39/100,0,0,1,0,0
8042,8043,Imperial Venus,1962,7+,39/100,0,0,1,0,0
8043,8044,The Legend of Tillamook's Gold,2006,,39/100,0,0,1,0,0
8044,8045,Peculiar Pets,2010,,39/100,0,0,1,0,0
8045,8046,Wall Street Cowboy,1939,,39/100,0,0,1,0,0
8046,8047,Mary for Mayor,2020,7+,39/100,0,0,1,0,0
8047,8048,E19 Virus,2017,13+,39/100,0,0,1,0,0
8048,8049,This Is Who I Am,2012,,39/100,0,0,1,0,0
8049,8050,Rap Sheet: Hip-Hop and the Cops,2006,18+,39/100,0,0,1,0,0
8050,8051,Price of Love,2020,,39/100,0,0,1,0,0
8051,8052,Man from Texas,1948,,39/100,0,0,1,0,0
8052,8053,Elvis Presley: The Final Hours,2018,,39/100,0,0,1,0,0
8053,8054,The Chaos Factor,2000,18+,39/100,0,0,1,0,0
8054,8055,In the Name of Ben-Hur,2016,,39/100,0,0,1,0,0
8055,8056,Apostles of Comedy,2008,7+,39/100,0,0,1,0,0
8056,8057,Philo Vance Returns,1947,,39/100,0,0,1,0,0
8057,8058,Matt Besser: Pot Humor,2019,,39/100,0,0,1,0,0
8058,8059,Once in a New Moon,1935,,39/100,0,0,1,0,0
8059,8060,The Best of 'Autopsy': A Sex Crimes Special,2000,,39/100,0,0,1,0,0
8060,8061,Just Like a Woman,1992,18+,39/100,0,0,1,0,0
8061,8062,Gangs of the Dead,2006,18+,39/100,0,0,1,0,0
8062,8063,By Any Name,2017,,39/100,0,0,1,0,0
8063,8064,Double Edge,1992,18+,39/100,0,0,1,0,0
8064,8065,Camera Obscura,2000,,39/100,0,0,1,0,0
8065,8066,Bear with Me,2000,,39/100,0,0,1,0,0
8066,8067,Forbidden Jungle,1950,,39/100,0,0,1,0,0
8067,8068,The Fearless Young Boxer,1979,,39/100,0,0,1,0,0
8068,8069,Sundown Saunders,1935,,39/100,0,0,1,0,0
8069,8070,Telephone Operator,1937,,39/100,0,0,1,0,0
8070,8071,Owen Benjamin: Huge Pianist,2018,18+,39/100,0,0,1,0,0
8071,8072,Venus Obscura,2018,,39/100,0,0,1,0,0
8072,8073,Night of the Living Dead: Resurrection,2012,18+,39/100,0,0,1,0,0
8073,8074,Harlem Aria,1999,18+,39/100,0,0,1,0,0
8074,8075,Morgan's Ferry,1999,13+,39/100,0,0,1,0,0
8075,8076,SuperTornado: Anatomy of a MegaDisaster,2015,all,39/100,0,0,1,0,0
8076,8077,Baghdad Texas,2009,,39/100,0,0,1,0,0
8077,8078,Grinders,2011,,39/100,0,0,1,0,0
8078,8079,Happy 40th,2015,,39/100,0,0,1,0,0
8079,8080,Sawan Ko Aane Do,1979,,39/100,0,0,1,0,0
8080,8081,Eluka Majaka,2016,,39/100,0,0,1,0,0
8081,8082,Colorz of Rage,1999,18+,39/100,0,0,1,0,0
8082,8083,15 Killings,2020,,39/100,0,0,1,0,0
8083,8084,Adrift in Soho,2018,all,39/100,0,0,1,0,0
8084,8085,Thodi Thodi Si Manmaaniyan,2017,,39/100,0,0,1,0,0
8085,8086,The Courageous Avenger,1935,,39/100,0,0,1,0,0
8086,8087,Social Suicide,2015,,39/100,0,0,1,0,0
8087,8088,The Beer Jesus from America,2019,,39/100,0,0,1,0,0
8088,8089,Secret Lives,2005,18+,39/100,0,0,1,0,0
8089,8090,Always Will,2006,7+,39/100,0,0,1,0,0
8090,8091,Blowfly Park,2014,7+,39/100,0,0,1,0,0
8091,8092,Special Agent Kids,2013,,39/100,0,0,1,0,0
8092,8093,My Dad Is Scrooge,2014,,39/100,0,0,1,0,0
8093,8094,Jay Pharoah: Can I Be Me?,2015,,39/100,0,0,1,0,0
8094,8095,What Children Do,2017,,39/100,0,0,1,0,0
8095,8096,Centipede,2004,18+,39/100,0,0,1,0,0
8096,8097,A Haunting on Hamilton Street,2010,,39/100,0,0,1,0,0
8097,8098,The Underground Sinema,2015,18+,39/100,0,0,1,0,0
8098,8099,Bleeding Hearts,2013,,39/100,0,0,1,0,0
8099,8100,Keith Robinson: Back of the Bus Funny,2015,,39/100,0,0,1,0,0
8100,8101,Angel in Training,1999,all,39/100,0,0,1,0,0
8101,8102,Lizard Man,2012,,39/100,0,0,1,0,0
8102,8103,Jon Reep: Ginger Beard Man,2019,,39/100,0,0,1,0,0
8103,8104,Final Appointment,1954,,39/100,0,0,1,0,0
8104,8105,Where Sleeping Dogs Lie,2019,,39/100,0,0,1,0,0
8105,8106,Terror Talk,2018,,39/100,0,0,1,0,0
8106,8107,CALL TV,2018,,39/100,0,0,1,0,0
8107,8108,"Eriko, Pretended",2018,all,39/100,0,0,1,0,0
8108,8109,Wide Blue Yonder,2012,,39/100,0,0,1,0,0
8109,8110,In The House of Flies,2014,,39/100,0,0,1,0,0
8110,8111,Amanda and the Fox,2018,,39/100,0,0,1,0,0
8111,8112,Der Andere - eine Familiengeschichte,2016,,39/100,0,0,1,0,0
8112,8113,Mothers of the Bride,2015,7+,39/100,0,0,1,0,0
8113,8114,An Evening In Paris,1967,,39/100,0,0,1,0,0
8114,8115,Ram Ratan,2017,,39/100,0,0,1,0,0
8115,8116,Ablaze,2001,18+,39/100,0,0,1,0,0
8116,8117,Artworks,2003,18+,39/100,0,0,1,0,0
8117,8118,Mars Needs Women,1968,,39/100,0,0,1,0,0
8118,8119,Let's Sing Again,1936,,39/100,0,0,1,0,0
8119,8120,Forrest Shaw: Poor Decisions,2018,18+,39/100,0,0,1,0,0
8120,8121,Manchild: The Schea Cotton Story,2016,,39/100,0,0,1,0,0
8121,8122,Krazzy Tabbar,2017,,39/100,0,0,1,0,0
8122,8123,Plato's Reality Machine,2013,,39/100,0,0,1,0,0
8123,8124,Son of a Gun,2019,,39/100,0,0,1,0,0
8124,8125,Charlie Kay Chakkar Mein,2015,,39/100,0,0,1,0,0
8125,8126,Gallagher: We Need a Hero,1992,,39/100,0,0,1,0,0
8126,8127,The Starck Club Documentary-The Final Cut,2013,,39/100,0,0,1,0,0
8127,8128,Kirpaan,2014,,39/100,0,0,1,0,0
8128,8129,Brian Gaar: Jokes I Wrote At Work,2015,,39/100,0,0,1,0,0
8129,8130,The Film Peddler,2011,,39/100,0,0,1,0,0
8130,8131,Beaten,2005,,39/100,0,0,1,0,0
8131,8132,Melanie Comarcho: Hello!,2012,18+,39/100,0,0,1,0,0
8132,8133,Midnight Devils,2020,,38/100,0,0,1,0,0
8133,8134,Return to Treasure Island,1954,,38/100,0,0,1,0,0
8134,8135,Rhythm in the Clouds,1937,,38/100,0,0,1,0,0
8135,8136,Territorial Behavior,2015,,38/100,0,0,1,0,0
8136,8137,Merlin's Shop of Mystical Wonders,1996,,38/100,0,0,1,0,0
8137,8138,Narco Soldiers,2019,13+,38/100,0,0,1,0,0
8138,8139,The Healing Garden,2021,all,38/100,0,0,1,0,0
8139,8140,Wetbacks,1956,,38/100,0,0,1,0,0
8140,8141,Ishq Garaari,2013,,38/100,0,0,1,0,0
8141,8142,They Meet Again,1941,,38/100,0,0,1,0,0
8142,8143,Ninja Fist of Fire,1972,,38/100,0,0,1,0,0
8143,8144,Barefoot Boy,1938,,38/100,0,0,1,0,0
8144,8145,Bugged,1997,13+,38/100,0,0,1,0,0
8145,8146,The Contender,2015,,38/100,0,0,1,0,0
8146,8147,Modern Classic,2017,,38/100,0,0,1,0,0
8147,8148,Knox: The Life and Legacy of Scotland's Controversial Reformer,2015,,38/100,0,0,1,0,0
8148,8149,Message From A Mistress,2017,,38/100,0,0,1,0,0
8149,8150,Fugitive Rage,1996,18+,38/100,0,0,1,0,0
8150,8151,Dark Obsession,1989,18+,38/100,0,0,1,0,0
8151,8152,Nick Di Paolo: Inflammatory,2017,,38/100,0,0,1,0,0
8152,8153,Nature Unleashed: Fire,2004,18+,38/100,0,0,1,0,0
8153,8154,Izzie's Way Home,2016,all,38/100,0,0,1,0,0
8154,8155,City of Shadows,1987,18+,38/100,0,0,1,0,0
8155,8156,Buttcrack,1998,18+,38/100,0,0,1,0,0
8156,8157,William Lee Martin: The Nutcracker,2019,,38/100,0,0,1,0,0
8157,8158,Ester Steinberg Burning Bush,2021,13+,38/100,0,0,1,0,0
8158,8159,The Dancing Pumpkin and the Ogre's Plot,2007,,38/100,0,0,1,0,0
8159,8160,Where Love Found Me,2016,13+,38/100,0,0,1,0,0
8160,8161,The Gay Ranchero,1948,,38/100,0,0,1,0,0
8161,8162,Interlaced,2017,,38/100,0,0,1,0,0
8162,8163,Galaxy Lords,2018,,38/100,0,0,1,0,0
8163,8164,Bobby Slayton: Born to Be Bobby,2010,,38/100,0,0,1,0,0
8164,8165,Nic & Tristan Go Mega Dega,2010,all,38/100,0,0,1,0,0
8165,8166,Edison,2015,7+,38/100,0,0,1,0,0
8166,8167,Bee Sting,2014,,38/100,0,0,1,0,0
8167,8168,Arc,2006,13+,38/100,0,0,1,0,0
8168,8169,Tammy Pescatelli's Way After School Special,2020,18+,38/100,0,0,1,0,0
8169,8170,The Norse: An Arctic Mystery,2012,7+,38/100,0,0,1,0,0
8170,8171,Gurozuka,2005,,38/100,0,0,1,0,0
8171,8172,Betrayal,2013,,38/100,0,0,1,0,0
8172,8173,Hanna's Gold,2010,all,38/100,0,0,1,0,0
8173,8174,Secret Valley,1937,,38/100,0,0,1,0,0
8174,8175,Watch Out,2008,,38/100,0,0,1,0,0
8175,8176,Somnus,2016,,38/100,0,0,1,0,0
8176,8177,The List,2007,13+,38/100,0,0,1,0,0
8177,8178,Back Page,1934,,38/100,0,0,1,0,0
8178,8179,The Bone Garden,2016,18+,38/100,0,0,1,0,0
8179,8180,Seven Hours of Gunfire,1965,,38/100,0,0,1,0,0
8180,8181,The Four Deuces,1976,18+,38/100,0,0,1,0,0
8181,8182,"Debra Digiovanni: Single, Awkward, Female",2011,18+,38/100,0,0,1,0,0
8182,8183,Gallagher's Sledge-O-Matic,2000,,38/100,0,0,1,0,0
8183,8184,A Reckoning,2018,,38/100,0,0,1,0,0
8184,8185,Los Marcados,1971,,38/100,0,0,1,0,0
8185,8186,What Price Crime,1935,,38/100,0,0,1,0,0
8186,8187,Pete Correale: The Things We Do For Love,2009,,38/100,0,0,1,0,0
8187,8188,Das schafft die nie,1994,18+,38/100,0,0,1,0,0
8188,8189,Childish Things,1969,,38/100,0,0,1,0,0
8189,8190,Wildcat,1942,,38/100,0,0,1,0,0
8190,8191,Princess Diana: A Life After Death,2018,,38/100,0,0,1,0,0
8191,8192,Loni Love: America's Sister,2010,,38/100,0,0,1,0,0
8192,8193,Gina Brillon: Pacifically Speaking,2015,,38/100,0,0,1,0,0
8193,8194,Maverick: Manhunt Brazil,2016,,38/100,0,0,1,0,0
8194,8195,Frontier Outlaws,1944,,38/100,0,0,1,0,0
8195,8196,Shannon Street: Echoes Under a Blood Red Moon,2017,18+,38/100,0,0,1,0,0
8196,8197,The King's Guard,2000,13+,38/100,0,0,1,0,0
8197,8198,Paquete 3,2015,,38/100,0,0,1,0,0
8198,8199,Last Day of School,2016,18+,38/100,0,0,1,0,0
8199,8200,D-Day: The Price Of Freedom,2005,,38/100,0,0,1,0,0
8200,8201,The Contract,2016,,38/100,0,0,1,0,0
8201,8202,Lonely Boys,2016,,38/100,0,0,1,0,0
8202,8203,The Nutcrackers,2010,all,38/100,0,0,1,0,0
8203,8204,Tasting Menu,2013,13+,38/100,0,0,1,0,0
8204,8205,Tales of Found Footage,2019,18+,38/100,0,0,1,0,0
8205,8206,Honesty Weekend,2021,,38/100,0,0,1,0,0
8206,8207,David Crowe: Crooked Finger,2009,,38/100,0,0,1,0,0
8207,8208,Night Train,1998,13+,38/100,0,0,1,0,0
8208,8209,Thru: The Hereafter Remains Unknown,2017,,38/100,0,0,1,0,0
8209,8210,Vegas in Space,1991,18+,38/100,0,0,1,0,0
8210,8211,Banjara: The truck driver,2018,,38/100,0,0,1,0,0
8211,8212,Neengal Kettavai,1984,,38/100,0,0,1,0,0
8212,8213,Lil Rel: RELevent,2015,,38/100,0,0,1,0,0
8213,8214,Captain Scarlett,1953,,38/100,0,0,1,0,0
8214,8215,La Vaca - Holy Cow,2011,,38/100,0,0,1,0,0
8215,8216,What Comes Around,1985,7+,38/100,0,0,1,0,0
8216,8217,"Die Sister, Die!",1978,7+,38/100,0,0,1,0,0
8217,8218,Blanc de Blanc,2009,,38/100,0,0,1,0,0
8218,8219,Preacherman,1971,18+,38/100,0,0,1,0,0
8219,8220,Captured in Chinatown,1935,,38/100,0,0,1,0,0
8220,8221,Fink!,2005,18+,38/100,0,0,1,0,0
8221,8222,The Fidel Castro Tapes,2014,7+,38/100,0,0,1,0,0
8222,8223,Solar Flare,2008,13+,38/100,0,0,1,0,0
8223,8224,Baby Cat,1983,18+,38/100,0,0,1,0,0
8224,8225,Brothers O'Toole,1973,all,38/100,0,0,1,0,0
8225,8226,Goobers!,2012,7+,38/100,0,0,1,0,0
8226,8227,Faith's Song,2017,,38/100,0,0,1,0,0
8227,8228,Where's The Love?,2014,,38/100,0,0,1,0,0
8228,8229,The Days of Noah Part 2: Judgment Hour,2019,,38/100,0,0,1,0,0
8229,8230,Held For Ransom,1938,,38/100,0,0,1,0,0
8230,8231,Fury of the Fist and the Golden Fleece,2018,,38/100,0,0,1,0,0
8231,8232,The Crescent Moon Clown,2018,,38/100,0,0,1,0,0
8232,8233,The Odyssey of Destiny,2014,,38/100,0,0,1,0,0
8233,8234,Abhinetri No. 1,2016,,38/100,0,0,1,0,0
8234,8235,The Turtle and the Sea,2014,,38/100,0,0,1,0,0
8235,8236,Mr. Reckless,1948,,38/100,0,0,1,0,0
8236,8237,Hearts in Bondage,1936,,38/100,0,0,1,0,0
8237,8238,The Dude Ranger,1934,,38/100,0,0,1,0,0
8238,8239,All Over Town,1937,,38/100,0,0,1,0,0
8239,8240,Scientology: The Science of Truth or the Art of Deception?,2012,,38/100,0,0,1,0,0
8240,8241,Death's Door,2008,,38/100,0,0,1,0,0
8241,8242,Haunted Maze,2017,,38/100,0,0,1,0,0
8242,8243,Hillbillys in a Haunted House,1967,all,38/100,0,0,1,0,0
8243,8244,Binhi: The Seed,2015,13+,38/100,0,0,1,0,0
8244,8245,Virus Shark,2021,,38/100,0,0,1,0,0
8245,8246,A Midsummer's Hawaiian Dream,2016,,38/100,0,0,1,0,0
8246,8247,Shadow Government,2009,,38/100,0,0,1,0,0
8247,8248,Sunset Cove,1978,18+,38/100,0,0,1,0,0
8248,8249,Prem Deewane,1992,,38/100,0,0,1,0,0
8249,8250,The Power of the Resurrection,1958,,38/100,0,0,1,0,0
8250,8251,Miracle on Highway 34,2020,,38/100,0,0,1,0,0
8251,8252,A Million Hits,2018,,38/100,0,0,1,0,0
8252,8253,Hot Mess,2017,,37/100,0,0,1,0,0
8253,8254,The Legend of Butch & Sundance,2006,13+,37/100,0,0,1,0,0
8254,8255,A New Husband for Christmas,2020,,37/100,0,0,1,0,0
8255,8256,The Last Ridge: The 10th Mountain Division,2007,,37/100,0,0,1,0,0
8256,8257,Mission to Glory: A True Story,1977,7+,37/100,0,0,1,0,0
8257,8258,Lilith,2018,,37/100,0,0,1,0,0
8258,8259,Magic Max,2021,13+,37/100,0,0,1,0,0
8259,8260,How to Go Out on a Date in Queens,2006,18+,37/100,0,0,1,0,0
8260,8261,Kung Fu Masters 2,2018,,37/100,0,0,1,0,0
8261,8262,Caryl of the Mountains,1936,,37/100,0,0,1,0,0
8262,8263,Yellowneck,1955,,37/100,0,0,1,0,0
8263,8264,Riders of the Rockies,1937,7+,37/100,0,0,1,0,0
8264,8265,Richard Lewis: The Magical Misery Tour,1997,,37/100,0,0,1,0,0
8265,8266,Quel maledetto ponte sull'Elba,1969,,37/100,0,0,1,0,0
8266,8267,Murder.com,2008,18+,37/100,0,0,1,0,0
8267,8268,ADHD: Not Just for Kids,2017,,37/100,0,0,1,0,0
8268,8269,Invisible Mom,1996,7+,37/100,0,0,1,0,0
8269,8270,Guns Don't Argue,1957,,37/100,0,0,1,0,0
8270,8271,Nocturnal Agony,2014,,37/100,0,0,1,0,0
8271,8272,Ambush at Dark Canyon,2012,18+,37/100,0,0,1,0,0
8272,8273,Hold,2009,,37/100,0,0,1,0,0
8273,8274,Darkness,2014,,37/100,0,0,1,0,0
8274,8275,A Night at the Follies,1947,,37/100,0,0,1,0,0
8275,8276,Turned Out,2019,,37/100,0,0,1,0,0
8276,8277,Gallagher: An Uncensored Evening,1980,,37/100,0,0,1,0,0
8277,8278,Ranangan,2018,,37/100,0,0,1,0,0
8278,8279,Prison Shadows,1936,,37/100,0,0,1,0,0
8279,8280,Blanche,2018,7+,37/100,0,0,1,0,0
8280,8281,The Windsplitter,1971,,37/100,0,0,1,0,0
8281,8282,Making a Killing,2018,18+,37/100,0,0,1,0,0
8282,8283,Musclecar,2017,,37/100,0,0,1,0,0
8283,8284,Etgar Keret What Animal R U?,2013,,37/100,0,0,1,0,0
8284,8285,The Fall of '55,2006,,37/100,0,0,1,0,0
8285,8286,DocoBANKSY,2014,7+,37/100,0,0,1,0,0
8286,8287,Ninaitthathai Mudippavan,1975,,37/100,0,0,1,0,0
8287,8288,Jay Mohr: American Treasure,2020,,37/100,0,0,1,0,0
8288,8289,Luv Ka The End,2011,7+,37/100,0,0,1,0,0
8289,8290,Adventures in Odyssey: Electric Christmas,1994,,37/100,0,0,1,0,0
8290,8291,The Daniel Tiger Movie: Won't You Be Our Neighbor?,2018,all,37/100,0,0,1,0,0
8291,8292,Halloween Horror Tales,2018,,37/100,0,0,1,0,0
8292,8293,From Other Worlds,2004,13+,37/100,0,0,1,0,0
8293,8294,Red Sea,2016,all,37/100,0,0,1,0,0
8294,8295,Timber Queen,1944,,37/100,0,0,1,0,0
8295,8296,A Wonderful Christmas,2006,7+,37/100,0,0,1,0,0
8296,8297,Voyage of the Chimera,2021,,37/100,0,0,1,0,0
8297,8298,A Room Full of Nothing,2019,,37/100,0,0,1,0,0
8298,8299,The Outdoorsman,2017,13+,37/100,0,0,1,0,0
8299,8300,Between Two Women,2004,,37/100,0,0,1,0,0
8300,8301,The One Warrior,2011,,37/100,0,0,1,0,0
8301,8302,"Young, High and Dead",2013,,37/100,0,0,1,0,0
8302,8303,The Vanquisher,2009,18+,37/100,0,0,1,0,0
8303,8304,Michael Loftus: You've Changed,2009,,37/100,0,0,1,0,0
8304,8305,The Fatal Hour,1940,,37/100,0,0,1,0,0
8305,8306,The Guy with Secret Kung Fu,1980,,37/100,0,0,1,0,0
8306,8307,Blonde Comet,1941,,37/100,0,0,1,0,0
8307,8308,Android Uprising,2020,,37/100,0,0,1,0,0
8308,8309,Heart of Stone,2009,,37/100,0,0,1,0,0
8309,8310,Dawn Express,1942,7+,37/100,0,0,1,0,0
8310,8311,Nakhuda,1981,7+,37/100,0,0,1,0,0
8311,8312,The Courageous Dr. Christian,1940,,37/100,0,0,1,0,0
8312,8313,Got My Hustle Up,2018,,37/100,0,0,1,0,0
8313,8314,Doppel,2020,,37/100,0,0,1,0,0
8314,8315,Paul Rodriguez: The Here & Wow,2018,,37/100,0,0,1,0,0
8315,8316,Run for Love,2016,,37/100,0,0,1,0,0
8316,8317,Dead in France,2012,18+,37/100,0,0,1,0,0
8317,8318,The Paradise Trail,1979,,37/100,0,0,1,0,0
8318,8319,Perfect Break,2016,,37/100,0,0,1,0,0
8319,8320,Frank and Fearless,2018,,37/100,0,0,1,0,0
8320,8321,The Real Death Star,2002,,37/100,0,0,1,0,0
8321,8322,Redhead,1941,,37/100,0,0,1,0,0
8322,8323,Western Gold,1937,,37/100,0,0,1,0,0
8323,8324,The Surge: The Whole Story,2009,,37/100,0,0,1,0,0
8324,8325,The Miracle Kid,1941,,37/100,0,0,1,0,0
8325,8326,A Dangerous Place,2012,13+,37/100,0,0,1,0,0
8326,8327,Timelock,1996,,37/100,0,0,1,0,0
8327,8328,Officer,2018,,37/100,0,0,1,0,0
8328,8329,Such Were Some Of You,2014,,37/100,0,0,1,0,0
8329,8330,Heathens and Thieves,2012,18+,37/100,0,0,1,0,0
8330,8331,Porsche: Decades of Disruption,2017,7+,37/100,0,0,1,0,0
8331,8332,Elodie,2019,,37/100,0,0,1,0,0
8332,8333,Premasathi Vattel Te,1987,,37/100,0,0,1,0,0
8333,8334,Zero Tolerance,2014,,37/100,0,0,1,0,0
8334,8335,Evil on Queen Street,2002,,37/100,0,0,1,0,0
8335,8336,The Shop,2014,,37/100,0,0,1,0,0
8336,8337,The Devil Plays,1931,,37/100,0,0,1,0,0
8337,8338,El alazán y el rosillo,1966,,37/100,0,0,1,0,0
8338,8339,Jasper Redd: Jazz Talk,2014,,37/100,0,0,1,0,0
8339,8340,Darra,2016,,37/100,0,0,1,0,0
8340,8341,Luk'Luk'I,2017,,37/100,0,0,1,0,0
8341,8342,Shirdi Sai Baba,2001,,37/100,0,0,1,0,0
8342,8343,Grace and Gravity,2018,,37/100,0,0,1,0,0
8343,8344,Here's Flash Casey,1938,,37/100,0,0,1,0,0
8344,8345,Uphaar,1971,all,37/100,0,0,1,0,0
8345,8346,Shhhh,2014,,37/100,0,0,1,0,0
8346,8347,The Bogus Witch Project,2000,18+,37/100,0,0,1,0,0
8347,8348,Kaashmora,2016,,37/100,0,0,1,0,0
8348,8349,A Walk on the Moon,1987,,37/100,0,0,1,0,0
8349,8350,Dogged,2017,18+,37/100,0,0,1,0,0
8350,8351,And There Were 4,2018,,36/100,0,0,1,0,0
8351,8352,Kiss the Bride,2011,13+,36/100,0,0,1,0,0
8352,8353,Meet Dr. Christian,1939,,36/100,0,0,1,0,0
8353,8354,The Phoenix,2020,,36/100,0,0,1,0,0
8354,8355,Maximum Impact,2017,,36/100,0,0,1,0,0
8355,8356,The October Flowers,2018,,36/100,0,0,1,0,0
8356,8357,Black and Blue,2018,,36/100,0,0,1,0,0
8357,8358,Abomination: The Evilmaker II,2003,,36/100,0,0,1,0,0
8358,8359,Secondhand Hearts,2017,16+,36/100,0,0,1,0,0
8359,8360,Navy Secrets,1939,,36/100,0,0,1,0,0
8360,8361,Unknown Powers,1978,7+,36/100,0,0,1,0,0
8361,8362,Craig Shoemaker: Daditude,2012,18+,36/100,0,0,1,0,0
8362,8363,Thomas & Friends: Big World! Big Adventures! The Movie,2018,,36/100,0,0,1,0,0
8363,8364,Jugni,2016,7+,36/100,0,0,1,0,0
8364,8365,The Underdog,1943,,36/100,0,0,1,0,0
8365,8366,Eggsploitation,2010,,36/100,0,0,1,0,0
8366,8367,Dead Eyes Open,2008,,36/100,0,0,1,0,0
8367,8368,Lady of Guadalupe,2020,,36/100,0,0,1,0,0
8368,8369,Assassin's Game,2015,18+,36/100,0,0,1,0,0
8369,8370,Calígula,2015,,36/100,0,0,1,0,0
8370,8371,The Last Appeal,2016,,36/100,0,0,1,0,0
8371,8372,Heer & Hero,2013,,36/100,0,0,1,0,0
8372,8373,Ian Harvie: May the Best Cock Win,2016,,36/100,0,0,1,0,0
8373,8374,First Lady,2020,7+,36/100,0,0,1,0,0
8374,8375,Key of Brown,2013,,36/100,0,0,1,0,0
8375,8376,Painter,2020,7+,36/100,0,0,1,0,0
8376,8377,Hollywood High,1976,18+,36/100,0,0,1,0,0
8377,8378,Silver Stallion,1941,,36/100,0,0,1,0,0
8378,8379,Waters Rising,2007,,36/100,0,0,1,0,0
8379,8380,Hi-Riders,1978,18+,36/100,0,0,1,0,0
8380,8381,The Legend of Six Fingers,2014,,36/100,0,0,1,0,0
8381,8382,Elfette Saves Christmas,2019,,36/100,0,0,1,0,0
8382,8383,"Alonzo Bodden: Tall, Dark and Funny",2006,,36/100,0,0,1,0,0
8383,8384,Nicole Burch: Never Been Kissed,2020,,36/100,0,0,1,0,0
8384,8385,Choosi Choodangaane,2020,,36/100,0,0,1,0,0
8385,8386,Student of the Year 2,2019,,36/100,0,0,1,0,0
8386,8387,Women of Devil's Island,1962,,36/100,0,0,1,0,0
8387,8388,Great God Gold,1935,,36/100,0,0,1,0,0
8388,8389,Lowriders vs Zombies from Space,2018,,36/100,0,0,1,0,0
8389,8390,God's Step Children,1938,,36/100,0,0,1,0,0
8390,8391,Kautuk Srivastava : Anatomy Of Awkward,2018,,36/100,0,0,1,0,0
8391,8392,Havens End,2018,18+,36/100,0,0,1,0,0
8392,8393,Perfect Piece,2016,,36/100,0,0,1,0,0
8393,8394,Elvis & the Memphis Mafia,2018,,36/100,0,0,1,0,0
8394,8395,Finding Jesus,2020,all,36/100,0,0,1,0,0
8395,8396,Black History Activators,2020,,36/100,0,0,1,0,0
8396,8397,Before All Others,2016,7+,36/100,0,0,1,0,0
8397,8398,Brent Weinbach: Appealing to the Mainstream,2017,18+,36/100,0,0,1,0,0
8398,8399,Gays in Prison,2015,,36/100,0,0,1,0,0
8399,8400,Point 453,2017,,36/100,0,0,1,0,0
8400,8401,Scary Bride,2020,,36/100,0,0,1,0,0
8401,8402,Elayne Boosler: Party of One,1986,,36/100,0,0,1,0,0
8402,8403,Waiting on Mary,2016,,36/100,0,0,1,0,0
8403,8404,Honeymoon Limited,1935,,36/100,0,0,1,0,0
8404,8405,The Adventures of Petey and Friends,2016,,36/100,0,0,1,0,0
8405,8406,Reg'lar Fellers,1941,,36/100,0,0,1,0,0
8406,8407,Everything Went Down,2013,,36/100,0,0,1,0,0
8407,8408,The Great Cookie Comeback: Rebaking Wally Amos,2020,,36/100,0,0,1,0,0
8408,8409,The Shortest Way Home: C.S. Lewis and Mere Christianity,2013,,36/100,0,0,1,0,0
8409,8410,Diamond in the Rough,2019,,36/100,0,0,1,0,0
8410,8411,Ian Bagg: Conversations,2018,,36/100,0,0,1,0,0
8411,8412,A Century of Black Cinema,2003,7+,36/100,0,0,1,0,0
8412,8413,I'd Give My Life,1936,,36/100,0,0,1,0,0
8413,8414,Harm's Way,2008,18+,36/100,0,0,1,0,0
8414,8415,John Heffron: Middle Class Funny,2009,,36/100,0,0,1,0,0
8415,8416,Sing Sing Nights,1934,,36/100,0,0,1,0,0
8416,8417,Rumors of Wars,2014,13+,36/100,0,0,1,0,0
8417,8418,Marina Franklin: Single Black Female,2019,,36/100,0,0,1,0,0
8418,8419,Jimmy Dore: Sentenced To Live,2015,,36/100,0,0,1,0,0
8419,8420,Killing Stella,2017,,36/100,0,0,1,0,0
8420,8421,Queen of the Yukon,1940,,36/100,0,0,1,0,0
8421,8422,Switchin' The Script,2012,,36/100,0,0,1,0,0
8422,8423,When the Lights Go On Again,1944,,36/100,0,0,1,0,0
8423,8424,Tuareg: Desert Warrior,1984,,36/100,0,0,1,0,0
8424,8425,Richard The Lionheart,2013,18+,36/100,0,0,1,0,0
8425,8426,Buckets,2017,,36/100,0,0,1,0,0
8426,8427,Ricochet,2011,16+,36/100,0,0,1,0,0
8427,8428,What Is New Thought?,2014,,36/100,0,0,1,0,0
8428,8429,The Girl Who Came Back,1935,,36/100,0,0,1,0,0
8429,8430,The Wrath of Cain,2010,18+,36/100,0,0,1,0,0
8430,8431,Immortal Combat the Code,2019,,36/100,0,0,1,0,0
8431,8432,Monte Carlo Nights,1934,,36/100,0,0,1,0,0
8432,8433,Intolerance: No More,2020,,36/100,0,0,1,0,0
8433,8434,Thunder in the City,1937,,36/100,0,0,1,0,0
8434,8435,Gallagher: That's Stupid,1982,,36/100,0,0,1,0,0
8435,8436,Trump vs the Illuminati,2020,,36/100,0,0,1,0,0
8436,8437,Jingle Bells,1950,,36/100,0,0,1,0,0
8437,8438,Bones of Brundage,2018,,35/100,0,0,1,0,0
8438,8439,Totem: The Return of the G'psgolox Pole,2003,,35/100,0,0,1,0,0
8439,8440,Chinese Boxes,1984,,35/100,0,0,1,0,0
8440,8441,Stro: The Michael D'Asaro Story,2020,,35/100,0,0,1,0,0
8441,8442,House with a Turret,2012,,35/100,0,0,1,0,0
8442,8443,August,2018,,35/100,0,0,1,0,0
8443,8444,Elliott Morgan: Holy Shit,2019,,35/100,0,0,1,0,0
8444,8445,Taven,2015,,35/100,0,0,1,0,0
8445,8446,Shawn Pelofsky: Stretch it Out!,2018,,35/100,0,0,1,0,0
8446,8447,Prayer Never Fails,2016,7+,35/100,0,0,1,0,0
8447,8448,Jury of Our Peers,2008,,35/100,0,0,1,0,0
8448,8449,Relative Evil,2001,18+,35/100,0,0,1,0,0
8449,8450,WWII: Saving The Reality,2011,,35/100,0,0,1,0,0
8450,8451,Wanderers of the West,1941,,35/100,0,0,1,0,0
8451,8452,Jaws of Justice,1933,,35/100,0,0,1,0,0
8452,8453,Shadows of the Past,2009,7+,35/100,0,0,1,0,0
8453,8454,Wallaby Jim of the Islands,1937,,35/100,0,0,1,0,0
8454,8455,Hawk and Rev: Vampire Slayers,2020,,35/100,0,0,1,0,0
8455,8456,The Insurgents,2007,18+,35/100,0,0,1,0,0
8456,8457,I'm That Kind of Woman,2012,,35/100,0,0,1,0,0
8457,8458,Udanchhoo,2018,,35/100,0,0,1,0,0
8458,8459,Convention Girl,1935,,35/100,0,0,1,0,0
8459,8460,Paradise Isle,1937,,35/100,0,0,1,0,0
8460,8461,Love You Right: An R&B Musical,2021,,35/100,0,0,1,0,0
8461,8462,Inside the Law,1942,,35/100,0,0,1,0,0
8462,8463,The Mason Brothers,2017,18+,35/100,0,0,1,0,0
8463,8464,The Festival Girls,1961,,35/100,0,0,1,0,0
8464,8465,The Gateway,2015,,35/100,0,0,1,0,0
8465,8466,The Grift,2008,,35/100,0,0,1,0,0
8466,8467,William Lee Martin: Standing in the Middle,2019,,35/100,0,0,1,0,0
8467,8468,Blackmail,2017,,35/100,0,0,1,0,0
8468,8469,Moonfire,1973,7+,35/100,0,0,1,0,0
8469,8470,Sky Racket,1937,,35/100,0,0,1,0,0
8470,8471,On Angel Wings,2014,,35/100,0,0,1,0,0
8471,8472,Adam Lost His Apple,1965,,35/100,0,0,1,0,0
8472,8473,Stinger,2005,18+,35/100,0,0,1,0,0
8473,8474,Uncommon Law,2015,,35/100,0,0,1,0,0
8474,8475,The Black Kung Fu Experience,2012,,35/100,0,0,1,0,0
8475,8476,The Dance,2019,,35/100,0,0,1,0,0
8476,8477,Laundry Day,2018,,35/100,0,0,1,0,0
8477,8478,Jeff Garcia: The Ten Dollar Ticket,2009,,35/100,0,0,1,0,0
8478,8479,Fishbowl,2021,,35/100,0,0,1,0,0
8479,8480,Honor Amongst Men,2018,,35/100,0,0,1,0,0
8480,8481,The Knife of Devil's Roaring and Soul Missing,1976,,35/100,0,0,1,0,0
8481,8482,Sasheer Zamata: Pizza Mind,2017,18+,35/100,0,0,1,0,0
8482,8483,La pachanga,2019,,35/100,0,0,1,0,0
8483,8484,Texas Road,2010,,35/100,0,0,1,0,0
8484,8485,Tartarus,2005,,35/100,0,0,1,0,0
8485,8486,Kirdar-E-Sardar,2017,,35/100,0,0,1,0,0
8486,8487,Dancing Ninja,2010,,35/100,0,0,1,0,0
8487,8488,Covert Action,1988,,35/100,0,0,1,0,0
8488,8489,Templar Nation,2013,13+,35/100,0,0,1,0,0
8489,8490,Disconnected,1983,,35/100,0,0,1,0,0
8490,8491,24 Hours,2014,,34/100,0,0,1,0,0
8491,8492,Claudia Oshry: Disgraced Queen,2020,,34/100,0,0,1,0,0
8492,8493,Where Birds Don't Fly,2017,,34/100,0,0,1,0,0
8493,8494,Black Saturday,2005,,34/100,0,0,1,0,0
8494,8495,The Proposition,1996,18+,34/100,0,0,1,0,0
8495,8496,The Cat in the Hat Knows a Lot About Camping!,2016,,34/100,0,0,1,0,0
8496,8497,Italy's Mystery Mountains,2014,,34/100,0,0,1,0,0
8497,8498,The Yousers,2018,,34/100,0,0,1,0,0
8498,8499,Miraculous Messages,2007,,34/100,0,0,1,0,0
8499,8500,The Cat In The Hat Knows A Lot About Space!,2017,all,34/100,0,0,1,0,0
8500,8501,Get the Girl,2009,,34/100,0,0,1,0,0
8501,8502,Superintelligence: Beyond Human,2019,,34/100,0,0,1,0,0
8502,8503,The Mystery of the Hooded Horsemen,1937,all,34/100,0,0,1,0,0
8503,8504,Mummy Dearest,2021,,34/100,0,0,1,0,0
8504,8505,1/2 New Year,2019,,34/100,0,0,1,0,0
8505,8506,The Bashful Bachelor,1942,all,34/100,0,0,1,0,0
8506,8507,Evan Straw,2010,13+,34/100,0,0,1,0,0
8507,8508,Humpty Dumpty & More Kids Songs: Super Simple Songs,2017,,34/100,0,0,1,0,0
8508,8509,Beware Of Ladies,1936,,34/100,0,0,1,0,0
8509,8510,Father Steps Out,1941,,34/100,0,0,1,0,0
8510,8511,Drastic Measures,2019,7+,34/100,0,0,1,0,0
8511,8512,Terror at Bigfoot Pond,2020,18+,34/100,0,0,1,0,0
8512,8513,Snitch'd,2003,18+,34/100,0,0,1,0,0
8513,8514,Pink Heat,2015,,34/100,0,0,1,0,0
8514,8515,Tony Roberts: I'm Different,2013,,34/100,0,0,1,0,0
8515,8516,Stranded,2002,18+,34/100,0,0,1,0,0
8516,8517,The Reunited States,2020,,33/100,0,0,1,0,0
8517,8518,La Sucursal,2019,,33/100,0,0,1,0,0
8518,8519,Doggie Boogie - Get Your Grrr On!,2012,7+,33/100,0,0,1,0,0
8519,8520,One By One,2016,,33/100,0,0,1,0,0
8520,8521,Let 'em Have It,1935,,33/100,0,0,1,0,0
8521,8522,Prey for the Beast,2007,,33/100,0,0,1,0,0
8522,8523,Point of Terror,1971,18+,33/100,0,0,1,0,0
8523,8524,Zabardast,2007,,33/100,0,0,1,0,0
8524,8525,Living Space,2018,,33/100,0,0,1,0,0
8525,8526,In the Money,1933,,33/100,0,0,1,0,0
8526,8527,Tusks,1988,18+,33/100,0,0,1,0,0
8527,8528,Captain Calamity,1936,,33/100,0,0,1,0,0
8528,8529,The Young Land,1959,,33/100,0,0,1,0,0
8529,8530,Just Business,2008,13+,33/100,0,0,1,0,0
8530,8531,Aperture Kids and the Mysterious Neighbor,2021,,33/100,0,0,1,0,0
8531,8532,Any Last Words?,2012,13+,33/100,0,0,1,0,0
8532,8533,Matt Braunger: Finally Live in Portland,2019,,33/100,0,0,1,0,0
8533,8534,A Box of Faith,2015,all,33/100,0,0,1,0,0
8534,8535,Guantanamero,2007,18+,32/100,0,0,1,0,0
8535,8536,18 Vayasu,2012,,32/100,0,0,1,0,0
8536,8537,Konga TNT,2020,,32/100,0,0,1,0,0
8537,8538,Modern Prodigal,2019,7+,32/100,0,0,1,0,0
8538,8539,Marital Problems,2017,,32/100,0,0,1,0,0
8539,8540,Forbidden Secrets,2005,16+,32/100,0,0,1,0,0
8540,8541,The Jailhouse,2009,,32/100,0,0,1,0,0
8541,8542,Virus Undead,2008,18+,32/100,0,0,1,0,0
8542,8543,Arrest Bulldog Drummond,1938,all,31/100,0,0,1,0,0
8543,8544,ICE Agent,2013,,31/100,0,0,1,0,0
8544,8545,Brash Boys Club,2020,,31/100,0,0,1,0,0
8545,8546,Avalanche Sharks,2014,,30/100,0,0,1,0,0
8546,8547,Return of the Tiger,1977,,30/100,0,0,1,0,0
8547,8548,"Veritas, Prince of Truth",2007,7+,30/100,0,0,1,0,0
8548,8549,Guilty by Association,2003,18+,30/100,0,0,1,0,0
8549,8550,Border Blues,2004,18+,30/100,0,0,1,0,0
8550,8551,Hollow Scream,2018,,30/100,0,0,1,0,0
8551,8552,Payback,2007,18+,30/100,0,0,1,0,0
8552,8553,Bruce Lee Fights Back from the Grave,1976,18+,29/100,0,0,1,0,0
8553,8554,Air Rage,2001,18+,29/100,0,0,1,0,0
8554,8555,Clay,2008,,29/100,0,0,1,0,0
8555,8556,All Babes Want To Kill Me,2005,13+,29/100,0,0,1,0,0
8556,8557,Out of Line,2001,18+,29/100,0,0,1,0,0
8557,8558,Christian Blake,2008,,28/100,0,0,1,0,0
8558,8559,The Legend of Sasquatch,2007,all,28/100,0,0,1,0,0
8559,8560,Feeders 2: Slay Bells,1998,18+,28/100,0,0,1,0,0
8560,8561,A Talking Pony!?!,2013,,28/100,0,0,1,0,0
8561,8562,Mutant Species,1995,18+,27/100,0,0,1,0,0
8562,8563,Armed for Action,1992,,27/100,0,0,1,0,0
8563,8564,Lipstick Camera,1994,18+,26/100,0,0,1,0,0
8564,8565,Bank Alarm,1937,,26/100,0,0,1,0,0
8565,8566,1313: Giant Killer Bees!,2011,16+,26/100,0,0,1,0,0
8566,8567,Tom Clancy's The Division: Agent Origins,2016,,19/100,0,0,1,0,0
8567,8568,High Rise,2016,,19/100,0,0,1,0,0
8568,8569,A risky revenge,2019,,17/100,0,0,1,0,0
8569,8570,Facundo Alitaftaf,1978,,16/100,0,0,1,0,0
8570,8571,The Cursed Island,2014,,16/100,0,0,1,0,0
8571,8572,The John Wayne Story - The Later Years,1993,,16/100,0,0,1,0,0
8572,8573,Johnston: The Defenders of Taffy 3,2014,,16/100,0,0,1,0,0
8573,8574,"Rebel: Loreta Velazquez, Secret Soldier of the American Civil War",2013,,16/100,0,0,1,0,0
8574,8575,Rise Of The Great White Shark,2017,7+,16/100,0,0,1,0,0
8575,8576,Long Live Your Death,2015,18+,16/100,0,0,1,0,0
8576,8577,"Once Upon a Time Was I, Verônica",2012,,16/100,0,0,1,0,0
8577,8578,Pure the movie series,2018,,16/100,0,0,1,0,0
8578,8579,KAALA (Malayalam),2018,,15/100,0,0,1,0,0
8579,8580,Paddle to the Ocean,2013,,15/100,0,0,1,0,0
8580,8581,The Mini Witch,2013,,15/100,0,0,1,0,0
8581,8582,Josh Blue: Broccoli,2020,,15/100,0,0,1,0,0
8582,8583,Columbus In America,2018,,15/100,0,0,1,0,0
8583,8584,"ETs Among Us 3: Secret Space Program, Alien Psychics & Crop Circle Clues",2018,,15/100,0,0,1,0,0
8584,8585,"Evening Waterfalls, 8 hours for sleep and meditation ultra dark",2016,,15/100,0,0,1,0,0
8585,8586,Anxiety Feast,2020,,15/100,0,0,1,0,0
8586,8587,Everything and Nothing: The Amazing Science of Empty Space,2011,,15/100,0,0,1,0,0
8587,8588,Lots and Lots of Trucks: Hard Workin' Trucks,2008,,14/100,0,0,1,0,0
8588,8589,Wild Kratts: Alaska- Hero's Journey,2017,,14/100,0,0,1,0,0
8589,8590,Lil Wayne: Bling,2018,,14/100,0,0,1,0,0
8590,8591,Omerta the Act of Silence,2017,,14/100,0,0,1,0,0
8591,8592,"Evening Rain with thunderstorm, 9 hours for sleep and meditation-ultra dark",2016,,14/100,0,0,1,0,0
8592,8593,Ruby's Studio: The Friendship Show,2012,,14/100,0,0,1,0,0
8593,8594,Kindness Matters,2018,,14/100,0,0,1,0,0
8594,8595,How You Are to Me,2018,,14/100,0,0,1,0,0
8595,8596,Las Vegas Story,2015,,14/100,0,0,1,0,0
8596,8597,Five Lionni Classics,1986,,14/100,0,0,1,0,0
8597,8598,Nature: Touching the Wild: Living with the Mule Deer of Deadman Gulch,2014,,14/100,0,0,1,0,0
8598,8599,Corrie ten Boom: A Faith Undefeated,2013,,14/100,0,0,1,0,0
8599,8600,I Love Toy Trains - Ticket to Ride,2013,,13/100,0,0,1,0,0
8600,8601,Halloween Bug-A-Boo!,2020,,13/100,0,0,1,0,0
8601,8602,Stevie Ray Vaughan - 1984-1989: Lonestar,2017,,13/100,0,0,1,0,0
8602,8603,Love At First Swipe,2015,,13/100,0,0,1,0,0
8603,8604,Kacche Dhaagey,2016,,13/100,0,0,1,0,0
8604,8605,Don't Cry For Me Papa,1983,,13/100,0,0,1,0,0
8605,8606,UFOTV Presents: Out of the Blue - The Definitive Investigation On UFOs,2012,,13/100,0,0,1,0,0
8606,8607,Reflections on the Lord's Prayer: For People with Cancer,2008,,13/100,0,0,1,0,0
8607,8608,The Amazing Adventure of Marchello the Cat,2017,,13/100,0,0,1,0,0
8608,8609,Truck Tunes 2,2014,all,13/100,0,0,1,0,0
8609,8610,Little Pim: Let's Count - Spanish for Kids,2010,,13/100,0,0,1,0,0
8610,8611,Arthur and the Haunted Tree House,2017,,13/100,0,0,1,0,0
8611,8612,Rollin: The Fall of the Auto Industry and the rise of the Drug Economy in Detroit,2016,,13/100,0,0,1,0,0
8612,8613,The Fairies: Fairy Beach,2007,all,12/100,0,0,1,0,0
8613,8614,5K1-States Evidence,2018,,12/100,0,0,1,0,0
8614,8615,Fire Lines,2014,13+,12/100,0,0,1,0,0
8615,8616,Mary Poppins,1964,all,96/100,0,0,0,1,0
8616,8617,Avengers: Endgame,2019,13+,90/100,0,0,0,1,0
8617,8618,Avengers: Infinity War,2018,13+,90/100,0,0,0,1,0
8618,8619,Star Wars: A New Hope,1977,7+,89/100,0,0,0,1,0
8619,8620,Star Wars: The Empire Strikes Back,1980,7+,89/100,0,0,0,1,0
8620,8621,Soul,2020,7+,89/100,0,0,0,1,0
8621,8622,Guardians of the Galaxy,2014,13+,89/100,0,0,0,1,0
8622,8623,The Lion King,1994,all,89/100,0,0,0,1,0
8623,8624,WALL·E,2008,all,88/100,0,0,0,1,0
8624,8625,The Avengers,2012,13+,88/100,0,0,0,1,0
8625,8626,The Many Adventures of Winnie the Pooh,1977,all,88/100,0,0,0,1,0
8626,8627,Toy Story,1995,all,88/100,0,0,0,1,0
8627,8628,Up,2009,7+,88/100,0,0,0,1,0
8628,8629,Star Wars: Return of the Jedi,1983,7+,87/100,0,0,0,1,0
8629,8630,Finding Nemo,2003,all,87/100,0,0,0,1,0
8630,8631,"Monsters, Inc.",2001,all,87/100,0,0,0,1,0
8631,8632,Coco,2017,7+,87/100,0,0,0,1,0
8632,8633,Avatar,2009,13+,86/100,0,0,0,1,0
8633,8634,Toy Story 3,2010,all,86/100,0,0,0,1,0
8634,8635,Thor: Ragnarok,2017,13+,86/100,0,0,0,1,0
8635,8636,Pirates of the Caribbean: The Curse of the Black Pearl,2003,13+,86/100,0,0,0,1,0
8636,8637,Captain America: Civil War,2016,13+,86/100,0,0,0,1,0
8637,8638,Star Wars: The Force Awakens,2015,13+,86/100,0,0,0,1,0
8638,8639,The Incredibles,2004,7+,86/100,0,0,0,1,0
8639,8640,Captain America: The Winter Soldier,2014,13+,86/100,0,0,0,1,0
8640,8641,Rogue One: A Star Wars Story,2016,13+,85/100,0,0,0,1,0
8641,8642,Guardians of the Galaxy Vol. 2,2017,13+,85/100,0,0,0,1,0
8642,8643,Zootopia,2016,7+,85/100,0,0,0,1,0
8643,8644,Ratatouille,2007,all,85/100,0,0,0,1,0
8644,8645,Doctor Strange,2016,13+,85/100,0,0,0,1,0
8645,8646,X-Men: Days of Future Past,2014,13+,85/100,0,0,0,1,0
8646,8647,Black Panther,2018,13+,84/100,0,0,0,1,0
8647,8648,Avengers: Age of Ultron,2015,13+,84/100,0,0,0,1,0
8648,8649,The Princess Bride,1987,7+,84/100,0,0,0,1,0
8649,8650,Big Hero 6,2014,7+,84/100,0,0,0,1,0
8650,8651,Toy Story 2,1999,all,84/100,0,0,0,1,0
8651,8652,Aladdin,1992,all,84/100,0,0,0,1,0
8652,8653,Ant-Man,2015,13+,84/100,0,0,0,1,0
8653,8654,Moana,2016,7+,83/100,0,0,0,1,0
8654,8655,Hidden Figures,2016,7+,83/100,0,0,0,1,0
8655,8656,Frozen,2013,7+,83/100,0,0,0,1,0
8656,8657,Star Wars: Episode III - Revenge of the Sith,2005,13+,83/100,0,0,0,1,0
8657,8658,Wreck-It Ralph,2012,7+,83/100,0,0,0,1,0
8658,8659,Incredibles 2,2018,7+,83/100,0,0,0,1,0
8659,8660,Tangled,2010,7+,83/100,0,0,0,1,0
8660,8661,Iron Man 3,2013,13+,83/100,0,0,0,1,0
8661,8662,The Nightmare Before Christmas,1993,7+,83/100,0,0,0,1,0
8662,8663,Luca,2021,7+,82/100,0,0,0,1,0
8663,8664,Home Alone,1990,7+,82/100,0,0,0,1,0
8664,8665,Captain America: The First Avenger,2011,13+,82/100,0,0,0,1,0
8665,8666,Thor,2011,13+,82/100,0,0,0,1,0
8666,8667,X2,2003,13+,82/100,0,0,0,1,0
8667,8668,Iron Man 2,2010,13+,82/100,0,0,0,1,0
8668,8669,The Greatest Showman,2017,7+,82/100,0,0,0,1,0
8669,8670,Pirates of the Caribbean: Dead Man's Chest,2006,13+,82/100,0,0,0,1,0
8670,8671,Toy Story 4,2019,all,82/100,0,0,0,1,0
8671,8672,Star Wars: The Last Jedi,2017,13+,82/100,0,0,0,1,0
8672,8673,Tinker Bell and the Lost Treasure,2009,all,81/100,0,0,0,1,0
8673,8674,Hamilton,2020,13+,81/100,0,0,0,1,0
8674,8675,Captain Marvel,2019,13+,81/100,0,0,0,1,0
8675,8676,Thor: The Dark World,2013,13+,81/100,0,0,0,1,0
8676,8677,Raya and the Last Dragon,2021,7+,81/100,0,0,0,1,0
8677,8678,Ant-Man and the Wasp,2018,13+,81/100,0,0,0,1,0
8678,8679,Fantastic Mr. Fox,2009,7+,81/100,0,0,0,1,0
8679,8680,Finding Dory,2016,7+,81/100,0,0,0,1,0
8680,8681,Mulan,1998,all,81/100,0,0,0,1,0
8681,8682,Pirates of the Caribbean: At World's End,2007,13+,81/100,0,0,0,1,0
8682,8683,Cars,2006,all,81/100,0,0,0,1,0
8683,8684,X-Men: Apocalypse,2016,13+,80/100,0,0,0,1,0
8684,8685,Monsters University,2013,all,80/100,0,0,0,1,0
8685,8686,Brave,2012,7+,80/100,0,0,0,1,0
8686,8687,Onward,2020,7+,80/100,0,0,0,1,0
8687,8688,The Sound of Music,1965,all,80/100,0,0,0,1,0
8688,8689,Isle of Dogs,2018,13+,80/100,0,0,0,1,0
8689,8690,Who Framed Roger Rabbit,1988,7+,80/100,0,0,0,1,0
8690,8691,The Sandlot,1993,7+,79/100,0,0,0,1,0
8691,8692,Solo: A Star Wars Story,2018,13+,79/100,0,0,0,1,0
8692,8693,A Bug's Life,1998,all,79/100,0,0,0,1,0
8693,8694,Star Wars: Episode I - The Phantom Menace,1999,7+,79/100,0,0,0,1,0
8694,8695,Remember the Titans,2000,7+,79/100,0,0,0,1,0
8695,8696,Ralph Breaks the Internet,2018,7+,79/100,0,0,0,1,0
8696,8697,Black Is King,2020,16+,79/100,0,0,0,1,0
8697,8698,Lilo & Stitch,2002,7+,79/100,0,0,0,1,0
8698,8699,The Emperor's New Groove,2000,all,78/100,0,0,0,1,0
8699,8700,Star Wars: The Rise of Skywalker,2019,13+,78/100,0,0,0,1,0
8700,8701,Star Wars: Episode II - Attack of the Clones,2002,7+,78/100,0,0,0,1,0
8701,8702,The Simpsons Movie,2007,13+,78/100,0,0,0,1,0
8702,8703,Frozen II,2019,7+,78/100,0,0,0,1,0
8703,8704,"The Chronicles of Narnia: The Lion, the Witch and the Wardrobe",2005,7+,78/100,0,0,0,1,0
8704,8705,X-Men: The Last Stand,2006,13+,78/100,0,0,0,1,0
8705,8706,Snow White and the Seven Dwarfs,1937,all,78/100,0,0,0,1,0
8706,8707,X-Men Origins: Wolverine,2009,13+,78/100,0,0,0,1,0
8707,8708,Sanjay's Super Team,2015,7+,78/100,0,0,0,1,0
8708,8709,Pirates of the Caribbean: Dead Men Tell No Tales,2017,13+,78/100,0,0,0,1,0
8709,8710,Home Alone 2: Lost in New York,1992,7+,77/100,0,0,0,1,0
8710,8711,The Color of Friendship,2000,7+,77/100,0,0,0,1,0
8711,8712,Free Solo,2018,13+,77/100,0,0,0,1,0
8712,8713,The Princess and the Frog,2009,all,77/100,0,0,0,1,0
8713,8714,Alice in Wonderland,1951,all,77/100,0,0,0,1,0
8714,8715,Rio,2011,all,77/100,0,0,0,1,0
8715,8716,Saving Mr. Banks,2013,13+,77/100,0,0,0,1,0
8716,8717,Ice Age: Dawn of the Dinosaurs,2009,7+,76/100,0,0,0,1,0
8717,8718,Miss Peregrine's Home for Peculiar Children,2016,13+,76/100,0,0,0,1,0
8718,8719,Bolt,2008,7+,76/100,0,0,0,1,0
8719,8720,That Darn Cat!,1965,all,76/100,0,0,0,1,0
8720,8721,Night at the Museum,2006,7+,76/100,0,0,0,1,0
8721,8722,One Hundred and One Dalmatians,1961,all,76/100,0,0,0,1,0
8722,8723,Lady and the Tramp,1955,all,76/100,0,0,0,1,0
8723,8724,Bambi,1942,all,76/100,0,0,0,1,0
8724,8725,Togo,2019,7+,76/100,0,0,0,1,0
8725,8726,The Straight Story,1999,all,76/100,0,0,0,1,0
8726,8727,Peter Pan,1953,all,76/100,0,0,0,1,0
8727,8728,Cars 3,2017,all,76/100,0,0,0,1,0
8728,8729,Fantasia,1940,all,76/100,0,0,0,1,0
8729,8730,Maleficent: Mistress of Evil,2019,7+,76/100,0,0,0,1,0
8730,8731,Ice Age: The Meltdown,2006,7+,76/100,0,0,0,1,0
8731,8732,Treasure Planet,2002,7+,75/100,0,0,0,1,0
8732,8733,Anastasia,1997,all,75/100,0,0,0,1,0
8733,8734,Pooh's Heffalump Movie,2005,all,75/100,0,0,0,1,0
8734,8735,John Carter,2012,13+,75/100,0,0,0,1,0
8735,8736,Willow,1988,7+,75/100,0,0,0,1,0
8736,8737,Dumbo,1941,all,75/100,0,0,0,1,0
8737,8738,Sleeping Beauty,1959,all,75/100,0,0,0,1,0
8738,8739,We Bought a Zoo,2011,7+,75/100,0,0,0,1,0
8739,8740,Pocahontas,1995,all,75/100,0,0,0,1,0
8740,8741,The Good Dinosaur,2015,7+,75/100,0,0,0,1,0
8741,8742,The Aristocats,1970,all,75/100,0,0,0,1,0
8742,8743,National Treasure: Book of Secrets,2007,7+,75/100,0,0,0,1,0
8743,8744,Hocus Pocus,1993,7+,75/100,0,0,0,1,0
8744,8745,Cool Runnings,1993,7+,75/100,0,0,0,1,0
8745,8746,Christopher Robin,2018,7+,75/100,0,0,0,1,0
8746,8747,Stargirl,2020,7+,74/100,0,0,0,1,0
8747,8748,Eddie the Eagle,2016,13+,74/100,0,0,0,1,0
8748,8749,Atlantis: The Lost Empire,2001,7+,74/100,0,0,0,1,0
8749,8750,The Book of Life,2014,7+,74/100,0,0,0,1,0
8750,8751,The Parent Trap,1998,7+,74/100,0,0,0,1,0
8751,8752,Before the Flood,2016,7+,74/100,0,0,0,1,0
8752,8753,Piper,2016,all,74/100,0,0,0,1,0
8753,8754,The Fox and the Hound,1981,all,74/100,0,0,0,1,0
8754,8755,Cars 2,2011,all,74/100,0,0,0,1,0
8755,8756,Prince of Persia: The Sands of Time,2010,13+,74/100,0,0,0,1,0
8756,8757,The Sword in the Stone,1963,all,74/100,0,0,0,1,0
8757,8758,The Chronicles of Narnia: Prince Caspian,2008,7+,74/100,0,0,0,1,0
8758,8759,Tron,1982,7+,74/100,0,0,0,1,0
8759,8760,Frank and Ollie,1995,7+,73/100,0,0,0,1,0
8760,8761,Holes,2003,7+,73/100,0,0,0,1,0
8761,8762,Meet the Robinsons,2007,all,73/100,0,0,0,1,0
8762,8763,The Princess Diaries,2001,all,73/100,0,0,0,1,0
8763,8764,Horton Hears a Who!,2008,all,73/100,0,0,0,1,0
8764,8765,Alice Through the Looking Glass,2016,7+,73/100,0,0,0,1,0
8765,8766,Night at the Museum: Battle of the Smithsonian,2009,7+,73/100,0,0,0,1,0
8766,8767,Brother Bear,2003,all,73/100,0,0,0,1,0
8767,8768,Mary Poppins Returns,2018,7+,73/100,0,0,0,1,0
8768,8769,Timmy Failure: Mistakes Were Made,2020,7+,73/100,0,0,0,1,0
8769,8770,The Muppet Christmas Carol,1992,all,72/100,0,0,0,1,0
8770,8771,Presto,2008,all,72/100,0,0,0,1,0
8771,8772,Ferdinand,2017,7+,72/100,0,0,0,1,0
8772,8773,Miracle,2004,7+,72/100,0,0,0,1,0
8773,8774,The Finest Hours,2016,13+,72/100,0,0,0,1,0
8774,8775,"Honey, I Shrunk the Kids",1989,7+,72/100,0,0,0,1,0
8775,8776,The Santa Clause,1994,7+,72/100,0,0,0,1,0
8776,8777,Percy Jackson & the Olympians: The Lightning Thief,2010,7+,72/100,0,0,0,1,0
8777,8778,The Peanuts Movie,2015,all,72/100,0,0,0,1,0
8778,8779,Frankenweenie,2012,7+,72/100,0,0,0,1,0
8779,8780,The Chronicles of Narnia: The Voyage of the Dawn Treader,2010,7+,72/100,0,0,0,1,0
8780,8781,Geri's Game,1997,all,72/100,0,0,0,1,0
8781,8782,Into the Woods,2014,7+,72/100,0,0,0,1,0
8782,8783,Piglet's Big Movie,2003,all,72/100,0,0,0,1,0
8783,8784,Pete's Dragon,2016,7+,72/100,0,0,0,1,0
8784,8785,Freaky Friday,2003,7+,71/100,0,0,0,1,0
8785,8786,Fantastic Four: Rise of the Silver Surfer,2007,13+,71/100,0,0,0,1,0
8786,8787,Sister Act,1992,7+,71/100,0,0,0,1,0
8787,8788,The Sorcerer's Apprentice,2010,7+,71/100,0,0,0,1,0
8788,8789,EverAfter,1998,13+,71/100,0,0,0,1,0
8789,8790,A Goofy Movie,1995,all,71/100,0,0,0,1,0
8790,8791,Bend It Like Beckham,2002,13+,71/100,0,0,0,1,0
8791,8792,Lifted,2006,all,71/100,0,0,0,1,0
8792,8793,Big Business,1988,7+,71/100,0,0,0,1,0
8793,8794,Roving Mars,2006,7+,71/100,0,0,0,1,0
8794,8795,The Lion King II: Simba's Pride,1998,all,71/100,0,0,0,1,0
8795,8796,La luna,2012,all,71/100,0,0,0,1,0
8796,8797,The Muppet Movie,1979,all,71/100,0,0,0,1,0
8797,8798,Percy Jackson: Sea of Monsters,2013,7+,70/100,0,0,0,1,0
8798,8799,The Rescuers,1977,all,70/100,0,0,0,1,0
8799,8800,Partly Cloudy,2009,all,70/100,0,0,0,1,0
8800,8801,Iron Will,1994,7+,70/100,0,0,0,1,0
8801,8802,Eight Below,2006,7+,70/100,0,0,0,1,0
8802,8803,Homeward Bound: The Incredible Journey,1993,all,70/100,0,0,0,1,0
8803,8804,James and the Giant Peach,1996,7+,70/100,0,0,0,1,0
8804,8805,Adventures in Babysitting,1987,13+,70/100,0,0,0,1,0
8805,8806,The Great Mouse Detective,1986,all,70/100,0,0,0,1,0
8806,8807,Day & Night,2010,all,70/100,0,0,0,1,0
8807,8808,Flight of the Navigator,1986,7+,70/100,0,0,0,1,0
8808,8809,The Mighty Ducks,1992,7+,70/100,0,0,0,1,0
8809,8810,BURN·E,2008,all,70/100,0,0,0,1,0
8810,8811,The Lion King 1½,2004,all,70/100,0,0,0,1,0
8811,8812,Mickey's Christmas Carol,1983,all,70/100,0,0,0,1,0
8812,8813,Bedtime Stories,2008,7+,69/100,0,0,0,1,0
8813,8814,The Last Song,2010,7+,69/100,0,0,0,1,0
8814,8815,Ice Age: Collision Course,2016,all,69/100,0,0,0,1,0
8815,8816,Mr. Holland's Opus,1995,7+,69/100,0,0,0,1,0
8816,8817,Secretariat,2010,7+,69/100,0,0,0,1,0
8817,8818,Fantasia 2000,1999,all,69/100,0,0,0,1,0
8818,8819,Oliver & Company,1988,all,69/100,0,0,0,1,0
8819,8820,Melody Time,1948,,69/100,0,0,0,1,0
8820,8821,Newsies: The Broadway Musical,2017,7+,69/100,0,0,0,1,0
8821,8822,Bao,2018,all,69/100,0,0,0,1,0
8822,8823,Splash,1984,7+,69/100,0,0,0,1,0
8823,8824,"20,000 Leagues Under the Sea",1954,all,69/100,0,0,0,1,0
8824,8825,Dinosaur,2000,7+,69/100,0,0,0,1,0
8825,8826,Cheaper by the Dozen,2003,7+,69/100,0,0,0,1,0
8826,8827,The Rescuers Down Under,1990,all,69/100,0,0,0,1,0
8827,8828,Chicken Little,2005,all,68/100,0,0,0,1,0
8828,8829,The Princess Diaries 2: Royal Engagement,2004,all,68/100,0,0,0,1,0
8829,8830,101 Dalmatians II: Patch's London Adventure,2003,all,68/100,0,0,0,1,0
8830,8831,High School Musical,2006,all,68/100,0,0,0,1,0
8831,8832,Descendants,2015,all,68/100,0,0,0,1,0
8832,8833,Winnie the Pooh,2011,all,68/100,0,0,0,1,0
8833,8834,The Greatest Game Ever Played,2005,7+,68/100,0,0,0,1,0
8834,8835,Lava,2014,all,68/100,0,0,0,1,0
8835,8836,Bedknobs and Broomsticks,1971,all,68/100,0,0,0,1,0
8836,8837,Queen of Katwe,2016,7+,68/100,0,0,0,1,0
8837,8838,The Game Plan,2007,7+,68/100,0,0,0,1,0
8838,8839,Glory Road,2006,7+,68/100,0,0,0,1,0
8839,8840,D2: The Mighty Ducks,1994,7+,68/100,0,0,0,1,0
8840,8841,The Cat from Outer Space,1978,all,68/100,0,0,0,1,0
8841,8842,Toy Story of Terror!,2013,all,68/100,0,0,0,1,0
8842,8843,DuckTales: The Movie - Treasure of the Lost Lamp,1990,all,68/100,0,0,0,1,0
8843,8844,"Alexander and the Terrible, Horrible, No Good, Very Bad Day",2014,7+,67/100,0,0,0,1,0
8844,8845,The Odd Life of Timothy Green,2012,7+,67/100,0,0,0,1,0
8845,8846,Jack-Jack Attack,2005,all,67/100,0,0,0,1,0
8846,8847,The Three Musketeers,1993,7+,67/100,0,0,0,1,0
8847,8848,Aladdin and the King of Thieves,1996,all,67/100,0,0,0,1,0
8848,8849,Descendants 3,2019,all,67/100,0,0,0,1,0
8849,8850,Secret of the Wings,2012,all,67/100,0,0,0,1,0
8850,8851,The Pacifier,2005,7+,67/100,0,0,0,1,0
8851,8852,The One and Only Ivan,2020,7+,67/100,0,0,0,1,0
8852,8853,Toy Story That Time Forgot,2014,all,67/100,0,0,0,1,0
8853,8854,Muppet Treasure Island,1996,all,67/100,0,0,0,1,0
8854,8855,Gnomeo & Juliet,2011,all,67/100,0,0,0,1,0
8855,8856,Tinker Bell,2008,all,67/100,0,0,0,1,0
8856,8857,Return to Oz,1985,7+,66/100,0,0,0,1,0
8857,8858,The Santa Clause 2,2002,all,66/100,0,0,0,1,0
8858,8859,The Black Cauldron,1985,7+,66/100,0,0,0,1,0
8859,8860,Tinker Bell and the Legend of the NeverBeast,2014,all,66/100,0,0,0,1,0
8860,8861,The Big Year,2011,7+,66/100,0,0,0,1,0
8861,8862,Around the World in 80 Days,2004,7+,66/100,0,0,0,1,0
8862,8863,Herbie Goes to Monte Carlo,1977,all,66/100,0,0,0,1,0
8863,8864,3 Men and a Baby,1987,7+,66/100,0,0,0,1,0
8864,8865,Lemonade Mouth,2011,all,66/100,0,0,0,1,0
8865,8866,Tinker Bell and the Pirate Fairy,2014,all,66/100,0,0,0,1,0
8866,8867,One Man Band,2005,all,66/100,0,0,0,1,0
8867,8868,Flubber,1997,7+,66/100,0,0,0,1,0
8868,8869,Newsies,1992,7+,66/100,0,0,0,1,0
8869,8870,"Hello, Dolly!",1969,all,66/100,0,0,0,1,0
8870,8871,Halloweentown,1998,all,66/100,0,0,0,1,0
8871,8872,Sister Act 2: Back in the Habit,1993,7+,66/100,0,0,0,1,0
8872,8873,Jack,1996,13+,66/100,0,0,0,1,0
8873,8874,Race to Witch Mountain,2009,7+,66/100,0,0,0,1,0
8874,8875,Diary of a Wimpy Kid: Rodrick Rules,2011,7+,66/100,0,0,0,1,0
8875,8876,Maggie Simpson in The Longest Daycare,2012,7+,66/100,0,0,0,1,0
8876,8877,Knick Knack,1989,all,66/100,0,0,0,1,0
8877,8878,Planes,2013,7+,66/100,0,0,0,1,0
8878,8879,George of the Jungle,1997,7+,66/100,0,0,0,1,0
8879,8880,Descendants 2,2017,all,66/100,0,0,0,1,0
8880,8881,The Adventures of Ichabod and Mr. Toad,1949,7+,65/100,0,0,0,1,0
8881,8882,Heavyweights,1995,7+,65/100,0,0,0,1,0
8882,8883,Destino,2003,7+,65/100,0,0,0,1,0
8883,8884,The Great Muppet Caper,1981,all,65/100,0,0,0,1,0
8884,8885,Cheaper by the Dozen 2,2005,7+,65/100,0,0,0,1,0
8885,8886,You Again,2010,7+,65/100,0,0,0,1,0
8886,8887,Lou,2017,all,65/100,0,0,0,1,0
8887,8888,Mike's New Car,2002,all,65/100,0,0,0,1,0
8888,8889,Oklahoma!,1955,all,65/100,0,0,0,1,0
8889,8890,Baby's Day Out,1994,7+,65/100,0,0,0,1,0
8890,8891,Mulan II,2004,all,65/100,0,0,0,1,0
8891,8892,High School Musical 2,2007,all,65/100,0,0,0,1,0
8892,8893,Riley's First Date?,2015,all,65/100,0,0,0,1,0
8893,8894,Mickey's Once Upon a Christmas,1999,all,65/100,0,0,0,1,0
8894,8895,Old Yeller,1957,all,65/100,0,0,0,1,0
8895,8896,Recess: Taking the Fifth Grade,2003,all,65/100,0,0,0,1,0
8896,8897,Lilo & Stitch 2: Stitch Has a Glitch,2005,7+,65/100,0,0,0,1,0
8897,8898,The Nutcracker and the Four Realms,2018,7+,65/100,0,0,0,1,0
8898,8899,Phineas and Ferb: The Movie: Across the 2nd Dimension,2011,all,65/100,0,0,0,1,0
8899,8900,22 vs. Earth,2021,all,64/100,0,0,0,1,0
8900,8901,The Kid Who Would Be King,2019,7+,64/100,0,0,0,1,0
8901,8902,The Return of Jafar,1994,all,64/100,0,0,0,1,0
8902,8903,"The Simpsons: The Good, the Bart, and the Loki",2021,7+,64/100,0,0,0,1,0
8903,8904,Journey to the Center of the Earth,1959,all,64/100,0,0,0,1,0
8904,8905,Marvel Rising: Secret Warriors,2018,,64/100,0,0,0,1,0
8905,8906,Luxo Jr.,1986,all,64/100,0,0,0,1,0
8906,8907,One Magic Christmas,1985,all,64/100,0,0,0,1,0
8907,8908,Tinker Bell and the Great Fairy Rescue,2010,all,64/100,0,0,0,1,0
8908,8909,Kitbull,2019,7+,64/100,0,0,0,1,0
8909,8910,Steamboat Willie,1928,all,64/100,0,0,0,1,0
8910,8911,The Lizzie McGuire Movie,2003,7+,64/100,0,0,0,1,0
8911,8912,Tuck Everlasting,2002,7+,64/100,0,0,0,1,0
8912,8913,Red Tails,2012,13+,64/100,0,0,0,1,0
8913,8914,Folklore: The Long Pond Studio Sessions,2020,7+,64/100,0,0,0,1,0
8914,8915,Us Again,2021,all,64/100,0,0,0,1,0
8915,8916,The Haunted Mansion,2003,7+,64/100,0,0,0,1,0
8916,8917,Ice Princess,2005,all,64/100,0,0,0,1,0
8917,8918,High School Musical 3: Senior Year,2008,all,64/100,0,0,0,1,0
8918,8919,Jane,2017,7+,64/100,0,0,0,1,0
8919,8920,Boundin',2003,all,64/100,0,0,0,1,0
8920,8921,Oceans,2010,all,64/100,0,0,0,1,0
8921,8922,Hawaiian Vacation,2011,all,64/100,0,0,0,1,0
8922,8923,The Three Caballeros,1944,all,64/100,0,0,0,1,0
8923,8924,Mars Needs Moms,2011,7+,63/100,0,0,0,1,0
8924,8925,Prep & Landing,2009,all,63/100,0,0,0,1,0
8925,8926,The Tigger Movie,2000,all,63/100,0,0,0,1,0
8926,8927,Princess Protection Program,2009,all,63/100,0,0,0,1,0
8927,8928,Pollyanna,1960,all,63/100,0,0,0,1,0
8928,8929,The Little Mermaid: Ariel's Beginning,2008,7+,63/100,0,0,0,1,0
8929,8930,Small Fry,2011,all,63/100,0,0,0,1,0
8930,8931,The Black Hole,1979,7+,63/100,0,0,0,1,0
8931,8932,Bears,2014,all,63/100,0,0,0,1,0
8932,8933,Starstruck,2010,all,63/100,0,0,0,1,0
8933,8934,The Wizards Return: Alex vs. Alex,2013,7+,63/100,0,0,0,1,0
8934,8935,Phineas and Ferb: The Movie: Candace Against the Universe,2020,all,63/100,0,0,0,1,0
8935,8936,Godmothered,2020,7+,63/100,0,0,0,1,0
8936,8937,Inner Workings,2016,all,63/100,0,0,0,1,0
8937,8938,Cinderella III: A Twist in Time,2007,all,63/100,0,0,0,1,0
8938,8939,Wizards of Waverly Place: The Movie,2009,7+,63/100,0,0,0,1,0
8939,8940,Recess: School's Out,2001,all,63/100,0,0,0,1,0
8940,8941,Kronk's New Groove,2005,all,63/100,0,0,0,1,0
8941,8942,Partysaurus Rex,2012,all,63/100,0,0,0,1,0
8942,8943,The Little Mermaid II: Return to the Sea,2000,7+,63/100,0,0,0,1,0
8943,8944,The Love Bug,1968,all,63/100,0,0,0,1,0
8944,8945,Home Alone 3,1997,7+,62/100,0,0,0,1,0
8945,8946,Strange Magic,2015,7+,62/100,0,0,0,1,0
8946,8947,Flora & Ulysses,2021,7+,62/100,0,0,0,1,0
8947,8948,Camp Rock,2008,all,62/100,0,0,0,1,0
8948,8949,Brother Bear 2,2006,all,62/100,0,0,0,1,0
8949,8950,Wild Hearts Can't Be Broken,1991,all,62/100,0,0,0,1,0
8950,8951,An Extremely Goofy Movie,2000,all,62/100,0,0,0,1,0
8951,8952,Teen Beach Movie,2013,7+,62/100,0,0,0,1,0
8952,8953,Howard,2018,7+,62/100,0,0,0,1,0
8953,8954,Halloweentown II: Kalabar's Revenge,2001,all,62/100,0,0,0,1,0
8954,8955,G-Force,2009,7+,62/100,0,0,0,1,0
8955,8956,"Mickey, Donald, Goofy: The Three Musketeers",2004,all,62/100,0,0,0,1,0
8956,8957,Annie,1999,all,62/100,0,0,0,1,0
8957,8958,Mighty Joe Young,1998,7+,62/100,0,0,0,1,0
8958,8959,A Wrinkle in Time,2018,7+,62/100,0,0,0,1,0
8959,8960,Miraculous World: Shanghai – The Legend of Ladydragon,2021,7+,62/100,0,0,0,1,0
8960,8961,Three Little Pigs,1933,,62/100,0,0,0,1,0
8961,8962,Homeward Bound II: Lost in San Francisco,1996,all,62/100,0,0,0,1,0
8962,8963,Home on the Range,2004,7+,62/100,0,0,0,1,0
8963,8964,Planes: Fire & Rescue,2014,7+,62/100,0,0,0,1,0
8964,8965,Beauty and the Beast: The Enchanted Christmas,1997,all,62/100,0,0,0,1,0
8965,8966,Fun and Fancy Free,1947,all,62/100,0,0,0,1,0
8966,8967,Olaf's Frozen Adventure,2017,all,62/100,0,0,0,1,0
8967,8968,Geek Charming,2011,7+,62/100,0,0,0,1,0
8968,8969,Darby O'Gill and the Little People,1959,all,61/100,0,0,0,1,0
8969,8970,Garfield,2004,7+,61/100,0,0,0,1,0
8970,8971,The Santa Clause 3: The Escape Clause,2006,all,61/100,0,0,0,1,0
8971,8972,Because of Winn-Dixie,2005,7+,61/100,0,0,0,1,0
8972,8973,Bambi II,2006,all,61/100,0,0,0,1,0
8973,8974,Halloweentown High,2004,all,61/100,0,0,0,1,0
8974,8975,The Journey of Natty Gann,1985,7+,61/100,0,0,0,1,0
8975,8976,Treasure Island,1950,7+,61/100,0,0,0,1,0
8976,8977,Dug's Special Mission,2009,all,61/100,0,0,0,1,0
8977,8978,African Cats,2011,all,61/100,0,0,0,1,0
8978,8979,The Lego Star Wars Holiday Special,2020,all,61/100,0,0,0,1,0
8979,8980,Escape to Witch Mountain,1975,all,61/100,0,0,0,1,0
8980,8981,Marvel Studios: Assembling a Universe,2014,7+,61/100,0,0,0,1,0
8981,8982,Monkey Kingdom,2015,all,61/100,0,0,0,1,0
8982,8983,Safety,2020,7+,61/100,0,0,0,1,0
8983,8984,Hannah Montana: The Movie,2009,all,61/100,0,0,0,1,0
8984,8985,Lady and the Tramp II: Scamp's Adventure,2001,all,61/100,0,0,0,1,0
8985,8986,Maggie Simpson in The Force Awakens from Its Nap,2021,18+,61/100,0,0,0,1,0
8986,8987,Mickey's Twice Upon a Christmas,2004,all,61/100,0,0,0,1,0
8987,8988,Flicka,2006,7+,61/100,0,0,0,1,0
8988,8989,D3: The Mighty Ducks,1996,7+,61/100,0,0,0,1,0
8989,8990,Once Upon a Snowman,2020,all,61/100,0,0,0,1,0
8990,8991,Return to Never Land,2002,all,61/100,0,0,0,1,0
8991,8992,"Honey, I Blew Up the Kid",1992,7+,61/100,0,0,0,1,0
8992,8993,Mater and the Ghostlight,2006,all,61/100,0,0,0,1,0
8993,8994,The Absent-Minded Professor,1961,all,61/100,0,0,0,1,0
8994,8995,The Wild,2006,all,61/100,0,0,0,1,0
8995,8996,Camp Nowhere,1994,7+,61/100,0,0,0,1,0
8996,8997,"Miraculous World: New York, United HeroeZ",2020,7+,60/100,0,0,0,1,0
8997,8998,Secret Society of Second Born Royals,2020,7+,60/100,0,0,0,1,0
8998,8999,Float,2019,7+,60/100,0,0,0,1,0
8999,9000,Cadet Kelly,2002,all,60/100,0,0,0,1,0
9000,9001,Stitch! The Movie,2003,all,60/100,0,0,0,1,0
9001,9002,Artemis Fowl,2020,7+,60/100,0,0,0,1,0
9002,9003,Camp Rock 2: The Final Jam,2010,7+,60/100,0,0,0,1,0
9003,9004,Born in China,2016,all,60/100,0,0,0,1,0
9004,9005,Valiant,2005,all,60/100,0,0,0,1,0
9005,9006,Cloud 9,2014,all,60/100,0,0,0,1,0
9006,9007,102 Dalmatians,2000,all,60/100,0,0,0,1,0
9007,9008,Twitches,2005,7+,60/100,0,0,0,1,0
9008,9009,Kim Possible: So the Drama,2005,all,60/100,0,0,0,1,0
9009,9010,Jungle 2 Jungle,1997,7+,60/100,0,0,0,1,0
9010,9011,Cinderella II: Dreams Come True,2002,all,60/100,0,0,0,1,0
9011,9012,Garfield: A Tail of Two Kitties,2006,7+,60/100,0,0,0,1,0
9012,9013,Waking Sleeping Beauty,2009,7+,60/100,0,0,0,1,0
9013,9014,Clouds,2020,13+,60/100,0,0,0,1,0
9014,9015,Magic Camp,2020,7+,59/100,0,0,0,1,0
9015,9016,Teen Beach 2,2015,all,59/100,0,0,0,1,0
9016,9017,3 Men and a Little Lady,1990,7+,59/100,0,0,0,1,0
9017,9018,Z-O-M-B-I-E-S,2018,all,59/100,0,0,0,1,0
9018,9019,Walking with Dinosaurs,2013,7+,59/100,0,0,0,1,0
9019,9020,Blank Check,1994,7+,59/100,0,0,0,1,0
9020,9021,Pooh's Grand Adventure: The Search for Christopher Robin,1997,all,59/100,0,0,0,1,0
9021,9022,Auntie Edna,2018,,59/100,0,0,0,1,0
9022,9023,Blackbeard's Ghost,1968,all,59/100,0,0,0,1,0
9023,9024,Your Friend the Rat,2007,all,59/100,0,0,0,1,0
9024,9025,Zenon: Girl of the 21st Century,1999,all,59/100,0,0,0,1,0
9025,9026,Tin Toy,1988,all,59/100,0,0,0,1,0
9026,9027,Atlantis: Milo's Return,2003,all,59/100,0,0,0,1,0
9027,9028,Pocahontas II: Journey to a New World,1998,all,59/100,0,0,0,1,0
9028,9029,Let It Shine,2012,all,59/100,0,0,0,1,0
9029,9030,Tangled: Before Ever After,2017,all,59/100,0,0,0,1,0
9030,9031,Ice Age: The Great Egg-Scapade,2016,7+,59/100,0,0,0,1,0
9031,9032,Chimpanzee,2012,all,59/100,0,0,0,1,0
9032,9033,The Apple Dumpling Gang,1975,all,59/100,0,0,0,1,0
9033,9034,The Reluctant Dragon,1941,all,59/100,0,0,0,1,0
9034,9035,Avalon High,2011,all,59/100,0,0,0,1,0
9035,9036,Saludos Amigos,1942,,59/100,0,0,0,1,0
9036,9037,The Band Concert,1935,,59/100,0,0,0,1,0
9037,9038,Leroy & Stitch,2006,all,58/100,0,0,0,1,0
9038,9039,12 Dates of Christmas,2011,7+,58/100,0,0,0,1,0
9039,9040,Don't Look Under the Bed,1999,7+,58/100,0,0,0,1,0
9040,9041,Phineas and Ferb: Star Wars,2014,all,58/100,0,0,0,1,0
9041,9042,The Happiest Millionaire,1967,all,58/100,0,0,0,1,0
9042,9043,"Good Luck Charlie, It's Christmas!",2011,all,58/100,0,0,0,1,0
9043,9044,I'll Be Home for Christmas,1998,7+,58/100,0,0,0,1,0
9044,9045,"Honey, We Shrunk Ourselves",1997,7+,58/100,0,0,0,1,0
9045,9046,Mickey's Trailer,1938,,58/100,0,0,0,1,0
9046,9047,The Luck of the Irish,2001,all,58/100,0,0,0,1,0
9047,9048,Return to Halloweentown,2006,all,58/100,0,0,0,1,0
9048,9049,Candleshoe,1977,7+,58/100,0,0,0,1,0
9049,9050,Everyone's Hero,2006,all,58/100,0,0,0,1,0
9050,9051,Brink!,1998,all,58/100,0,0,0,1,0
9051,9052,Burrow,2020,all,58/100,0,0,0,1,0
9052,9053,Invisible Sister,2015,all,58/100,0,0,0,1,0
9053,9054,Smart House,1999,all,58/100,0,0,0,1,0
9054,9055,The Shaggy Dog,1959,all,58/100,0,0,0,1,0
9055,9056,Purl,2019,7+,58/100,0,0,0,1,0
9056,9057,Black Beauty,2020,7+,58/100,0,0,0,1,0
9057,9058,The Adventures of Huck Finn,1993,7+,58/100,0,0,0,1,0
9058,9059,Tarzan II,2005,all,58/100,0,0,0,1,0
9059,9060,Confessions of a Teenage Drama Queen,2004,7+,58/100,0,0,0,1,0
9060,9061,Tom and Huck,1995,7+,58/100,0,0,0,1,0
9061,9062,The Jungle Book 2,2003,all,58/100,0,0,0,1,0
9062,9063,Diary of a Wimpy Kid: The Long Haul,2017,7+,58/100,0,0,0,1,0
9063,9064,Prep & Landing: Naughty vs. Nice,2011,all,57/100,0,0,0,1,0
9064,9065,The Fox and the Hound 2,2006,all,57/100,0,0,0,1,0
9065,9066,The Incredible Journey,1963,all,57/100,0,0,0,1,0
9066,9067,Deep Blue,2003,all,57/100,0,0,0,1,0
9067,9068,Prom,2011,7+,57/100,0,0,0,1,0
9068,9069,Phineas and Ferb: Mission Marvel,2013,all,57/100,0,0,0,1,0
9069,9070,The Prince and the Pauper,1990,all,57/100,0,0,0,1,0
9070,9071,The Sandlot 2,2005,7+,57/100,0,0,0,1,0
9071,9072,Bad Hair Day,2015,all,57/100,0,0,0,1,0
9072,9073,Z-O-M-B-I-E-S 2,2020,all,57/100,0,0,0,1,0
9073,9074,The Boys: The Sherman Brothers' Story,2009,7+,57/100,0,0,0,1,0
9074,9075,The Cheetah Girls,2003,all,57/100,0,0,0,1,0
9075,9076,Man of the House,1995,7+,57/100,0,0,0,1,0
9076,9077,Twitches Too,2007,7+,57/100,0,0,0,1,0
9077,9078,Herbie Rides Again,1974,all,57/100,0,0,0,1,0
9078,9079,Ewoks: The Battle for Endor,1985,all,57/100,0,0,0,1,0
9079,9080,Tru Confessions,2002,all,57/100,0,0,0,1,0
9080,9081,Read It and Weep,2006,all,57/100,0,0,0,1,0
9081,9082,Lonesome Ghosts,1937,,57/100,0,0,0,1,0
9082,9083,Motocrossed,2001,all,57/100,0,0,0,1,0
9083,9084,Aliens of the Deep,2005,all,57/100,0,0,0,1,0
9084,9085,"Marvel: 75 Years, From Pulp to Pop!",2014,7+,57/100,0,0,0,1,0
9085,9086,Out,2020,7+,57/100,0,0,0,1,0
9086,9087,Loop,2020,7+,57/100,0,0,0,1,0
9087,9088,The Ugly Dachshund,1966,all,57/100,0,0,0,1,0
9088,9089,Shipwrecked,1990,7+,57/100,0,0,0,1,0
9089,9090,Jump In!,2007,all,57/100,0,0,0,1,0
9090,9091,The Big Green,1995,7+,56/100,0,0,0,1,0
9091,9092,The Even Stevens Movie,2003,all,56/100,0,0,0,1,0
9092,9093,"Davy Crockett, King of the Wild Frontier",1955,7+,56/100,0,0,0,1,0
9093,9094,Brave Little Tailor,1938,,56/100,0,0,0,1,0
9094,9095,The Old Mill,1937,all,56/100,0,0,0,1,0
9095,9096,Minutemen,2008,all,56/100,0,0,0,1,0
9096,9097,Johnny Tsunami,1999,all,56/100,0,0,0,1,0
9097,9098,Life with Mikey,1993,7+,56/100,0,0,0,1,0
9098,9099,Cow Belles,2006,all,56/100,0,0,0,1,0
9099,9100,First Kid,1996,7+,56/100,0,0,0,1,0
9100,9101,The Small One,1978,all,56/100,0,0,0,1,0
9101,9102,Operation Dumbo Drop,1995,7+,56/100,0,0,0,1,0
9102,9103,Wendy Wu: Homecoming Warrior,2006,all,56/100,0,0,0,1,0
9103,9104,Walt Disney's Silly Symphony: The Ugly Duckling,1939,all,56/100,0,0,0,1,0
9104,9105,Winnie the Pooh: Springtime with Roo,2004,all,56/100,0,0,0,1,0
9105,9106,Return from Witch Mountain,1978,all,56/100,0,0,0,1,0
9106,9107,Stuntman,2021,13+,56/100,0,0,0,1,0
9107,9108,Smash and Grab,2019,7+,56/100,0,0,0,1,0
9108,9109,Get a Clue,2002,all,56/100,0,0,0,1,0
9109,9110,Tall Tale,1995,7+,56/100,0,0,0,1,0
9110,9111,Red's Dream,1987,all,56/100,0,0,0,1,0
9111,9112,Beverly Hills Chihuahua,2008,7+,56/100,0,0,0,1,0
9112,9113,Frenemies,2012,all,56/100,0,0,0,1,0
9113,9114,Flowers and Trees,1932,,56/100,0,0,0,1,0
9114,9115,The Thirteenth Year,1999,all,56/100,0,0,0,1,0
9115,9116,The Little Prince(ss),2021,,56/100,0,0,0,1,0
9116,9117,Max Keeble's Big Move,2001,all,56/100,0,0,0,1,0
9117,9118,Stuck in the Suburbs,2004,all,56/100,0,0,0,1,0
9118,9119,Penguins,2019,all,56/100,0,0,0,1,0
9119,9120,The Story of Robin Hood and His Merrie Men,1952,7+,56/100,0,0,0,1,0
9120,9121,Party Central,2014,7+,55/100,0,0,0,1,0
9121,9122,The Moon-Spinners,1964,all,55/100,0,0,0,1,0
9122,9123,The Island at the Top of the World,1974,all,55/100,0,0,0,1,0
9123,9124,Far from Home: The Adventures of Yellow Dog,1995,7+,55/100,0,0,0,1,0
9124,9125,Phantom of the Megaplex,2000,all,55/100,0,0,0,1,0
9125,9126,Mom's Got a Date with a Vampire,2000,7+,55/100,0,0,0,1,0
9126,9127,Now You See It...,2005,all,55/100,0,0,0,1,0
9127,9128,Girl vs. Monster,2012,7+,55/100,0,0,0,1,0
9128,9129,Upside-Down Magic,2020,all,55/100,0,0,0,1,0
9129,9130,Double Teamed,2002,all,55/100,0,0,0,1,0
9130,9131,The Tortoise and the Hare,1935,,55/100,0,0,0,1,0
9131,9132,Benji the Hunted,1987,all,55/100,0,0,0,1,0
9132,9133,MARS: Inside SpaceX,2018,7+,54/100,0,0,0,1,0
9133,9134,Ferdinand the Bull,1938,,54/100,0,0,0,1,0
9134,9135,Santa's Workshop,1932,,54/100,0,0,0,1,0
9135,9136,The Suite Life Movie,2011,all,54/100,0,0,0,1,0
9136,9137,Wolfgang,2021,,54/100,0,0,0,1,0
9137,9138,How to Build a Better Boy,2014,all,54/100,0,0,0,1,0
9138,9139,Clock Cleaners,1937,,54/100,0,0,0,1,0
9139,9140,Lambert the Sheepish Lion,1952,,54/100,0,0,0,1,0
9140,9141,Zenon: The Zequel,2001,all,54/100,0,0,0,1,0
9141,9142,The Apple Dumpling Gang Rides Again,1979,all,54/100,0,0,0,1,0
9142,9143,Pluto's Christmas Tree,1952,,54/100,0,0,0,1,0
9143,9144,Star Wars Biomes,2021,,54/100,0,0,0,1,0
9144,9145,Snowball Express,1972,all,54/100,0,0,0,1,0
9145,9146,Herbie Goes Bananas,1980,all,54/100,0,0,0,1,0
9146,9147,Pixel Perfect,2004,all,54/100,0,0,0,1,0
9147,9148,Sharpay's Fabulous Adventure,2011,all,54/100,0,0,0,1,0
9148,9149,The Cheetah Girls: One World,2008,all,54/100,0,0,0,1,0
9149,9150,Thru the Mirror,1936,,54/100,0,0,0,1,0
9150,9151,The Brave Little Toaster to the Rescue,1997,all,54/100,0,0,0,1,0
9151,9152,Go Figure,2005,all,54/100,0,0,0,1,0
9152,9153,The Shaggy D.A.,1976,all,54/100,0,0,0,1,0
9153,9154,Titanic: 20 Years Later with James Cameron,2017,7+,54/100,0,0,0,1,0
9154,9155,The Computer Wore Tennis Shoes,1969,all,54/100,0,0,0,1,0
9155,9156,The Strongest Man in the World,1975,all,54/100,0,0,0,1,0
9156,9157,Elephant,2020,all,54/100,0,0,0,1,0
9157,9158,The Mistle-Tones,2012,7+,54/100,0,0,0,1,0
9158,9159,Greyfriars Bobby: The True Story of a Dog,1961,7+,54/100,0,0,0,1,0
9159,9160,College Road Trip,2008,all,54/100,0,0,0,1,0
9160,9161,The Real Right Stuff,2020,7+,54/100,0,0,0,1,0
9161,9162,A Kid in King Arthur's Court,1995,7+,53/100,0,0,0,1,0
9162,9163,Apollo: Missions to the Moon,2019,,53/100,0,0,0,1,0
9163,9164,Winnie the Pooh: A Very Merry Pooh Year,2002,all,53/100,0,0,0,1,0
9164,9165,The Proud Family Movie,2005,all,53/100,0,0,0,1,0
9165,9166,The Living Desert,1953,all,53/100,0,0,0,1,0
9166,9167,The Legend of Mor'du,2012,all,53/100,0,0,0,1,0
9167,9168,Iron Man & Captain America: Heroes United,2014,7+,53/100,0,0,0,1,0
9168,9169,Mr. Magoo,1997,7+,53/100,0,0,0,1,0
9169,9170,Chip an' Dale,1947,,53/100,0,0,0,1,0
9170,9171,The Little Mermaid Live!,2019,7+,53/100,0,0,0,1,0
9171,9172,The Cheetah Girls 2,2006,all,53/100,0,0,0,1,0
9172,9173,Davy Crockett and the River Pirates,1956,all,53/100,0,0,0,1,0
9173,9174,Trick or Treat,1952,,53/100,0,0,0,1,0
9174,9175,The Hunchback of Notre Dame II,2002,all,53/100,0,0,0,1,0
9175,9176,Shark Beach with Chris Hemsworth,2021,,53/100,0,0,0,1,0
9176,9177,Playing with Sharks: The Valerie Taylor Story,2021,13+,53/100,0,0,0,1,0
9177,9178,Marvel's Behind the Mask,2021,13+,53/100,0,0,0,1,0
9178,9179,Eddie's Million Dollar Cook Off,2003,all,53/100,0,0,0,1,0
9179,9180,Alley Cats Strike,2000,all,53/100,0,0,0,1,0
9180,9181,The Million Dollar Duck,1971,all,53/100,0,0,0,1,0
9181,9182,Mr. Duck Steps Out,1940,all,52/100,0,0,0,1,0
9182,9183,Mr. Boogedy,1986,all,52/100,0,0,0,1,0
9183,9184,The Crimson Wing: Mystery of the Flamingos,2008,all,52/100,0,0,0,1,0
9184,9185,Snowglobe,2007,7+,52/100,0,0,0,1,0
9185,9186,Science Fair,2018,7+,52/100,0,0,0,1,0
9186,9187,The Art of Skiing,1941,,52/100,0,0,0,1,0
9187,9188,The Big Bad Wolf,1934,,52/100,0,0,0,1,0
9188,9189,Going to the Mat,2004,all,52/100,0,0,0,1,0
9189,9190,Tummy Trouble,1989,all,52/100,0,0,0,1,0
9190,9191,Quints,2000,all,52/100,0,0,0,1,0
9191,9192,Johnny Kapahala - Back on Board,2007,,52/100,0,0,0,1,0
9192,9193,Mickey and the Seal,1948,all,52/100,0,0,0,1,0
9193,9194,How to Play Baseball,1942,,52/100,0,0,0,1,0
9194,9195,The Brave Little Toaster Goes to Mars,1998,all,52/100,0,0,0,1,0
9195,9196,All in a Nutshell,1949,,52/100,0,0,0,1,0
9196,9197,Into the Grand Canyon,2019,7+,52/100,0,0,0,1,0
9197,9198,Hatching Pete,2009,all,52/100,0,0,0,1,0
9198,9199,George & A.J.,2009,all,52/100,0,0,0,1,0
9199,9200,Chef Donald,1941,,52/100,0,0,0,1,0
9200,9201,Tiger Cruise,2005,7+,52/100,0,0,0,1,0
9201,9202,How to Fish,1942,,52/100,0,0,0,1,0
9202,9203,American Eid,2021,all,52/100,0,0,0,1,0
9203,9204,Amy,1981,all,52/100,0,0,0,1,0
9204,9205,America's Heart and Soul,2004,7+,52/100,0,0,0,1,0
9205,9206,Trail Mix-Up,1993,all,52/100,0,0,0,1,0
9206,9207,Once Upon A Mattress,2005,7+,52/100,0,0,0,1,0
9207,9208,Tarzan & Jane,2002,all,52/100,0,0,0,1,0
9208,9209,Right on Track,2003,all,52/100,0,0,0,1,0
9209,9210,Wings of Life,2011,all,52/100,0,0,0,1,0
9210,9211,That Darn Cat,1997,7+,52/100,0,0,0,1,0
9211,9212,The Sandlot: Heading Home,2007,7+,51/100,0,0,0,1,0
9212,9213,Squanto: A Warrior's Tale,1994,7+,51/100,0,0,0,1,0
9213,9214,Gus,1976,all,51/100,0,0,0,1,0
9214,9215,Lamp Life,2020,,51/100,0,0,0,1,0
9215,9216,The Hockey Champ,1939,,51/100,0,0,0,1,0
9216,9217,Doug's 1st Movie,1999,all,51/100,0,0,0,1,0
9217,9218,On Ice,1935,,51/100,0,0,0,1,0
9218,9219,Three Days,2001,all,51/100,0,0,0,1,0
9219,9220,Boat Builders,1938,,51/100,0,0,0,1,0
9220,9221,A Knight for a Day,1946,,51/100,0,0,0,1,0
9221,9222,Dr. Dolittle 3,2006,7+,51/100,0,0,0,1,0
9222,9223,Ruby Bridges,1998,7+,51/100,0,0,0,1,0
9223,9224,Let's Be Tigers,2021,7+,51/100,0,0,0,1,0
9224,9225,The Scream Team,2002,7+,51/100,0,0,0,1,0
9225,9226,Elmer Elephant,1936,all,51/100,0,0,0,1,0
9226,9227,Gotta Kick It Up!,2002,all,51/100,0,0,0,1,0
9227,9228,The Country Bears,2002,all,51/100,0,0,0,1,0
9228,9229,Miracle in Lane 2,2000,all,51/100,0,0,0,1,0
9229,9230,A Ring of Endless Light,2002,all,51/100,0,0,0,1,0
9230,9231,Belle's Magical World,1998,all,51/100,0,0,0,1,0
9231,9232,Forky Asks a Question: What Is a Friend?,2019,,51/100,0,0,0,1,0
9232,9233,Jumping Ship,2001,all,51/100,0,0,0,1,0
9233,9234,The Grasshopper and the Ants,1934,,51/100,0,0,0,1,0
9234,9235,Magician Mickey,1937,,51/100,0,0,0,1,0
9235,9236,Iron Man & Hulk: Heroes United,2013,7+,51/100,0,0,0,1,0
9236,9237,Three Little Wolves,1936,,51/100,0,0,0,1,0
9237,9238,White Fang 2: Myth of the White Wolf,1994,7+,51/100,0,0,0,1,0
9238,9239,Dadnapped,2009,all,51/100,0,0,0,1,0
9239,9240,Mars and Beyond,1957,,51/100,0,0,0,1,0
9240,9241,Rip Girls,2000,all,51/100,0,0,0,1,0
9241,9242,Third Man on the Mountain,1959,all,50/100,0,0,0,1,0
9242,9243,Atlantis Rising,2017,,50/100,0,0,0,1,0
9243,9244,George of the Jungle 2,2003,7+,50/100,0,0,0,1,0
9244,9245,Marvel Studios: Expanding the Universe,2019,7+,50/100,0,0,0,1,0
9245,9246,Horse Sense,1999,all,50/100,0,0,0,1,0
9246,9247,Super Buddies,2013,all,50/100,0,0,0,1,0
9247,9248,The Ewok Adventure,1984,all,50/100,0,0,0,1,0
9248,9249,Cheetah,1989,all,50/100,0,0,0,1,0
9249,9250,Tugboat Mickey,1940,,50/100,0,0,0,1,0
9250,9251,The Goddess of Spring,1934,,50/100,0,0,0,1,0
9251,9252,Den Brother,2010,,50/100,0,0,0,1,0
9252,9253,Into the Okavango,2018,7+,50/100,0,0,0,1,0
9253,9254,Donald Duck: The Wise Little Hen,1934,,50/100,0,0,0,1,0
9254,9255,Toby Tortoise Returns,1936,,50/100,0,0,0,1,0
9255,9256,Out of Scale,1951,,50/100,0,0,0,1,0
9256,9257,Mr. Mouse Takes a Trip,1940,,50/100,0,0,0,1,0
9257,9258,"Up, Up, and Away",2000,all,49/100,0,0,0,1,0
9258,9259,Expedition Amelia,2019,,49/100,0,0,0,1,0
9259,9260,Beach Picnic,1939,,49/100,0,0,0,1,0
9260,9261,Almost Angels,1962,,49/100,0,0,0,1,0
9261,9262,Babes in the Woods,1932,,49/100,0,0,0,1,0
9262,9263,Forky Asks a Question: What Is Love?,2019,,49/100,0,0,0,1,0
9263,9264,Early to Bed,1941,,49/100,0,0,0,1,0
9264,9265,The Castaway Cowboy,1974,all,49/100,0,0,0,1,0
9265,9266,Hawaiian Holiday,1937,,49/100,0,0,0,1,0
9266,9267,Lend a Paw,1941,,49/100,0,0,0,1,0
9267,9268,Corn Chips,1951,,49/100,0,0,0,1,0
9268,9269,The African Lion,1955,all,49/100,0,0,0,1,0
9269,9270,Jane Goodall: The Hope,2020,,49/100,0,0,0,1,0
9270,9271,Zenon: Z3,2004,all,49/100,0,0,0,1,0
9271,9272,Gender Revolution: A Journey with Katie Couric,2017,7+,49/100,0,0,0,1,0
9272,9273,Life-Size 2: A Christmas Eve,2018,16+,49/100,0,0,0,1,0
9273,9274,Winter Storage,1949,,49/100,0,0,0,1,0
9274,9275,The Olympic Champ,1942,,49/100,0,0,0,1,0
9275,9276,Growing Fangs,2021,,49/100,0,0,0,1,0
9276,9277,High School Musical: The Musical: The Series: The Special,2019,all,49/100,0,0,0,1,0
9277,9278,Three Blind Mouseketeers,1936,,49/100,0,0,0,1,0
9278,9279,Young Black Stallion,2003,all,49/100,0,0,0,1,0
9279,9280,Trailer Horn,1950,,49/100,0,0,0,1,0
9280,9281,How to Swim,1942,,49/100,0,0,0,1,0
9281,9282,Kazaam,1996,7+,49/100,0,0,0,1,0
9282,9283,Double Dribble,1946,,49/100,0,0,0,1,0
9283,9284,How to Play Football,1944,,49/100,0,0,0,1,0
9284,9285,Orca Vs Great White,2021,13+,49/100,0,0,0,1,0
9285,9286,Ye Olden Days,1933,,48/100,0,0,0,1,0
9286,9287,The Little Whirlwind,1941,,48/100,0,0,0,1,0
9287,9288,Bride of Boogedy,1987,all,48/100,0,0,0,1,0
9288,9289,The Last of the Chupacabras,2021,,48/100,0,0,0,1,0
9289,9290,Forky Asks a Question: What Is Cheese?,2020,,48/100,0,0,0,1,0
9290,9291,LEGO Star Wars: The New Yoda Chronicles - Escape from the Jedi Temple,2014,all,48/100,0,0,0,1,0
9291,9292,Forky Asks a Question: What Is Money?,2019,,48/100,0,0,0,1,0
9292,9293,The Simple Things,1953,,48/100,0,0,0,1,0
9293,9294,Dinner Is Served,2021,,48/100,0,0,0,1,0
9294,9295,Captain Sparky vs. The Flying Saucers,2013,,48/100,0,0,0,1,0
9295,9296,Lost on Everest,2020,13+,48/100,0,0,0,1,0
9296,9297,Breaking2,2017,7+,48/100,0,0,0,1,0
9297,9298,The Pied Piper,1933,,48/100,0,0,0,1,0
9298,9299,Meet the Deedles,1998,7+,48/100,0,0,0,1,0
9299,9300,Mickey's Birthday Party,1942,,48/100,0,0,0,1,0
9300,9301,The Ultimate Christmas Present,2000,all,48/100,0,0,0,1,0
9301,9302,Dolphin Reef,2018,all,48/100,0,0,0,1,0
9302,9303,Dragon Around,1954,,48/100,0,0,0,1,0
9303,9304,Lego Star Wars: The Yoda Chronicles - Raid on Coruscant,2014,,48/100,0,0,0,1,0
9304,9305,Mickey's Rival,1936,,48/100,0,0,0,1,0
9305,9306,Treasure Buddies,2012,all,48/100,0,0,0,1,0
9306,9307,Mars: One Day on the Red Planet,2020,,48/100,0,0,0,1,0
9307,9308,Moon Mater,2010,all,48/100,0,0,0,1,0
9308,9309,Donald's Golf Game,1938,,48/100,0,0,0,1,0
9309,9310,Those Calloways,1965,7+,48/100,0,0,0,1,0
9310,9311,LEGO Star Wars: The New Yoda Chronicles - Race For The Holocrons,2014,,48/100,0,0,0,1,0
9311,9312,Don's Fountain of Youth,1953,,48/100,0,0,0,1,0
9312,9313,Donald's Dog Laundry,1940,,48/100,0,0,0,1,0
9313,9314,Sea Scouts,1939,all,48/100,0,0,0,1,0
9314,9315,Jungle Cat,1959,7+,48/100,0,0,0,1,0
9315,9316,Santa Paws 2: The Santa Pups,2012,all,48/100,0,0,0,1,0
9316,9317,Forky Asks a Question: What Is Time?,2019,,48/100,0,0,0,1,0
9317,9318,Rogue Shark?,2021,13+,47/100,0,0,0,1,0
9318,9319,Mickey Mouse: Mickey's Delayed Date,1947,,47/100,0,0,0,1,0
9319,9320,Morning Light,2008,7+,47/100,0,0,0,1,0
9320,9321,Marvel Rising: Chasing Ghosts,2019,,47/100,0,0,0,1,0
9321,9322,The Golden Touch,1935,,47/100,0,0,0,1,0
9322,9323,You Wish!,2003,all,47/100,0,0,0,1,0
9323,9324,Inspector Gadget 2,2003,all,47/100,0,0,0,1,0
9324,9325,Forky Asks a Question: What Is Art?,2019,,47/100,0,0,0,1,0
9325,9326,Donald's Tire Trouble,1943,,47/100,0,0,0,1,0
9326,9327,Stepsister from Planet Weird,2000,all,47/100,0,0,0,1,0
9327,9328,The New Neighbor,1953,,47/100,0,0,0,1,0
9328,9329,Under the Sea: A Descendants Story,2018,,47/100,0,0,0,1,0
9329,9330,Super Rhino,2009,all,47/100,0,0,0,1,0
9330,9331,Forky Asks a Question: What Is a Computer?,2019,,47/100,0,0,0,1,0
9331,9332,The Adventures of Bullwhip Griffin,1967,,47/100,0,0,0,1,0
9332,9333,Man in Space,1955,,47/100,0,0,0,1,0
9333,9334,Society Dog Show,1939,,47/100,0,0,0,1,0
9334,9335,Marvel Rising: Heart of Iron,2019,,47/100,0,0,0,1,0
9335,9336,Bearly Asleep,1955,,47/100,0,0,0,1,0
9336,9337,Back To The Titanic,2020,7+,47/100,0,0,0,1,0
9337,9338,Emil and the Detectives,1964,7+,47/100,0,0,0,1,0
9338,9339,Forky Asks a Question: What is Reading?,2020,,47/100,0,0,0,1,0
9339,9340,Okavango: River of Dreams,2019,7+,47/100,0,0,0,1,0
9340,9341,Life Is Ruff,2005,7+,47/100,0,0,0,1,0
9341,9342,Rescue Dog,1947,,47/100,0,0,0,1,0
9342,9343,Walt & El Grupo,2008,7+,47/100,0,0,0,1,0
9343,9344,Grand Canyonscope,1954,,46/100,0,0,0,1,0
9344,9345,Treasure of Matecumbe,1976,all,46/100,0,0,0,1,0
9345,9346,Let's Stick Together,1952,,46/100,0,0,0,1,0
9346,9347,The Biscuit Eater,1972,all,46/100,0,0,0,1,0
9347,9348,Pluto's Party,1952,,46/100,0,0,0,1,0
9348,9349,Drain the Titanic,2016,,46/100,0,0,0,1,0
9349,9350,Hannah Montana & Miley Cyrus: Best of Both Worlds Concert,2008,all,46/100,0,0,0,1,0
9350,9351,Beezy Bear,1955,,46/100,0,0,0,1,0
9351,9352,Miracle at Midnight,1998,,46/100,0,0,0,1,0
9352,9353,Own the Room,2021,7+,46/100,0,0,0,1,0
9353,9354,Recess: All Growed Down,2003,all,46/100,0,0,0,1,0
9354,9355,Food for Feudin',1950,,46/100,0,0,0,1,0
9355,9356,The Secret of the Magic Gourd,2007,all,46/100,0,0,0,1,0
9356,9357,Forky Asks a Question: What Is a Leader?,2019,,46/100,0,0,0,1,0
9357,9358,Can of Worms,1999,7+,46/100,0,0,0,1,0
9358,9359,The Lost Tomb of Alexander the Great,2019,7+,46/100,0,0,0,1,0
9359,9360,Myth: A Frozen Tale,2020,,46/100,0,0,0,1,0
9360,9361,Pluto's Purchase,1948,,46/100,0,0,0,1,0
9361,9362,Pluto and the Gopher,1950,,46/100,0,0,0,1,0
9362,9363,Decorating Disney: Holiday Magic,2017,7+,46/100,0,0,0,1,0
9363,9364,The Vanishing Prairie,1954,all,46/100,0,0,0,1,0
9364,9365,Hounded,2001,all,46/100,0,0,0,1,0
9365,9366,Perri,1957,all,45/100,0,0,0,1,0
9366,9367,Sacred Planet,2004,all,45/100,0,0,0,1,0
9367,9368,The Bears and I,1974,all,45/100,0,0,0,1,0
9368,9369,World's Biggest Bull Shark?,2021,13+,45/100,0,0,0,1,0
9369,9370,Canine Caddy,1941,,45/100,0,0,0,1,0
9370,9371,Unidentified Flying Oddball,1979,all,45/100,0,0,0,1,0
9371,9372,Secrets of Life,1956,all,45/100,0,0,0,1,0
9372,9373,Marvel Rising: Battle of the Bands,2019,,45/100,0,0,0,1,0
9373,9374,Forky Asks a Question: What Is a Pet?,2019,,45/100,0,0,0,1,0
9374,9375,Shark Gangs,2021,13+,45/100,0,0,0,1,0
9375,9376,The Adventures of André and Wally B.,1984,all,45/100,0,0,0,1,0
9376,9377,Buffalo Dreams,2005,all,45/100,0,0,0,1,0
9377,9378,Mark Twain and Me,1991,,45/100,0,0,0,1,0
9378,9379,In the Footsteps of Elephant,2020,all,45/100,0,0,0,1,0
9379,9380,'Twas the Night,2001,all,45/100,0,0,0,1,0
9380,9381,Yellowstone Cubs,1963,all,45/100,0,0,0,1,0
9381,9382,A Celebration of the Music from Coco,2020,,45/100,0,0,0,1,0
9382,9383,The Christmas Star,1986,all,45/100,0,0,0,1,0
9383,9384,Mail Dog,1947,,45/100,0,0,0,1,0
9384,9385,Full-Court Miracle,2003,all,45/100,0,0,0,1,0
9385,9386,Cesar Millan: The Real Story,2012,,45/100,0,0,0,1,0
9386,9387,Mickey Down Under,1948,,45/100,0,0,0,1,0
9387,9388,High School Musical: The Musical: The Holiday Special,2020,all,45/100,0,0,0,1,0
9388,9389,Marvel Rising: Playing with Fire,2019,7+,45/100,0,0,0,1,0
9389,9390,Playdate with Destiny,2020,all,45/100,0,0,0,1,0
9390,9391,Dory's Reef Cam,2020,all,45/100,0,0,0,1,0
9391,9392,Pompeii: Secrets of the Dead,2019,,44/100,0,0,0,1,0
9392,9393,The Ghosts of Buxley Hall,1980,all,44/100,0,0,0,1,0
9393,9394,Pluto's Sweater,1949,,44/100,0,0,0,1,0
9394,9395,Fuzzbucket,1986,all,44/100,0,0,0,1,0
9395,9396,Mission to the Sun,2018,7+,44/100,0,0,0,1,0
9396,9397,Jingle Pols,2013,7+,44/100,0,0,0,1,0
9397,9398,Drain Alcatraz,2017,,44/100,0,0,0,1,0
9398,9399,Drain the Bermuda Triangle,2014,,44/100,0,0,0,1,0
9399,9400,Marvel Rising: Operation Shuri,2019,7+,44/100,0,0,0,1,0
9400,9401,Lost Temple of The Inca,2020,7+,44/100,0,0,0,1,0
9401,9402,Skyrunners,2009,all,44/100,0,0,0,1,0
9402,9403,The Plausible Impossible,1956,,44/100,0,0,0,1,0
9403,9404,Bizarre Dinosaurs,2009,,44/100,0,0,0,1,0
9404,9405,Star Wars: Galaxy's Edge - Adventure Awaits,2019,7+,44/100,0,0,0,1,0
9405,9406,Trail of the Panda,2009,all,43/100,0,0,0,1,0
9406,9407,Incredible! The Story of Dr. Pol,2015,7+,43/100,0,0,0,1,0
9407,9408,Notre Dame: Race Against the Inferno,2019,,43/100,0,0,0,1,0
9408,9409,The Disney Holiday Singalong,2020,,43/100,0,0,0,1,0
9409,9410,Prowlers of the Everglades,1953,,43/100,0,0,0,1,0
9410,9411,Bone Bandit,1948,,43/100,0,0,0,1,0
9411,9412,Miracle Landing on the Hudson,2014,,43/100,0,0,0,1,0
9412,9413,Drain The Ocean: WWII,2016,7+,43/100,0,0,0,1,0
9413,9414,Jonas Brothers: The Concert Experience,2009,all,43/100,0,0,0,1,0
9414,9415,The Sign of Zorro,1958,all,43/100,0,0,0,1,0
9415,9416,Casebusters,1986,all,43/100,0,0,0,1,0
9416,9417,The New Yoda Chronicles: Clash of the Skywalkers,2014,,43/100,0,0,0,1,0
9417,9418,Expedition Everest,2020,7+,42/100,0,0,0,1,0
9418,9419,The Pre-Opening Report from Disneyland,1955,,42/100,0,0,0,1,0
9419,9420,Ready to Run,2000,all,42/100,0,0,0,1,0
9420,9421,From Our Family to Yours,2020,,42/100,0,0,0,1,0
9421,9422,The Poof Point,2001,7+,42/100,0,0,0,1,0
9422,9423,700 Sharks,2018,,42/100,0,0,0,1,0
9423,9424,How Dogs Got Their Shapes,2016,,42/100,0,0,0,1,0
9424,9425,Pluto's Surprise Package,1949,,42/100,0,0,0,1,0
9425,9426,Diving with Dolphins,2020,,42/100,0,0,0,1,0
9426,9427,Petra: Secrets of the Ancient Builders,2020,all,42/100,0,0,0,1,0
9427,9428,Surviving the Mount St. Helens Disaster,2020,,42/100,0,0,0,1,0
9428,9429,A Tale of Two Critters,1977,all,42/100,0,0,0,1,0
9429,9430,The Olympic Elk,1952,,42/100,0,0,0,1,0
9430,9431,You Lucky Dog,1998,all,42/100,0,0,0,1,0
9431,9432,Easter Island Unsolved,2018,7+,42/100,0,0,0,1,0
9432,9433,Kingdom of the Blue Whale,2009,7+,42/100,0,0,0,1,0
9433,9434,The Story of the Faithful Wookiee,1978,,41/100,0,0,0,1,0
9434,9435,Secrets of the Bull Shark,2020,,41/100,0,0,0,1,0
9435,9436,Drain the Great Lakes,2011,all,41/100,0,0,0,1,0
9436,9437,Drain The Sunken Pirate City,2017,,41/100,0,0,0,1,0
9437,9438,Whispers: An Elephant's Tale,2000,all,41/100,0,0,0,1,0
9438,9439,Sharks of Lost Island,2013,,41/100,0,0,0,1,0
9439,9440,Nature's Half Acre,1951,,41/100,0,0,0,1,0
9440,9441,The Jungle Book: Mowgli's Story,1998,all,41/100,0,0,0,1,0
9441,9442,The Last Ice,2020,,41/100,0,0,0,1,0
9442,9443,Blue Ribbon Kids,2016,7+,41/100,0,0,0,1,0
9443,9444,Stonehenge: Decoded,2008,,41/100,0,0,0,1,0
9444,9445,Paris to Pittsburgh,2018,,41/100,0,0,0,1,0
9445,9446,The Story of the Animated Drawing,1955,all,41/100,0,0,0,1,0
9446,9447,Water Birds,1952,,41/100,0,0,0,1,0
9447,9448,Hamilton: History Has Its Eyes On You,2020,7+,41/100,0,0,0,1,0
9448,9449,The Hidden Kingdoms of China,2020,,41/100,0,0,0,1,0
9449,9450,LEGO Star Wars: The New Yoda Chronicles – Duel of the Skywalkers,2014,,41/100,0,0,0,1,0
9450,9451,Mega Hammerhead,2016,,41/100,0,0,0,1,0
9451,9452,The Mouseketeers at Walt Disney World,1977,,40/100,0,0,0,1,0
9452,9453,Buried Truth of the Maya,2020,7+,40/100,0,0,0,1,0
9453,9454,"Sammy, the Way-Out Seal",1962,all,40/100,0,0,0,1,0
9454,9455,Shark vs. Surfer,2020,,40/100,0,0,0,1,0
9455,9456,Oil Spill of The Century,2018,13+,40/100,0,0,0,1,0
9456,9457,My Dog the Thief,1969,all,40/100,0,0,0,1,0
9457,9458,The Liberty Story,1957,all,40/100,0,0,0,1,0
9458,9459,Hacksaw,1971,7+,40/100,0,0,0,1,0
9459,9460,Big Sur-Wild California,2010,all,40/100,0,0,0,1,0
9460,9461,Secrets of Christ's Tomb: Explorer Special,2017,,40/100,0,0,0,1,0
9461,9462,Cradle of the Gods,2012,,39/100,0,0,0,1,0
9462,9463,Justin Morgan Had a Horse,1972,all,39/100,0,0,0,1,0
9463,9464,Disney Illuminations Firework Show Disneyland Paris,2017,,39/100,0,0,0,1,0
9464,9465,Richie Rich's Christmas Wish,1998,all,39/100,0,0,0,1,0
9465,9466,Secrets of the King Cobra,2010,,39/100,0,0,0,1,0
9466,9467,Viking Warrior Women,2019,,39/100,0,0,0,1,0
9467,9468,Egypt's Treasure Guardians,2016,,38/100,0,0,0,1,0
9468,9469,Born Wild: The Next Generation,2020,all,38/100,0,0,0,1,0
9469,9470,Chasing the Equinox,2019,,38/100,0,0,0,1,0
9470,9471,Kingdom of the Apes: Battle Lines,2014,7+,38/100,0,0,0,1,0
9471,9472,Arendelle Castle Yule Log,2019,all,38/100,0,0,0,1,0
9472,9473,Giants of the Deep Blue,2017,7+,38/100,0,0,0,1,0
9473,9474,America's Greatest Animals,2012,,38/100,0,0,0,1,0
9474,9475,Sea of Hope: America's Underwater Treasures,2017,,38/100,0,0,0,1,0
9475,9476,Being the Queen,2020,13+,38/100,0,0,0,1,0
9476,9477,Winged Seduction: Birds of Paradise,2012,,38/100,0,0,0,1,0
9477,9478,The Boy Who Talked to Badgers,1975,,38/100,0,0,0,1,0
9478,9479,Man vs. Shark,2019,,38/100,0,0,0,1,0
9479,9480,The Lost City of Machu Picchu,2019,13+,38/100,0,0,0,1,0
9480,9481,Tree Climbing Lions,2018,7+,38/100,0,0,0,1,0
9481,9482,Planet of the Birds,2018,,37/100,0,0,0,1,0
9482,9483,The Undefeated Presents: Hamilton In-Depth,2020,,37/100,0,0,0,1,0
9483,9484,Penguins: Life on the Edge,2020,,37/100,0,0,0,1,0
9484,9485,Wild Portugal,2020,13+,37/100,0,0,0,1,0
9485,9486,Disney My Music Story: Perfume,2020,,37/100,0,0,0,1,0
9486,9487,Shanghai Disney Resort Grand Opening Special,2016,,35/100,0,0,0,1,0
9487,9488,Shark vs. Whale,2020,7+,35/100,0,0,0,1,0
9488,9489,Shark Attack Investigation: The Paige Winter Story,2020,13+,35/100,0,0,0,1,0
9489,9490,Disney Holiday Magic Quest,2020,,35/100,0,0,0,1,0
9490,9491,India's Wild Leopards,2020,,35/100,0,0,0,1,0
9491,9492,Journey to Shark Eden,2009,,35/100,0,0,0,1,0
9492,9493,Man Among Cheetahs,2017,,35/100,0,0,0,1,0
9493,9494,Big Sharks Rule,2018,7+,35/100,0,0,0,1,0
9494,9495,Sultan And The Rock Star,1980,all,34/100,0,0,0,1,0
9495,9496,My Music Story: Yoshiki,2021,16+,33/100,0,0,0,1,0
9496,9497,Disney Channel Halloween House Party,2020,,33/100,0,0,0,1,0
9497,9498,Earth Live,2017,,33/100,0,0,0,1,0
9498,9499,World's Greatest Dogs,2015,,33/100,0,0,0,1,0
9499,9500,Wild Uganda,2018,7+,32/100,0,0,0,1,0
9500,9501,Challenge Accepted! Disney Channel's Epic Holiday Showdown,2020,,32/100,0,0,0,1,0
9501,9502,Sharks of the Bermuda Triangle,2020,,31/100,0,0,0,1,0
9502,9503,Sharkcano,2020,,16/100,0,0,0,1,0
9503,9504,Disney My Music Story: Sukima Switch,2021,16+,16/100,0,0,0,1,0
9504,9505,Big Cat Games,2015,,15/100,0,0,0,1,0
9505,9506,Great Shark Chow Down,2019,7+,14/100,0,0,0,1,0
9506,9507,In Beaver Valley,1950,,14/100,0,0,0,1,0
9507,9508,Texas Storm Squad,2020,13+,14/100,0,0,0,1,0
9508,9509,What the Shark?,2020,13+,14/100,0,0,0,1,0
9509,9510,Built for Mars: The Perseverance Rover,2021,,14/100,0,0,0,1,0
9510,9511,Most Wanted Sharks,2020,,14/100,0,0,0,1,0
9511,9512,Doc McStuffins: The Doc Is In,2020,,13/100,0,0,0,1,0
9512,9513,Ultimate Viking Sword,2019,,13/100,0,0,0,1,0
9513,9514,Hunt for the Abominable Snowman,2011,,10/100,0,0,0,1,0
9514,9515,Women of Impact: Changing the World,2019,7+,10/100,0,0,0,1,0